ticket_id,user_id,ticket_date,issue_type,resolution_time_hours
1,4604,2024-07-04,App Crash,19.16
2,4703,2024-06-11,Late Delivery,34.82
3,1954,2024-06-05,Refund Issue,14.89
4,4701,2024-02-07,Late Delivery,62.76
5,4319,2024-05-28,Wrong Item,18.08
6,532,2025-01-19,Late Delivery,28.39
7,2993,2024-01-02,Wrong Item,49.66
8,2993,2024-09-30,Late Delivery,63.58
9,3680,2024-11-21,Late Delivery,38.28
10,1949,2024-06-18,App Crash,18.55
11,4604,2024-08-20,Late Delivery,54.83
12,774,2024-11-11,Payment Failed,43.67
13,3220,2024-07-12,App Crash,70.66
14,3201,2024-03-18,Refund Issue,31.12
15,4684,2024-03-24,Payment Failed,19.08
16,1134,2024-10-21,Wrong Item,66.98
17,1221,2024-06-29,Payment Failed,31.37
18,445,2024-02-08,Payment Failed,50.05
19,4881,2025-01-26,Payment Failed,65.88
20,987,2024-02-23,Late Delivery,39.75
21,3656,2024-11-20,App Crash,24.02
22,3141,2024-01-01,App Crash,64.58
23,1947,2024-09-18,Late Delivery,50.82
24,4360,2024-06-08,Wrong Item,39.65
25,1947,2024-09-26,Refund Issue,9.42
26,3046,2024-08-06,App Crash,71.09
27,1392,2024-02-10,Payment Failed,11.45
28,3001,2024-01-19,Late Delivery,59.92
29,4847,2024-07-14,Late Delivery,31.25
30,4533,2025-01-09,Late Delivery,34.14
31,3828,2025-01-31,App Crash,8.7
32,4286,2024-07-31,App Crash,11.53
33,1262,2025-01-17,Refund Issue,3.55
34,2078,2024-01-23,Late Delivery,27.59
35,2044,2025-01-13,App Crash,32.96
36,1044,2024-12-03,App Crash,14.09
37,718,2024-01-31,Late Delivery,26.34
38,3399,2024-04-03,Payment Failed,62.63
39,1285,2024-07-18,Wrong Item,22.11
40,1610,2024-01-04,Wrong Item,12.14
41,2906,2024-05-31,Late Delivery,21.84
42,2716,2024-08-02,Payment Failed,40.74
43,3062,2024-10-29,Wrong Item,17.46
44,3678,2024-01-10,App Crash,16.28
45,3755,2024-11-22,App Crash,21.46
46,2852,2024-02-23,App Crash,2.41
47,2024,2024-08-14,Late Delivery,42.03
48,3187,2024-05-14,Payment Failed,12.12
49,485,2024-11-09,App Crash,68.83
50,154,2024-12-03,Late Delivery,65.65
51,4670,2024-06-20,App Crash,19.68
52,2838,2024-04-12,Refund Issue,31.85
53,3830,2024-09-18,Wrong Item,32.6
54,504,2024-11-20,Payment Failed,67.31
55,2741,2024-11-15,App Crash,20.1
56,4444,2024-02-24,Wrong Item,53.45
57,1598,2025-01-03,App Crash,24.95
58,2851,2024-07-13,App Crash,33.43
59,2069,2024-03-09,Refund Issue,6.58
60,4626,2024-06-08,Payment Failed,71.75
61,2191,2024-05-22,Payment Failed,18.75
62,2108,2024-02-07,Wrong Item,2.6
63,2416,2024-01-13,App Crash,36.87
64,603,2024-08-01,App Crash,57.09
65,1996,2024-07-18,Late Delivery,11.94
66,4431,2024-11-16,App Crash,51.53
67,4151,2024-09-08,Refund Issue,16.82
68,3300,2024-10-06,Late Delivery,9.58
69,3987,2024-10-05,App Crash,60.76
70,3791,2024-05-27,Late Delivery,52.6
71,3719,2024-06-12,Payment Failed,60.87
72,3148,2024-08-28,Wrong Item,52.65
73,1341,2024-04-23,Refund Issue,58.16
74,3796,2024-03-16,Refund Issue,38.58
75,3880,2024-02-08,App Crash,22.84
76,4237,2024-08-08,App Crash,57.59
77,2798,2024-06-27,Payment Failed,50.28
78,1728,2024-01-29,Refund Issue,41.17
79,4726,2024-03-31,App Crash,11.45
80,544,2024-12-15,Payment Failed,44.73
81,440,2024-05-20,Wrong Item,11.8
82,4935,2024-03-19,Payment Failed,49.34
83,802,2024-04-18,Payment Failed,28.25
84,3894,2025-01-31,Late Delivery,11.48
85,1612,2024-09-25,Late Delivery,9.57
86,276,2024-10-19,Late Delivery,64.35
87,4317,2024-04-09,Payment Failed,67.03
88,3300,2024-06-26,Wrong Item,47.97
89,4706,2024-05-16,App Crash,25.3
90,1772,2025-01-15,Refund Issue,47.91
91,1555,2024-05-10,Refund Issue,19.56
92,2435,2024-01-08,Refund Issue,9.54
93,3388,2024-08-23,Wrong Item,71.41
94,3177,2024-02-09,App Crash,1.46
95,4336,2024-02-04,App Crash,1.65
96,3177,2024-11-24,Late Delivery,39.77
97,4372,2024-01-08,App Crash,70.99
98,3648,2024-12-17,Refund Issue,39.22
99,604,2024-08-25,App Crash,43.92
100,1148,2025-01-22,Wrong Item,47.51
101,1075,2024-03-28,App Crash,34.37
102,4053,2024-11-11,Refund Issue,20.7
103,1271,2024-09-21,App Crash,41.1
104,2629,2024-07-10,Wrong Item,15.76
105,3854,2024-01-13,Wrong Item,1.58
106,100,2024-03-27,Wrong Item,66.02
107,2933,2024-05-04,Wrong Item,25.01
108,4180,2024-12-04,Wrong Item,36.34
109,100,2024-12-03,App Crash,46.2
110,2099,2024-01-14,Late Delivery,36.29
111,1728,2024-06-26,Payment Failed,66.37
112,3277,2024-11-23,Wrong Item,39.14
113,4249,2025-01-18,Payment Failed,43.34
114,3954,2024-01-16,Late Delivery,37.32
115,438,2024-08-05,Payment Failed,1.49
116,4949,2024-08-10,App Crash,18.24
117,3661,2024-08-15,Refund Issue,11.85
118,36,2024-02-18,App Crash,60.18
119,708,2024-05-09,Refund Issue,10.33
120,4719,2024-10-03,Payment Failed,67.65
121,2067,2024-06-22,Refund Issue,9.05
122,1667,2024-04-29,Refund Issue,40.18
123,860,2024-04-23,App Crash,8.62
124,114,2024-12-02,App Crash,46.21
125,4086,2024-04-11,Late Delivery,26.09
126,1412,2024-03-03,Payment Failed,16.91
127,1040,2024-09-12,Late Delivery,31.34
128,3035,2025-01-26,Wrong Item,68.4
129,793,2024-02-11,App Crash,48.86
130,4656,2024-05-10,App Crash,69.16
131,345,2024-08-21,Payment Failed,7.68
132,2190,2024-10-21,Refund Issue,68.96
133,1876,2025-01-24,Wrong Item,24.13
134,433,2024-06-11,App Crash,71.75
135,1018,2024-07-01,Wrong Item,48.89
136,1748,2024-05-10,App Crash,3.12
137,4819,2025-01-11,Wrong Item,61.73
138,634,2024-02-03,Payment Failed,9.98
139,3432,2024-03-28,Refund Issue,30.52
140,980,2024-10-15,App Crash,27.89
141,909,2024-10-09,Refund Issue,51.44
142,279,2024-12-21,App Crash,40.42
143,1385,2024-03-25,Payment Failed,9.74
144,3372,2024-05-29,Late Delivery,48.52
145,3468,2025-01-20,Payment Failed,42.78
146,4216,2025-01-23,Refund Issue,35.65
147,4983,2024-10-23,Payment Failed,61.17
148,722,2024-04-01,Late Delivery,40.83
149,2536,2024-03-21,App Crash,61.58
150,4827,2024-01-03,Payment Failed,27.77
151,2244,2024-04-02,App Crash,69.25
152,3406,2024-09-16,Refund Issue,48.0
153,678,2024-12-09,Wrong Item,15.02
154,4881,2024-10-08,Refund Issue,33.97
155,1637,2024-02-06,App Crash,45.17
156,4358,2024-07-01,App Crash,56.39
157,1232,2024-11-30,Late Delivery,32.81
158,188,2024-04-02,Payment Failed,52.98
159,327,2024-01-25,Refund Issue,2.87
160,1962,2024-09-17,Refund Issue,42.68
161,4140,2024-10-27,App Crash,51.23
162,1501,2024-12-14,App Crash,60.83
163,267,2024-06-30,Refund Issue,64.24
164,4356,2024-03-12,Wrong Item,30.87
165,3864,2024-02-26,Late Delivery,14.33
166,204,2024-08-13,Payment Failed,68.04
167,4433,2024-07-19,Late Delivery,39.09
168,3346,2024-10-07,Payment Failed,26.02
169,2463,2024-01-02,Payment Failed,47.46
170,4912,2024-03-02,App Crash,49.54
171,4468,2024-03-21,Payment Failed,9.02
172,4076,2024-08-01,App Crash,1.77
173,2020,2024-11-06,Wrong Item,38.42
174,998,2024-08-08,Late Delivery,1.79
175,2360,2024-03-26,App Crash,47.42
176,3506,2024-06-20,App Crash,44.38
177,559,2024-01-24,App Crash,44.58
178,2983,2024-06-16,Payment Failed,21.1
179,2149,2025-01-23,Wrong Item,65.73
180,3132,2024-01-30,Wrong Item,21.37
181,1809,2024-09-01,Refund Issue,5.91
182,3652,2025-01-12,App Crash,71.39
183,2489,2024-04-26,Late Delivery,61.33
184,2138,2024-12-30,Wrong Item,23.66
185,1338,2024-03-10,Payment Failed,51.95
186,4862,2024-05-22,Wrong Item,7.6
187,3191,2025-01-18,Wrong Item,26.17
188,2035,2024-11-03,Payment Failed,56.36
189,3149,2024-02-02,Refund Issue,44.37
190,4958,2024-04-28,Wrong Item,70.58
191,4869,2024-11-03,Payment Failed,18.58
192,1194,2024-05-31,Refund Issue,21.97
193,2613,2024-05-02,Payment Failed,60.14
194,1156,2024-01-28,App Crash,66.43
195,3699,2024-05-06,Late Delivery,27.49
196,4493,2024-12-18,App Crash,6.17
197,86,2025-01-19,Refund Issue,8.82
198,4225,2024-03-27,Wrong Item,35.1
199,4743,2024-07-06,Late Delivery,65.01
200,1597,2024-01-24,Wrong Item,71.59
201,1456,2025-01-14,Refund Issue,17.55
202,33,2025-01-21,Wrong Item,54.48
203,1758,2024-03-27,Late Delivery,3.2
204,4214,2024-09-06,App Crash,22.59
205,3422,2024-05-08,Payment Failed,44.35
206,2489,2024-11-03,Wrong Item,47.88
207,3375,2024-07-22,Payment Failed,7.8
208,248,2024-03-18,Refund Issue,17.3
209,3573,2024-05-02,Refund Issue,48.74
210,632,2024-10-14,Late Delivery,70.95
211,3854,2024-04-27,Wrong Item,21.17
212,3026,2024-09-15,Payment Failed,6.92
213,3948,2024-05-24,Payment Failed,24.63
214,2613,2024-05-31,Payment Failed,60.96
215,2745,2024-01-25,Refund Issue,14.19
216,3499,2025-01-23,Wrong Item,45.34
217,3600,2024-12-13,App Crash,67.52
218,3950,2024-04-28,Refund Issue,8.23
219,4070,2024-09-03,Wrong Item,61.6
220,3373,2024-11-24,Late Delivery,13.05
221,1016,2024-07-20,Payment Failed,47.23
222,1811,2024-06-30,Wrong Item,21.08
223,1459,2024-05-11,Payment Failed,12.7
224,2525,2024-04-17,Payment Failed,15.61
225,2117,2024-11-01,Wrong Item,14.49
226,1640,2024-10-26,App Crash,23.12
227,164,2024-10-30,Late Delivery,45.4
228,4624,2024-05-16,Late Delivery,39.66
229,4822,2024-03-20,Late Delivery,2.85
230,2057,2025-01-09,Payment Failed,16.94
231,2075,2024-10-14,App Crash,7.08
232,2243,2025-01-22,Wrong Item,8.96
233,3835,2024-07-01,App Crash,54.06
234,2365,2025-01-12,App Crash,53.95
235,1154,2024-09-25,Late Delivery,43.15
236,2191,2024-01-10,Refund Issue,9.28
237,4480,2024-04-07,Refund Issue,15.26
238,1159,2024-04-25,App Crash,41.41
239,1292,2024-01-14,Payment Failed,39.87
240,3942,2024-09-24,Wrong Item,14.32
241,3139,2024-07-29,Payment Failed,1.86
242,4712,2024-11-23,Wrong Item,6.98
243,3108,2024-05-10,Payment Failed,71.88
244,3289,2024-02-19,Refund Issue,58.08
245,676,2024-05-27,Late Delivery,29.01
246,3005,2024-10-11,Payment Failed,7.02
247,1098,2024-07-29,App Crash,18.22
248,2708,2024-12-01,Wrong Item,65.52
249,3890,2024-05-05,Wrong Item,6.15
250,1134,2024-03-06,Refund Issue,71.67
251,4119,2024-10-29,Late Delivery,6.22
252,3493,2024-11-28,Refund Issue,33.93
253,401,2024-01-24,Wrong Item,68.6
254,3459,2024-09-20,App Crash,55.66
255,110,2024-06-12,Refund Issue,35.94
256,4227,2024-01-11,Refund Issue,62.12
257,538,2024-06-19,Wrong Item,42.99
258,132,2024-01-30,Payment Failed,15.77
259,878,2025-01-21,Refund Issue,18.15
260,3092,2024-05-19,Late Delivery,62.83
261,3724,2024-12-09,Refund Issue,50.03
262,1536,2024-09-18,Wrong Item,17.45
263,3100,2024-09-10,Late Delivery,17.98
264,1631,2024-12-04,Late Delivery,46.99
265,4755,2024-02-24,Refund Issue,14.26
266,3697,2024-06-20,Payment Failed,29.29
267,4228,2024-10-26,Late Delivery,41.69
268,503,2024-01-15,Wrong Item,1.35
269,4589,2024-06-10,Wrong Item,67.82
270,2900,2024-03-01,Wrong Item,26.16
271,50,2024-10-12,App Crash,30.54
272,1015,2024-03-05,Late Delivery,19.9
273,281,2024-04-18,App Crash,67.44
274,1093,2024-08-26,App Crash,15.95
275,3491,2024-09-06,Late Delivery,24.35
276,4331,2024-03-28,Payment Failed,16.3
277,1194,2024-02-23,Payment Failed,57.24
278,4444,2024-01-31,Wrong Item,39.83
279,4954,2024-11-10,App Crash,5.74
280,2466,2024-01-27,Wrong Item,50.56
281,1615,2024-09-04,App Crash,69.35
282,2736,2024-05-09,App Crash,52.84
283,3445,2024-05-27,Payment Failed,41.96
284,3250,2024-05-11,Wrong Item,48.92
285,2140,2024-08-28,App Crash,39.91
286,3140,2024-10-20,Wrong Item,27.67
287,628,2024-12-19,Refund Issue,25.85
288,3942,2024-04-28,Late Delivery,31.23
289,602,2024-10-17,Wrong Item,66.02
290,371,2024-02-24,Refund Issue,17.73
291,4879,2024-12-20,Payment Failed,24.09
292,1623,2024-02-06,Payment Failed,70.03
293,3966,2024-08-29,Refund Issue,6.86
294,792,2024-03-04,Refund Issue,36.48
295,536,2024-09-05,Late Delivery,46.56
296,1928,2024-05-08,Wrong Item,49.79
297,1701,2024-12-31,Payment Failed,37.44
298,2689,2024-01-06,Refund Issue,70.08
299,4185,2024-01-16,App Crash,59.88
300,636,2024-04-12,Wrong Item,42.6
301,33,2024-12-29,App Crash,46.15
302,247,2024-05-11,Payment Failed,42.61
303,1417,2024-07-01,Late Delivery,59.54
304,2437,2024-07-20,App Crash,15.23
305,3126,2024-09-27,Late Delivery,70.78
306,4726,2024-12-13,Wrong Item,61.24
307,2565,2024-09-15,Wrong Item,61.31
308,665,2024-12-18,App Crash,18.4
309,2212,2024-05-21,Refund Issue,63.28
310,653,2024-09-28,Refund Issue,26.59
311,3642,2024-07-21,Wrong Item,2.61
312,3687,2024-06-17,App Crash,43.44
313,2157,2024-12-11,Wrong Item,8.29
314,4083,2024-09-06,Payment Failed,4.71
315,2201,2025-01-21,Wrong Item,16.15
316,716,2024-04-16,Refund Issue,5.01
317,217,2024-09-02,Payment Failed,55.54
318,2676,2024-05-30,Payment Failed,60.74
319,3137,2024-05-22,Refund Issue,39.69
320,3622,2024-11-02,Late Delivery,47.98
321,510,2024-07-12,App Crash,28.87
322,26,2024-07-26,Refund Issue,1.03
323,3017,2024-07-12,Late Delivery,25.57
324,2526,2024-01-03,App Crash,57.94
325,2949,2024-08-14,Wrong Item,35.19
326,4067,2024-03-10,Wrong Item,69.52
327,2476,2024-04-22,Wrong Item,29.8
328,1742,2024-07-20,Refund Issue,2.95
329,2043,2024-07-12,Refund Issue,38.98
330,2698,2025-01-08,Payment Failed,60.61
331,4480,2024-01-30,App Crash,20.15
332,436,2025-01-27,Refund Issue,16.73
333,2209,2024-05-29,App Crash,32.2
334,1428,2024-08-28,Payment Failed,12.34
335,2748,2024-05-14,Late Delivery,54.94
336,126,2024-02-23,Refund Issue,32.49
337,3123,2024-03-16,Late Delivery,53.28
338,3764,2024-01-04,App Crash,26.1
339,4283,2024-10-12,Late Delivery,52.1
340,4390,2024-02-24,App Crash,3.88
341,2160,2024-10-05,Late Delivery,28.52
342,4004,2024-01-01,Payment Failed,14.0
343,841,2024-04-08,Late Delivery,13.84
344,1299,2024-08-11,Payment Failed,66.95
345,2202,2024-09-21,App Crash,44.42
346,1385,2024-10-31,App Crash,33.9
347,3893,2024-04-17,Refund Issue,1.46
348,4164,2024-09-13,Payment Failed,1.79
349,1370,2024-11-23,App Crash,50.39
350,1280,2024-03-19,Wrong Item,35.83
351,412,2024-07-01,Payment Failed,59.88
352,106,2024-03-08,Payment Failed,7.69
353,1732,2024-09-30,Late Delivery,39.28
354,368,2024-12-13,Refund Issue,25.42
355,4331,2024-10-26,Payment Failed,2.58
356,195,2024-11-16,Wrong Item,56.87
357,2469,2024-05-24,Refund Issue,15.04
358,3371,2024-01-03,Wrong Item,59.34
359,2564,2024-06-05,Late Delivery,35.08
360,57,2024-04-20,Payment Failed,64.74
361,133,2024-10-24,App Crash,13.91
362,3619,2024-05-06,Refund Issue,69.29
363,1570,2025-01-31,Payment Failed,55.09
364,4228,2024-07-05,App Crash,12.47
365,2309,2024-02-29,App Crash,20.03
366,711,2024-07-24,Refund Issue,15.4
367,3432,2024-01-10,Wrong Item,28.14
368,1230,2024-03-11,App Crash,37.74
369,2956,2024-07-21,Payment Failed,7.37
370,2716,2024-11-07,Refund Issue,59.46
371,4323,2025-01-31,Refund Issue,47.3
372,4605,2024-12-28,Payment Failed,43.75
373,4659,2024-06-17,Refund Issue,54.76
374,1527,2024-09-04,Refund Issue,35.22
375,2713,2024-08-13,Late Delivery,69.29
376,2723,2024-07-10,App Crash,22.95
377,3073,2024-03-08,Refund Issue,28.46
378,4240,2024-12-19,Wrong Item,64.49
379,3219,2024-08-08,Wrong Item,52.48
380,1854,2024-08-02,Late Delivery,44.9
381,621,2024-10-14,App Crash,46.15
382,4826,2024-05-28,Refund Issue,54.05
383,4334,2024-10-13,Refund Issue,60.13
384,2992,2024-01-27,Late Delivery,23.69
385,4281,2024-04-21,Payment Failed,29.74
386,2688,2024-12-07,App Crash,61.67
387,2338,2025-01-14,App Crash,44.11
388,3111,2024-02-20,Refund Issue,71.12
389,2642,2024-08-06,Payment Failed,50.04
390,710,2024-04-10,Wrong Item,70.89
391,3839,2024-07-23,Wrong Item,48.27
392,2668,2024-08-28,Wrong Item,9.96
393,4168,2024-09-24,Wrong Item,47.13
394,1110,2024-02-05,Payment Failed,58.86
395,3076,2024-08-23,Payment Failed,21.3
396,494,2024-06-10,Payment Failed,60.73
397,3180,2024-03-17,Late Delivery,36.49
398,4637,2024-05-13,App Crash,24.28
399,2622,2024-11-27,Refund Issue,3.32
400,4547,2024-10-10,Late Delivery,26.69
401,1551,2024-02-04,Wrong Item,32.41
402,2620,2024-05-07,Refund Issue,17.18
403,3898,2024-06-22,Wrong Item,48.9
404,1654,2024-05-04,Payment Failed,7.51
405,1831,2024-09-06,Payment Failed,50.32
406,3402,2024-07-16,Refund Issue,24.21
407,2348,2024-05-17,Payment Failed,1.28
408,2067,2024-03-21,App Crash,19.27
409,4068,2024-11-08,App Crash,11.35
410,1846,2024-09-20,Payment Failed,24.56
411,2509,2024-04-27,App Crash,48.98
412,4208,2025-01-22,Refund Issue,14.69
413,3045,2024-11-09,Late Delivery,15.39
414,2250,2024-04-22,Wrong Item,29.79
415,2046,2024-01-06,App Crash,61.49
416,2954,2024-04-17,Payment Failed,26.85
417,4143,2024-11-15,Late Delivery,26.06
418,3275,2025-01-25,App Crash,69.44
419,3466,2024-07-02,Late Delivery,46.41
420,2722,2024-05-03,Refund Issue,55.84
421,2198,2024-11-02,Late Delivery,43.81
422,776,2024-07-06,Late Delivery,25.81
423,1614,2024-03-10,Refund Issue,16.69
424,1070,2025-01-14,Late Delivery,39.38
425,2717,2024-12-23,Refund Issue,60.04
426,2922,2024-07-22,App Crash,28.03
427,1220,2024-01-22,Payment Failed,31.85
428,2965,2024-09-24,Late Delivery,49.31
429,1977,2024-11-30,Late Delivery,36.07
430,4738,2024-10-02,Wrong Item,10.69
431,1168,2024-06-26,Late Delivery,61.7
432,434,2024-04-06,Payment Failed,22.15
433,4073,2024-04-02,App Crash,24.89
434,2699,2024-11-03,Wrong Item,55.62
435,3776,2024-10-13,App Crash,57.47
436,94,2024-08-27,App Crash,43.1
437,1954,2024-05-01,Late Delivery,58.07
438,673,2024-05-28,Refund Issue,59.59
439,3830,2024-12-26,Late Delivery,41.36
440,3150,2024-01-16,Wrong Item,17.89
441,4776,2024-02-17,Late Delivery,1.05
442,892,2024-02-13,App Crash,12.31
443,4758,2024-05-10,Refund Issue,3.36
444,928,2024-11-13,App Crash,23.51
445,1044,2024-11-04,Wrong Item,27.35
446,1109,2024-09-07,Payment Failed,60.4
447,400,2025-01-03,Wrong Item,14.2
448,3698,2024-06-04,Late Delivery,14.42
449,3252,2024-08-21,Wrong Item,22.82
450,269,2024-06-17,Wrong Item,61.53
451,714,2024-05-19,App Crash,24.32
452,906,2025-01-07,Wrong Item,38.23
453,713,2024-09-07,Payment Failed,41.05
454,193,2024-04-13,Wrong Item,39.72
455,4022,2024-12-10,Wrong Item,46.31
456,3376,2024-11-30,Refund Issue,35.74
457,2767,2024-08-18,App Crash,65.84
458,3983,2024-08-25,Payment Failed,52.16
459,4324,2024-01-19,Wrong Item,12.1
460,3307,2024-05-21,Late Delivery,65.36
461,1234,2025-01-24,Late Delivery,71.6
462,857,2024-10-28,Wrong Item,7.65
463,2837,2024-11-11,App Crash,63.82
464,3832,2024-01-21,App Crash,62.0
465,2148,2024-10-21,Refund Issue,59.4
466,2326,2024-08-01,Payment Failed,22.3
467,3983,2024-08-22,Refund Issue,59.0
468,4240,2024-09-30,App Crash,56.84
469,4529,2024-02-04,Refund Issue,23.01
470,2309,2024-11-04,Late Delivery,15.85
471,448,2024-06-07,Refund Issue,34.38
472,2453,2024-07-05,Late Delivery,33.03
473,4487,2024-07-18,Payment Failed,53.59
474,4905,2024-06-21,Wrong Item,2.73
475,3941,2024-10-21,Payment Failed,20.21
476,371,2024-09-02,Wrong Item,1.92
477,2311,2024-08-18,App Crash,58.82
478,3208,2024-04-29,Wrong Item,59.52
479,4766,2024-11-08,Refund Issue,55.6
480,3415,2024-07-16,Refund Issue,1.08
481,2030,2024-02-18,App Crash,54.76
482,2791,2024-01-17,Wrong Item,8.34
483,638,2024-12-05,App Crash,56.78
484,4936,2024-04-12,Refund Issue,55.94
485,2149,2025-01-30,Payment Failed,10.21
486,4386,2024-12-17,App Crash,41.07
487,4849,2024-05-08,App Crash,52.85
488,4638,2024-01-11,Late Delivery,42.75
489,3726,2024-06-24,Payment Failed,3.34
490,3480,2024-08-28,Refund Issue,15.48
491,4932,2024-04-15,Payment Failed,37.3
492,4363,2024-07-24,Wrong Item,49.11
493,2655,2024-10-04,App Crash,22.19
494,3447,2025-01-08,Wrong Item,30.11
495,2241,2024-10-24,Late Delivery,61.54
496,1143,2024-02-19,Refund Issue,48.88
497,4562,2024-01-27,App Crash,3.34
498,2612,2024-09-22,Wrong Item,48.91
499,505,2025-01-16,Payment Failed,26.93
500,371,2024-01-11,Late Delivery,33.79
501,1295,2024-05-30,Late Delivery,52.06
502,3957,2024-02-26,Wrong Item,4.44
503,633,2024-12-27,App Crash,34.23
504,2570,2024-12-11,App Crash,4.78
505,2070,2024-09-11,Refund Issue,2.05
506,4933,2024-06-09,Refund Issue,49.26
507,3366,2024-08-07,App Crash,66.45
508,2210,2024-11-15,Late Delivery,8.42
509,1338,2024-11-23,Wrong Item,39.91
510,1935,2024-05-22,App Crash,70.15
511,4064,2024-04-19,Late Delivery,12.5
512,961,2024-01-17,Payment Failed,16.98
513,1707,2024-08-30,Refund Issue,16.65
514,4012,2024-12-31,Payment Failed,15.49
515,202,2024-03-23,Refund Issue,67.08
516,718,2024-02-23,Payment Failed,26.34
517,3916,2024-12-16,Payment Failed,1.89
518,4055,2024-09-14,Payment Failed,20.7
519,2761,2024-12-04,Wrong Item,68.35
520,2039,2024-09-16,Wrong Item,69.93
521,1034,2024-08-21,App Crash,54.16
522,4392,2024-12-04,App Crash,38.78
523,663,2024-08-20,Payment Failed,66.66
524,3885,2024-02-04,Late Delivery,27.85
525,564,2024-12-12,Late Delivery,21.2
526,528,2025-01-03,Payment Failed,11.18
527,3669,2024-08-05,App Crash,18.71
528,4333,2024-10-22,Late Delivery,58.24
529,2443,2024-10-28,Payment Failed,30.66
530,1681,2024-02-21,App Crash,34.62
531,63,2024-07-17,Wrong Item,11.04
532,2306,2024-06-12,Late Delivery,62.83
533,1245,2024-09-16,App Crash,18.67
534,4927,2024-08-24,Wrong Item,46.5
535,3156,2024-04-02,Refund Issue,55.79
536,2697,2024-04-28,Payment Failed,69.05
537,2021,2024-07-29,App Crash,52.8
538,3610,2024-05-06,Payment Failed,64.36
539,3387,2024-06-06,Refund Issue,46.25
540,329,2025-01-25,Wrong Item,40.48
541,1994,2024-02-05,Wrong Item,35.64
542,4969,2024-03-01,Wrong Item,22.43
543,2469,2024-01-17,Late Delivery,39.85
544,960,2024-05-15,Refund Issue,17.08
545,2877,2024-10-02,Payment Failed,16.29
546,396,2024-06-18,Payment Failed,13.02
547,2264,2024-08-13,Refund Issue,54.23
548,1908,2024-10-11,App Crash,3.25
549,3337,2024-12-31,App Crash,14.2
550,4533,2024-08-02,Wrong Item,6.27
551,1410,2024-08-18,Payment Failed,38.36
552,279,2024-02-26,Payment Failed,62.41
553,687,2024-03-15,Wrong Item,57.79
554,2060,2024-07-16,Late Delivery,14.26
555,3191,2024-06-16,Late Delivery,28.93
556,2175,2024-09-01,Refund Issue,36.0
557,771,2024-12-21,Payment Failed,47.71
558,4079,2024-03-22,Late Delivery,18.76
559,1803,2024-10-08,Late Delivery,36.98
560,3476,2024-02-04,Payment Failed,70.46
561,3840,2024-10-10,App Crash,69.95
562,4464,2024-03-14,Wrong Item,40.6
563,2554,2025-01-29,Late Delivery,38.92
564,2693,2024-10-27,Late Delivery,38.88
565,120,2024-03-01,Refund Issue,54.33
566,422,2024-03-26,App Crash,60.05
567,3084,2024-09-08,Late Delivery,63.13
568,3198,2025-01-23,Late Delivery,27.97
569,4605,2024-10-14,Payment Failed,36.9
570,3508,2024-11-15,App Crash,42.12
571,3729,2024-11-24,Late Delivery,56.92
572,4935,2024-09-30,App Crash,28.5
573,1881,2024-09-17,App Crash,3.36
574,2378,2024-07-06,Wrong Item,12.14
575,2789,2024-11-28,Refund Issue,24.62
576,3312,2024-03-25,Payment Failed,53.34
577,431,2024-05-12,Payment Failed,44.42
578,3330,2024-10-22,Wrong Item,11.23
579,2200,2024-12-10,Payment Failed,29.87
580,229,2024-10-25,Refund Issue,52.22
581,2900,2024-02-02,Refund Issue,26.62
582,3582,2024-11-15,Late Delivery,29.05
583,4870,2024-07-26,Payment Failed,20.38
584,892,2024-01-14,Payment Failed,19.63
585,1664,2024-11-22,Payment Failed,51.32
586,2176,2024-09-28,Refund Issue,24.73
587,3773,2024-05-29,Payment Failed,38.53
588,932,2024-02-21,Wrong Item,68.07
589,2841,2025-01-03,App Crash,28.93
590,4569,2024-12-22,Late Delivery,43.41
591,2137,2024-06-27,Payment Failed,64.48
592,873,2024-12-12,Late Delivery,20.09
593,4028,2024-10-13,Wrong Item,42.76
594,3668,2024-06-20,App Crash,9.46
595,3345,2024-07-07,Wrong Item,41.48
596,2360,2024-04-08,App Crash,60.46
597,2958,2024-08-26,Late Delivery,58.5
598,1958,2024-12-31,App Crash,16.57
599,3740,2024-04-26,Payment Failed,23.81
600,4410,2024-02-01,Late Delivery,37.71
601,2050,2024-12-27,Refund Issue,9.9
602,3977,2024-05-22,Refund Issue,27.46
603,2698,2024-04-19,App Crash,49.43
604,3129,2024-08-21,Refund Issue,19.29
605,1179,2024-08-01,Refund Issue,6.04
606,1921,2024-04-14,Wrong Item,19.28
607,2521,2024-03-04,App Crash,69.19
608,595,2024-09-28,Late Delivery,11.12
609,960,2024-06-13,Late Delivery,37.83
610,876,2024-07-07,Payment Failed,65.93
611,308,2024-10-16,Payment Failed,55.01
612,2009,2024-07-25,Payment Failed,57.7
613,3094,2024-09-09,Refund Issue,27.31
614,133,2024-01-12,Late Delivery,66.03
615,4625,2024-09-09,Wrong Item,18.86
616,4511,2024-03-04,Wrong Item,42.18
617,184,2024-08-10,Wrong Item,37.74
618,4655,2025-01-19,App Crash,40.68
619,4214,2024-11-14,App Crash,54.57
620,4225,2024-05-10,Wrong Item,18.27
621,2642,2024-05-10,Late Delivery,9.48
622,3631,2024-10-07,Wrong Item,13.61
623,2711,2024-12-29,Late Delivery,43.52
624,303,2024-02-18,App Crash,26.36
625,2031,2024-05-18,App Crash,41.05
626,4278,2025-01-18,Refund Issue,54.41
627,2157,2024-06-05,Payment Failed,28.54
628,3188,2024-01-02,App Crash,58.65
629,4327,2024-01-03,Refund Issue,42.97
630,2616,2024-01-31,Payment Failed,30.8
631,1763,2025-01-17,App Crash,44.5
632,3815,2025-01-10,Refund Issue,59.65
633,554,2024-05-19,App Crash,35.0
634,3157,2024-01-19,App Crash,42.94
635,4559,2024-08-15,Payment Failed,27.93
636,978,2024-07-08,Wrong Item,53.73
637,3785,2024-07-29,Payment Failed,36.64
638,4445,2024-01-24,Refund Issue,61.72
639,4595,2024-03-17,Wrong Item,12.26
640,1285,2024-05-02,Late Delivery,30.19
641,2793,2025-01-31,App Crash,13.7
642,4500,2024-03-03,Wrong Item,59.17
643,2177,2024-01-27,App Crash,67.21
644,3663,2025-01-07,Payment Failed,38.61
645,1715,2024-08-04,Late Delivery,29.76
646,3861,2024-06-08,App Crash,69.98
647,3735,2024-01-21,Refund Issue,28.63
648,3665,2024-08-15,App Crash,45.76
649,3540,2025-01-28,Payment Failed,26.91
650,4153,2024-11-06,Refund Issue,13.9
651,4898,2024-09-05,Late Delivery,31.93
652,3693,2024-03-22,Late Delivery,7.05
653,2971,2024-10-26,Payment Failed,30.38
654,3808,2024-07-29,Payment Failed,53.02
655,41,2024-09-25,Payment Failed,26.76
656,924,2025-01-14,Refund Issue,60.25
657,2554,2024-03-23,Refund Issue,30.84
658,2847,2024-03-31,Late Delivery,12.39
659,1394,2025-01-10,Wrong Item,23.88
660,3545,2024-10-14,Payment Failed,53.23
661,3292,2024-09-14,Refund Issue,4.79
662,351,2024-12-04,App Crash,51.66
663,3484,2024-06-18,Payment Failed,69.05
664,2979,2025-01-18,Payment Failed,18.27
665,956,2024-06-05,Refund Issue,47.23
666,1403,2024-03-19,Refund Issue,57.66
667,3706,2024-08-20,Late Delivery,54.14
668,4165,2024-04-15,App Crash,28.04
669,3684,2025-01-15,Refund Issue,9.36
670,1347,2024-05-16,App Crash,5.9
671,2292,2024-05-12,Wrong Item,19.54
672,1868,2024-10-28,Wrong Item,64.87
673,4486,2024-12-30,Refund Issue,59.92
674,3673,2024-09-05,Refund Issue,60.19
675,704,2024-10-21,App Crash,14.16
676,3901,2025-01-14,App Crash,19.5
677,1583,2024-11-02,Late Delivery,28.36
678,2803,2024-03-17,App Crash,49.68
679,260,2024-07-10,Late Delivery,10.99
680,2201,2024-02-28,Wrong Item,50.8
681,2893,2024-11-24,Wrong Item,63.3
682,735,2024-11-01,Payment Failed,22.23
683,4034,2024-09-02,Late Delivery,38.9
684,228,2024-12-19,Refund Issue,55.78
685,1481,2024-04-09,App Crash,34.37
686,789,2024-07-29,Refund Issue,23.53
687,2521,2024-07-27,Late Delivery,48.0
688,544,2024-11-19,Payment Failed,20.78
689,3308,2024-06-13,App Crash,49.31
690,3798,2024-05-21,Wrong Item,59.6
691,2702,2024-08-16,Late Delivery,58.16
692,3452,2025-01-10,Wrong Item,46.49
693,3837,2024-07-06,Late Delivery,52.41
694,896,2024-09-17,Late Delivery,10.37
695,1946,2024-08-24,Wrong Item,58.96
696,4600,2024-10-13,Late Delivery,44.43
697,3939,2024-12-25,App Crash,4.38
698,4489,2024-12-07,Wrong Item,63.17
699,624,2025-01-07,Wrong Item,27.03
700,2862,2024-05-04,App Crash,41.9
701,3259,2024-12-07,Late Delivery,28.97
702,542,2024-09-04,Late Delivery,25.77
703,995,2024-02-04,Payment Failed,17.43
704,3866,2024-01-31,Payment Failed,28.88
705,2703,2024-12-24,Refund Issue,16.22
706,399,2024-06-14,Refund Issue,17.65
707,1524,2024-04-06,App Crash,66.81
708,4991,2024-10-27,Wrong Item,9.29
709,4018,2025-01-16,Late Delivery,63.29
710,2130,2024-12-22,App Crash,10.74
711,4182,2024-03-14,Late Delivery,53.93
712,1745,2024-06-30,Wrong Item,34.47
713,864,2024-11-27,App Crash,54.67
714,1409,2024-12-31,Refund Issue,22.83
715,3338,2024-10-29,Refund Issue,57.46
716,3364,2024-01-29,App Crash,21.92
717,3982,2024-08-08,App Crash,11.88
718,333,2024-12-20,Late Delivery,70.51
719,734,2024-09-10,App Crash,26.85
720,1564,2024-08-23,Payment Failed,63.54
721,1599,2024-03-02,App Crash,2.25
722,3018,2024-10-12,Refund Issue,46.2
723,4809,2024-06-14,Wrong Item,50.75
724,584,2024-04-09,Refund Issue,38.74
725,1993,2024-12-31,App Crash,59.07
726,2870,2024-07-24,Late Delivery,42.3
727,2005,2024-01-02,Late Delivery,70.09
728,2269,2025-01-28,Refund Issue,68.65
729,2706,2024-11-21,Wrong Item,52.82
730,2056,2024-02-24,App Crash,33.45
731,3386,2024-08-31,Refund Issue,8.13
732,4734,2024-05-28,App Crash,63.49
733,3767,2024-04-24,Late Delivery,30.04
734,2211,2024-12-24,App Crash,35.82
735,1313,2024-01-11,Payment Failed,62.32
736,554,2024-05-11,Wrong Item,31.68
737,3050,2024-02-01,Late Delivery,23.89
738,2605,2024-03-21,Refund Issue,24.37
739,1935,2024-06-28,Late Delivery,66.96
740,2613,2024-07-12,App Crash,59.56
741,3604,2024-01-31,App Crash,18.12
742,2503,2024-01-24,Wrong Item,23.89
743,1225,2024-05-30,App Crash,65.04
744,4213,2024-03-02,Late Delivery,20.86
745,699,2024-04-12,Refund Issue,71.61
746,2878,2024-02-20,App Crash,54.94
747,4351,2024-07-28,Refund Issue,5.55
748,4908,2024-12-15,App Crash,15.06
749,3238,2024-07-22,Wrong Item,30.17
750,4061,2024-09-10,Wrong Item,55.49
751,2045,2024-08-26,Refund Issue,3.25
752,1523,2024-06-29,Late Delivery,71.87
753,3920,2024-03-16,Payment Failed,5.08
754,2589,2024-09-02,Late Delivery,62.1
755,998,2024-01-01,Wrong Item,50.8
756,306,2024-08-12,Payment Failed,11.7
757,36,2024-02-26,Payment Failed,61.3
758,4503,2024-03-20,Payment Failed,42.74
759,3632,2024-08-17,Late Delivery,51.59
760,41,2024-10-21,Wrong Item,59.53
761,4939,2024-12-27,Late Delivery,33.97
762,2804,2025-01-11,Refund Issue,17.69
763,3179,2024-12-18,Late Delivery,28.47
764,2501,2024-08-27,Wrong Item,23.37
765,1894,2024-02-22,Wrong Item,12.64
766,4058,2024-08-12,App Crash,3.7
767,32,2024-08-08,Payment Failed,49.02
768,4565,2024-04-19,App Crash,23.24
769,989,2025-01-14,Late Delivery,40.09
770,3978,2024-06-15,Wrong Item,25.04
771,2063,2024-01-05,App Crash,35.2
772,3376,2024-07-29,Late Delivery,30.98
773,974,2025-01-24,Late Delivery,12.93
774,1017,2024-05-31,Wrong Item,12.39
775,3569,2024-04-01,Late Delivery,4.79
776,4499,2024-12-22,Refund Issue,21.29
777,1780,2024-08-22,Payment Failed,13.64
778,1780,2024-03-21,Late Delivery,45.1
779,915,2024-10-18,Late Delivery,31.93
780,164,2025-01-03,Late Delivery,21.51
781,3767,2024-11-07,App Crash,50.66
782,477,2024-01-13,Payment Failed,22.82
783,1564,2024-12-18,Payment Failed,51.55
784,4409,2024-05-30,Refund Issue,67.56
785,1460,2024-04-17,Payment Failed,28.39
786,1516,2024-09-19,Payment Failed,18.05
787,2341,2024-10-07,Payment Failed,40.21
788,4664,2024-11-18,App Crash,52.7
789,1649,2024-02-21,Late Delivery,16.91
790,771,2024-09-06,Late Delivery,1.22
791,2711,2025-01-03,Payment Failed,39.82
792,647,2024-07-27,Refund Issue,62.19
793,978,2024-08-24,App Crash,45.64
794,1232,2024-07-22,App Crash,22.52
795,1966,2024-03-10,App Crash,8.5
796,260,2024-03-26,Payment Failed,30.39
797,396,2024-08-12,Wrong Item,36.61
798,3139,2024-01-18,Payment Failed,15.37
799,2393,2024-03-14,Refund Issue,68.23
800,3644,2025-01-12,Late Delivery,27.65
801,3759,2024-06-27,Wrong Item,42.42
802,1084,2024-06-08,App Crash,38.5
803,1903,2024-05-06,Payment Failed,48.8
804,3755,2024-02-06,Payment Failed,68.35
805,214,2024-07-21,Late Delivery,20.1
806,1805,2024-11-23,Wrong Item,36.11
807,4004,2024-04-28,Payment Failed,49.78
808,4858,2024-10-21,Late Delivery,51.89
809,2745,2024-02-04,App Crash,10.95
810,1175,2024-06-12,Payment Failed,26.47
811,2240,2024-09-18,Payment Failed,14.09
812,3256,2024-06-07,App Crash,43.43
813,2835,2024-08-03,Payment Failed,44.5
814,3990,2024-05-19,Late Delivery,31.25
815,976,2024-09-04,Wrong Item,42.98
816,4109,2024-03-05,Refund Issue,19.2
817,3159,2024-06-20,Payment Failed,3.2
818,476,2024-08-02,Wrong Item,31.58
819,3559,2024-01-28,Refund Issue,37.99
820,2284,2024-05-24,Wrong Item,15.34
821,3409,2024-07-15,Payment Failed,15.02
822,3784,2024-08-27,Payment Failed,4.81
823,3365,2024-09-19,Refund Issue,24.87
824,3371,2024-03-21,Late Delivery,20.4
825,4484,2024-11-30,Payment Failed,22.85
826,4952,2024-01-23,Payment Failed,6.22
827,2194,2024-12-15,Payment Failed,59.9
828,4111,2024-04-14,App Crash,37.68
829,3453,2024-08-11,Payment Failed,71.38
830,3942,2024-11-13,Late Delivery,58.55
831,452,2024-01-11,Wrong Item,14.95
832,3306,2024-07-19,Wrong Item,57.17
833,3058,2024-12-21,Refund Issue,19.81
834,4704,2024-02-25,Payment Failed,10.17
835,1840,2024-06-12,Payment Failed,5.77
836,1052,2024-12-29,Late Delivery,66.97
837,98,2024-12-25,Refund Issue,5.29
838,419,2024-06-28,App Crash,29.55
839,3540,2024-01-17,Refund Issue,4.75
840,3754,2024-12-05,Refund Issue,1.0
841,123,2024-04-04,App Crash,14.2
842,995,2024-07-20,App Crash,65.37
843,1643,2024-02-03,Refund Issue,52.78
844,3229,2024-05-01,Late Delivery,63.49
845,2300,2024-05-11,Late Delivery,16.43
846,2867,2024-01-16,App Crash,14.37
847,2663,2024-12-25,Refund Issue,6.35
848,1271,2024-11-15,App Crash,26.57
849,2680,2024-08-29,Late Delivery,29.71
850,1246,2024-04-25,Refund Issue,69.18
851,3983,2024-02-17,Late Delivery,21.06
852,3686,2024-03-10,App Crash,9.38
853,4598,2024-03-20,Late Delivery,51.11
854,1774,2025-01-29,Wrong Item,16.47
855,2608,2024-12-10,Refund Issue,37.15
856,184,2024-01-29,Late Delivery,45.53
857,2585,2024-12-30,App Crash,45.36
858,440,2024-08-09,Refund Issue,47.35
859,1040,2024-07-15,App Crash,29.55
860,2758,2024-08-12,Late Delivery,55.94
861,4468,2024-08-10,App Crash,52.94
862,4541,2024-07-26,Wrong Item,66.64
863,58,2024-06-14,App Crash,19.19
864,2213,2024-05-26,Refund Issue,25.88
865,1118,2024-12-01,Payment Failed,38.4
866,4053,2024-01-03,Payment Failed,69.25
867,1871,2024-06-15,Wrong Item,44.94
868,3089,2024-04-29,Late Delivery,21.89
869,3534,2025-01-11,Wrong Item,25.73
870,2085,2024-11-21,Payment Failed,30.79
871,1255,2024-04-01,Wrong Item,26.3
872,3244,2024-05-22,App Crash,8.39
873,3798,2024-03-21,Payment Failed,21.53
874,831,2024-11-17,Refund Issue,48.81
875,2672,2024-11-29,Wrong Item,35.71
876,3969,2024-02-28,Wrong Item,27.73
877,1736,2024-12-20,Refund Issue,24.94
878,3226,2024-07-29,Payment Failed,16.72
879,3086,2024-10-16,Payment Failed,9.91
880,344,2024-05-22,Payment Failed,34.51
881,4789,2024-04-23,Wrong Item,68.67
882,2381,2024-06-20,Refund Issue,50.16
883,4282,2024-04-24,Refund Issue,66.21
884,3178,2024-12-25,Wrong Item,23.76
885,3697,2024-03-26,Late Delivery,14.36
886,3775,2024-09-13,Late Delivery,11.85
887,3415,2025-01-16,Payment Failed,42.93
888,3893,2024-08-10,Late Delivery,23.75
889,3471,2024-02-07,Refund Issue,8.88
890,2611,2024-08-26,Payment Failed,54.2
891,1873,2024-10-08,Refund Issue,66.21
892,4637,2024-12-06,App Crash,57.92
893,99,2024-01-07,Wrong Item,1.41
894,4154,2024-07-06,Wrong Item,35.53
895,4429,2024-10-10,App Crash,49.6
896,4467,2024-02-04,App Crash,41.13
897,2354,2024-05-02,App Crash,25.12
898,1969,2024-09-22,Payment Failed,20.31
899,4111,2024-01-17,Wrong Item,4.33
900,2273,2024-06-19,Wrong Item,13.93
901,22,2024-08-19,Payment Failed,22.42
902,1768,2024-04-24,Refund Issue,55.8
903,3283,2024-04-05,Payment Failed,5.0
904,2241,2024-02-29,App Crash,50.18
905,2316,2024-04-24,Payment Failed,8.24
906,4225,2024-07-12,Wrong Item,40.33
907,2581,2024-08-15,Late Delivery,38.36
908,1142,2024-10-12,App Crash,46.44
909,1367,2025-01-22,Wrong Item,46.97
910,114,2024-11-30,Wrong Item,37.98
911,1253,2024-10-13,App Crash,69.57
912,975,2024-07-16,Refund Issue,45.95
913,266,2024-05-31,Payment Failed,29.37
914,3099,2024-07-01,App Crash,25.57
915,3668,2024-06-19,Refund Issue,34.2
916,19,2024-07-09,Payment Failed,19.11
917,192,2024-03-09,App Crash,10.74
918,1328,2024-07-28,App Crash,18.62
919,898,2024-02-26,Late Delivery,52.7
920,2472,2024-06-10,App Crash,53.37
921,1024,2024-03-02,Wrong Item,3.22
922,3457,2024-01-16,Refund Issue,70.35
923,135,2024-08-13,App Crash,46.46
924,4974,2024-01-06,App Crash,54.86
925,4969,2025-01-11,Payment Failed,59.5
926,4451,2024-06-27,Late Delivery,35.83
927,3501,2024-12-06,Payment Failed,43.73
928,1126,2024-07-06,Refund Issue,3.95
929,1111,2024-09-11,Wrong Item,22.2
930,3079,2024-01-05,App Crash,64.44
931,1040,2024-07-05,Payment Failed,62.2
932,4620,2024-03-21,Late Delivery,51.14
933,3932,2024-11-14,App Crash,30.93
934,2726,2024-07-10,Wrong Item,61.44
935,3533,2024-01-19,Wrong Item,22.22
936,2540,2024-10-14,Late Delivery,57.42
937,4658,2024-07-23,App Crash,63.56
938,4765,2024-09-29,Late Delivery,35.88
939,1349,2024-09-09,Refund Issue,28.44
940,556,2024-05-16,App Crash,68.57
941,3815,2024-05-28,Late Delivery,42.88
942,4190,2024-02-17,Payment Failed,13.83
943,3029,2024-03-05,Late Delivery,22.21
944,4011,2025-01-30,App Crash,11.57
945,3020,2024-04-07,Payment Failed,48.76
946,1539,2024-06-24,Late Delivery,62.74
947,4789,2024-12-10,App Crash,6.63
948,3817,2024-10-27,Late Delivery,4.2
949,530,2024-10-25,App Crash,6.93
950,3638,2024-12-23,Refund Issue,37.74
951,4745,2024-10-06,Late Delivery,52.24
952,1552,2024-10-28,Wrong Item,59.77
953,3787,2024-08-10,Refund Issue,37.82
954,795,2024-12-01,App Crash,70.06
955,4861,2024-03-29,Wrong Item,59.06
956,3484,2024-06-11,Refund Issue,54.93
957,150,2024-10-14,Refund Issue,49.89
958,2615,2024-07-22,Wrong Item,53.89
959,104,2024-11-01,Refund Issue,12.54
960,4734,2024-03-18,Wrong Item,35.15
961,3536,2024-07-23,Late Delivery,52.5
962,953,2024-05-06,App Crash,21.19
963,4994,2024-06-09,Late Delivery,24.3
964,539,2024-08-08,App Crash,66.39
965,3602,2024-01-13,Refund Issue,33.54
966,4244,2024-01-18,Wrong Item,4.13
967,4902,2024-07-15,Wrong Item,63.39
968,2664,2024-11-27,App Crash,26.79
969,453,2024-04-05,Payment Failed,15.86
970,126,2024-06-20,Refund Issue,43.0
971,2110,2024-12-06,Refund Issue,42.15
972,841,2024-06-26,Refund Issue,12.17
973,484,2024-02-02,Payment Failed,64.87
974,4088,2024-07-06,Refund Issue,4.36
975,2522,2024-02-14,Refund Issue,19.43
976,941,2024-09-04,App Crash,36.81
977,1903,2025-01-24,Payment Failed,28.07
978,2476,2024-10-27,Refund Issue,10.82
979,566,2025-01-21,Payment Failed,5.92
980,1771,2024-08-16,Late Delivery,7.47
981,2827,2024-12-21,Refund Issue,70.02
982,3685,2024-07-04,Wrong Item,13.95
983,1078,2024-02-08,App Crash,28.01
984,1841,2024-10-26,Late Delivery,35.97
985,1311,2024-04-12,Refund Issue,11.62
986,3937,2024-08-31,App Crash,14.67
987,2519,2024-09-23,Refund Issue,10.04
988,3050,2024-05-08,App Crash,25.16
989,3717,2024-10-28,Payment Failed,18.25
990,3932,2024-06-20,App Crash,41.48
991,3818,2024-04-21,Payment Failed,62.95
992,2236,2024-02-04,Late Delivery,12.16
993,4156,2024-03-29,Payment Failed,7.6
994,3916,2024-08-20,App Crash,29.06
995,918,2024-04-11,Refund Issue,15.69
996,4166,2024-05-16,App Crash,61.46
997,4805,2025-01-26,Late Delivery,13.7
998,907,2024-05-08,Late Delivery,33.76
999,36,2024-06-20,Payment Failed,25.0
1000,3802,2024-09-28,App Crash,37.2
1001,3351,2024-11-26,Refund Issue,67.5
1002,526,2024-01-11,Wrong Item,68.75
1003,2642,2024-12-08,App Crash,38.47
1004,2621,2024-02-03,Wrong Item,3.07
1005,3114,2024-11-15,Wrong Item,57.63
1006,2752,2024-09-09,Late Delivery,8.95
1007,468,2024-08-04,Late Delivery,46.97
1008,2773,2024-12-18,Payment Failed,31.39
1009,832,2024-03-22,Payment Failed,8.95
1010,3109,2024-02-27,App Crash,25.46
1011,3396,2024-04-11,App Crash,50.95
1012,3891,2024-05-17,Late Delivery,49.36
1013,1298,2024-08-01,Payment Failed,24.49
1014,4862,2025-01-25,App Crash,1.65
1015,2075,2024-02-15,Late Delivery,13.81
1016,4416,2024-07-22,Wrong Item,34.27
1017,4134,2024-05-21,Payment Failed,63.44
1018,1890,2024-12-15,Wrong Item,46.49
1019,284,2024-07-11,Refund Issue,69.79
1020,417,2024-02-09,Refund Issue,28.5
1021,4174,2024-06-12,Late Delivery,33.5
1022,186,2024-03-17,Late Delivery,67.74
1023,3733,2024-12-24,Wrong Item,48.83
1024,3423,2024-08-08,Late Delivery,42.55
1025,4421,2025-01-29,Wrong Item,2.68
1026,891,2024-06-20,Payment Failed,13.11
1027,3034,2024-05-07,Late Delivery,10.17
1028,844,2024-03-18,Late Delivery,11.59
1029,2844,2024-03-13,Late Delivery,16.67
1030,4520,2024-03-06,Refund Issue,18.87
1031,933,2024-12-11,Wrong Item,35.55
1032,4027,2024-05-13,App Crash,15.77
1033,38,2025-01-31,Wrong Item,45.62
1034,1997,2024-08-18,Refund Issue,60.04
1035,2792,2024-01-21,Wrong Item,7.26
1036,4615,2025-01-14,Wrong Item,64.47
1037,1164,2024-12-12,App Crash,17.3
1038,511,2024-09-18,Late Delivery,50.3
1039,2944,2024-02-18,Payment Failed,67.95
1040,4656,2024-01-02,Payment Failed,61.77
1041,1290,2024-02-24,App Crash,28.45
1042,590,2024-05-18,Refund Issue,59.15
1043,2641,2024-09-27,Wrong Item,35.67
1044,4288,2024-12-19,Payment Failed,61.35
1045,2803,2024-02-25,Payment Failed,15.2
1046,142,2024-03-26,Payment Failed,5.48
1047,2178,2024-10-25,Payment Failed,46.78
1048,3950,2025-01-03,Payment Failed,29.05
1049,294,2024-08-14,App Crash,43.3
1050,977,2024-02-07,Late Delivery,6.52
1051,4821,2024-11-11,Payment Failed,54.25
1052,2843,2024-10-12,App Crash,6.97
1053,2938,2024-10-01,Refund Issue,15.88
1054,1714,2024-05-19,Wrong Item,4.79
1055,3665,2024-01-23,Payment Failed,70.16
1056,223,2025-01-31,App Crash,21.16
1057,4447,2024-10-11,Payment Failed,53.71
1058,2738,2024-11-03,Refund Issue,6.59
1059,1253,2024-12-03,Payment Failed,17.09
1060,4822,2024-05-08,Late Delivery,43.72
1061,3079,2024-05-06,App Crash,67.72
1062,4342,2024-08-17,Late Delivery,15.2
1063,3236,2025-01-28,Wrong Item,10.77
1064,4368,2024-06-03,Late Delivery,25.07
1065,1673,2024-10-10,App Crash,59.47
1066,425,2024-12-07,App Crash,12.52
1067,4150,2025-01-26,Refund Issue,10.5
1068,3753,2024-11-27,App Crash,4.11
1069,1482,2025-01-07,Payment Failed,62.28
1070,3787,2025-01-10,Refund Issue,10.28
1071,2137,2024-03-02,App Crash,8.26
1072,4823,2024-03-10,Payment Failed,15.29
1073,2605,2024-07-24,Payment Failed,67.97
1074,1552,2024-09-20,Late Delivery,33.01
1075,915,2024-02-26,App Crash,28.32
1076,3466,2024-09-06,Payment Failed,47.18
1077,4173,2025-01-21,Payment Failed,64.25
1078,1558,2024-11-03,Payment Failed,23.91
1079,2593,2024-05-07,Late Delivery,47.18
1080,1631,2024-01-05,App Crash,58.32
1081,2818,2025-01-07,Payment Failed,10.48
1082,2640,2024-01-08,Refund Issue,32.72
1083,3958,2024-09-23,Refund Issue,63.64
1084,1664,2024-01-10,Refund Issue,43.04
1085,2640,2024-06-14,Late Delivery,58.57
1086,1302,2024-09-20,Payment Failed,10.93
1087,970,2024-10-04,Wrong Item,23.77
1088,2140,2024-10-30,App Crash,5.38
1089,3722,2024-11-07,App Crash,21.5
1090,2809,2024-01-07,Refund Issue,30.23
1091,2350,2024-06-17,Payment Failed,48.79
1092,2507,2024-12-01,Refund Issue,47.84
1093,722,2024-09-17,App Crash,3.6
1094,4776,2024-01-22,Wrong Item,25.78
1095,367,2024-10-06,App Crash,40.19
1096,4780,2024-03-02,Payment Failed,8.9
1097,1564,2024-05-17,App Crash,63.94
1098,923,2024-01-09,Late Delivery,4.24
1099,3190,2024-04-08,Refund Issue,57.69
1100,3516,2024-04-20,Wrong Item,17.45
1101,3456,2024-05-24,Payment Failed,42.63
1102,3889,2024-12-30,App Crash,41.62
1103,1128,2024-01-13,App Crash,21.28
1104,1217,2024-06-23,Refund Issue,44.47
1105,610,2024-01-18,Wrong Item,67.21
1106,1422,2024-10-10,Payment Failed,69.36
1107,1733,2025-01-14,Wrong Item,27.52
1108,1255,2024-02-27,App Crash,67.27
1109,1265,2024-12-21,App Crash,2.92
1110,2724,2025-01-04,Wrong Item,2.66
1111,3851,2024-01-25,Refund Issue,11.26
1112,1290,2024-06-22,App Crash,71.38
1113,4372,2024-07-11,Wrong Item,60.53
1114,478,2024-12-29,Refund Issue,37.56
1115,574,2024-04-23,Payment Failed,18.47
1116,897,2024-06-23,Payment Failed,30.02
1117,865,2024-11-24,App Crash,50.93
1118,3183,2024-09-22,Refund Issue,49.17
1119,916,2025-01-03,App Crash,35.98
1120,3620,2024-12-02,Refund Issue,5.1
1121,1756,2024-08-09,Wrong Item,2.42
1122,1761,2024-10-29,Wrong Item,16.87
1123,4688,2024-10-29,Wrong Item,11.67
1124,2966,2024-01-20,Refund Issue,54.26
1125,1335,2024-11-20,Wrong Item,5.54
1126,3459,2024-04-04,Refund Issue,9.95
1127,444,2024-02-24,Late Delivery,59.09
1128,4477,2024-04-30,Late Delivery,3.63
1129,1688,2024-02-05,Payment Failed,47.08
1130,4856,2024-02-19,Late Delivery,16.12
1131,1972,2024-07-29,Refund Issue,7.1
1132,4957,2024-12-25,Late Delivery,37.45
1133,3323,2024-07-31,Payment Failed,1.68
1134,1140,2024-10-18,App Crash,12.36
1135,4965,2024-06-04,Payment Failed,17.88
1136,3124,2024-08-02,Payment Failed,56.36
1137,2583,2024-01-12,Payment Failed,59.95
1138,4363,2024-03-11,App Crash,14.45
1139,2999,2024-11-21,Wrong Item,55.28
1140,4,2024-02-08,Payment Failed,1.57
1141,3773,2024-03-23,App Crash,62.52
1142,1880,2024-05-28,Refund Issue,44.26
1143,1092,2024-08-08,Late Delivery,43.55
1144,2633,2024-08-17,App Crash,19.49
1145,895,2024-08-04,Wrong Item,44.18
1146,4370,2024-05-12,Payment Failed,28.81
1147,1593,2024-03-14,Refund Issue,69.35
1148,3063,2024-09-15,Wrong Item,27.6
1149,2307,2024-02-28,App Crash,45.34
1150,3384,2024-03-17,App Crash,7.17
1151,4120,2024-12-27,Payment Failed,14.69
1152,4024,2024-12-16,Late Delivery,20.13
1153,213,2025-01-05,App Crash,71.5
1154,2183,2025-01-07,Late Delivery,60.49
1155,584,2024-06-26,Payment Failed,55.36
1156,261,2024-10-16,Late Delivery,13.46
1157,4333,2024-09-25,Payment Failed,37.18
1158,481,2024-04-07,Wrong Item,62.23
1159,1578,2024-07-22,Late Delivery,65.2
1160,3085,2024-03-22,Wrong Item,42.99
1161,4586,2024-01-27,Wrong Item,18.97
1162,2618,2024-08-22,App Crash,66.59
1163,4445,2024-05-16,Refund Issue,32.64
1164,835,2024-11-14,Refund Issue,47.16
1165,1475,2024-09-17,Payment Failed,43.55
1166,2966,2024-10-13,Late Delivery,14.44
1167,4284,2024-05-14,App Crash,9.33
1168,590,2024-10-26,Refund Issue,30.41
1169,4935,2024-12-19,Refund Issue,59.34
1170,1966,2025-01-05,Refund Issue,6.92
1171,3395,2024-06-13,App Crash,4.07
1172,883,2024-11-02,Late Delivery,49.43
1173,839,2024-02-08,Refund Issue,46.67
1174,2314,2024-03-29,Wrong Item,2.11
1175,2022,2024-07-18,Refund Issue,46.48
1176,3438,2024-01-03,Payment Failed,66.79
1177,2093,2024-10-23,Late Delivery,51.87
1178,2563,2024-03-17,Payment Failed,30.13
1179,1033,2024-01-01,Wrong Item,44.51
1180,3368,2024-05-05,App Crash,47.2
1181,829,2024-04-24,App Crash,34.56
1182,1699,2024-02-10,App Crash,55.42
1183,1204,2025-01-05,Refund Issue,1.39
1184,4457,2024-05-12,Wrong Item,6.95
1185,3722,2025-01-16,Late Delivery,17.12
1186,3909,2024-08-09,App Crash,68.09
1187,551,2024-07-08,Wrong Item,55.8
1188,3273,2024-08-01,Refund Issue,35.33
1189,2378,2024-12-17,Payment Failed,43.34
1190,899,2024-06-30,App Crash,62.08
1191,766,2024-09-10,Late Delivery,4.28
1192,3702,2025-01-01,App Crash,2.0
1193,3314,2024-03-02,Late Delivery,20.19
1194,1359,2025-01-23,Payment Failed,32.34
1195,1243,2024-08-02,Late Delivery,65.63
1196,852,2024-07-19,Wrong Item,60.91
1197,2425,2024-06-30,Late Delivery,18.69
1198,3965,2024-09-08,Refund Issue,34.53
1199,3756,2024-09-19,App Crash,2.91
1200,1231,2024-11-19,Wrong Item,37.24
1201,4536,2024-02-19,Wrong Item,27.6
1202,3148,2024-04-18,Refund Issue,32.63
1203,2299,2024-01-12,App Crash,10.52
1204,3702,2024-05-26,App Crash,68.77
1205,2368,2024-10-21,Late Delivery,41.48
1206,1045,2024-11-15,Wrong Item,9.71
1207,3755,2024-06-25,Refund Issue,65.64
1208,1107,2024-01-30,Wrong Item,40.64
1209,3765,2024-06-04,Payment Failed,31.3
1210,616,2024-04-30,Late Delivery,16.33
1211,3865,2024-09-13,App Crash,22.92
1212,631,2024-10-18,Late Delivery,43.44
1213,3957,2024-12-11,Refund Issue,40.89
1214,1629,2025-01-20,Refund Issue,70.61
1215,3370,2024-07-21,Payment Failed,66.75
1216,4883,2024-05-28,Wrong Item,51.86
1217,23,2024-11-28,Late Delivery,4.02
1218,3366,2024-02-21,Payment Failed,52.53
1219,1174,2024-07-22,Wrong Item,16.47
1220,3391,2024-05-18,Late Delivery,13.15
1221,3400,2024-06-29,Late Delivery,12.97
1222,1275,2024-01-21,App Crash,16.78
1223,1006,2024-09-27,Refund Issue,5.62
1224,253,2024-07-16,Payment Failed,56.38
1225,4998,2024-03-14,Payment Failed,18.27
1226,1658,2025-01-05,App Crash,34.57
1227,3559,2024-12-27,Payment Failed,2.08
1228,376,2024-10-15,Late Delivery,44.83
1229,1404,2024-06-14,Wrong Item,44.68
1230,4765,2024-04-07,Late Delivery,37.16
1231,2418,2024-03-07,Wrong Item,54.68
1232,4775,2025-01-28,Refund Issue,37.19
1233,4077,2024-03-06,Payment Failed,26.67
1234,1521,2024-04-25,App Crash,35.38
1235,2605,2024-01-12,Refund Issue,19.11
1236,3644,2024-08-29,Refund Issue,1.78
1237,1614,2024-03-16,App Crash,26.56
1238,4001,2024-05-18,Wrong Item,4.2
1239,2296,2025-01-07,Late Delivery,12.59
1240,983,2024-10-09,Wrong Item,37.08
1241,3558,2024-09-07,Wrong Item,24.42
1242,3883,2024-07-16,App Crash,31.06
1243,3182,2024-05-10,Payment Failed,10.75
1244,1905,2024-02-18,App Crash,27.88
1245,3933,2024-04-05,Payment Failed,4.06
1246,483,2024-07-30,Wrong Item,4.55
1247,3312,2024-02-20,App Crash,17.64
1248,3479,2024-04-21,Refund Issue,35.98
1249,1266,2024-12-08,Late Delivery,15.73
1250,1760,2024-10-18,Wrong Item,23.36
1251,4294,2024-07-05,Late Delivery,39.08
1252,567,2024-07-04,Wrong Item,56.46
1253,1638,2024-09-07,Refund Issue,58.73
1254,732,2024-05-08,Late Delivery,32.33
1255,3047,2024-06-13,Refund Issue,28.19
1256,3214,2024-10-05,App Crash,48.24
1257,4917,2024-07-22,Late Delivery,54.72
1258,3022,2024-03-01,Refund Issue,4.28
1259,618,2024-09-15,App Crash,48.78
1260,1920,2025-01-16,Payment Failed,3.12
1261,2201,2024-01-07,Wrong Item,9.59
1262,1884,2024-12-18,Wrong Item,46.64
1263,311,2024-06-14,App Crash,44.81
1264,3421,2024-09-15,App Crash,18.54
1265,2852,2024-04-12,Wrong Item,38.66
1266,77,2024-10-22,App Crash,4.58
1267,2673,2024-05-05,Late Delivery,63.55
1268,1891,2024-06-08,App Crash,59.25
1269,755,2024-01-19,Late Delivery,33.85
1270,4202,2024-09-22,Payment Failed,45.02
1271,2144,2024-04-22,Wrong Item,43.54
1272,3676,2024-07-07,Refund Issue,53.53
1273,3989,2024-05-18,Payment Failed,40.08
1274,1760,2024-11-20,Late Delivery,34.15
1275,4933,2024-05-22,App Crash,65.5
1276,3693,2024-03-13,Late Delivery,27.06
1277,1612,2024-12-11,Refund Issue,16.13
1278,3367,2024-11-23,Late Delivery,36.99
1279,534,2024-08-30,Refund Issue,28.54
1280,2586,2024-09-20,Late Delivery,47.6
1281,2225,2024-09-28,Refund Issue,41.01
1282,709,2024-06-29,Late Delivery,49.06
1283,4929,2024-10-16,Wrong Item,5.81
1284,2930,2024-10-06,Payment Failed,67.08
1285,2259,2024-09-18,Late Delivery,42.58
1286,4504,2024-03-04,Wrong Item,23.54
1287,4021,2024-10-28,Refund Issue,18.74
1288,1025,2024-03-29,App Crash,64.07
1289,2677,2024-01-08,Wrong Item,18.17
1290,3942,2024-08-09,Refund Issue,28.57
1291,1873,2024-11-09,Payment Failed,24.63
1292,3400,2024-07-15,App Crash,24.57
1293,1030,2024-07-09,Wrong Item,8.39
1294,3091,2024-07-14,Payment Failed,40.13
1295,1083,2024-11-09,Payment Failed,19.88
1296,2271,2024-04-10,Payment Failed,55.41
1297,4319,2024-04-01,Refund Issue,28.8
1298,3775,2024-07-08,Wrong Item,40.23
1299,2408,2024-12-06,Refund Issue,62.01
1300,3885,2024-11-02,Late Delivery,41.95
1301,114,2024-07-31,App Crash,15.07
1302,1185,2024-03-13,App Crash,59.5
1303,3347,2024-08-22,App Crash,3.36
1304,1811,2024-08-11,Payment Failed,33.7
1305,1537,2024-12-18,Payment Failed,63.74
1306,283,2024-03-24,Refund Issue,29.11
1307,2257,2024-03-12,Wrong Item,32.37
1308,3217,2024-05-02,Payment Failed,17.81
1309,1518,2024-07-31,Wrong Item,28.92
1310,619,2024-10-02,Payment Failed,46.56
1311,844,2024-04-30,App Crash,8.05
1312,1985,2024-02-12,Wrong Item,55.65
1313,3930,2024-03-30,Wrong Item,11.38
1314,828,2024-08-28,App Crash,53.71
1315,1363,2024-06-23,App Crash,63.31
1316,1621,2024-04-28,Refund Issue,43.67
1317,1250,2024-05-10,Late Delivery,41.53
1318,106,2024-03-03,App Crash,37.66
1319,3501,2024-09-29,Late Delivery,17.4
1320,4289,2024-04-15,Late Delivery,68.82
1321,549,2024-11-09,App Crash,52.21
1322,2643,2025-01-13,Refund Issue,22.92
1323,2323,2024-11-06,Refund Issue,50.0
1324,724,2024-12-26,Payment Failed,32.55
1325,2953,2025-01-20,Refund Issue,56.52
1326,2825,2024-06-25,App Crash,46.04
1327,1679,2024-06-22,Refund Issue,71.57
1328,2448,2024-11-21,Refund Issue,45.34
1329,3600,2024-08-28,Refund Issue,7.53
1330,3687,2024-10-14,Late Delivery,41.13
1331,2021,2025-01-18,Refund Issue,36.26
1332,4788,2024-01-17,Late Delivery,29.89
1333,3334,2024-03-23,Payment Failed,34.09
1334,1221,2024-03-09,Payment Failed,3.37
1335,564,2024-09-20,Wrong Item,33.45
1336,1478,2024-01-10,Payment Failed,35.7
1337,2122,2024-02-15,Wrong Item,20.54
1338,2679,2024-08-20,Wrong Item,15.28
1339,2825,2024-09-11,Late Delivery,71.3
1340,3793,2024-02-11,Late Delivery,12.56
1341,2757,2024-12-13,Late Delivery,35.42
1342,2747,2024-01-14,Late Delivery,14.35
1343,1529,2024-08-03,Wrong Item,45.38
1344,2391,2024-03-07,Refund Issue,48.66
1345,1537,2024-10-15,Late Delivery,51.56
1346,4249,2024-05-31,Wrong Item,54.77
1347,803,2024-07-04,Refund Issue,33.48
1348,1573,2024-01-10,Refund Issue,64.93
1349,2946,2024-03-09,Refund Issue,6.36
1350,3870,2025-01-18,App Crash,21.04
1351,3591,2024-07-16,Payment Failed,63.06
1352,4921,2024-12-04,Late Delivery,18.26
1353,173,2025-01-23,Payment Failed,23.94
1354,3430,2024-10-19,App Crash,45.06
1355,503,2024-05-26,App Crash,55.76
1356,1668,2024-05-16,Payment Failed,48.41
1357,3543,2024-08-20,Payment Failed,41.77
1358,122,2024-04-24,Wrong Item,61.27
1359,3979,2024-07-05,Payment Failed,30.96
1360,2973,2024-12-07,Wrong Item,23.76
1361,783,2024-04-19,Refund Issue,27.13
1362,4562,2024-05-22,App Crash,7.03
1363,3321,2024-02-18,App Crash,21.39
1364,536,2024-11-24,Late Delivery,68.59
1365,1005,2024-05-24,Late Delivery,5.61
1366,4888,2024-12-22,App Crash,51.56
1367,1471,2024-05-06,Refund Issue,45.02
1368,117,2024-11-14,App Crash,67.83
1369,2062,2024-02-07,Wrong Item,22.6
1370,34,2024-01-16,App Crash,16.82
1371,2533,2025-01-15,Wrong Item,51.05
1372,1683,2024-04-21,Wrong Item,44.05
1373,1800,2024-04-05,Wrong Item,68.92
1374,3022,2024-05-02,Wrong Item,67.33
1375,1109,2025-01-11,Late Delivery,34.22
1376,558,2024-12-24,Wrong Item,1.11
1377,2040,2024-03-04,Payment Failed,30.85
1378,3138,2024-09-27,Payment Failed,47.72
1379,3150,2024-08-08,App Crash,58.5
1380,416,2024-12-05,Payment Failed,12.05
1381,2663,2025-01-18,Wrong Item,32.15
1382,2834,2024-08-06,Payment Failed,59.06
1383,4060,2024-08-27,Payment Failed,14.39
1384,3520,2024-10-20,Refund Issue,38.38
1385,4613,2024-11-22,Refund Issue,15.15
1386,2292,2024-01-26,Refund Issue,5.9
1387,1174,2024-08-05,Late Delivery,14.31
1388,1699,2024-08-04,Late Delivery,38.04
1389,4427,2024-11-23,Refund Issue,38.66
1390,1900,2024-09-06,Late Delivery,32.97
1391,4070,2025-01-16,App Crash,25.82
1392,980,2024-05-11,App Crash,17.89
1393,2480,2024-08-28,Wrong Item,1.64
1394,4607,2024-09-03,App Crash,1.29
1395,1015,2024-11-26,Refund Issue,31.33
1396,1157,2024-11-20,Refund Issue,39.58
1397,151,2024-03-10,Wrong Item,41.33
1398,1925,2025-01-19,App Crash,49.85
1399,1502,2024-01-27,Payment Failed,42.11
1400,994,2024-12-30,Wrong Item,45.54
1401,2788,2024-02-19,Payment Failed,58.23
1402,1382,2024-02-10,Late Delivery,41.89
1403,4628,2024-12-04,Refund Issue,54.06
1404,4588,2024-02-01,Payment Failed,25.83
1405,4918,2024-05-31,Late Delivery,61.64
1406,4977,2024-01-01,Payment Failed,25.24
1407,4633,2024-10-09,Wrong Item,1.35
1408,1601,2024-04-27,Payment Failed,40.42
1409,2138,2024-09-17,Payment Failed,60.15
1410,3061,2024-05-08,Payment Failed,41.3
1411,3666,2024-05-06,Refund Issue,38.85
1412,161,2025-01-14,Refund Issue,52.36
1413,4962,2024-08-27,App Crash,22.73
1414,4724,2024-10-12,Refund Issue,40.63
1415,4360,2024-03-29,Late Delivery,13.76
1416,2122,2024-07-20,Late Delivery,38.65
1417,4393,2024-01-10,Wrong Item,16.87
1418,3787,2024-02-13,Payment Failed,7.08
1419,2308,2024-11-24,Wrong Item,6.38
1420,4962,2024-10-06,App Crash,18.17
1421,4137,2024-08-16,App Crash,67.17
1422,3492,2024-08-28,Payment Failed,52.93
1423,1789,2024-12-30,Payment Failed,9.41
1424,1106,2024-08-31,Late Delivery,51.18
1425,1163,2024-11-13,Wrong Item,61.22
1426,4990,2025-01-20,App Crash,58.67
1427,348,2024-06-26,Wrong Item,23.43
1428,285,2024-11-25,Payment Failed,45.04
1429,1771,2024-04-23,Late Delivery,19.53
1430,3007,2024-04-06,App Crash,66.75
1431,4545,2025-01-17,Payment Failed,29.22
1432,585,2024-05-24,Payment Failed,49.21
1433,516,2024-03-13,Payment Failed,8.5
1434,1243,2024-03-09,Refund Issue,69.02
1435,2179,2024-06-15,Late Delivery,45.35
1436,3062,2024-04-18,App Crash,21.7
1437,3642,2024-10-29,Payment Failed,23.15
1438,2141,2024-04-25,Wrong Item,22.47
1439,3509,2024-11-11,Payment Failed,13.59
1440,4896,2024-03-07,App Crash,47.65
1441,1325,2024-03-09,Refund Issue,10.53
1442,1819,2024-05-15,Refund Issue,68.31
1443,514,2024-03-06,App Crash,11.19
1444,2025,2024-07-03,Wrong Item,47.33
1445,4199,2025-01-26,App Crash,28.23
1446,2051,2024-09-09,Payment Failed,67.6
1447,1305,2024-09-01,Refund Issue,55.4
1448,1417,2024-08-18,Refund Issue,71.77
1449,945,2025-01-29,Refund Issue,8.26
1450,4791,2024-04-02,Wrong Item,45.37
1451,2417,2024-08-21,App Crash,69.41
1452,2058,2024-08-21,Wrong Item,46.84
1453,2800,2024-05-09,Refund Issue,20.68
1454,1449,2024-07-04,Wrong Item,53.43
1455,4269,2024-08-16,Refund Issue,28.55
1456,2861,2024-12-11,Wrong Item,11.69
1457,3100,2024-06-22,Wrong Item,27.33
1458,2562,2024-01-25,Wrong Item,35.59
1459,3759,2024-03-25,App Crash,11.23
1460,1719,2024-02-24,Wrong Item,52.61
1461,1008,2024-12-03,Payment Failed,45.57
1462,83,2024-09-23,App Crash,41.18
1463,2896,2024-09-26,Refund Issue,15.72
1464,4917,2024-06-25,Refund Issue,55.86
1465,1164,2024-04-05,Wrong Item,71.61
1466,3453,2024-02-17,Late Delivery,19.98
1467,1938,2024-02-21,Late Delivery,5.61
1468,3579,2024-05-24,Refund Issue,33.66
1469,3024,2024-09-26,Late Delivery,67.25
1470,2347,2024-06-07,Payment Failed,69.97
1471,4130,2024-08-09,Refund Issue,58.87
1472,1727,2024-01-18,Wrong Item,51.18
1473,2094,2024-04-26,Payment Failed,64.13
1474,1064,2024-12-30,Refund Issue,41.33
1475,3942,2024-07-12,Late Delivery,41.85
1476,260,2024-04-07,Refund Issue,25.81
1477,3458,2024-09-28,Late Delivery,23.44
1478,2223,2024-04-27,App Crash,60.31
1479,3708,2024-10-25,App Crash,69.09
1480,1460,2024-07-21,Payment Failed,51.52
1481,2831,2024-12-30,Refund Issue,38.0
1482,2908,2025-01-27,App Crash,39.2
1483,228,2024-09-30,Refund Issue,17.01
1484,4365,2024-09-07,Late Delivery,49.87
1485,2167,2024-10-04,Refund Issue,67.65
1486,479,2024-09-15,Refund Issue,9.46
1487,217,2024-06-01,Refund Issue,44.92
1488,183,2024-03-31,Refund Issue,1.49
1489,2672,2024-01-09,App Crash,42.52
1490,4295,2025-01-23,App Crash,23.51
1491,4524,2025-01-18,Late Delivery,67.84
1492,1769,2024-12-07,Wrong Item,4.36
1493,3885,2024-05-26,Payment Failed,20.95
1494,2869,2024-08-24,Refund Issue,50.28
1495,4855,2024-06-18,Wrong Item,4.46
1496,228,2024-12-18,Refund Issue,44.87
1497,654,2024-11-16,App Crash,26.88
1498,3277,2024-12-20,Wrong Item,26.1
1499,4485,2024-10-27,Late Delivery,50.16
1500,3449,2025-01-30,Refund Issue,55.22
1501,4889,2024-10-13,App Crash,31.94
1502,2914,2024-05-06,Wrong Item,48.53
1503,1767,2024-07-07,Wrong Item,5.41
1504,3782,2024-12-05,App Crash,47.93
1505,1179,2024-09-14,Late Delivery,12.27
1506,1247,2024-10-31,Payment Failed,55.84
1507,2314,2024-06-08,Refund Issue,68.38
1508,1524,2024-08-16,Refund Issue,29.62
1509,130,2025-01-20,App Crash,54.44
1510,1882,2024-08-31,Wrong Item,7.74
1511,1164,2024-01-29,Refund Issue,38.54
1512,238,2024-07-15,Payment Failed,18.61
1513,3928,2024-10-22,Refund Issue,1.65
1514,1277,2024-12-25,Late Delivery,33.51
1515,4792,2025-01-04,App Crash,15.32
1516,3283,2024-05-05,Late Delivery,68.11
1517,1015,2024-12-15,Refund Issue,14.38
1518,4479,2024-10-28,Late Delivery,19.21
1519,36,2024-03-31,Late Delivery,63.98
1520,4536,2024-09-26,Wrong Item,27.09
1521,2196,2024-06-23,Wrong Item,62.15
1522,3264,2024-05-03,Wrong Item,12.7
1523,4370,2024-03-07,Refund Issue,48.74
1524,4413,2024-11-26,Wrong Item,61.6
1525,3764,2024-11-23,Refund Issue,55.64
1526,1789,2024-01-28,Late Delivery,61.66
1527,4191,2024-03-17,Payment Failed,8.43
1528,3685,2024-06-11,Wrong Item,47.63
1529,4862,2024-06-07,App Crash,45.45
1530,1543,2024-07-27,Late Delivery,40.96
1531,1436,2024-02-11,Late Delivery,46.54
1532,1157,2024-08-02,App Crash,33.15
1533,1300,2024-12-30,Payment Failed,21.74
1534,4425,2024-12-06,App Crash,71.4
1535,2090,2024-12-26,Late Delivery,71.35
1536,3449,2024-11-26,Payment Failed,8.6
1537,182,2024-08-30,App Crash,11.06
1538,4588,2024-10-30,Late Delivery,42.82
1539,4467,2024-05-28,Wrong Item,56.07
1540,2108,2024-07-29,App Crash,57.55
1541,3282,2025-01-17,Late Delivery,26.2
1542,1360,2024-08-15,Payment Failed,45.29
1543,2914,2024-11-26,Refund Issue,60.3
1544,4503,2024-08-19,Payment Failed,9.63
1545,2218,2024-09-25,App Crash,68.7
1546,2075,2024-12-06,Refund Issue,29.86
1547,24,2024-02-04,Refund Issue,4.59
1548,2905,2024-09-23,Late Delivery,60.09
1549,422,2025-01-24,App Crash,29.57
1550,2007,2024-10-18,Late Delivery,59.53
1551,4571,2024-09-21,App Crash,58.41
1552,1806,2024-08-10,Payment Failed,71.23
1553,1412,2024-04-20,Late Delivery,22.06
1554,312,2025-01-02,Payment Failed,20.74
1555,422,2024-07-31,App Crash,21.57
1556,1822,2025-01-17,Payment Failed,42.18
1557,3726,2024-02-10,Late Delivery,4.17
1558,1710,2024-04-25,Refund Issue,65.02
1559,3137,2024-10-20,App Crash,48.19
1560,2220,2024-06-15,Late Delivery,2.16
1561,2181,2024-11-12,App Crash,62.63
1562,2116,2025-01-02,Payment Failed,70.08
1563,4675,2024-05-28,Refund Issue,29.95
1564,31,2024-11-22,Wrong Item,70.84
1565,3839,2024-06-16,Refund Issue,20.64
1566,3862,2024-10-26,Refund Issue,48.36
1567,3152,2024-03-10,Late Delivery,33.94
1568,2884,2024-12-26,App Crash,3.43
1569,1314,2024-02-03,Refund Issue,22.23
1570,1500,2024-02-28,Wrong Item,23.82
1571,17,2024-12-30,Refund Issue,47.57
1572,1307,2024-10-13,Wrong Item,30.63
1573,967,2024-06-20,App Crash,31.78
1574,2921,2025-01-18,Payment Failed,35.28
1575,2892,2024-08-12,Late Delivery,36.38
1576,3996,2024-03-29,Wrong Item,30.88
1577,4057,2024-04-27,Late Delivery,50.38
1578,3370,2024-11-19,Refund Issue,58.46
1579,754,2024-06-19,Refund Issue,61.84
1580,2258,2024-11-18,Late Delivery,39.78
1581,2699,2024-01-27,Payment Failed,9.13
1582,4705,2024-02-14,App Crash,3.62
1583,2994,2024-11-12,Wrong Item,59.22
1584,3380,2024-05-23,Payment Failed,13.64
1585,4230,2024-08-23,Payment Failed,44.41
1586,2081,2024-04-19,Refund Issue,29.14
1587,4957,2024-09-10,Wrong Item,67.17
1588,1829,2024-09-06,Wrong Item,60.38
1589,1513,2024-10-19,Payment Failed,5.78
1590,1277,2024-08-04,Payment Failed,22.8
1591,2727,2024-03-11,Payment Failed,62.92
1592,2279,2024-07-24,Payment Failed,23.09
1593,1438,2024-12-11,Late Delivery,12.98
1594,642,2024-04-10,Refund Issue,31.77
1595,3431,2024-09-15,Refund Issue,61.86
1596,3369,2024-10-25,App Crash,3.74
1597,2378,2024-07-13,Refund Issue,3.21
1598,4814,2024-06-29,Late Delivery,57.45
1599,4291,2024-05-29,Late Delivery,8.45
1600,4567,2025-01-27,Payment Failed,53.15
1601,4805,2024-10-15,Refund Issue,16.02
1602,3195,2024-11-14,Late Delivery,17.56
1603,4500,2024-09-09,Refund Issue,8.31
1604,4057,2024-12-13,App Crash,2.95
1605,1947,2024-08-25,Refund Issue,42.76
1606,3666,2024-10-18,Payment Failed,33.69
1607,1238,2024-02-13,App Crash,61.66
1608,3815,2024-12-28,App Crash,6.18
1609,97,2024-09-02,App Crash,6.35
1610,3315,2024-10-10,Payment Failed,38.09
1611,3348,2024-11-17,App Crash,7.78
1612,2763,2024-11-19,Wrong Item,19.12
1613,1528,2024-03-19,Payment Failed,35.21
1614,1980,2024-03-10,Late Delivery,33.76
1615,3002,2024-01-11,Refund Issue,21.59
1616,1909,2024-01-23,Payment Failed,12.37
1617,273,2024-10-08,Late Delivery,54.23
1618,3321,2025-01-02,Payment Failed,10.36
1619,458,2024-11-26,Late Delivery,33.85
1620,2154,2024-03-04,Late Delivery,58.44
1621,4878,2024-01-12,Wrong Item,53.8
1622,3453,2024-01-16,App Crash,37.94
1623,212,2024-02-19,Wrong Item,11.23
1624,914,2025-01-15,Payment Failed,63.23
1625,2842,2024-05-10,Refund Issue,62.3
1626,552,2024-04-01,Refund Issue,53.94
1627,2426,2024-09-15,Refund Issue,21.25
1628,687,2024-07-27,App Crash,43.36
1629,1622,2024-12-07,Wrong Item,23.68
1630,2664,2024-08-01,Wrong Item,64.71
1631,1385,2024-11-01,Late Delivery,65.29
1632,4448,2024-01-30,App Crash,50.95
1633,674,2024-07-21,Wrong Item,49.26
1634,3205,2024-04-03,App Crash,68.07
1635,4342,2024-06-12,App Crash,12.75
1636,3224,2024-02-13,Late Delivery,59.15
1637,1547,2024-06-13,App Crash,43.64
1638,4547,2024-09-07,Payment Failed,61.12
1639,4956,2024-06-14,App Crash,24.0
1640,4400,2024-10-27,Wrong Item,28.32
1641,4005,2024-06-23,Late Delivery,53.42
1642,1058,2024-02-25,Refund Issue,34.94
1643,899,2024-05-09,Refund Issue,18.92
1644,2452,2024-10-25,Refund Issue,20.95
1645,2340,2025-01-27,App Crash,31.45
1646,117,2025-01-21,Wrong Item,22.16
1647,4619,2025-01-24,Late Delivery,66.67
1648,2455,2024-01-22,Late Delivery,32.18
1649,1828,2024-10-16,App Crash,34.17
1650,2295,2024-12-24,Late Delivery,65.39
1651,1545,2024-07-22,Late Delivery,56.45
1652,779,2024-08-15,Payment Failed,55.31
1653,4226,2024-02-20,Refund Issue,59.99
1654,783,2024-11-19,Refund Issue,63.31
1655,804,2024-12-23,Refund Issue,6.38
1656,4523,2024-12-09,Wrong Item,9.59
1657,421,2024-01-08,Payment Failed,65.16
1658,2809,2024-12-05,Late Delivery,53.26
1659,4488,2024-09-18,Wrong Item,11.5
1660,3660,2024-01-05,Refund Issue,32.21
1661,3998,2024-01-01,Late Delivery,41.6
1662,832,2024-12-31,App Crash,14.53
1663,4827,2024-05-15,Refund Issue,57.0
1664,4577,2024-11-19,Late Delivery,62.78
1665,421,2024-06-29,Wrong Item,50.4
1666,3032,2024-09-20,Refund Issue,62.15
1667,1228,2024-12-21,App Crash,6.53
1668,3467,2024-09-04,Payment Failed,69.13
1669,2489,2024-04-03,Late Delivery,35.81
1670,4008,2024-05-19,Payment Failed,25.24
1671,966,2024-03-21,Wrong Item,67.19
1672,1736,2024-12-03,Late Delivery,49.7
1673,2784,2024-03-30,Wrong Item,17.01
1674,4357,2024-09-04,Wrong Item,15.43
1675,4580,2024-12-10,Payment Failed,6.92
1676,668,2024-11-24,App Crash,41.82
1677,2287,2024-05-30,Payment Failed,2.64
1678,2088,2025-01-03,App Crash,70.66
1679,2080,2024-12-20,Wrong Item,29.09
1680,4397,2024-10-28,Refund Issue,8.06
1681,2756,2024-07-20,Wrong Item,35.88
1682,3285,2024-08-04,Payment Failed,18.9
1683,3030,2024-06-27,Payment Failed,9.62
1684,3586,2024-12-26,Payment Failed,46.83
1685,2453,2024-12-03,Refund Issue,63.06
1686,390,2024-03-06,App Crash,12.13
1687,112,2024-11-13,Payment Failed,43.87
1688,1535,2024-06-01,Payment Failed,9.96
1689,3652,2024-09-21,Refund Issue,55.87
1690,386,2024-04-11,Late Delivery,58.23
1691,1491,2024-01-23,Late Delivery,43.73
1692,498,2024-06-25,Refund Issue,38.84
1693,2081,2024-02-28,Payment Failed,27.25
1694,857,2024-08-21,App Crash,23.05
1695,2841,2024-03-04,App Crash,8.95
1696,2449,2024-10-27,App Crash,28.26
1697,1619,2024-08-25,App Crash,65.02
1698,852,2024-03-20,Refund Issue,34.67
1699,883,2025-01-15,Wrong Item,43.19
1700,4955,2024-06-18,App Crash,67.08
1701,2723,2024-02-02,Refund Issue,61.87
1702,297,2024-04-02,Payment Failed,26.98
1703,4437,2024-11-30,Late Delivery,37.49
1704,4172,2024-04-21,Late Delivery,37.6
1705,4709,2024-05-11,App Crash,3.97
1706,1796,2024-04-15,App Crash,45.22
1707,4574,2025-01-23,Refund Issue,14.91
1708,3007,2024-04-30,Payment Failed,23.19
1709,4399,2024-06-16,Late Delivery,7.4
1710,508,2024-04-28,Wrong Item,20.29
1711,2529,2024-08-09,App Crash,55.32
1712,1838,2024-08-25,Wrong Item,71.2
1713,1375,2024-07-10,Payment Failed,27.77
1714,1848,2024-12-11,Refund Issue,38.27
1715,1784,2024-08-17,App Crash,40.84
1716,1209,2024-12-14,Wrong Item,10.0
1717,4399,2024-09-04,Refund Issue,41.19
1718,223,2024-09-11,App Crash,57.47
1719,1204,2024-08-15,App Crash,64.13
1720,4838,2024-04-18,App Crash,20.75
1721,743,2024-05-08,App Crash,3.49
1722,2126,2025-01-04,Wrong Item,59.77
1723,2746,2024-03-07,Wrong Item,34.04
1724,4564,2024-07-17,App Crash,56.9
1725,3487,2025-01-28,Wrong Item,20.04
1726,2213,2024-06-20,Late Delivery,28.8
1727,3109,2024-09-29,Payment Failed,48.32
1728,4164,2024-09-03,Payment Failed,24.99
1729,2078,2024-06-14,Wrong Item,28.32
1730,2474,2024-01-25,App Crash,66.54
1731,3514,2024-04-15,App Crash,35.19
1732,920,2024-12-06,Payment Failed,2.41
1733,3799,2024-02-05,Late Delivery,13.43
1734,3993,2024-01-05,Refund Issue,49.21
1735,1335,2024-06-02,Wrong Item,57.98
1736,2913,2024-12-28,App Crash,8.54
1737,1,2024-11-27,Late Delivery,41.31
1738,4550,2024-10-29,Late Delivery,51.89
1739,3365,2024-08-12,Wrong Item,67.17
1740,801,2024-11-02,Refund Issue,35.72
1741,113,2024-02-17,Refund Issue,12.74
1742,2472,2024-05-11,Payment Failed,37.6
1743,896,2024-01-01,App Crash,41.58
1744,4914,2024-08-28,Payment Failed,3.99
1745,3706,2024-09-01,Payment Failed,10.45
1746,585,2024-02-08,App Crash,35.38
1747,4018,2024-11-18,Late Delivery,63.99
1748,1200,2024-12-17,Payment Failed,2.37
1749,4776,2024-11-17,Late Delivery,41.51
1750,3449,2024-04-03,App Crash,28.35
1751,3203,2024-09-18,Payment Failed,50.67
1752,4096,2024-01-16,App Crash,34.47
1753,2993,2024-07-30,Refund Issue,71.57
1754,1462,2024-02-13,Late Delivery,71.73
1755,1423,2024-12-04,Refund Issue,20.69
1756,4014,2024-10-22,Wrong Item,11.23
1757,1154,2024-11-01,Refund Issue,8.8
1758,637,2024-01-19,Wrong Item,44.54
1759,4596,2024-09-03,Wrong Item,18.29
1760,3439,2024-05-15,App Crash,27.32
1761,215,2024-07-20,Wrong Item,35.51
1762,1390,2024-07-20,Refund Issue,20.59
1763,2131,2024-12-28,Refund Issue,15.7
1764,3308,2024-07-30,App Crash,5.36
1765,1984,2024-11-05,Late Delivery,4.35
1766,4550,2025-01-25,App Crash,43.97
1767,3416,2024-09-11,Payment Failed,63.26
1768,4734,2024-12-08,Payment Failed,14.52
1769,4622,2024-05-19,Wrong Item,49.99
1770,2435,2024-08-30,Late Delivery,57.85
1771,1781,2024-03-18,Refund Issue,40.31
1772,3721,2025-01-18,Refund Issue,31.8
1773,1735,2024-02-16,Wrong Item,19.32
1774,4753,2024-08-23,App Crash,20.67
1775,3698,2024-03-02,Late Delivery,29.63
1776,4318,2025-01-19,Late Delivery,29.24
1777,1969,2024-03-28,Late Delivery,68.61
1778,3325,2024-05-28,Refund Issue,13.82
1779,2194,2025-01-28,App Crash,8.88
1780,619,2024-04-27,Late Delivery,52.73
1781,846,2024-07-07,App Crash,68.52
1782,1307,2024-07-18,App Crash,57.16
1783,3254,2024-08-04,Wrong Item,14.45
1784,3039,2024-09-13,Wrong Item,35.75
1785,3430,2024-12-02,App Crash,1.04
1786,1439,2024-05-05,Late Delivery,15.92
1787,4597,2025-01-11,Payment Failed,16.51
1788,3199,2024-01-26,Late Delivery,5.09
1789,4628,2024-04-21,Wrong Item,33.37
1790,1380,2024-03-19,Payment Failed,37.33
1791,4759,2024-06-27,Refund Issue,5.45
1792,3694,2025-01-22,Refund Issue,52.3
1793,4988,2024-04-10,Wrong Item,44.32
1794,2849,2024-07-17,App Crash,24.44
1795,3951,2024-10-20,Late Delivery,59.14
1796,1784,2024-07-09,App Crash,50.26
1797,2720,2025-01-01,Late Delivery,47.42
1798,3529,2024-03-14,Refund Issue,8.95
1799,2160,2024-07-04,Late Delivery,47.95
1800,2846,2024-06-15,Wrong Item,34.91
1801,3175,2024-09-29,Refund Issue,35.13
1802,229,2024-08-16,Refund Issue,52.76
1803,4320,2025-01-07,Payment Failed,44.27
1804,1137,2025-01-11,App Crash,33.98
1805,1918,2024-07-13,Payment Failed,53.57
1806,1032,2024-09-07,App Crash,43.09
1807,259,2024-04-15,Refund Issue,17.64
1808,440,2024-06-12,Wrong Item,19.78
1809,101,2025-01-08,Payment Failed,34.07
1810,3963,2024-01-06,Late Delivery,9.39
1811,4928,2024-08-30,App Crash,36.8
1812,3151,2024-10-13,Refund Issue,68.07
1813,3421,2025-01-23,Refund Issue,53.6
1814,4443,2024-02-17,Wrong Item,15.44
1815,4308,2025-01-17,Wrong Item,47.94
1816,421,2024-01-29,App Crash,5.57
1817,72,2024-12-04,Payment Failed,63.77
1818,2587,2024-09-12,App Crash,62.29
1819,1046,2024-03-31,App Crash,66.91
1820,2354,2024-09-24,Wrong Item,62.58
1821,2699,2024-12-18,Wrong Item,24.14
1822,1830,2024-04-24,Wrong Item,60.53
1823,948,2024-11-30,Payment Failed,7.06
1824,1309,2024-10-31,Refund Issue,29.42
1825,2048,2024-06-01,Wrong Item,22.41
1826,1406,2024-08-24,Refund Issue,13.87
1827,4927,2024-07-16,Late Delivery,48.56
1828,4654,2024-05-17,Wrong Item,22.83
1829,3069,2025-01-06,Refund Issue,27.03
1830,2397,2024-07-31,Refund Issue,8.85
1831,4757,2025-01-18,Refund Issue,58.37
1832,4719,2024-12-13,Late Delivery,18.22
1833,3224,2024-02-06,Refund Issue,62.28
1834,3082,2024-04-03,Late Delivery,48.51
1835,2265,2024-12-14,Refund Issue,40.48
1836,1340,2024-07-12,Late Delivery,26.48
1837,282,2024-02-15,App Crash,29.71
1838,718,2024-05-13,App Crash,56.93
1839,3188,2024-11-08,App Crash,31.92
1840,2030,2024-12-23,App Crash,55.47
1841,4334,2024-11-23,App Crash,64.96
1842,165,2024-11-07,Payment Failed,7.17
1843,3264,2024-04-14,Payment Failed,17.65
1844,2337,2024-12-02,Refund Issue,43.71
1845,550,2024-07-26,Refund Issue,47.26
1846,1271,2024-12-09,Payment Failed,24.6
1847,3496,2024-05-01,Wrong Item,26.23
1848,4521,2024-02-24,Refund Issue,58.26
1849,3151,2025-01-29,Wrong Item,47.47
1850,3170,2024-10-20,App Crash,46.98
1851,4808,2024-07-21,App Crash,50.77
1852,4687,2024-03-31,Wrong Item,52.35
1853,439,2024-08-13,Late Delivery,54.58
1854,3986,2024-06-19,Wrong Item,54.62
1855,58,2024-07-20,Payment Failed,2.09
1856,3192,2024-12-23,Refund Issue,39.2
1857,4834,2024-06-01,Late Delivery,23.03
1858,3506,2024-05-10,App Crash,67.04
1859,4135,2024-04-24,App Crash,62.4
1860,36,2024-10-24,Payment Failed,60.67
1861,3227,2025-01-25,Refund Issue,1.19
1862,992,2024-01-20,Payment Failed,57.97
1863,4790,2024-10-25,Payment Failed,37.27
1864,87,2024-06-12,Refund Issue,5.59
1865,2877,2024-02-02,Payment Failed,11.3
1866,872,2024-11-18,App Crash,37.4
1867,334,2024-11-05,App Crash,45.37
1868,4583,2024-06-21,Late Delivery,11.49
1869,2286,2024-07-20,Late Delivery,71.65
1870,924,2024-07-24,Late Delivery,41.84
1871,4618,2024-04-21,Refund Issue,5.59
1872,1774,2024-01-09,Payment Failed,6.45
1873,4823,2024-02-01,App Crash,39.08
1874,2177,2024-11-29,Wrong Item,17.27
1875,1,2024-07-20,Refund Issue,21.48
1876,3635,2024-04-12,Refund Issue,20.88
1877,1497,2024-07-18,Wrong Item,25.43
1878,1442,2024-03-15,App Crash,26.5
1879,1437,2024-12-30,Wrong Item,24.5
1880,4622,2024-03-01,Late Delivery,10.8
1881,917,2024-01-28,Late Delivery,62.94
1882,182,2024-07-02,Payment Failed,21.77
1883,481,2024-12-13,Late Delivery,52.19
1884,2602,2024-02-09,Refund Issue,26.73
1885,2705,2024-07-18,Late Delivery,22.3
1886,2876,2024-05-12,App Crash,62.37
1887,1600,2024-01-29,Refund Issue,12.9
1888,3136,2024-08-16,App Crash,42.24
1889,521,2024-09-18,App Crash,33.01
1890,888,2024-08-24,Payment Failed,44.5
1891,3641,2025-01-14,Refund Issue,4.56
1892,3489,2024-12-30,Late Delivery,43.6
1893,3143,2024-11-27,Payment Failed,22.73
1894,1588,2024-01-29,App Crash,18.76
1895,2483,2024-06-02,Payment Failed,4.3
1896,3801,2024-09-13,Payment Failed,46.2
1897,348,2024-02-25,Late Delivery,18.84
1898,4051,2024-02-16,App Crash,3.28
1899,1065,2024-04-14,App Crash,57.84
1900,3408,2025-01-14,Wrong Item,24.7
1901,4599,2024-11-30,App Crash,1.14
1902,2417,2024-07-05,Late Delivery,45.2
1903,1999,2025-01-26,Late Delivery,66.49
1904,1512,2025-01-20,Late Delivery,64.79
1905,4611,2024-04-10,Late Delivery,40.55
1906,3311,2024-12-18,Refund Issue,37.85
1907,2538,2025-01-08,Wrong Item,34.13
1908,1302,2024-08-31,Payment Failed,29.8
1909,80,2025-01-18,Wrong Item,44.81
1910,3655,2024-11-19,App Crash,4.19
1911,3282,2024-12-09,App Crash,12.93
1912,652,2024-11-19,App Crash,49.83
1913,2575,2024-05-06,Payment Failed,44.65
1914,1301,2024-11-05,Wrong Item,52.54
1915,1535,2024-07-31,Wrong Item,23.56
1916,3115,2024-07-05,Wrong Item,15.87
1917,4481,2024-03-22,App Crash,33.11
1918,2301,2024-09-04,Payment Failed,70.26
1919,3384,2024-11-17,Refund Issue,6.04
1920,22,2024-03-24,Late Delivery,65.15
1921,3375,2025-01-26,Wrong Item,57.8
1922,799,2024-10-31,Refund Issue,69.29
1923,3291,2024-06-11,Refund Issue,41.29
1924,1694,2024-10-24,Wrong Item,64.59
1925,2899,2025-01-18,Refund Issue,10.12
1926,2347,2024-10-05,Payment Failed,69.71
1927,3265,2024-07-19,Wrong Item,12.67
1928,4578,2024-08-13,Refund Issue,20.57
1929,3304,2024-08-23,Wrong Item,5.42
1930,848,2024-08-28,Refund Issue,11.09
1931,323,2024-12-22,App Crash,55.4
1932,2605,2024-02-01,Payment Failed,5.42
1933,2262,2024-06-20,Wrong Item,15.5
1934,2426,2024-07-03,Payment Failed,9.98
1935,2999,2024-06-01,Refund Issue,26.61
1936,4799,2024-09-21,Payment Failed,66.39
1937,748,2024-10-30,Refund Issue,24.11
1938,4821,2024-10-26,App Crash,37.68
1939,4430,2024-12-31,Refund Issue,5.88
1940,2328,2025-01-29,Wrong Item,60.92
1941,1472,2024-01-19,Payment Failed,13.24
1942,2892,2024-08-30,Payment Failed,38.41
1943,789,2024-02-15,App Crash,35.72
1944,4473,2024-04-03,Payment Failed,1.31
1945,1018,2024-12-21,Payment Failed,47.4
1946,344,2024-10-27,Wrong Item,7.38
1947,1616,2024-11-05,Refund Issue,12.6
1948,3483,2024-07-15,Refund Issue,40.34
1949,1811,2024-11-07,Refund Issue,70.39
1950,1245,2025-01-26,Payment Failed,7.15
1951,608,2024-11-03,App Crash,29.42
1952,2891,2024-02-19,Payment Failed,3.79
1953,3818,2024-06-15,Payment Failed,30.21
1954,2651,2024-05-29,Refund Issue,18.06
1955,3410,2024-12-26,Payment Failed,61.91
1956,1295,2024-10-08,Refund Issue,6.64
1957,2719,2024-04-03,Refund Issue,54.73
1958,2117,2024-09-01,Refund Issue,34.05
1959,4893,2024-01-05,App Crash,38.78
1960,3608,2024-01-26,App Crash,12.55
1961,3952,2024-12-02,Wrong Item,34.06
1962,1193,2024-03-06,Late Delivery,35.12
1963,3457,2024-10-20,Late Delivery,16.65
1964,4601,2024-05-06,Payment Failed,10.33
1965,4695,2024-04-21,App Crash,67.37
1966,3286,2024-12-22,App Crash,69.36
1967,3095,2024-02-23,Payment Failed,67.63
1968,1736,2024-04-18,App Crash,50.85
1969,3767,2024-03-06,Payment Failed,24.29
1970,1556,2024-07-19,Wrong Item,32.03
1971,2034,2024-09-17,Payment Failed,38.1
1972,3167,2024-10-19,App Crash,32.13
1973,4930,2024-04-09,Wrong Item,64.24
1974,1213,2024-08-29,Payment Failed,6.99
1975,4457,2024-05-14,Payment Failed,55.35
1976,1899,2024-08-03,Refund Issue,39.97
1977,2067,2024-01-11,Wrong Item,14.18
1978,4716,2024-03-21,Refund Issue,7.4
1979,1426,2024-02-02,Late Delivery,65.92
1980,3163,2024-05-07,Late Delivery,32.33
1981,608,2024-08-10,Wrong Item,26.98
1982,2299,2025-01-23,Refund Issue,4.36
1983,463,2024-10-06,Late Delivery,45.98
1984,3485,2024-10-01,Payment Failed,40.16
1985,2968,2024-05-27,Refund Issue,4.53
1986,2807,2024-02-08,Wrong Item,48.41
1987,4728,2024-07-03,Refund Issue,15.95
1988,1471,2024-09-12,Payment Failed,48.33
1989,3513,2024-09-03,App Crash,62.63
1990,4031,2024-02-12,App Crash,46.13
1991,4772,2024-12-20,Payment Failed,62.09
1992,4340,2024-03-10,Late Delivery,43.49
1993,4544,2025-01-14,Refund Issue,63.01
1994,3404,2024-11-07,App Crash,43.1
1995,4009,2024-02-04,Payment Failed,6.65
1996,3887,2024-09-26,Wrong Item,67.08
1997,2626,2024-05-16,Wrong Item,3.33
1998,110,2024-03-29,Late Delivery,31.59
1999,3736,2024-12-24,App Crash,61.82
2000,3246,2024-11-16,Payment Failed,55.59
2001,463,2024-11-26,Payment Failed,62.98
2002,2428,2024-07-10,Wrong Item,49.83
2003,4993,2024-02-02,Late Delivery,41.65
2004,2557,2025-01-04,Refund Issue,2.21
2005,3399,2024-10-29,Wrong Item,34.48
2006,2843,2024-06-29,Late Delivery,11.34
2007,1988,2024-07-30,Late Delivery,67.76
2008,2767,2025-01-20,App Crash,3.51
2009,3140,2024-02-13,Wrong Item,9.2
2010,1524,2024-08-30,Payment Failed,63.45
2011,2161,2024-08-11,Late Delivery,47.45
2012,117,2024-12-07,Wrong Item,35.01
2013,4517,2024-07-05,Wrong Item,3.71
2014,2802,2024-06-21,Late Delivery,20.6
2015,1010,2024-10-12,Late Delivery,69.29
2016,441,2024-11-03,Late Delivery,66.18
2017,939,2024-03-21,App Crash,33.52
2018,496,2024-03-20,Refund Issue,51.71
2019,3612,2024-04-22,App Crash,48.86
2020,2260,2024-12-20,Refund Issue,21.82
2021,3159,2024-07-07,Wrong Item,65.63
2022,3080,2024-07-04,Payment Failed,37.06
2023,3725,2024-03-07,Wrong Item,20.41
2024,4783,2024-12-19,Late Delivery,28.95
2025,1835,2024-10-06,Late Delivery,37.43
2026,2817,2024-06-14,Late Delivery,6.81
2027,3764,2024-10-11,Wrong Item,66.15
2028,3583,2024-09-08,Payment Failed,31.93
2029,2643,2024-12-08,App Crash,40.55
2030,440,2024-01-14,Late Delivery,24.82
2031,1870,2024-08-11,Payment Failed,6.97
2032,4542,2024-04-09,Late Delivery,15.58
2033,2179,2024-01-03,Refund Issue,68.93
2034,3761,2024-12-07,Refund Issue,27.64
2035,1231,2024-03-18,Wrong Item,45.17
2036,3993,2025-01-28,Payment Failed,22.98
2037,4189,2024-03-16,App Crash,46.74
2038,4762,2024-10-07,Refund Issue,63.89
2039,1852,2024-12-31,App Crash,30.47
2040,881,2024-03-31,Refund Issue,37.9
2041,3099,2024-11-07,Payment Failed,70.33
2042,2068,2024-04-24,Late Delivery,33.85
2043,4952,2024-04-30,Wrong Item,35.83
2044,1146,2024-07-01,Refund Issue,9.25
2045,4949,2024-03-14,Refund Issue,15.03
2046,2456,2024-10-05,Wrong Item,67.97
2047,562,2024-08-12,Late Delivery,26.19
2048,825,2024-09-26,Late Delivery,55.81
2049,1343,2024-11-09,App Crash,58.05
2050,97,2024-09-11,Wrong Item,37.61
2051,4673,2024-02-23,App Crash,9.85
2052,3625,2024-07-10,Refund Issue,35.59
2053,795,2025-01-06,Late Delivery,22.45
2054,3030,2024-04-09,App Crash,8.16
2055,4722,2024-06-28,Late Delivery,32.74
2056,4964,2024-11-02,Wrong Item,54.84
2057,1464,2024-11-28,Payment Failed,3.28
2058,3883,2024-07-28,Late Delivery,31.6
2059,3393,2024-06-02,App Crash,48.07
2060,1992,2024-09-05,Refund Issue,26.76
2061,1366,2024-03-21,Refund Issue,68.47
2062,1592,2024-07-29,Wrong Item,62.38
2063,4743,2024-09-26,App Crash,54.39
2064,3926,2024-12-06,App Crash,29.85
2065,2596,2024-06-07,Wrong Item,54.39
2066,2036,2025-01-12,Late Delivery,2.62
2067,202,2024-09-12,App Crash,24.32
2068,691,2024-05-16,Wrong Item,59.42
2069,2147,2024-07-30,App Crash,53.06
2070,4136,2024-05-21,Refund Issue,64.01
2071,2111,2024-12-12,Refund Issue,68.56
2072,2884,2024-07-03,Late Delivery,23.22
2073,3583,2024-06-13,Refund Issue,10.77
2074,788,2024-01-18,App Crash,70.93
2075,4705,2024-08-20,Late Delivery,42.52
2076,4965,2024-12-16,Wrong Item,22.85
2077,682,2024-03-18,App Crash,39.28
2078,4183,2024-09-23,Payment Failed,59.28
2079,3121,2024-05-05,Refund Issue,35.11
2080,716,2024-02-22,Payment Failed,41.03
2081,2905,2025-01-23,Refund Issue,55.93
2082,396,2024-01-06,Refund Issue,45.18
2083,1620,2024-03-03,Payment Failed,53.29
2084,4404,2024-10-08,Late Delivery,55.52
2085,136,2024-06-29,Payment Failed,35.03
2086,12,2025-01-06,Wrong Item,13.96
2087,1066,2024-12-16,Refund Issue,4.99
2088,1788,2024-01-26,Late Delivery,31.21
2089,2263,2024-09-26,Payment Failed,62.06
2090,1261,2024-10-06,Wrong Item,20.53
2091,1717,2024-01-26,Refund Issue,23.09
2092,4450,2024-10-03,Wrong Item,55.84
2093,2573,2024-09-02,Late Delivery,61.35
2094,3292,2024-06-10,Refund Issue,63.9
2095,2822,2024-07-25,Wrong Item,60.47
2096,236,2025-01-13,Wrong Item,58.82
2097,4632,2024-06-07,Late Delivery,36.28
2098,620,2024-06-28,Refund Issue,68.26
2099,2414,2025-01-19,App Crash,8.16
2100,1611,2024-01-14,Wrong Item,50.04
2101,2174,2025-01-17,Late Delivery,41.04
2102,1323,2024-12-12,Refund Issue,34.7
2103,122,2024-06-22,Wrong Item,21.44
2104,207,2024-10-04,App Crash,1.98
2105,4396,2024-02-26,Refund Issue,55.14
2106,3985,2024-11-29,Wrong Item,69.85
2107,1367,2024-01-07,Wrong Item,67.21
2108,2464,2024-06-12,Wrong Item,26.27
2109,3747,2024-09-28,Late Delivery,24.04
2110,4953,2024-01-06,Refund Issue,11.83
2111,744,2024-02-25,Payment Failed,66.91
2112,3892,2024-01-01,Payment Failed,64.2
2113,3163,2024-10-14,Wrong Item,33.68
2114,2456,2024-11-24,Wrong Item,54.94
2115,3244,2024-10-11,Wrong Item,9.61
2116,128,2024-12-14,Refund Issue,56.95
2117,2120,2024-08-03,Refund Issue,39.6
2118,4279,2024-09-06,Wrong Item,10.02
2119,943,2024-10-31,Payment Failed,47.29
2120,3762,2024-09-08,Payment Failed,61.14
2121,1493,2024-05-13,Payment Failed,39.09
2122,467,2024-05-09,Wrong Item,62.52
2123,2013,2024-09-12,Late Delivery,45.62
2124,2027,2024-08-10,Refund Issue,9.0
2125,4790,2024-02-10,Late Delivery,55.25
2126,3347,2024-10-28,App Crash,31.85
2127,1785,2024-04-18,Refund Issue,27.73
2128,1371,2024-08-16,Wrong Item,2.75
2129,2810,2024-09-29,Wrong Item,7.28
2130,3690,2025-01-30,Payment Failed,69.3
2131,950,2025-01-08,Payment Failed,62.19
2132,4372,2024-10-07,Wrong Item,3.62
2133,1490,2024-08-06,Refund Issue,50.27
2134,294,2024-07-11,Payment Failed,6.65
2135,3923,2024-04-09,Payment Failed,70.02
2136,4475,2024-07-15,App Crash,1.42
2137,1401,2024-11-20,Payment Failed,51.76
2138,2160,2024-05-31,Refund Issue,34.34
2139,2706,2024-07-17,Payment Failed,20.65
2140,3873,2025-01-25,Refund Issue,20.7
2141,4826,2024-06-18,Late Delivery,54.63
2142,4448,2024-05-04,App Crash,70.71
2143,2248,2024-04-22,App Crash,9.89
2144,4597,2024-04-29,Late Delivery,3.84
2145,2844,2024-06-02,Refund Issue,8.85
2146,1680,2024-08-15,Refund Issue,24.04
2147,3097,2024-08-14,Payment Failed,57.88
2148,4627,2024-05-21,Payment Failed,50.37
2149,3419,2025-01-15,App Crash,42.0
2150,1552,2024-10-20,Refund Issue,31.05
2151,681,2024-07-28,App Crash,67.05
2152,3492,2024-04-27,Refund Issue,70.6
2153,2507,2024-04-11,App Crash,40.49
2154,3189,2024-09-02,Payment Failed,24.05
2155,4176,2024-10-22,Payment Failed,2.95
2156,4584,2024-03-16,Wrong Item,51.1
2157,1792,2024-03-20,Late Delivery,8.62
2158,1165,2024-12-20,Wrong Item,64.36
2159,1305,2024-08-08,Wrong Item,43.27
2160,1845,2024-03-28,Refund Issue,61.44
2161,506,2024-09-14,Late Delivery,4.91
2162,2296,2024-02-28,Refund Issue,46.57
2163,1401,2024-11-11,Refund Issue,21.33
2164,2288,2024-02-08,Wrong Item,23.71
2165,3300,2024-06-25,Refund Issue,6.87
2166,2796,2024-01-01,Refund Issue,51.71
2167,352,2024-04-02,Wrong Item,7.68
2168,4252,2024-04-21,Payment Failed,52.88
2169,155,2024-09-05,App Crash,22.36
2170,4912,2024-05-28,Refund Issue,11.21
2171,4608,2024-04-15,Payment Failed,60.52
2172,386,2024-10-08,Payment Failed,7.77
2173,1518,2024-11-23,Refund Issue,67.05
2174,1064,2024-09-12,App Crash,21.96
2175,3137,2024-05-05,App Crash,47.48
2176,3899,2024-05-27,Refund Issue,67.27
2177,4757,2024-06-09,Refund Issue,3.51
2178,2139,2024-01-26,App Crash,52.76
2179,3810,2024-06-14,Refund Issue,55.75
2180,36,2024-03-25,App Crash,58.02
2181,4839,2024-02-29,Wrong Item,41.51
2182,3052,2024-11-03,App Crash,24.86
2183,1849,2024-05-28,App Crash,48.78
2184,1191,2024-01-05,Payment Failed,18.69
2185,2088,2024-06-12,Refund Issue,62.03
2186,2627,2024-11-20,Late Delivery,8.85
2187,3879,2024-01-02,Late Delivery,43.63
2188,2078,2024-05-09,Payment Failed,66.7
2189,2169,2024-08-30,Payment Failed,28.2
2190,1473,2024-03-07,Refund Issue,60.57
2191,3277,2025-01-19,Wrong Item,18.89
2192,1992,2024-08-01,Wrong Item,54.41
2193,1892,2024-01-14,Payment Failed,59.72
2194,2203,2024-11-15,Payment Failed,34.26
2195,4948,2024-09-01,Refund Issue,21.2
2196,2896,2024-11-24,Wrong Item,11.3
2197,600,2024-10-15,Late Delivery,29.11
2198,4949,2024-08-06,Refund Issue,14.62
2199,177,2024-03-24,Refund Issue,46.8
2200,2753,2024-10-31,App Crash,50.4
2201,3240,2024-02-08,Refund Issue,19.54
2202,358,2024-05-18,App Crash,64.12
2203,2215,2024-06-30,App Crash,9.59
2204,4031,2024-10-27,Wrong Item,35.88
2205,4129,2024-09-06,Payment Failed,26.55
2206,3677,2024-08-18,Late Delivery,69.48
2207,3285,2024-04-30,App Crash,29.75
2208,3522,2024-07-28,Late Delivery,32.61
2209,1786,2024-07-12,Wrong Item,5.23
2210,4932,2024-01-09,Late Delivery,11.63
2211,4368,2024-10-19,Refund Issue,64.94
2212,4327,2024-09-29,Refund Issue,27.45
2213,905,2025-01-19,App Crash,51.83
2214,3655,2025-01-14,App Crash,26.92
2215,934,2024-06-11,Wrong Item,60.52
2216,3497,2024-10-24,App Crash,53.84
2217,1257,2024-02-28,Wrong Item,53.79
2218,3011,2024-11-06,App Crash,38.51
2219,4078,2024-10-12,Wrong Item,2.06
2220,1155,2024-02-17,Late Delivery,51.66
2221,2273,2024-08-12,Late Delivery,62.31
2222,2081,2025-01-19,Payment Failed,47.22
2223,3913,2024-06-01,Refund Issue,61.84
2224,4018,2024-09-05,Refund Issue,45.8
2225,1456,2025-01-03,Wrong Item,37.79
2226,1744,2024-04-28,Late Delivery,39.14
2227,113,2024-07-18,Late Delivery,56.59
2228,3815,2024-08-11,Refund Issue,66.69
2229,2771,2024-07-05,App Crash,6.0
2230,4950,2024-04-14,Wrong Item,68.82
2231,2058,2024-11-10,Refund Issue,17.09
2232,780,2024-08-13,App Crash,49.73
2233,324,2024-11-26,Late Delivery,21.73
2234,277,2024-09-27,Refund Issue,66.11
2235,1865,2024-09-26,Refund Issue,63.0
2236,1613,2024-06-28,Wrong Item,47.34
2237,1815,2024-09-25,Late Delivery,17.86
2238,3634,2024-08-18,App Crash,30.33
2239,3117,2024-06-02,App Crash,42.46
2240,2513,2024-09-16,Late Delivery,62.85
2241,317,2025-01-17,Wrong Item,3.06
2242,4182,2024-10-31,Payment Failed,1.04
2243,4994,2024-12-15,Wrong Item,23.7
2244,4418,2024-12-14,Late Delivery,18.07
2245,1145,2024-06-26,Refund Issue,3.64
2246,4242,2024-12-01,Wrong Item,43.79
2247,3962,2024-07-04,Wrong Item,54.35
2248,2453,2024-08-19,Refund Issue,71.76
2249,663,2024-02-29,Wrong Item,44.96
2250,4399,2024-05-05,Payment Failed,9.72
2251,1868,2024-02-27,App Crash,40.72
2252,1013,2024-11-19,App Crash,7.23
2253,3562,2024-11-09,Refund Issue,62.2
2254,1579,2024-10-01,Payment Failed,59.32
2255,3697,2024-05-09,Late Delivery,44.79
2256,3479,2024-05-14,Late Delivery,45.78
2257,2600,2024-05-15,Wrong Item,69.27
2258,902,2025-01-05,App Crash,47.44
2259,3703,2024-11-03,Late Delivery,31.51
2260,2451,2024-07-18,Wrong Item,68.54
2261,1089,2024-02-03,Refund Issue,17.67
2262,3153,2024-08-10,Payment Failed,70.46
2263,4663,2024-05-04,Payment Failed,50.37
2264,302,2024-10-16,Wrong Item,54.63
2265,4653,2024-06-12,Payment Failed,21.88
2266,2913,2024-04-02,Wrong Item,28.83
2267,2929,2024-06-22,Late Delivery,21.13
2268,3591,2024-09-02,App Crash,59.61
2269,4488,2024-05-08,Payment Failed,48.4
2270,4173,2024-09-01,App Crash,7.55
2271,1831,2024-09-01,Refund Issue,70.13
2272,1724,2024-09-04,Late Delivery,26.82
2273,2411,2024-05-22,Wrong Item,12.64
2274,4822,2024-05-01,Late Delivery,57.36
2275,1207,2024-08-12,Wrong Item,46.58
2276,3356,2024-11-23,App Crash,31.01
2277,691,2024-03-21,Late Delivery,4.85
2278,128,2024-02-10,Payment Failed,9.36
2279,4071,2024-03-13,Wrong Item,57.43
2280,2522,2024-04-23,Wrong Item,47.55
2281,4060,2024-09-16,Late Delivery,71.67
2282,4736,2024-05-20,Late Delivery,14.87
2283,960,2024-09-20,Late Delivery,33.48
2284,1127,2024-08-21,Payment Failed,43.26
2285,91,2024-08-15,App Crash,18.65
2286,2145,2024-07-08,App Crash,60.43
2287,3802,2024-07-15,Refund Issue,53.28
2288,333,2024-02-07,Payment Failed,20.61
2289,2228,2024-11-13,Refund Issue,32.6
2290,1654,2024-02-11,Payment Failed,46.4
2291,4279,2024-10-07,Late Delivery,43.06
2292,4613,2025-01-22,Wrong Item,27.68
2293,2475,2024-10-15,Late Delivery,52.94
2294,2653,2024-09-22,App Crash,4.7
2295,2294,2024-08-28,App Crash,3.92
2296,237,2024-06-19,Refund Issue,56.72
2297,3261,2024-07-10,Wrong Item,66.0
2298,129,2024-09-09,Wrong Item,48.37
2299,432,2024-10-30,Wrong Item,20.43
2300,126,2024-12-08,App Crash,33.88
2301,1224,2024-10-02,Refund Issue,16.44
2302,1272,2024-04-23,Payment Failed,9.56
2303,1278,2024-03-05,App Crash,70.69
2304,4620,2025-01-09,Late Delivery,45.97
2305,2765,2024-04-05,App Crash,44.16
2306,2511,2024-10-31,Wrong Item,58.64
2307,355,2024-01-21,Late Delivery,14.24
2308,1535,2024-11-23,Wrong Item,3.97
2309,785,2024-01-15,Late Delivery,37.21
2310,2571,2024-01-31,Wrong Item,65.02
2311,3319,2024-06-14,Late Delivery,32.87
2312,3599,2024-10-28,Wrong Item,7.59
2313,738,2024-01-07,Late Delivery,52.65
2314,4249,2024-06-12,Late Delivery,71.51
2315,3417,2024-05-26,Payment Failed,24.41
2316,4632,2024-06-28,Payment Failed,15.1
2317,4706,2025-01-13,Refund Issue,46.85
2318,2991,2024-02-28,Wrong Item,43.38
2319,3018,2024-08-12,Wrong Item,48.38
2320,566,2024-04-27,Wrong Item,53.74
2321,4943,2024-07-13,Refund Issue,28.97
2322,4199,2024-06-13,Payment Failed,1.4
2323,942,2024-10-08,App Crash,70.74
2324,3747,2024-07-05,Late Delivery,62.36
2325,1588,2024-05-25,Wrong Item,51.65
2326,3720,2024-01-17,Late Delivery,63.76
2327,3066,2024-06-14,Wrong Item,56.54
2328,4181,2025-01-08,App Crash,39.91
2329,3358,2024-10-17,Payment Failed,10.97
2330,2071,2024-02-04,Wrong Item,30.68
2331,3979,2024-10-19,App Crash,63.04
2332,3740,2024-04-24,Payment Failed,67.36
2333,3922,2024-05-21,Refund Issue,33.05
2334,2831,2024-06-04,Payment Failed,28.05
2335,4200,2024-04-04,App Crash,70.02
2336,3816,2024-05-28,App Crash,49.66
2337,3403,2024-07-28,Refund Issue,1.29
2338,839,2024-03-05,Late Delivery,66.91
2339,2947,2024-12-02,Payment Failed,64.8
2340,3847,2025-01-13,App Crash,19.67
2341,4495,2024-08-28,App Crash,53.37
2342,245,2024-02-22,Wrong Item,34.62
2343,3305,2024-03-09,Late Delivery,66.47
2344,3342,2024-04-06,Late Delivery,5.75
2345,2337,2024-11-08,Refund Issue,23.54
2346,1022,2024-04-29,Late Delivery,41.72
2347,1005,2024-05-06,Late Delivery,61.49
2348,4794,2024-01-29,App Crash,58.87
2349,233,2025-01-31,Late Delivery,21.7
2350,2082,2025-01-25,Payment Failed,35.13
2351,1333,2024-07-27,Late Delivery,50.85
2352,1127,2024-06-21,Late Delivery,22.13
2353,1283,2024-05-01,App Crash,53.08
2354,2436,2024-04-13,Refund Issue,16.95
2355,256,2024-07-09,Refund Issue,1.52
2356,382,2024-04-09,Payment Failed,69.9
2357,31,2024-12-31,Wrong Item,7.09
2358,4638,2024-07-07,Late Delivery,59.37
2359,1357,2024-11-09,Refund Issue,31.08
2360,1317,2024-08-29,Refund Issue,29.47
2361,2173,2024-06-09,Refund Issue,71.41
2362,1782,2024-10-26,Wrong Item,24.46
2363,2823,2024-12-09,App Crash,3.34
2364,1450,2024-10-04,Refund Issue,53.22
2365,2557,2024-01-11,Late Delivery,17.21
2366,4948,2024-10-19,Refund Issue,10.7
2367,557,2024-07-21,Payment Failed,46.04
2368,1903,2024-03-21,Wrong Item,66.09
2369,1544,2024-09-14,App Crash,23.02
2370,4064,2024-04-05,Late Delivery,33.12
2371,590,2025-01-08,Late Delivery,9.45
2372,1727,2024-12-26,App Crash,60.48
2373,1062,2024-03-02,Payment Failed,40.09
2374,2203,2024-10-31,Payment Failed,1.26
2375,2279,2024-07-25,Payment Failed,5.61
2376,1233,2024-01-01,Wrong Item,44.29
2377,732,2024-09-25,Wrong Item,45.68
2378,1643,2024-09-07,Wrong Item,44.28
2379,176,2024-10-13,App Crash,71.91
2380,2411,2024-09-07,App Crash,41.94
2381,2316,2025-01-26,Wrong Item,43.16
2382,3251,2024-11-18,Payment Failed,65.67
2383,1990,2024-06-15,Late Delivery,20.57
2384,3317,2024-11-20,Late Delivery,11.82
2385,4542,2024-08-28,Refund Issue,13.35
2386,2775,2024-09-15,Refund Issue,71.26
2387,1282,2024-11-29,Refund Issue,46.17
2388,4275,2024-10-09,Wrong Item,64.69
2389,168,2024-03-15,Wrong Item,67.52
2390,3051,2024-12-25,App Crash,21.93
2391,3817,2024-08-31,Payment Failed,54.25
2392,3702,2024-04-07,Refund Issue,47.48
2393,2037,2024-08-26,Payment Failed,48.78
2394,144,2024-08-05,Late Delivery,46.84
2395,4190,2024-05-06,Payment Failed,48.29
2396,3184,2024-01-25,Late Delivery,71.52
2397,3263,2024-10-28,Wrong Item,66.37
2398,206,2024-08-28,Refund Issue,21.68
2399,2054,2024-08-21,Payment Failed,4.97
2400,3629,2024-04-22,App Crash,15.85
2401,2055,2024-10-24,Late Delivery,46.17
2402,3790,2024-11-24,Late Delivery,33.34
2403,2995,2024-09-20,Payment Failed,7.36
2404,24,2025-01-06,Payment Failed,52.51
2405,4936,2024-05-06,App Crash,33.86
2406,408,2024-08-11,Wrong Item,68.15
2407,549,2024-07-16,Refund Issue,6.15
2408,702,2024-07-29,Wrong Item,53.36
2409,1243,2024-01-14,Wrong Item,3.81
2410,3817,2024-10-18,App Crash,1.59
2411,2134,2024-09-12,Refund Issue,50.28
2412,537,2024-12-02,Refund Issue,22.73
2413,533,2024-10-18,Payment Failed,64.95
2414,1479,2024-09-12,App Crash,43.74
2415,4128,2024-09-14,Wrong Item,30.77
2416,2513,2024-06-15,Late Delivery,64.25
2417,1571,2024-06-20,Wrong Item,1.6
2418,4168,2024-01-06,Payment Failed,51.51
2419,3822,2025-01-21,Wrong Item,34.93
2420,1548,2024-01-29,Refund Issue,24.21
2421,1394,2024-12-17,App Crash,68.53
2422,545,2024-11-25,Late Delivery,68.14
2423,2996,2024-05-29,App Crash,51.58
2424,1572,2024-05-22,Refund Issue,14.5
2425,2038,2024-07-05,Wrong Item,25.35
2426,1248,2024-12-04,Wrong Item,22.24
2427,2267,2024-01-24,Refund Issue,39.23
2428,2736,2024-08-15,Wrong Item,17.59
2429,4116,2024-12-26,Late Delivery,32.58
2430,4879,2024-03-12,Refund Issue,34.23
2431,2881,2024-11-03,App Crash,35.4
2432,1112,2024-07-23,Wrong Item,69.49
2433,4506,2024-03-21,Late Delivery,65.93
2434,1026,2024-11-08,Wrong Item,65.68
2435,2638,2025-01-08,Late Delivery,50.48
2436,1265,2025-01-30,App Crash,63.79
2437,3031,2025-01-14,Payment Failed,60.26
2438,3841,2024-01-14,Refund Issue,47.67
2439,3172,2024-12-17,Payment Failed,60.43
2440,1747,2024-02-11,Payment Failed,71.63
2441,4662,2024-01-09,Payment Failed,48.67
2442,2937,2024-08-14,App Crash,36.78
2443,902,2024-11-09,App Crash,18.3
2444,3343,2024-04-28,Late Delivery,59.6
2445,4669,2024-12-29,Late Delivery,32.88
2446,3106,2024-04-03,App Crash,23.47
2447,2647,2024-12-19,Late Delivery,32.43
2448,4401,2024-03-16,Payment Failed,46.32
2449,3100,2024-07-26,Wrong Item,44.97
2450,2613,2024-07-01,Wrong Item,7.41
2451,85,2024-03-16,App Crash,62.12
2452,4977,2024-08-17,Late Delivery,22.94
2453,1767,2024-09-21,Refund Issue,46.13
2454,2506,2024-03-22,Payment Failed,53.15
2455,326,2024-06-25,Late Delivery,57.1
2456,554,2024-05-28,Payment Failed,56.02
2457,1732,2024-07-16,Wrong Item,17.06
2458,2438,2024-05-01,Wrong Item,71.04
2459,163,2024-01-09,Wrong Item,43.53
2460,2347,2024-06-19,Refund Issue,34.53
2461,103,2024-11-14,Refund Issue,12.28
2462,1886,2024-06-04,Late Delivery,43.56
2463,2670,2024-12-09,App Crash,3.67
2464,2823,2024-02-10,App Crash,29.93
2465,4041,2025-01-12,App Crash,56.76
2466,4871,2024-06-28,Late Delivery,47.54
2467,3801,2024-08-05,Late Delivery,42.17
2468,3009,2024-09-12,Payment Failed,4.39
2469,3519,2024-03-02,App Crash,6.15
2470,267,2024-02-04,Late Delivery,22.57
2471,47,2024-08-22,Payment Failed,66.89
2472,4953,2024-08-14,Refund Issue,12.68
2473,1219,2024-06-12,Wrong Item,53.41
2474,1480,2024-04-14,Late Delivery,28.22
2475,442,2024-10-26,Wrong Item,19.21
2476,862,2024-10-09,App Crash,46.51
2477,2691,2025-01-29,Refund Issue,22.34
2478,946,2025-01-06,Payment Failed,59.8
2479,1417,2024-08-14,Payment Failed,50.97
2480,4816,2024-03-25,Wrong Item,3.91
2481,1953,2024-05-22,Payment Failed,42.45
2482,2803,2024-11-22,Late Delivery,37.62
2483,3588,2024-06-10,Late Delivery,45.2
2484,2357,2024-10-10,Late Delivery,44.36
2485,951,2024-02-16,Refund Issue,41.03
2486,2551,2025-01-01,Wrong Item,24.32
2487,1196,2024-10-29,Refund Issue,30.57
2488,422,2024-10-10,Refund Issue,46.06
2489,2601,2024-08-23,App Crash,66.69
2490,580,2024-12-09,Payment Failed,51.44
2491,2345,2024-01-18,Payment Failed,25.53
2492,910,2024-09-16,App Crash,33.39
2493,4340,2024-12-09,Payment Failed,66.0
2494,1928,2024-09-13,Wrong Item,11.02
2495,2079,2024-06-04,Refund Issue,64.4
2496,2557,2024-01-04,Refund Issue,20.47
2497,120,2024-09-10,App Crash,68.4
2498,3655,2024-06-17,Payment Failed,23.12
2499,2326,2024-12-30,App Crash,64.9
2500,1613,2024-06-10,App Crash,17.73
2501,1343,2025-01-26,App Crash,8.69
2502,112,2024-04-12,Late Delivery,2.82
2503,668,2024-12-19,App Crash,39.87
2504,3823,2024-10-08,Late Delivery,58.48
2505,2941,2024-01-02,Payment Failed,55.5
2506,787,2024-07-05,App Crash,13.49
2507,4636,2024-04-10,Wrong Item,47.48
2508,2484,2025-01-14,Refund Issue,52.17
2509,1091,2024-07-19,Refund Issue,22.76
2510,1123,2024-06-22,Late Delivery,22.91
2511,3036,2024-11-12,Wrong Item,5.66
2512,1317,2024-11-16,Refund Issue,66.07
2513,3223,2024-09-01,Refund Issue,69.9
2514,2151,2024-03-13,Payment Failed,9.55
2515,2926,2024-08-11,Late Delivery,32.88
2516,4233,2024-09-24,Refund Issue,51.22
2517,2057,2024-04-21,Late Delivery,14.62
2518,4912,2024-11-13,Payment Failed,3.74
2519,2916,2024-07-08,Refund Issue,34.19
2520,4449,2024-01-18,Wrong Item,31.35
2521,4357,2025-01-28,Late Delivery,18.02
2522,1196,2024-08-20,Payment Failed,64.63
2523,629,2025-01-14,Wrong Item,29.22
2524,2235,2024-12-23,App Crash,40.93
2525,2027,2024-01-13,App Crash,40.19
2526,849,2024-06-27,Wrong Item,9.09
2527,359,2024-02-12,Payment Failed,22.45
2528,1768,2024-04-07,Refund Issue,70.92
2529,2991,2024-01-24,Payment Failed,20.7
2530,1497,2024-07-28,Payment Failed,51.24
2531,1264,2024-11-06,Payment Failed,47.31
2532,1033,2024-07-31,App Crash,21.72
2533,164,2024-08-17,Wrong Item,40.93
2534,4376,2024-04-03,Refund Issue,59.86
2535,3263,2024-02-03,Refund Issue,16.64
2536,1858,2024-03-06,Wrong Item,39.69
2537,2995,2024-09-30,Late Delivery,69.65
2538,2051,2024-02-24,Payment Failed,29.41
2539,952,2024-06-11,Late Delivery,4.1
2540,1868,2024-07-17,Late Delivery,51.13
2541,3961,2024-10-07,Payment Failed,43.15
2542,2089,2024-05-04,App Crash,12.07
2543,3931,2024-10-10,Refund Issue,64.49
2544,1565,2024-08-18,Payment Failed,35.31
2545,2759,2024-01-15,App Crash,51.94
2546,174,2024-04-03,App Crash,24.47
2547,927,2024-09-04,Refund Issue,39.41
2548,2444,2024-09-23,Late Delivery,34.15
2549,1499,2024-06-19,Late Delivery,19.35
2550,1988,2024-04-24,App Crash,29.89
2551,3902,2024-08-18,Refund Issue,34.05
2552,2973,2024-10-18,Refund Issue,30.47
2553,2842,2024-10-12,Refund Issue,2.59
2554,4610,2025-01-29,Late Delivery,32.89
2555,958,2024-03-20,App Crash,22.51
2556,3593,2024-02-27,Late Delivery,48.07
2557,4330,2024-05-27,App Crash,21.61
2558,520,2025-01-06,Wrong Item,6.04
2559,1812,2024-10-20,Payment Failed,32.96
2560,591,2024-03-28,Wrong Item,11.33
2561,99,2024-06-07,Refund Issue,22.76
2562,683,2024-02-13,Late Delivery,2.5
2563,1864,2024-04-24,Refund Issue,54.77
2564,3017,2024-08-30,Late Delivery,15.65
2565,3470,2024-02-22,App Crash,59.33
2566,1799,2024-09-02,Refund Issue,51.05
2567,2232,2024-05-03,Wrong Item,12.65
2568,1416,2024-01-02,Wrong Item,29.31
2569,3847,2024-08-06,Late Delivery,25.61
2570,3389,2024-12-18,Refund Issue,37.56
2571,761,2024-04-08,Payment Failed,21.46
2572,3067,2024-10-16,Late Delivery,12.9
2573,3607,2024-01-19,Refund Issue,35.74
2574,4809,2024-09-27,Wrong Item,34.2
2575,2953,2024-07-09,App Crash,21.51
2576,3430,2024-09-28,Refund Issue,54.51
2577,1838,2024-04-20,Refund Issue,1.33
2578,2931,2024-01-18,App Crash,17.25
2579,3349,2024-07-27,Refund Issue,14.98
2580,74,2024-10-13,Late Delivery,62.13
2581,1841,2024-05-13,Late Delivery,68.05
2582,863,2024-12-15,Payment Failed,26.48
2583,3155,2024-09-13,Late Delivery,19.84
2584,3113,2024-04-14,Refund Issue,70.06
2585,2686,2024-08-05,Wrong Item,33.31
2586,1340,2025-01-25,Wrong Item,34.23
2587,2809,2024-09-21,App Crash,66.02
2588,4049,2024-03-04,Wrong Item,9.82
2589,2062,2024-08-04,Refund Issue,8.35
2590,607,2024-08-14,Payment Failed,2.19
2591,3442,2024-03-23,Payment Failed,48.97
2592,1917,2024-04-11,App Crash,20.12
2593,1984,2024-10-01,App Crash,51.35
2594,3103,2024-07-21,Late Delivery,34.61
2595,4110,2024-08-05,Wrong Item,41.13
2596,3984,2024-06-21,Refund Issue,68.13
2597,3810,2024-12-07,Refund Issue,28.36
2598,2299,2024-07-30,Wrong Item,59.5
2599,2028,2024-01-24,Refund Issue,41.87
2600,703,2024-07-23,Wrong Item,19.3
2601,4841,2024-08-31,Wrong Item,44.45
2602,273,2024-09-03,Refund Issue,32.94
2603,1904,2024-07-09,Late Delivery,63.98
2604,4663,2024-06-28,Wrong Item,59.23
2605,4253,2024-10-15,App Crash,32.0
2606,4103,2024-07-01,App Crash,44.54
2607,3360,2024-08-17,Payment Failed,71.04
2608,2621,2024-05-04,Wrong Item,39.67
2609,4061,2025-01-11,Late Delivery,28.7
2610,216,2025-01-20,Payment Failed,57.94
2611,771,2024-06-16,Late Delivery,21.17
2612,3384,2024-05-28,Payment Failed,21.78
2613,3535,2024-02-21,Payment Failed,29.18
2614,312,2024-01-02,Refund Issue,39.7
2615,1192,2024-06-12,App Crash,41.74
2616,2657,2025-01-16,Wrong Item,16.65
2617,2306,2025-01-22,Payment Failed,20.45
2618,2574,2024-11-23,Wrong Item,36.65
2619,2196,2024-12-08,App Crash,33.66
2620,4189,2024-08-14,Payment Failed,66.68
2621,3699,2024-09-03,Late Delivery,60.58
2622,57,2024-12-03,Wrong Item,63.99
2623,2329,2024-03-07,Refund Issue,34.59
2624,3424,2024-06-30,Refund Issue,40.51
2625,2699,2024-01-07,App Crash,13.45
2626,2183,2024-05-30,Late Delivery,5.25
2627,1609,2024-01-21,Wrong Item,62.95
2628,798,2024-04-01,Refund Issue,9.1
2629,4719,2024-06-17,App Crash,43.28
2630,1420,2024-12-18,Wrong Item,28.24
2631,1854,2025-01-18,Late Delivery,71.48
2632,4399,2024-09-29,Payment Failed,40.26
2633,2764,2024-11-29,Refund Issue,23.11
2634,644,2024-11-10,Refund Issue,40.94
2635,1334,2025-01-12,App Crash,54.84
2636,4681,2024-09-14,Wrong Item,28.83
2637,2008,2024-10-07,Late Delivery,67.67
2638,3788,2024-02-03,Refund Issue,39.27
2639,1400,2024-01-14,App Crash,64.89
2640,1663,2024-11-17,App Crash,67.68
2641,4576,2024-10-03,Late Delivery,23.24
2642,3636,2024-06-12,Late Delivery,68.52
2643,2757,2024-06-15,Wrong Item,16.06
2644,1814,2024-09-27,Payment Failed,22.85
2645,1655,2024-08-17,Refund Issue,70.08
2646,3867,2024-03-18,Wrong Item,44.54
2647,1836,2024-04-18,Payment Failed,7.2
2648,3663,2024-06-24,Payment Failed,13.02
2649,4471,2024-09-05,Wrong Item,8.18
2650,4320,2024-09-14,Refund Issue,67.01
2651,3339,2024-05-29,Wrong Item,60.32
2652,1519,2025-01-22,Payment Failed,52.0
2653,4452,2024-07-03,Payment Failed,18.75
2654,3337,2024-08-29,Payment Failed,1.46
2655,3447,2024-11-18,Refund Issue,1.75
2656,4986,2024-03-17,Late Delivery,37.03
2657,1712,2024-01-24,Payment Failed,69.94
2658,3512,2024-09-26,Wrong Item,54.35
2659,3403,2024-01-11,Late Delivery,8.82
2660,897,2024-03-19,Late Delivery,30.23
2661,3360,2024-05-27,Wrong Item,42.45
2662,2500,2024-02-28,Refund Issue,50.73
2663,1619,2024-01-09,Payment Failed,1.18
2664,4702,2024-05-26,Wrong Item,28.37
2665,2495,2024-02-13,Wrong Item,19.86
2666,4293,2024-07-08,Refund Issue,32.2
2667,4249,2024-01-31,App Crash,64.7
2668,4126,2024-08-27,Wrong Item,59.34
2669,3633,2025-01-11,Refund Issue,2.94
2670,4838,2025-01-25,App Crash,61.4
2671,3480,2024-06-04,App Crash,38.25
2672,1402,2024-10-23,Wrong Item,51.81
2673,2627,2024-05-05,App Crash,51.8
2674,4342,2024-02-29,Late Delivery,58.66
2675,804,2024-07-26,App Crash,71.04
2676,1041,2024-07-13,App Crash,70.7
2677,1087,2024-01-08,Late Delivery,60.83
2678,937,2024-09-24,Payment Failed,16.64
2679,413,2024-12-09,Payment Failed,28.26
2680,2175,2024-03-01,Wrong Item,6.5
2681,3866,2024-08-07,Refund Issue,52.72
2682,2638,2025-01-27,Payment Failed,63.48
2683,4215,2024-12-14,Refund Issue,35.53
2684,1062,2024-02-28,Payment Failed,61.59
2685,284,2024-02-14,App Crash,31.13
2686,3664,2024-06-24,Wrong Item,15.02
2687,4698,2024-11-21,Wrong Item,4.19
2688,1689,2024-07-06,App Crash,47.71
2689,3864,2024-11-18,Payment Failed,37.93
2690,466,2024-07-14,App Crash,31.52
2691,2479,2024-08-11,Late Delivery,25.04
2692,1096,2024-02-15,App Crash,7.32
2693,2338,2024-04-28,Payment Failed,46.23
2694,2757,2024-11-27,Late Delivery,14.86
2695,1680,2024-05-25,Wrong Item,18.01
2696,2817,2024-01-09,App Crash,59.16
2697,315,2024-12-26,Payment Failed,15.88
2698,3477,2024-05-21,Wrong Item,25.95
2699,1596,2024-08-13,App Crash,48.52
2700,384,2024-12-05,Late Delivery,26.57
2701,1244,2024-12-01,Refund Issue,29.9
2702,3216,2024-07-01,App Crash,27.94
2703,507,2024-01-24,Wrong Item,23.97
2704,1809,2024-01-22,Wrong Item,22.88
2705,161,2024-01-22,Refund Issue,57.57
2706,2174,2024-06-08,Refund Issue,4.39
2707,1093,2024-06-20,Wrong Item,28.51
2708,4399,2024-10-09,Refund Issue,30.63
2709,861,2024-06-03,Refund Issue,31.42
2710,3700,2024-01-18,Payment Failed,16.45
2711,3917,2024-11-24,Late Delivery,6.22
2712,1204,2024-10-10,Wrong Item,59.55
2713,4556,2024-10-27,App Crash,5.56
2714,2559,2024-03-11,Payment Failed,10.92
2715,797,2024-03-07,Wrong Item,68.31
2716,1414,2024-11-16,Wrong Item,2.95
2717,3783,2024-09-01,Late Delivery,57.8
2718,4011,2024-01-12,Refund Issue,7.26
2719,630,2024-07-26,Refund Issue,71.26
2720,278,2024-10-19,App Crash,43.13
2721,3611,2024-11-14,Payment Failed,13.56
2722,1763,2024-12-15,Late Delivery,71.86
2723,1689,2024-01-20,Late Delivery,4.94
2724,1117,2024-11-29,Refund Issue,61.97
2725,3626,2024-07-15,Late Delivery,31.19
2726,218,2024-06-07,Payment Failed,8.09
2727,2416,2024-11-06,Refund Issue,60.88
2728,1184,2024-06-06,Payment Failed,45.56
2729,2190,2024-11-15,Payment Failed,50.13
2730,1359,2024-05-03,App Crash,17.26
2731,3815,2024-06-19,App Crash,20.95
2732,2986,2024-08-11,Late Delivery,27.76
2733,4416,2024-11-28,Payment Failed,54.18
2734,1268,2024-06-27,Wrong Item,35.1
2735,2432,2025-01-13,Late Delivery,2.79
2736,2444,2024-12-22,Wrong Item,2.77
2737,4610,2024-11-28,Late Delivery,47.83
2738,98,2024-09-16,Refund Issue,68.89
2739,4777,2024-01-21,App Crash,66.13
2740,103,2024-12-13,Wrong Item,30.39
2741,4748,2024-04-25,Late Delivery,70.25
2742,3108,2024-12-01,Refund Issue,61.08
2743,4160,2024-07-20,Payment Failed,26.86
2744,4170,2024-04-18,Payment Failed,30.62
2745,3058,2024-10-14,App Crash,8.79
2746,3891,2024-04-21,Late Delivery,2.76
2747,632,2024-07-25,Refund Issue,17.48
2748,1004,2024-05-29,Late Delivery,18.43
2749,4219,2024-09-06,Payment Failed,28.09
2750,1456,2024-03-12,App Crash,8.45
2751,4862,2024-03-25,Wrong Item,59.08
2752,3813,2024-06-04,Payment Failed,62.02
2753,4149,2024-07-04,Refund Issue,29.47
2754,1811,2024-06-15,Late Delivery,9.35
2755,4580,2025-01-29,Payment Failed,14.43
2756,4138,2024-09-18,Payment Failed,42.72
2757,980,2025-01-15,App Crash,15.4
2758,181,2024-02-19,Late Delivery,39.3
2759,309,2024-09-05,App Crash,41.37
2760,2153,2024-01-20,Wrong Item,25.4
2761,2139,2024-09-25,Payment Failed,5.87
2762,1615,2025-01-08,Late Delivery,40.81
2763,4611,2024-04-23,Late Delivery,31.65
2764,2541,2024-04-30,Late Delivery,34.26
2765,1158,2024-06-27,App Crash,34.85
2766,69,2024-02-03,Refund Issue,29.9
2767,400,2025-01-25,Payment Failed,30.17
2768,4995,2025-01-30,Payment Failed,11.23
2769,4501,2024-05-31,Payment Failed,13.97
2770,2879,2024-11-25,Payment Failed,34.68
2771,1901,2024-12-07,Payment Failed,10.56
2772,4548,2024-04-04,Late Delivery,58.12
2773,2873,2024-05-13,Refund Issue,18.42
2774,4590,2024-05-19,Payment Failed,27.72
2775,1342,2024-11-27,Refund Issue,61.12
2776,4282,2024-11-21,Wrong Item,50.35
2777,2369,2024-11-09,Wrong Item,7.06
2778,995,2024-11-18,Refund Issue,1.66
2779,2907,2024-12-29,Refund Issue,5.68
2780,481,2024-07-27,Wrong Item,15.17
2781,1195,2024-07-24,Wrong Item,56.66
2782,4921,2024-12-25,Payment Failed,55.08
2783,3460,2024-05-06,App Crash,12.26
2784,1120,2024-12-09,Refund Issue,51.6
2785,1417,2024-11-07,Refund Issue,4.9
2786,1176,2024-01-19,Refund Issue,27.42
2787,2955,2025-01-29,Late Delivery,20.14
2788,644,2024-01-21,Payment Failed,1.52
2789,482,2025-01-08,Late Delivery,66.6
2790,2619,2024-01-18,App Crash,1.91
2791,4255,2024-05-13,Wrong Item,39.15
2792,3583,2024-07-01,App Crash,35.43
2793,1117,2024-04-18,Refund Issue,13.31
2794,209,2024-10-29,Refund Issue,49.12
2795,124,2024-12-29,App Crash,3.79
2796,2382,2024-10-07,Refund Issue,23.76
2797,2677,2024-01-10,Refund Issue,56.64
2798,4214,2024-05-19,Payment Failed,70.85
2799,3538,2024-12-25,App Crash,41.47
2800,3803,2025-01-05,Late Delivery,7.73
2801,875,2024-10-08,Refund Issue,23.82
2802,1953,2025-01-24,Refund Issue,27.92
2803,1516,2024-10-05,Payment Failed,7.15
2804,1842,2025-01-12,App Crash,39.78
2805,1365,2024-08-01,Wrong Item,35.45
2806,4373,2024-09-10,App Crash,42.7
2807,3922,2024-11-19,Late Delivery,40.68
2808,4590,2024-03-25,App Crash,67.24
2809,4672,2024-06-10,Late Delivery,44.31
2810,2640,2024-02-23,App Crash,46.39
2811,3619,2024-06-03,Refund Issue,6.02
2812,3080,2024-01-06,Refund Issue,67.5
2813,3290,2024-12-17,Wrong Item,19.16
2814,383,2024-10-21,Wrong Item,17.06
2815,2721,2024-07-11,Wrong Item,42.8
2816,831,2024-02-26,App Crash,22.73
2817,162,2025-01-13,Refund Issue,71.7
2818,2526,2024-08-12,Refund Issue,13.09
2819,4361,2024-01-27,Late Delivery,22.57
2820,1376,2024-10-16,Late Delivery,29.73
2821,234,2024-10-23,Late Delivery,23.24
2822,156,2024-09-14,App Crash,9.74
2823,595,2024-08-17,Wrong Item,28.94
2824,688,2024-04-17,Refund Issue,51.93
2825,19,2024-02-07,Payment Failed,54.55
2826,2671,2024-09-11,App Crash,55.45
2827,24,2024-01-08,Late Delivery,24.23
2828,328,2024-10-29,Payment Failed,27.08
2829,4547,2024-09-13,Payment Failed,30.62
2830,1628,2024-02-29,Late Delivery,19.49
2831,1871,2024-07-22,Refund Issue,57.09
2832,4590,2024-07-27,App Crash,23.6
2833,3014,2024-09-30,App Crash,69.15
2834,535,2024-10-14,Late Delivery,5.97
2835,3274,2024-02-22,Late Delivery,42.24
2836,1469,2024-04-24,Late Delivery,11.85
2837,4587,2024-01-10,App Crash,55.66
2838,2889,2024-04-27,Late Delivery,25.98
2839,519,2024-11-16,Late Delivery,42.6
2840,1022,2024-10-06,Refund Issue,43.74
2841,3502,2024-05-30,Late Delivery,12.87
2842,4458,2024-07-13,Late Delivery,52.95
2843,4938,2024-11-04,Payment Failed,60.37
2844,3704,2024-02-25,App Crash,4.81
2845,4710,2024-12-13,Late Delivery,66.91
2846,3491,2024-04-02,App Crash,20.12
2847,124,2024-10-08,App Crash,14.2
2848,757,2024-02-19,Late Delivery,25.73
2849,160,2024-07-05,Payment Failed,71.77
2850,3276,2024-01-28,Refund Issue,53.22
2851,3054,2024-02-21,Late Delivery,29.18
2852,3103,2024-07-14,Late Delivery,40.56
2853,1073,2024-05-09,Wrong Item,15.21
2854,2879,2024-06-15,Wrong Item,69.49
2855,1153,2024-05-13,Late Delivery,28.16
2856,379,2024-07-28,Payment Failed,46.32
2857,1145,2024-07-16,Late Delivery,49.38
2858,2011,2024-03-19,Late Delivery,53.65
2859,982,2024-07-08,Refund Issue,1.35
2860,2591,2024-08-12,Payment Failed,8.08
2861,306,2024-04-28,Refund Issue,25.9
2862,303,2024-02-27,Late Delivery,28.23
2863,1695,2024-03-20,Refund Issue,69.07
2864,1975,2024-06-27,Refund Issue,6.6
2865,106,2024-04-22,Refund Issue,65.17
2866,229,2024-08-03,Wrong Item,36.26
2867,113,2024-02-25,Refund Issue,40.43
2868,3546,2024-03-06,Wrong Item,27.11
2869,4403,2024-08-13,Refund Issue,29.86
2870,4904,2024-07-25,Payment Failed,18.7
2871,4002,2024-10-30,Late Delivery,35.18
2872,2673,2024-09-13,Late Delivery,15.05
2873,1438,2024-08-19,Wrong Item,56.8
2874,4437,2024-07-21,Refund Issue,66.39
2875,4271,2024-03-29,Refund Issue,28.35
2876,4412,2025-01-29,App Crash,38.09
2877,529,2024-03-23,Late Delivery,62.15
2878,4059,2025-01-22,Wrong Item,3.93
2879,1250,2024-10-26,Late Delivery,20.33
2880,274,2024-06-30,Wrong Item,1.16
2881,2591,2024-09-12,Payment Failed,65.38
2882,668,2025-01-16,Wrong Item,38.35
2883,3437,2024-11-23,Payment Failed,64.82
2884,3192,2024-10-26,App Crash,25.72
2885,4060,2024-06-07,Late Delivery,43.94
2886,3572,2024-09-07,Payment Failed,24.91
2887,890,2024-05-23,Late Delivery,45.51
2888,3643,2024-07-05,Refund Issue,35.65
2889,1996,2024-01-20,Payment Failed,61.8
2890,3928,2024-10-11,Late Delivery,56.95
2891,4067,2024-01-31,App Crash,45.11
2892,3000,2024-11-19,Late Delivery,67.22
2893,3713,2024-10-15,Wrong Item,50.47
2894,4519,2024-11-27,Late Delivery,48.73
2895,430,2024-09-15,App Crash,42.94
2896,2093,2024-11-11,Wrong Item,50.14
2897,4568,2024-08-19,Payment Failed,56.35
2898,2993,2024-03-02,Wrong Item,11.61
2899,1223,2024-08-26,Payment Failed,21.28
2900,4706,2024-04-28,Payment Failed,34.55
2901,2621,2024-11-29,Payment Failed,14.16
2902,3967,2024-04-22,Late Delivery,40.57
2903,3509,2024-02-15,App Crash,43.29
2904,505,2025-01-23,Wrong Item,6.9
2905,1404,2024-06-21,Wrong Item,26.81
2906,4603,2025-01-31,Refund Issue,50.91
2907,3753,2024-09-10,Refund Issue,34.84
2908,3960,2024-02-18,Wrong Item,66.26
2909,3994,2024-08-05,Refund Issue,51.03
2910,3398,2024-01-19,Wrong Item,70.55
2911,3262,2024-05-22,Payment Failed,4.04
2912,4973,2024-03-29,Refund Issue,1.46
2913,2173,2024-07-14,Wrong Item,16.85
2914,2566,2024-02-12,Payment Failed,22.59
2915,4360,2024-05-15,Payment Failed,38.82
2916,4574,2025-01-29,Refund Issue,15.28
2917,212,2024-05-09,Wrong Item,6.39
2918,189,2024-08-17,App Crash,58.98
2919,2288,2024-02-14,Late Delivery,70.81
2920,562,2024-08-01,App Crash,19.49
2921,1527,2024-06-19,App Crash,38.95
2922,4637,2024-01-19,Wrong Item,11.9
2923,539,2024-05-15,App Crash,34.76
2924,2934,2024-05-14,Wrong Item,10.39
2925,2139,2025-01-27,Refund Issue,48.35
2926,1082,2024-02-23,Payment Failed,22.53
2927,1749,2024-07-08,Refund Issue,25.73
2928,3040,2024-04-04,App Crash,29.68
2929,1478,2024-08-08,Refund Issue,50.8
2930,3420,2024-05-13,Payment Failed,8.69
2931,272,2024-05-25,Refund Issue,44.55
2932,3621,2024-06-25,Late Delivery,55.99
2933,1857,2024-12-15,Refund Issue,19.95
2934,3954,2024-12-03,App Crash,33.94
2935,2791,2024-09-13,Late Delivery,43.46
2936,4506,2025-01-13,Wrong Item,22.7
2937,2892,2024-11-20,Late Delivery,35.2
2938,1511,2024-03-14,Refund Issue,70.93
2939,3961,2024-11-02,Late Delivery,8.24
2940,111,2024-07-31,App Crash,15.26
2941,858,2025-01-13,Refund Issue,16.94
2942,333,2024-11-01,App Crash,35.42
2943,2539,2024-05-26,Wrong Item,45.24
2944,824,2025-01-07,Wrong Item,50.92
2945,2645,2024-07-07,Late Delivery,28.74
2946,322,2024-05-11,Payment Failed,62.79
2947,4558,2024-02-14,Wrong Item,70.99
2948,3758,2024-12-03,Wrong Item,37.62
2949,3400,2024-12-10,Refund Issue,11.3
2950,222,2024-10-20,Refund Issue,8.93
2951,2026,2024-02-28,Refund Issue,54.95
2952,1585,2024-04-22,Late Delivery,31.11
2953,2093,2025-01-08,Late Delivery,54.82
2954,2686,2024-08-25,App Crash,42.89
2955,749,2024-10-12,Payment Failed,39.39
2956,2016,2024-01-23,Wrong Item,26.91
2957,293,2024-05-10,App Crash,46.17
2958,286,2024-10-31,Late Delivery,33.54
2959,4704,2024-09-16,App Crash,34.38
2960,3199,2024-09-05,Wrong Item,26.71
2961,1800,2024-08-07,Payment Failed,54.9
2962,4711,2024-03-10,Late Delivery,66.48
2963,582,2024-01-11,Wrong Item,21.63
2964,773,2024-11-04,Wrong Item,44.39
2965,3324,2024-04-06,Payment Failed,48.53
2966,1056,2024-10-07,Payment Failed,8.12
2967,4712,2024-04-08,App Crash,37.2
2968,3263,2024-08-15,Wrong Item,24.43
2969,4604,2024-05-06,App Crash,9.31
2970,4466,2024-10-31,Late Delivery,21.53
2971,4804,2024-07-19,Refund Issue,27.53
2972,810,2024-06-15,App Crash,65.64
2973,3982,2025-01-11,App Crash,27.16
2974,2788,2024-03-25,App Crash,7.93
2975,4458,2024-06-08,Refund Issue,70.6
2976,4650,2024-03-29,Payment Failed,4.24
2977,4867,2024-08-31,Refund Issue,53.43
2978,2062,2024-12-09,Payment Failed,27.3
2979,4423,2024-08-01,Refund Issue,55.27
2980,2526,2024-01-02,App Crash,40.45
2981,236,2024-12-26,Refund Issue,49.22
2982,3647,2024-09-05,Late Delivery,36.62
2983,2892,2024-05-24,Payment Failed,34.19
2984,842,2024-12-03,App Crash,13.21
2985,2112,2024-12-12,Late Delivery,37.4
2986,2195,2024-03-02,Late Delivery,64.01
2987,432,2024-06-08,App Crash,36.11
2988,233,2024-08-11,Late Delivery,30.4
2989,2073,2024-05-13,Payment Failed,21.96
2990,243,2025-01-25,App Crash,27.64
2991,1889,2024-05-18,Late Delivery,56.39
2992,3987,2024-01-02,Refund Issue,21.98
2993,4534,2024-03-28,Wrong Item,71.38
2994,356,2024-08-10,Refund Issue,63.5
2995,1238,2024-12-21,Refund Issue,68.04
2996,1066,2024-03-04,Payment Failed,8.54
2997,1421,2024-04-07,Payment Failed,31.53
2998,3531,2024-06-29,Refund Issue,16.14
2999,3985,2024-04-07,Payment Failed,3.01
3000,2680,2024-05-24,App Crash,44.98
3001,4592,2024-03-20,Refund Issue,53.98
3002,3349,2024-06-15,App Crash,3.97
3003,2823,2024-06-29,Wrong Item,52.58
3004,3564,2024-06-23,Wrong Item,56.15
3005,914,2024-07-16,App Crash,51.18
3006,955,2024-02-14,Late Delivery,29.73
3007,2865,2024-10-12,Payment Failed,64.89
3008,1395,2024-04-11,Refund Issue,14.15
3009,1812,2024-03-14,Late Delivery,1.83
3010,4028,2024-08-08,App Crash,1.51
3011,2360,2025-01-03,Refund Issue,8.92
3012,4969,2024-03-19,Late Delivery,21.65
3013,354,2024-02-15,App Crash,24.48
3014,2340,2024-04-16,Late Delivery,18.59
3015,1077,2024-09-30,Refund Issue,2.59
3016,283,2024-05-10,Late Delivery,8.49
3017,2113,2024-03-03,Payment Failed,48.92
3018,1241,2024-12-18,Payment Failed,21.47
3019,4707,2024-07-03,Payment Failed,8.44
3020,225,2024-06-25,Late Delivery,31.24
3021,3973,2024-02-07,Refund Issue,38.02
3022,3562,2024-01-05,Payment Failed,21.18
3023,1632,2024-10-21,Payment Failed,51.83
3024,3712,2024-12-07,Wrong Item,17.88
3025,2759,2024-06-29,Payment Failed,67.11
3026,3629,2024-05-19,App Crash,38.13
3027,789,2024-03-08,Wrong Item,19.7
3028,1880,2024-11-17,Late Delivery,66.21
3029,4100,2024-07-04,Payment Failed,4.09
3030,4961,2025-01-30,Late Delivery,59.29
3031,4718,2024-03-13,App Crash,50.44
3032,2385,2024-09-03,App Crash,31.42
3033,1945,2024-06-22,Late Delivery,9.84
3034,93,2024-01-04,Payment Failed,49.07
3035,2970,2024-07-07,Refund Issue,26.5
3036,3758,2024-07-24,Payment Failed,37.09
3037,1968,2024-10-04,Payment Failed,26.02
3038,1487,2024-09-14,Refund Issue,1.63
3039,1864,2024-11-22,App Crash,59.22
3040,4756,2024-02-01,Late Delivery,8.85
3041,2078,2024-09-18,Payment Failed,60.56
3042,4673,2024-05-20,Payment Failed,47.39
3043,944,2024-11-27,Wrong Item,43.8
3044,2309,2024-09-26,Wrong Item,7.38
3045,3826,2024-03-29,Late Delivery,51.11
3046,1233,2024-12-22,App Crash,38.07
3047,1065,2024-01-07,Wrong Item,55.33
3048,466,2024-08-12,App Crash,40.0
3049,1540,2024-03-21,App Crash,40.25
3050,4076,2024-08-29,Wrong Item,19.16
3051,3164,2024-02-06,Payment Failed,17.55
3052,1968,2024-03-18,Payment Failed,24.97
3053,377,2024-07-19,Wrong Item,22.77
3054,351,2024-04-06,Wrong Item,68.87
3055,3126,2024-04-15,Payment Failed,6.01
3056,4390,2024-06-06,Late Delivery,53.3
3057,1437,2024-01-17,App Crash,17.44
3058,536,2024-12-20,App Crash,4.55
3059,3914,2024-12-05,Late Delivery,36.22
3060,3987,2024-04-04,Wrong Item,70.04
3061,1744,2024-12-02,Late Delivery,7.98
3062,1390,2024-11-12,Late Delivery,54.04
3063,379,2024-04-18,Wrong Item,52.55
3064,14,2024-09-07,Wrong Item,26.02
3065,1903,2024-09-28,App Crash,9.98
3066,2734,2024-02-23,Late Delivery,68.11
3067,3910,2025-01-10,Wrong Item,13.47
3068,3921,2024-05-07,App Crash,4.29
3069,3281,2024-03-18,Late Delivery,25.54
3070,4220,2024-07-27,Refund Issue,12.12
3071,2492,2024-08-28,Refund Issue,43.23
3072,2813,2024-03-22,App Crash,55.35
3073,4070,2024-08-19,Wrong Item,58.33
3074,278,2024-05-06,Refund Issue,13.93
3075,2514,2024-05-04,Payment Failed,11.29
3076,4542,2024-03-20,Wrong Item,67.04
3077,1083,2024-07-28,Late Delivery,67.86
3078,1611,2024-03-05,Late Delivery,64.47
3079,915,2024-08-17,Late Delivery,32.29
3080,2717,2024-08-16,Late Delivery,17.01
3081,283,2025-01-04,App Crash,67.89
3082,4846,2024-08-07,App Crash,10.08
3083,627,2024-08-12,Payment Failed,36.45
3084,1752,2024-05-29,Wrong Item,58.21
3085,2307,2024-08-10,Wrong Item,6.7
3086,2823,2024-11-10,App Crash,66.63
3087,4115,2024-06-20,Wrong Item,29.78
3088,1152,2024-09-16,App Crash,32.04
3089,2126,2024-09-17,Wrong Item,30.79
3090,446,2024-03-04,Refund Issue,55.6
3091,4290,2024-10-24,Payment Failed,47.14
3092,3204,2024-11-20,Wrong Item,55.53
3093,2453,2024-05-29,App Crash,10.5
3094,1196,2025-01-25,Payment Failed,43.95
3095,3930,2024-07-16,Wrong Item,10.96
3096,140,2024-10-02,Late Delivery,36.49
3097,2006,2024-08-16,Refund Issue,6.13
3098,243,2024-11-23,Refund Issue,32.38
3099,2400,2024-12-27,Payment Failed,60.27
3100,3424,2024-08-22,App Crash,49.07
3101,3139,2025-01-20,Late Delivery,25.19
3102,1589,2024-05-30,Refund Issue,24.33
3103,518,2024-10-25,App Crash,41.21
3104,3221,2024-12-17,Refund Issue,55.95
3105,3986,2024-03-18,Late Delivery,1.2
3106,3653,2024-10-21,Wrong Item,54.05
3107,1161,2024-05-28,Payment Failed,49.78
3108,2520,2024-05-17,Refund Issue,46.13
3109,1800,2024-11-06,Wrong Item,15.61
3110,4913,2024-11-08,App Crash,25.99
3111,4262,2024-04-09,Late Delivery,7.03
3112,1916,2024-02-07,Refund Issue,26.59
3113,2458,2024-04-13,Payment Failed,69.98
3114,3243,2024-08-01,Late Delivery,51.36
3115,3635,2024-09-07,Wrong Item,29.77
3116,4005,2024-06-26,Wrong Item,36.84
3117,818,2024-11-22,Wrong Item,52.87
3118,1506,2024-09-10,Payment Failed,11.66
3119,4532,2024-03-21,Late Delivery,52.87
3120,1275,2025-01-07,Refund Issue,55.3
3121,2915,2025-01-19,Late Delivery,69.55
3122,3172,2024-07-25,Refund Issue,70.5
3123,1724,2024-07-28,Wrong Item,27.9
3124,1357,2024-09-15,Late Delivery,21.94
3125,3184,2024-05-13,App Crash,69.01
3126,4490,2024-12-29,Wrong Item,13.72
3127,4282,2024-11-05,Payment Failed,49.92
3128,465,2024-01-03,Payment Failed,43.49
3129,2820,2024-12-17,App Crash,69.76
3130,29,2024-06-18,Payment Failed,20.83
3131,3021,2024-04-27,Refund Issue,35.96
3132,4421,2024-07-26,Payment Failed,9.91
3133,587,2024-11-28,App Crash,39.73
3134,4098,2024-08-04,App Crash,49.75
3135,1656,2024-08-12,Late Delivery,68.2
3136,3821,2024-11-26,Refund Issue,37.29
3137,727,2024-09-13,Refund Issue,54.62
3138,3033,2024-04-17,Late Delivery,35.92
3139,2736,2025-01-25,Refund Issue,32.54
3140,407,2024-04-05,Late Delivery,9.98
3141,1893,2024-01-17,Late Delivery,68.02
3142,4436,2024-04-07,App Crash,46.54
3143,409,2024-02-08,Payment Failed,53.86
3144,4495,2024-07-22,Late Delivery,69.3
3145,2555,2024-03-04,Payment Failed,22.5
3146,4891,2024-12-31,Payment Failed,5.3
3147,4972,2024-12-30,Refund Issue,26.2
3148,4882,2024-04-15,Payment Failed,68.27
3149,2789,2024-02-24,Wrong Item,11.34
3150,582,2024-09-04,Payment Failed,18.01
3151,2107,2024-08-18,Late Delivery,38.17
3152,935,2024-11-01,Late Delivery,59.57
3153,1153,2024-01-08,Payment Failed,56.67
3154,4014,2024-06-23,Wrong Item,10.15
3155,2968,2024-05-04,Late Delivery,53.79
3156,3711,2024-06-03,Wrong Item,43.4
3157,126,2024-01-22,Payment Failed,62.18
3158,4190,2024-04-16,Wrong Item,47.39
3159,3769,2024-10-10,Refund Issue,60.5
3160,568,2024-12-14,Payment Failed,8.37
3161,852,2024-09-30,App Crash,5.85
3162,1996,2024-04-23,Payment Failed,10.72
3163,3384,2024-04-06,Payment Failed,3.99
3164,530,2024-04-12,Wrong Item,66.33
3165,4160,2024-02-22,Refund Issue,58.16
3166,2559,2024-11-30,Refund Issue,65.19
3167,2310,2024-06-12,Wrong Item,50.15
3168,2202,2024-12-06,Payment Failed,56.73
3169,2140,2025-01-07,Wrong Item,38.42
3170,434,2024-02-19,Refund Issue,1.68
3171,3684,2024-09-19,Wrong Item,8.63
3172,3068,2024-01-09,Late Delivery,67.81
3173,1066,2024-02-23,Payment Failed,2.47
3174,2822,2024-07-22,Refund Issue,57.04
3175,4656,2024-07-25,Payment Failed,6.22
3176,1032,2024-05-23,Wrong Item,60.11
3177,4042,2024-10-03,Late Delivery,6.92
3178,915,2024-01-06,Wrong Item,41.06
3179,602,2024-03-21,Payment Failed,31.98
3180,1835,2024-05-07,App Crash,19.95
3181,1098,2024-08-04,Payment Failed,44.44
3182,4498,2024-03-10,Late Delivery,10.02
3183,4440,2024-10-02,Payment Failed,40.3
3184,893,2024-01-30,Wrong Item,38.94
3185,1274,2024-03-02,Refund Issue,69.7
3186,822,2024-11-01,Payment Failed,42.96
3187,2576,2024-04-23,Refund Issue,44.89
3188,3814,2024-09-13,Payment Failed,67.66
3189,195,2024-09-27,App Crash,41.24
3190,1026,2024-12-20,Payment Failed,70.53
3191,4810,2025-01-12,Payment Failed,57.85
3192,2388,2024-11-10,Payment Failed,63.32
3193,3291,2024-11-25,Refund Issue,71.49
3194,3862,2024-07-06,App Crash,47.54
3195,4552,2024-04-09,App Crash,16.29
3196,2108,2024-02-06,Late Delivery,18.51
3197,4264,2024-02-26,Late Delivery,46.81
3198,3901,2024-06-30,Wrong Item,10.35
3199,1504,2024-05-21,Refund Issue,40.11
3200,1835,2025-01-31,Wrong Item,64.96
3201,1543,2024-12-08,Wrong Item,4.55
3202,3760,2024-05-03,Payment Failed,67.51
3203,204,2024-10-15,Late Delivery,13.57
3204,1503,2024-09-04,Refund Issue,14.02
3205,4519,2024-10-05,App Crash,54.07
3206,4899,2024-02-18,Wrong Item,67.27
3207,2812,2024-07-03,Refund Issue,52.91
3208,1367,2024-09-05,App Crash,29.7
3209,1642,2024-05-05,Payment Failed,65.96
3210,4805,2024-05-13,App Crash,47.48
3211,3907,2024-02-14,App Crash,65.26
3212,295,2024-06-11,Late Delivery,45.23
3213,1801,2024-10-23,Late Delivery,25.65
3214,4184,2024-02-13,Late Delivery,18.0
3215,4940,2024-01-12,Payment Failed,12.59
3216,2370,2024-12-10,App Crash,62.23
3217,2920,2024-07-12,App Crash,23.6
3218,913,2025-01-31,Late Delivery,49.26
3219,3581,2024-08-06,Late Delivery,50.79
3220,805,2024-01-07,Wrong Item,58.22
3221,1261,2024-09-13,Late Delivery,8.11
3222,2448,2024-08-03,Refund Issue,2.73
3223,2365,2024-04-03,App Crash,23.19
3224,2191,2024-04-30,App Crash,53.3
3225,220,2025-01-01,App Crash,17.73
3226,1925,2024-07-13,Refund Issue,1.79
3227,4000,2024-06-29,Late Delivery,37.24
3228,3113,2024-01-31,Late Delivery,28.44
3229,4408,2024-05-28,Late Delivery,60.84
3230,675,2024-07-22,Late Delivery,57.13
3231,3101,2024-01-20,Refund Issue,63.63
3232,4399,2024-03-13,Late Delivery,30.84
3233,3665,2024-07-29,Late Delivery,38.51
3234,3777,2024-11-30,Refund Issue,66.49
3235,3234,2024-03-30,Refund Issue,39.52
3236,3144,2024-03-14,App Crash,47.45
3237,1059,2024-06-08,Payment Failed,63.19
3238,2449,2024-09-10,App Crash,53.29
3239,4328,2024-10-09,Payment Failed,32.95
3240,4025,2024-11-23,Wrong Item,54.4
3241,3980,2024-11-05,Refund Issue,39.24
3242,4096,2024-03-08,Wrong Item,67.25
3243,1794,2024-03-15,App Crash,54.51
3244,1737,2024-06-21,Refund Issue,5.59
3245,3073,2024-02-23,Wrong Item,62.21
3246,4271,2024-11-22,Refund Issue,60.99
3247,2588,2024-10-08,Late Delivery,40.64
3248,1801,2024-12-22,App Crash,24.86
3249,1376,2024-03-15,Late Delivery,43.34
3250,4309,2024-08-06,Refund Issue,61.41
3251,3017,2024-11-24,Refund Issue,47.15
3252,3407,2024-02-20,Late Delivery,24.18
3253,3306,2024-05-05,Refund Issue,12.01
3254,2819,2024-06-21,Refund Issue,11.01
3255,4785,2024-01-23,Payment Failed,6.65
3256,4879,2024-07-31,App Crash,55.29
3257,1641,2024-03-05,Late Delivery,1.11
3258,1143,2024-02-03,Payment Failed,58.83
3259,4247,2024-01-31,Late Delivery,26.08
3260,462,2024-09-28,Wrong Item,22.1
3261,823,2024-05-28,Payment Failed,43.16
3262,138,2024-01-17,Wrong Item,64.1
3263,3097,2024-02-09,Wrong Item,66.12
3264,4130,2024-06-14,Late Delivery,43.29
3265,943,2024-09-02,App Crash,69.78
3266,2558,2024-11-10,Payment Failed,25.16
3267,1348,2024-10-24,Refund Issue,19.3
3268,1828,2024-09-11,Payment Failed,52.31
3269,1877,2024-11-29,App Crash,4.87
3270,4333,2024-01-10,App Crash,11.14
3271,1891,2024-07-21,Refund Issue,36.12
3272,4278,2024-03-10,Refund Issue,42.55
3273,3441,2024-12-29,Late Delivery,52.57
3274,1742,2024-11-10,Payment Failed,53.2
3275,1993,2024-09-25,Payment Failed,63.51
3276,4430,2024-02-02,Wrong Item,30.32
3277,586,2024-01-20,Refund Issue,25.62
3278,3425,2024-10-15,Late Delivery,34.14
3279,388,2024-11-09,Payment Failed,45.32
3280,456,2024-09-01,App Crash,66.8
3281,794,2024-11-24,Late Delivery,41.24
3282,4045,2024-06-30,App Crash,36.25
3283,707,2024-04-04,Payment Failed,12.34
3284,605,2024-08-04,Payment Failed,29.11
3285,2966,2024-09-28,Wrong Item,35.8
3286,2184,2024-07-21,Refund Issue,55.01
3287,4105,2024-08-02,App Crash,32.69
3288,2896,2024-07-10,Payment Failed,28.38
3289,3670,2024-01-26,Payment Failed,5.44
3290,14,2024-09-30,App Crash,43.65
3291,2248,2024-04-19,Wrong Item,62.35
3292,2689,2024-08-02,Payment Failed,7.38
3293,1030,2024-10-09,App Crash,17.75
3294,1053,2024-02-17,Late Delivery,47.46
3295,4883,2025-01-25,Payment Failed,32.29
3296,4252,2024-07-19,App Crash,68.57
3297,4870,2024-10-12,Payment Failed,62.07
3298,106,2024-12-10,Payment Failed,26.86
3299,3982,2024-03-24,App Crash,32.03
3300,1458,2024-02-28,Wrong Item,37.96
3301,2758,2024-05-28,Payment Failed,51.68
3302,560,2024-01-22,Late Delivery,37.42
3303,2388,2024-08-14,App Crash,19.83
3304,2798,2024-04-25,App Crash,19.08
3305,3353,2024-08-29,Refund Issue,50.13
3306,554,2024-04-10,Payment Failed,46.15
3307,4089,2024-01-28,Wrong Item,48.07
3308,2122,2024-09-26,App Crash,54.82
3309,4341,2024-12-17,Wrong Item,50.37
3310,1862,2024-08-20,App Crash,54.38
3311,4803,2024-02-12,Payment Failed,60.97
3312,3872,2024-05-23,App Crash,39.47
3313,1259,2025-01-21,Wrong Item,71.25
3314,1228,2024-04-11,Late Delivery,69.34
3315,854,2024-10-23,Late Delivery,38.61
3316,2571,2024-01-10,Payment Failed,64.69
3317,587,2024-04-09,App Crash,12.72
3318,2711,2024-11-12,Payment Failed,37.64
3319,1135,2024-01-06,App Crash,9.28
3320,2293,2024-11-04,Payment Failed,63.86
3321,2791,2024-03-20,Payment Failed,21.3
3322,783,2024-01-14,Payment Failed,33.75
3323,1042,2024-01-27,Late Delivery,15.82
3324,2744,2024-06-23,Refund Issue,51.82
3325,2986,2025-01-13,Refund Issue,51.32
3326,2483,2024-12-06,Refund Issue,66.04
3327,419,2024-07-19,Payment Failed,55.61
3328,3242,2024-03-31,Wrong Item,41.3
3329,173,2024-07-22,Payment Failed,51.54
3330,2465,2024-01-21,App Crash,10.57
3331,3172,2024-09-03,Payment Failed,48.36
3332,3347,2024-01-04,Late Delivery,30.67
3333,1254,2024-11-19,Refund Issue,60.33
3334,1523,2024-03-31,Refund Issue,64.64
3335,526,2024-11-29,Late Delivery,22.89
3336,2477,2024-05-25,Refund Issue,38.35
3337,4579,2024-09-09,Payment Failed,52.53
3338,1279,2024-05-26,App Crash,13.67
3339,4545,2024-09-19,Late Delivery,4.51
3340,3134,2024-06-16,App Crash,33.08
3341,164,2024-11-30,App Crash,60.17
3342,133,2024-08-17,Refund Issue,53.94
3343,2279,2024-11-15,Refund Issue,67.44
3344,3381,2024-09-24,Late Delivery,45.94
3345,2761,2025-01-01,App Crash,57.45
3346,1957,2024-09-30,Wrong Item,56.19
3347,297,2024-09-28,App Crash,58.13
3348,737,2024-11-11,App Crash,67.39
3349,4959,2024-03-28,Wrong Item,13.16
3350,412,2024-02-02,Refund Issue,13.04
3351,3692,2024-04-28,Wrong Item,12.75
3352,314,2024-03-27,App Crash,23.27
3353,1531,2024-08-24,App Crash,68.55
3354,4006,2024-04-26,Refund Issue,21.52
3355,3540,2024-09-29,Late Delivery,1.69
3356,2793,2024-03-01,App Crash,68.39
3357,3309,2024-06-18,Wrong Item,54.64
3358,1869,2024-03-30,Wrong Item,6.15
3359,3005,2024-03-19,App Crash,40.54
3360,3571,2024-11-01,Refund Issue,2.84
3361,142,2024-04-16,Refund Issue,2.39
3362,3306,2024-03-29,Late Delivery,44.14
3363,841,2024-03-10,Wrong Item,5.15
3364,2973,2024-10-21,Wrong Item,53.21
3365,677,2024-08-20,Late Delivery,46.71
3366,3927,2024-12-09,Wrong Item,7.66
3367,1758,2024-12-13,App Crash,4.5
3368,572,2024-03-30,Refund Issue,14.31
3369,1861,2025-01-29,App Crash,45.44
3370,2428,2024-06-16,Wrong Item,69.05
3371,410,2024-05-11,App Crash,59.72
3372,1644,2024-01-20,Late Delivery,56.07
3373,2323,2024-02-27,Refund Issue,43.62
3374,1082,2024-05-31,App Crash,37.2
3375,3103,2024-10-30,Refund Issue,44.29
3376,1376,2024-12-09,Wrong Item,40.02
3377,3645,2024-12-12,Payment Failed,70.22
3378,1177,2024-05-07,Wrong Item,3.95
3379,3963,2024-10-08,Payment Failed,13.92
3380,2493,2024-12-16,Payment Failed,13.76
3381,3271,2024-05-31,Refund Issue,50.52
3382,390,2024-09-07,Wrong Item,29.2
3383,4266,2025-01-29,Refund Issue,65.49
3384,3726,2024-07-07,Late Delivery,51.49
3385,2937,2024-05-29,Refund Issue,38.21
3386,3544,2024-04-30,Refund Issue,16.48
3387,890,2024-11-24,Refund Issue,57.45
3388,2734,2024-02-13,Wrong Item,31.01
3389,1560,2024-09-16,Payment Failed,48.71
3390,430,2024-10-01,Late Delivery,21.06
3391,4317,2024-07-24,Late Delivery,59.16
3392,1157,2024-06-08,Refund Issue,47.48
3393,4732,2024-07-03,Wrong Item,35.1
3394,3001,2024-11-03,App Crash,23.83
3395,3131,2024-05-17,Payment Failed,2.28
3396,2216,2024-08-20,Payment Failed,11.42
3397,3981,2024-10-06,App Crash,17.36
3398,2248,2024-01-27,Payment Failed,70.94
3399,3114,2024-01-30,Refund Issue,34.67
3400,824,2024-08-31,Payment Failed,26.64
3401,1701,2024-11-18,Late Delivery,14.69
3402,3583,2024-10-20,Late Delivery,66.81
3403,4445,2024-03-29,Wrong Item,32.22
3404,2372,2025-01-12,Late Delivery,57.8
3405,2099,2024-05-18,Payment Failed,60.18
3406,4257,2025-01-20,App Crash,63.49
3407,2260,2024-08-07,Refund Issue,16.56
3408,4328,2024-04-20,Wrong Item,39.19
3409,4748,2024-07-23,App Crash,15.6
3410,1476,2024-07-29,Payment Failed,54.21
3411,3735,2024-11-02,Wrong Item,13.91
3412,2399,2024-09-24,Late Delivery,43.99
3413,533,2024-05-03,Late Delivery,59.7
3414,3020,2024-09-01,Payment Failed,44.59
3415,1269,2024-06-28,Refund Issue,1.05
3416,1825,2024-07-03,Refund Issue,63.17
3417,1760,2024-11-22,Refund Issue,62.48
3418,3732,2024-11-28,App Crash,2.53
3419,667,2024-07-06,App Crash,63.91
3420,3609,2024-11-27,Wrong Item,37.88
3421,3381,2024-01-09,Wrong Item,33.09
3422,3453,2024-05-23,Wrong Item,16.34
3423,2444,2024-06-21,Wrong Item,69.42
3424,2225,2024-10-05,Late Delivery,19.03
3425,861,2024-05-04,Payment Failed,25.25
3426,1263,2024-10-03,Wrong Item,26.99
3427,1124,2024-09-09,Wrong Item,51.94
3428,3613,2024-07-03,Wrong Item,54.07
3429,3747,2024-01-20,Payment Failed,51.68
3430,189,2024-01-07,Refund Issue,9.58
3431,4491,2025-01-14,App Crash,10.35
3432,3549,2024-09-12,Payment Failed,47.23
3433,2976,2025-01-17,Wrong Item,71.35
3434,225,2024-08-25,Payment Failed,37.08
3435,1500,2024-01-17,Refund Issue,59.74
3436,1333,2024-11-11,Late Delivery,11.02
3437,1722,2024-10-24,Late Delivery,57.4
3438,3514,2024-01-28,Payment Failed,30.2
3439,415,2025-01-09,Payment Failed,36.99
3440,1799,2024-04-06,Wrong Item,40.56
3441,3931,2024-02-29,Payment Failed,66.83
3442,649,2024-08-15,Refund Issue,64.05
3443,1300,2024-03-15,Payment Failed,28.25
3444,1287,2024-02-18,Late Delivery,18.04
3445,1056,2024-11-18,Refund Issue,48.89
3446,3263,2024-02-09,Wrong Item,59.57
3447,4449,2024-04-26,Late Delivery,17.34
3448,3526,2025-01-27,Late Delivery,26.87
3449,890,2024-07-04,Payment Failed,3.29
3450,3858,2024-10-27,Late Delivery,2.16
3451,4359,2024-12-27,Late Delivery,30.77
3452,128,2024-09-13,Wrong Item,38.98
3453,3265,2024-01-02,Refund Issue,52.9
3454,4812,2024-05-24,App Crash,28.13
3455,2506,2024-04-08,Payment Failed,51.17
3456,2033,2024-04-17,Refund Issue,65.23
3457,88,2024-05-01,Refund Issue,28.41
3458,4534,2024-02-26,Wrong Item,23.79
3459,4202,2025-01-22,Payment Failed,20.48
3460,2424,2024-07-10,App Crash,53.28
3461,4578,2024-12-10,Late Delivery,35.46
3462,4215,2024-08-03,Late Delivery,29.45
3463,4349,2024-10-24,App Crash,67.33
3464,4523,2024-08-03,Payment Failed,59.29
3465,4316,2024-05-15,Refund Issue,12.89
3466,4951,2024-01-10,Payment Failed,47.28
3467,4156,2024-02-29,Payment Failed,37.3
3468,1698,2024-01-25,Refund Issue,70.29
3469,3160,2024-02-12,Late Delivery,41.46
3470,4403,2024-06-08,Payment Failed,20.52
3471,2495,2024-07-26,Payment Failed,17.65
3472,4152,2024-01-16,Wrong Item,56.72
3473,1511,2024-02-16,Wrong Item,34.4
3474,4896,2024-11-12,App Crash,23.44
3475,2786,2024-12-12,App Crash,71.2
3476,661,2024-04-12,Refund Issue,69.16
3477,4705,2024-04-16,Late Delivery,43.34
3478,1338,2024-06-16,App Crash,58.29
3479,2477,2024-04-05,Refund Issue,15.02
3480,2802,2024-01-04,App Crash,62.11
3481,4974,2024-08-10,Wrong Item,10.65
3482,3949,2024-03-26,Late Delivery,4.0
3483,1024,2024-03-30,Wrong Item,57.13
3484,4398,2024-07-15,Late Delivery,53.17
3485,3618,2024-01-28,Late Delivery,8.85
3486,2431,2024-12-17,Late Delivery,20.9
3487,2031,2024-10-17,Payment Failed,26.2
3488,2442,2024-04-16,Late Delivery,32.31
3489,3367,2024-02-09,App Crash,17.87
3490,2859,2024-07-17,Payment Failed,29.34
3491,4747,2025-01-15,Late Delivery,12.91
3492,3480,2024-05-21,Wrong Item,50.93
3493,1805,2024-03-07,Payment Failed,66.17
3494,1319,2025-01-24,App Crash,48.9
3495,1196,2024-07-16,Payment Failed,64.63
3496,3656,2024-07-23,App Crash,12.07
3497,2931,2024-04-26,App Crash,21.19
3498,1982,2024-04-28,App Crash,65.03
3499,442,2024-02-29,Wrong Item,48.44
3500,3785,2024-07-13,Payment Failed,17.75
3501,2666,2024-02-18,Wrong Item,51.06
3502,31,2024-05-29,App Crash,63.38
3503,3209,2024-01-27,Refund Issue,59.52
3504,2426,2024-10-08,App Crash,21.03
3505,2361,2024-03-20,Refund Issue,57.75
3506,1487,2024-04-07,App Crash,17.69
3507,4985,2024-02-23,Refund Issue,52.62
3508,2271,2024-01-04,App Crash,19.22
3509,1959,2024-02-02,Refund Issue,38.93
3510,1589,2024-08-31,Wrong Item,27.88
3511,1595,2024-02-13,App Crash,23.79
3512,957,2024-12-19,Wrong Item,51.49
3513,2995,2024-08-17,Refund Issue,47.12
3514,407,2024-03-02,App Crash,58.5
3515,3983,2024-11-04,Wrong Item,16.91
3516,4201,2024-10-25,App Crash,63.09
3517,225,2024-05-31,App Crash,63.54
3518,879,2024-06-11,App Crash,70.98
3519,807,2024-08-26,App Crash,23.63
3520,194,2025-01-13,Payment Failed,56.48
3521,3090,2024-05-08,Payment Failed,39.67
3522,4567,2024-01-24,Refund Issue,29.15
3523,4274,2024-06-20,App Crash,10.33
3524,1048,2025-01-25,App Crash,9.98
3525,2257,2024-02-26,App Crash,64.1
3526,2698,2024-11-05,Payment Failed,14.17
3527,2383,2024-12-06,Late Delivery,26.36
3528,2061,2024-11-22,App Crash,23.81
3529,3066,2024-10-20,Payment Failed,64.15
3530,1830,2024-07-04,Late Delivery,56.93
3531,800,2024-01-15,Refund Issue,35.0
3532,3640,2024-10-10,Late Delivery,1.44
3533,1027,2024-02-07,Payment Failed,3.89
3534,4637,2024-11-02,Wrong Item,70.29
3535,1518,2024-12-29,Payment Failed,10.12
3536,3020,2024-01-06,Payment Failed,47.48
3537,2613,2024-01-03,App Crash,57.13
3538,2530,2025-01-22,Refund Issue,68.48
3539,539,2024-06-19,App Crash,58.63
3540,2193,2024-07-30,App Crash,65.3
3541,1820,2025-01-29,App Crash,62.53
3542,3330,2024-08-13,Wrong Item,27.37
3543,4508,2024-04-29,Wrong Item,31.74
3544,1545,2024-11-22,Late Delivery,38.65
3545,1232,2024-07-02,App Crash,16.3
3546,279,2024-03-21,Wrong Item,5.07
3547,1395,2024-08-01,Late Delivery,71.72
3548,2694,2024-04-25,App Crash,7.59
3549,4324,2024-07-05,Wrong Item,10.56
3550,30,2024-11-02,Late Delivery,54.29
3551,1560,2024-07-07,Wrong Item,54.65
3552,1035,2024-02-14,App Crash,68.71
3553,4065,2024-08-29,Late Delivery,31.42
3554,4597,2024-08-09,Wrong Item,48.04
3555,4453,2024-05-02,App Crash,1.83
3556,2249,2024-07-04,Refund Issue,39.34
3557,1849,2024-04-03,App Crash,4.85
3558,2367,2024-05-15,Late Delivery,21.42
3559,3499,2024-02-26,Late Delivery,14.88
3560,2319,2024-05-02,App Crash,49.2
3561,3470,2024-11-29,Late Delivery,38.2
3562,2631,2024-01-15,Wrong Item,19.99
3563,1060,2024-03-17,Payment Failed,11.52
3564,2028,2024-12-26,Late Delivery,32.25
3565,371,2024-04-05,App Crash,13.54
3566,4542,2024-09-26,Wrong Item,4.0
3567,1485,2025-01-22,App Crash,44.75
3568,4088,2024-07-11,Payment Failed,13.09
3569,3655,2024-09-02,App Crash,49.19
3570,67,2024-02-20,App Crash,1.56
3571,2142,2024-01-28,Payment Failed,59.57
3572,4785,2024-07-22,Wrong Item,13.95
3573,2193,2024-07-31,Payment Failed,9.48
3574,828,2024-06-16,App Crash,27.38
3575,1021,2025-01-15,Payment Failed,12.65
3576,3273,2024-08-04,Late Delivery,13.48
3577,3282,2024-01-12,App Crash,2.49
3578,3972,2024-03-27,Wrong Item,69.66
3579,1395,2024-05-30,Late Delivery,24.68
3580,3452,2024-10-24,Refund Issue,36.99
3581,2226,2024-03-26,App Crash,36.27
3582,2439,2024-04-08,Wrong Item,68.66
3583,462,2024-07-06,Refund Issue,14.92
3584,1227,2024-08-16,Refund Issue,30.33
3585,183,2024-08-13,Refund Issue,62.7
3586,3395,2024-08-15,Payment Failed,43.19
3587,4656,2024-05-27,Late Delivery,57.53
3588,4708,2024-02-11,Late Delivery,20.06
3589,4942,2024-12-06,Wrong Item,41.69
3590,260,2024-06-03,Refund Issue,46.52
3591,431,2024-10-23,Refund Issue,27.63
3592,4189,2024-01-23,Payment Failed,26.07
3593,2729,2024-07-07,Wrong Item,1.93
3594,4936,2024-08-29,Payment Failed,48.65
3595,4277,2024-02-13,Wrong Item,26.48
3596,3015,2024-09-12,Late Delivery,28.79
3597,1362,2024-06-21,Late Delivery,54.52
3598,1296,2024-04-08,Payment Failed,26.92
3599,2227,2024-03-18,App Crash,9.99
3600,1643,2024-03-06,App Crash,26.33
3601,4102,2024-12-31,Late Delivery,48.59
3602,4113,2024-09-10,App Crash,22.11
3603,4055,2024-12-15,Wrong Item,36.16
3604,1016,2024-11-15,App Crash,47.24
3605,973,2024-11-12,Refund Issue,58.79
3606,1626,2024-09-09,Refund Issue,14.29
3607,542,2024-12-21,Payment Failed,22.77
3608,2570,2024-12-12,Refund Issue,2.09
3609,4706,2025-01-28,Refund Issue,67.66
3610,2452,2024-06-27,Wrong Item,42.71
3611,1100,2024-03-24,Refund Issue,14.76
3612,4445,2024-07-20,Late Delivery,43.98
3613,4619,2024-03-03,Payment Failed,3.25
3614,4855,2024-06-10,Refund Issue,46.62
3615,3819,2024-09-26,App Crash,41.25
3616,505,2024-08-25,Refund Issue,38.38
3617,976,2024-09-24,App Crash,23.88
3618,3098,2024-11-15,Payment Failed,23.74
3619,1626,2024-12-26,Late Delivery,49.69
3620,302,2024-09-25,Refund Issue,10.9
3621,466,2024-10-31,Payment Failed,28.59
3622,3428,2024-12-31,Wrong Item,65.26
3623,1945,2024-02-29,Payment Failed,13.32
3624,367,2024-07-24,Wrong Item,50.36
3625,3585,2025-01-08,Late Delivery,4.4
3626,2537,2024-10-10,App Crash,20.07
3627,2906,2024-05-07,App Crash,26.13
3628,3472,2024-02-20,Payment Failed,69.2
3629,340,2024-09-01,Payment Failed,45.42
3630,3869,2024-02-24,Refund Issue,23.68
3631,280,2024-06-11,Late Delivery,63.2
3632,963,2024-02-28,App Crash,21.34
3633,557,2024-02-17,Wrong Item,1.76
3634,4698,2024-02-04,Late Delivery,20.59
3635,1290,2024-05-12,Refund Issue,8.8
3636,4811,2024-03-24,App Crash,56.43
3637,65,2025-01-05,Payment Failed,7.69
3638,3483,2024-05-14,App Crash,71.42
3639,3366,2024-02-29,Wrong Item,52.44
3640,1088,2024-03-21,Late Delivery,3.51
3641,1245,2024-05-29,App Crash,15.77
3642,3941,2024-12-25,Late Delivery,58.95
3643,4779,2024-09-13,Late Delivery,52.49
3644,535,2024-06-08,App Crash,67.8
3645,4163,2024-07-05,Payment Failed,26.13
3646,3918,2024-06-05,Late Delivery,24.2
3647,2970,2024-08-01,Payment Failed,25.88
3648,2723,2024-08-13,Refund Issue,45.98
3649,680,2024-04-21,Payment Failed,10.89
3650,606,2024-02-08,Late Delivery,58.49
3651,1692,2024-12-10,Refund Issue,50.77
3652,4275,2024-04-14,App Crash,60.5
3653,3365,2024-08-15,Late Delivery,62.14
3654,1646,2024-02-08,Wrong Item,33.65
3655,2638,2025-01-14,Refund Issue,16.22
3656,1698,2024-08-28,Payment Failed,45.57
3657,2049,2024-12-31,Wrong Item,62.21
3658,762,2024-05-15,Late Delivery,5.91
3659,3025,2024-02-17,Wrong Item,41.15
3660,4168,2024-10-20,App Crash,50.6
3661,3465,2024-01-01,Late Delivery,29.0
3662,2008,2024-12-15,Wrong Item,62.95
3663,4229,2024-07-28,Wrong Item,9.52
3664,3382,2024-07-24,Late Delivery,19.84
3665,2778,2024-11-01,Wrong Item,37.59
3666,964,2024-06-13,Late Delivery,53.85
3667,4439,2024-06-07,Payment Failed,69.11
3668,3371,2024-06-11,App Crash,28.9
3669,2255,2024-12-01,Wrong Item,51.61
3670,4981,2024-01-28,App Crash,25.95
3671,4527,2024-10-04,Refund Issue,47.26
3672,4420,2024-06-29,Refund Issue,58.24
3673,2611,2024-08-31,Late Delivery,23.97
3674,920,2025-01-14,Late Delivery,52.41
3675,4768,2024-01-03,App Crash,67.7
3676,76,2024-04-08,Late Delivery,58.13
3677,790,2024-05-10,Refund Issue,13.36
3678,2790,2024-01-04,Refund Issue,71.98
3679,1946,2024-03-03,Refund Issue,19.24
3680,2778,2024-11-28,Late Delivery,54.7
3681,4504,2024-02-16,Late Delivery,24.73
3682,3286,2024-09-09,App Crash,42.07
3683,435,2024-07-25,Payment Failed,70.39
3684,438,2024-02-15,Payment Failed,65.59
3685,4457,2024-08-24,Wrong Item,13.72
3686,1989,2024-01-15,Late Delivery,53.24
3687,1501,2024-07-17,Refund Issue,30.41
3688,4339,2024-02-23,Refund Issue,42.84
3689,4183,2024-04-15,Payment Failed,57.19
3690,1330,2024-11-28,App Crash,25.99
3691,3912,2024-01-19,Wrong Item,26.37
3692,2916,2024-02-28,Refund Issue,61.93
3693,4168,2024-02-23,Late Delivery,58.4
3694,3304,2024-12-10,Refund Issue,65.58
3695,106,2024-03-05,Wrong Item,60.19
3696,1765,2024-08-19,Payment Failed,9.49
3697,3353,2024-04-19,Wrong Item,8.92
3698,2351,2024-09-29,App Crash,65.4
3699,3623,2024-04-23,Wrong Item,32.66
3700,629,2024-02-16,Payment Failed,45.58
3701,4419,2024-12-06,Refund Issue,55.0
3702,2716,2024-09-24,Late Delivery,4.85
3703,3660,2024-11-19,Payment Failed,62.48
3704,1073,2024-11-28,Refund Issue,47.97
3705,1233,2024-02-14,App Crash,28.61
3706,1630,2024-08-20,Wrong Item,18.44
3707,1148,2024-03-24,App Crash,44.39
3708,1240,2024-01-16,App Crash,63.44
3709,1057,2024-05-05,Late Delivery,22.38
3710,1856,2024-06-11,Refund Issue,28.54
3711,4164,2024-08-28,Wrong Item,58.1
3712,896,2024-10-27,Refund Issue,12.92
3713,2862,2024-07-13,App Crash,48.11
3714,4426,2024-07-02,Payment Failed,62.96
3715,2538,2024-08-04,Wrong Item,40.2
3716,3120,2024-05-12,Wrong Item,32.88
3717,4383,2024-01-07,Payment Failed,9.16
3718,4914,2024-01-16,App Crash,29.21
3719,2854,2024-02-02,Late Delivery,60.59
3720,2487,2024-10-18,Late Delivery,42.3
3721,2842,2024-02-02,App Crash,4.4
3722,819,2024-12-06,Refund Issue,48.27
3723,1184,2025-01-31,App Crash,41.9
3724,426,2024-11-28,App Crash,14.99
3725,2759,2025-01-11,App Crash,46.9
3726,3391,2024-06-11,App Crash,43.0
3727,1616,2024-05-28,Payment Failed,48.3
3728,4823,2024-03-07,Payment Failed,32.76
3729,2052,2024-07-23,App Crash,69.73
3730,4382,2025-01-05,App Crash,63.88
3731,822,2024-01-30,Late Delivery,68.6
3732,3078,2024-12-29,App Crash,42.19
3733,3453,2024-08-12,Wrong Item,52.59
3734,1750,2024-10-10,Refund Issue,6.02
3735,1463,2024-03-17,Late Delivery,57.69
3736,3831,2024-05-28,Wrong Item,56.62
3737,2845,2024-02-08,Payment Failed,60.13
3738,2353,2024-03-03,Refund Issue,45.93
3739,2245,2024-08-03,Payment Failed,42.74
3740,1663,2024-05-23,Refund Issue,33.69
3741,321,2024-04-15,Payment Failed,56.82
3742,3923,2024-05-18,App Crash,56.05
3743,4720,2025-01-25,Late Delivery,58.92
3744,4055,2024-12-18,Refund Issue,53.39
3745,395,2024-03-29,App Crash,31.96
3746,1536,2024-06-04,Payment Failed,8.2
3747,4231,2024-12-04,Payment Failed,15.06
3748,2286,2024-12-28,Wrong Item,36.36
3749,3566,2024-02-05,Late Delivery,26.44
3750,2535,2024-03-03,Payment Failed,25.39
3751,1144,2024-05-09,Wrong Item,17.48
3752,1198,2024-08-30,Refund Issue,32.78
3753,2550,2024-06-11,Refund Issue,13.75
3754,2597,2024-05-29,App Crash,37.56
3755,2082,2024-12-03,App Crash,43.97
3756,949,2024-07-21,Refund Issue,41.73
3757,3374,2024-08-11,Wrong Item,65.19
3758,1186,2024-03-14,Late Delivery,18.02
3759,3092,2024-05-20,Refund Issue,56.52
3760,754,2025-01-20,Late Delivery,49.31
3761,4927,2024-09-27,Refund Issue,47.07
3762,2293,2024-03-15,Wrong Item,29.76
3763,2970,2024-03-05,Wrong Item,2.4
3764,926,2024-04-27,App Crash,34.83
3765,3029,2024-02-01,Wrong Item,46.13
3766,3126,2024-11-25,Late Delivery,28.4
3767,2672,2024-08-05,Payment Failed,28.5
3768,3576,2024-05-30,App Crash,38.6
3769,503,2024-03-05,Wrong Item,11.69
3770,3737,2025-01-15,App Crash,66.24
3771,2204,2024-02-07,Payment Failed,30.09
3772,2453,2024-02-10,App Crash,34.59
3773,2336,2024-08-04,Refund Issue,20.39
3774,986,2024-09-18,Refund Issue,14.61
3775,2781,2024-05-13,Refund Issue,34.35
3776,4803,2024-07-23,Late Delivery,34.11
3777,2318,2024-01-29,App Crash,22.57
3778,984,2024-04-24,App Crash,57.7
3779,32,2024-09-22,Refund Issue,32.48
3780,2518,2024-11-01,App Crash,62.2
3781,3936,2024-06-27,Wrong Item,35.95
3782,3195,2024-02-20,Wrong Item,34.27
3783,1189,2024-11-17,App Crash,23.63
3784,2448,2024-12-25,Late Delivery,3.5
3785,3470,2024-06-22,App Crash,56.56
3786,3803,2024-11-10,Late Delivery,16.12
3787,2201,2024-03-17,App Crash,43.64
3788,799,2024-05-01,Refund Issue,34.15
3789,4752,2024-05-22,Refund Issue,38.48
3790,2697,2024-12-18,Refund Issue,9.96
3791,987,2024-08-04,Refund Issue,61.76
3792,2793,2024-07-19,Wrong Item,70.43
3793,1628,2024-06-12,Refund Issue,33.8
3794,4069,2024-03-16,Wrong Item,48.65
3795,4365,2024-02-03,Payment Failed,11.5
3796,887,2025-01-20,Payment Failed,34.36
3797,456,2024-09-10,Late Delivery,35.7
3798,2816,2024-05-26,Payment Failed,29.17
3799,4714,2024-08-05,App Crash,59.14
3800,3474,2024-05-11,Late Delivery,69.04
3801,3141,2024-06-15,Late Delivery,66.54
3802,3258,2024-04-06,Payment Failed,68.94
3803,3882,2025-01-24,Wrong Item,58.39
3804,3087,2024-04-29,Late Delivery,60.83
3805,967,2024-02-20,Wrong Item,15.68
3806,4992,2024-08-09,Wrong Item,14.88
3807,4533,2025-01-20,Payment Failed,33.98
3808,1806,2024-05-18,App Crash,64.08
3809,2791,2024-10-24,Payment Failed,28.37
3810,3835,2024-06-10,Late Delivery,67.97
3811,3228,2024-01-05,App Crash,10.76
3812,3628,2024-08-08,App Crash,22.24
3813,1530,2024-01-18,Payment Failed,5.31
3814,1432,2024-06-14,Refund Issue,19.53
3815,3897,2024-11-26,Payment Failed,39.65
3816,333,2024-05-27,Refund Issue,52.51
3817,1076,2024-02-22,Payment Failed,20.05
3818,2442,2024-02-19,Payment Failed,20.58
3819,103,2024-12-19,Wrong Item,59.84
3820,169,2024-04-19,Refund Issue,55.67
3821,3317,2024-08-31,Payment Failed,24.97
3822,3290,2024-11-30,Wrong Item,1.41
3823,668,2024-02-23,Payment Failed,40.87
3824,4,2024-04-24,Refund Issue,60.91
3825,4055,2024-11-24,Late Delivery,54.08
3826,4440,2024-12-11,App Crash,49.24
3827,1098,2024-05-28,App Crash,11.5
3828,660,2024-11-24,App Crash,7.26
3829,890,2024-08-05,Wrong Item,63.03
3830,184,2025-01-15,Late Delivery,24.1
3831,626,2024-05-03,Refund Issue,11.47
3832,2247,2024-11-19,Late Delivery,56.88
3833,4877,2024-02-23,App Crash,51.41
3834,4158,2025-01-22,Refund Issue,19.61
3835,3986,2024-12-16,Wrong Item,55.4
3836,3529,2024-01-07,App Crash,15.69
3837,2105,2024-09-11,Refund Issue,51.34
3838,530,2024-10-05,Late Delivery,2.84
3839,370,2024-11-02,Refund Issue,13.68
3840,2809,2024-12-16,Refund Issue,24.02
3841,3421,2024-01-24,Late Delivery,53.59
3842,3641,2024-11-23,Refund Issue,28.87
3843,1227,2024-09-04,Payment Failed,55.97
3844,3007,2024-10-01,Payment Failed,66.29
3845,1332,2024-08-07,Payment Failed,32.62
3846,4353,2024-10-22,Refund Issue,14.96
3847,2435,2024-12-16,Refund Issue,65.4
3848,1728,2025-01-18,Wrong Item,11.8
3849,2026,2024-06-13,Payment Failed,3.04
3850,4186,2024-08-19,App Crash,5.33
3851,2092,2025-01-17,App Crash,6.83
3852,3954,2024-07-11,Late Delivery,23.21
3853,3762,2024-01-28,App Crash,16.41
3854,1788,2024-02-27,Payment Failed,26.91
3855,2961,2024-10-12,Late Delivery,57.54
3856,3824,2025-01-27,Late Delivery,70.98
3857,3526,2024-09-26,Payment Failed,16.57
3858,499,2024-04-26,Refund Issue,62.14
3859,4109,2024-01-08,App Crash,55.9
3860,2017,2024-05-20,Late Delivery,47.56
3861,4011,2024-02-24,Late Delivery,59.06
3862,203,2024-12-22,Wrong Item,20.58
3863,1122,2024-12-10,Wrong Item,71.19
3864,1497,2024-06-14,Payment Failed,19.33
3865,1761,2024-11-20,Payment Failed,1.68
3866,3692,2024-05-22,Payment Failed,42.02
3867,1152,2024-11-23,Payment Failed,39.48
3868,3702,2024-05-25,Refund Issue,35.19
3869,2042,2024-09-07,Refund Issue,45.73
3870,529,2024-06-05,App Crash,13.04
3871,4128,2024-09-12,Payment Failed,58.42
3872,291,2024-05-03,Wrong Item,64.98
3873,1771,2024-05-01,Late Delivery,4.25
3874,56,2024-05-16,App Crash,14.59
3875,4626,2024-12-25,Late Delivery,53.73
3876,2865,2024-04-24,App Crash,1.76
3877,13,2024-07-09,Payment Failed,3.52
3878,4259,2024-12-01,App Crash,36.27
3879,1937,2024-11-30,Late Delivery,55.41
3880,1708,2024-11-07,Wrong Item,65.93
3881,4100,2024-08-28,App Crash,27.04
3882,4080,2024-05-07,Refund Issue,21.33
3883,4753,2024-08-09,Refund Issue,20.4
3884,735,2025-01-23,App Crash,28.26
3885,2943,2024-11-04,Refund Issue,43.98
3886,3642,2024-09-01,Payment Failed,5.35
3887,4534,2024-01-18,Wrong Item,42.74
3888,3481,2024-02-18,Refund Issue,48.0
3889,3045,2024-12-06,Payment Failed,60.22
3890,1278,2024-08-06,App Crash,26.37
3891,1469,2024-09-14,Payment Failed,33.48
3892,4934,2025-01-30,Payment Failed,66.92
3893,93,2024-07-03,Wrong Item,39.84
3894,3334,2024-03-20,Payment Failed,61.31
3895,4794,2024-07-04,Refund Issue,5.1
3896,529,2024-05-03,Late Delivery,25.27
3897,232,2024-02-09,Wrong Item,16.95
3898,269,2024-12-06,App Crash,20.65
3899,2485,2024-12-25,App Crash,18.74
3900,2426,2024-09-04,App Crash,13.97
3901,4276,2024-06-12,Payment Failed,38.5
3902,2091,2024-01-25,Late Delivery,60.0
3903,1658,2024-05-10,Payment Failed,53.61
3904,537,2024-01-03,Payment Failed,30.02
3905,1159,2024-10-15,Late Delivery,43.55
3906,1667,2024-04-19,Late Delivery,33.06
3907,1789,2024-08-30,Payment Failed,42.73
3908,3798,2024-01-10,Wrong Item,18.66
3909,3056,2024-02-12,Refund Issue,28.9
3910,4967,2025-01-17,App Crash,30.31
3911,3682,2024-02-29,Late Delivery,47.62
3912,3304,2024-09-22,Late Delivery,28.98
3913,212,2024-06-16,Wrong Item,70.32
3914,421,2024-11-14,Refund Issue,55.46
3915,4726,2024-07-22,Late Delivery,27.29
3916,639,2024-10-12,Wrong Item,70.1
3917,3900,2024-10-20,Late Delivery,18.77
3918,2486,2024-12-22,Payment Failed,38.06
3919,1333,2024-08-17,Late Delivery,12.41
3920,1763,2024-05-17,App Crash,51.49
3921,3674,2024-11-25,App Crash,49.59
3922,4742,2024-01-10,App Crash,45.71
3923,4518,2025-01-12,Late Delivery,2.63
3924,4321,2024-11-13,Refund Issue,28.22
3925,4207,2024-07-02,App Crash,40.47
3926,2276,2024-03-27,Late Delivery,1.94
3927,2617,2024-10-16,Refund Issue,48.61
3928,1721,2024-01-11,App Crash,44.91
3929,3387,2024-06-16,App Crash,14.66
3930,2618,2025-01-05,Wrong Item,31.56
3931,2586,2024-12-02,Refund Issue,56.74
3932,2316,2024-06-30,App Crash,43.15
3933,1304,2024-01-17,Late Delivery,51.48
3934,1366,2024-11-02,Wrong Item,63.79
3935,3811,2024-06-28,App Crash,20.18
3936,2880,2024-09-04,Payment Failed,4.72
3937,4883,2024-10-19,App Crash,34.82
3938,1919,2024-03-19,Refund Issue,8.02
3939,4695,2024-09-14,App Crash,11.25
3940,4253,2024-02-04,Payment Failed,65.97
3941,3365,2024-09-28,Refund Issue,26.14
3942,1851,2024-05-16,Late Delivery,6.91
3943,1791,2024-08-16,App Crash,32.7
3944,3732,2025-01-08,Payment Failed,68.74
3945,3236,2024-03-19,Late Delivery,43.33
3946,447,2024-07-18,Wrong Item,3.45
3947,1134,2024-07-22,Late Delivery,5.84
3948,1132,2024-09-15,Refund Issue,28.18
3949,202,2024-01-26,Payment Failed,49.65
3950,1023,2024-07-22,Refund Issue,31.86
3951,89,2024-04-15,Refund Issue,48.36
3952,4744,2025-01-14,Wrong Item,60.65
3953,3061,2024-11-06,Payment Failed,35.21
3954,973,2024-11-06,App Crash,66.73
3955,1215,2024-11-21,App Crash,30.16
3956,3803,2024-03-29,App Crash,47.81
3957,4552,2024-05-27,Payment Failed,4.14
3958,4286,2024-02-09,Late Delivery,18.37
3959,3628,2024-08-06,Wrong Item,28.33
3960,4473,2024-11-21,Payment Failed,34.83
3961,2947,2024-02-18,Late Delivery,32.24
3962,2067,2024-02-16,Payment Failed,29.59
3963,3720,2024-11-01,Payment Failed,14.59
3964,2749,2024-06-26,App Crash,52.5
3965,781,2024-05-17,App Crash,8.42
3966,3737,2024-01-19,Refund Issue,15.24
3967,528,2024-12-19,Refund Issue,25.57
3968,2747,2025-01-04,Late Delivery,28.13
3969,4997,2025-01-05,Wrong Item,13.11
3970,1143,2024-11-21,App Crash,42.04
3971,2940,2024-07-14,Late Delivery,57.01
3972,556,2024-03-31,Refund Issue,52.86
3973,132,2025-01-13,Refund Issue,51.71
3974,2693,2024-09-06,Wrong Item,42.51
3975,165,2024-09-19,Refund Issue,38.32
3976,193,2024-11-26,App Crash,4.72
3977,855,2024-11-09,Payment Failed,56.04
3978,1761,2024-01-14,Refund Issue,17.45
3979,1210,2024-09-18,Refund Issue,23.62
3980,421,2024-09-29,App Crash,40.1
3981,2706,2025-01-11,Wrong Item,2.45
3982,4854,2025-01-16,Refund Issue,46.14
3983,4080,2024-12-01,Payment Failed,9.43
3984,320,2024-01-28,App Crash,54.37
3985,2383,2024-07-20,Late Delivery,33.82
3986,2473,2024-09-14,Refund Issue,36.81
3987,2192,2024-04-13,App Crash,34.08
3988,1850,2024-02-15,App Crash,25.56
3989,2012,2025-01-25,Wrong Item,63.12
3990,89,2024-03-03,Refund Issue,70.26
3991,937,2024-03-17,App Crash,57.0
3992,1095,2024-12-07,App Crash,27.17
3993,1112,2024-03-01,Wrong Item,55.81
3994,1483,2024-08-23,Late Delivery,27.1
3995,4318,2024-10-25,Wrong Item,30.87
3996,3340,2024-06-19,Wrong Item,14.74
3997,2561,2024-11-04,App Crash,42.72
3998,2926,2024-03-12,Late Delivery,34.06
3999,2841,2024-10-10,Late Delivery,37.6
4000,4757,2024-03-17,Payment Failed,63.19
