user_id,activity_date,app_opens,time_spent_minutes,pages_viewed,coupon_applied
4787,2024-10-29,2,36,15,No
219,2024-10-31,1,55,11,Yes
3722,2024-05-28,4,38,19,Yes
1304,2024-10-25,3,4,21,No
3013,2024-10-18,6,5,20,Yes
375,2024-02-28,8,43,23,No
3274,2024-11-08,6,36,16,No
4150,2024-08-16,3,24,5,No
1752,2024-01-08,2,55,10,No
3070,2024-02-04,9,7,23,No
4312,2024-12-30,1,12,17,Yes
2530,2024-05-15,5,54,4,No
824,2024-03-25,8,2,12,No
176,2024-08-08,2,57,21,No
3374,2024-12-04,5,5,13,No
4536,2024-03-12,9,40,20,Yes
71,2024-01-14,1,10,19,No
511,2024-04-19,4,42,24,Yes
3709,2024-08-27,1,59,19,Yes
3485,2024-01-27,8,13,8,No
637,2024-09-20,2,4,16,No
162,2024-08-23,8,59,13,No
976,2024-10-03,2,47,22,No
1493,2024-03-28,2,56,9,No
840,2024-02-24,6,28,19,Yes
2365,2024-02-15,1,14,19,No
3915,2024-07-29,9,50,7,No
1124,2024-01-29,4,49,20,No
2061,2024-03-22,9,1,2,No
1042,2024-12-04,7,16,24,No
4164,2024-12-06,4,31,6,No
3555,2024-12-03,1,12,21,No
2617,2024-01-15,8,33,20,No
3823,2024-11-18,3,50,17,Yes
2362,2024-12-04,9,41,22,No
551,2024-11-17,4,26,19,Yes
2628,2024-05-12,5,2,15,Yes
300,2024-02-18,9,46,19,Yes
630,2024-10-06,7,55,4,No
367,2024-02-12,6,48,22,Yes
891,2024-04-30,5,46,8,No
164,2024-07-08,9,38,17,No
2138,2024-12-16,9,58,24,No
1758,2024-12-25,5,21,9,No
3120,2025-01-19,5,50,17,Yes
1970,2024-11-10,3,7,13,No
904,2024-10-19,4,16,24,No
384,2024-09-19,9,7,22,Yes
1404,2024-10-31,8,4,12,Yes
4199,2024-09-15,2,31,20,No
4638,2024-10-26,1,29,11,No
2929,2024-08-17,9,34,15,Yes
1680,2024-03-16,1,11,9,Yes
3210,2024-02-27,1,49,6,Yes
4810,2024-02-12,5,45,11,No
217,2024-08-15,5,3,24,No
1300,2024-01-12,8,56,10,No
949,2025-01-09,7,32,17,No
1286,2024-10-02,3,58,15,No
464,2024-09-14,4,14,2,No
1898,2024-11-16,8,6,9,No
2790,2024-10-27,9,55,12,No
769,2024-05-28,2,24,5,No
1639,2024-12-04,6,41,21,Yes
4178,2024-09-17,4,2,15,No
1097,2024-01-16,3,8,17,Yes
3182,2024-02-06,1,20,1,Yes
2648,2024-10-06,1,38,7,Yes
883,2024-07-23,4,17,6,Yes
1589,2024-05-13,8,2,3,Yes
4546,2024-06-04,7,27,10,No
701,2024-09-30,5,13,22,No
3164,2024-03-11,5,3,6,Yes
625,2024-03-23,7,23,12,Yes
3201,2025-01-23,5,21,8,Yes
3589,2024-03-02,9,35,11,No
3344,2024-08-19,6,1,22,No
4682,2024-07-01,5,5,13,Yes
737,2024-09-24,2,19,23,Yes
828,2024-09-19,2,11,14,Yes
2168,2025-01-12,2,14,4,Yes
3221,2024-04-29,5,59,21,Yes
1753,2024-10-19,7,6,22,No
4143,2024-08-13,7,44,4,Yes
3928,2024-09-16,3,46,7,No
330,2024-07-10,1,45,5,No
4233,2024-08-12,4,56,20,No
3675,2024-01-06,7,43,5,No
1748,2024-10-03,6,39,17,Yes
4610,2024-03-29,3,30,18,No
1236,2024-02-01,1,14,18,No
2958,2024-01-14,5,20,1,No
5,2024-05-12,1,38,18,No
2827,2024-10-03,1,44,2,No
1455,2024-01-24,6,47,8,No
4895,2024-08-02,2,56,3,No
229,2024-08-30,7,51,16,No
3507,2024-06-12,6,36,24,No
2615,2024-08-30,8,17,22,Yes
558,2024-12-07,4,7,23,No
932,2024-02-17,1,11,10,No
304,2024-04-02,8,53,3,No
706,2024-04-06,2,51,24,No
3331,2024-07-13,6,8,1,No
4428,2024-10-15,2,12,23,Yes
3050,2024-02-13,4,26,3,No
2066,2024-06-02,9,45,14,Yes
2830,2024-10-31,9,13,11,Yes
3461,2024-07-25,8,15,23,No
2580,2024-02-16,3,53,3,Yes
2910,2025-01-26,6,11,8,No
4797,2024-11-27,9,35,18,Yes
894,2024-12-08,8,1,24,Yes
697,2024-02-13,2,39,3,Yes
2188,2024-03-21,1,9,21,Yes
4923,2024-09-18,8,12,24,No
1964,2024-09-12,6,51,18,No
4626,2024-12-11,2,40,5,Yes
729,2024-10-29,5,20,23,No
784,2024-05-18,9,27,3,Yes
1958,2024-03-25,9,46,14,No
2469,2024-11-03,8,8,14,Yes
192,2024-12-09,8,6,3,No
4376,2024-08-04,1,18,10,No
155,2024-10-13,7,14,9,Yes
2943,2024-09-15,7,38,10,No
4147,2024-03-18,7,26,11,No
3513,2024-08-25,5,19,7,Yes
2446,2025-01-06,9,21,16,Yes
2855,2025-01-20,4,22,12,Yes
2340,2024-07-19,8,58,2,No
90,2024-10-23,2,42,8,No
2400,2024-12-09,7,55,14,No
4041,2024-09-01,5,4,23,No
2467,2024-12-06,4,14,7,No
2299,2024-11-21,6,11,21,No
3169,2024-01-26,3,53,2,Yes
3105,2024-05-16,4,45,7,Yes
2549,2024-01-23,8,33,12,No
4877,2024-10-28,6,3,7,Yes
216,2024-06-30,8,28,21,No
727,2024-04-27,3,44,1,Yes
1870,2024-12-31,8,56,5,No
3585,2024-03-01,9,20,19,No
2190,2024-05-12,9,13,17,Yes
3839,2024-02-15,4,52,9,Yes
4707,2024-10-24,7,45,3,No
4006,2024-08-04,1,58,3,Yes
1736,2024-02-27,5,35,22,Yes
1693,2024-06-30,5,16,12,Yes
915,2024-08-06,4,12,14,Yes
1144,2024-01-23,6,42,19,Yes
4412,2024-09-10,7,29,13,Yes
3660,2024-10-09,7,45,10,No
1787,2024-11-24,3,3,5,Yes
506,2024-05-07,8,5,4,Yes
329,2024-03-31,5,37,4,Yes
1977,2024-09-06,3,11,7,No
4656,2024-05-25,4,29,23,Yes
2221,2024-12-11,3,52,17,No
1669,2024-12-19,2,15,22,No
3962,2024-10-10,1,18,6,No
4081,2024-10-12,7,13,12,Yes
3143,2024-04-24,3,2,1,Yes
653,2024-06-19,1,32,1,No
3845,2025-01-05,5,5,20,No
1846,2024-07-12,6,37,14,No
2903,2024-06-30,1,42,1,Yes
2592,2024-02-24,4,25,23,Yes
4680,2024-08-23,8,22,5,Yes
4756,2024-10-24,1,42,10,No
491,2024-12-03,8,46,3,No
716,2024-12-09,8,2,1,No
3628,2024-11-24,3,24,19,Yes
2256,2024-07-22,1,39,9,Yes
953,2024-04-03,1,35,4,Yes
2910,2024-05-29,6,2,5,No
892,2024-11-23,7,20,13,No
2951,2024-01-24,4,56,2,No
3490,2024-11-05,9,35,3,No
3481,2024-08-03,8,5,7,No
1975,2024-12-25,3,54,20,No
548,2024-11-23,2,31,1,No
4449,2024-05-24,9,34,15,No
901,2024-11-08,3,12,16,No
1954,2024-07-11,4,10,13,Yes
1328,2024-07-15,2,20,24,No
544,2024-10-06,5,10,23,No
2761,2024-05-07,1,16,10,No
1614,2025-01-03,1,15,13,No
779,2024-05-15,5,26,13,Yes
1230,2024-11-09,3,42,19,Yes
1721,2024-08-07,7,24,10,No
564,2024-01-14,7,39,13,No
320,2024-05-16,9,30,6,No
3819,2024-08-19,2,31,3,No
1795,2024-09-18,5,44,24,No
3189,2024-06-08,1,8,2,No
3204,2024-03-18,3,6,8,No
672,2024-02-03,1,49,5,No
349,2024-08-15,7,21,4,No
3658,2024-01-06,7,10,2,No
3932,2024-03-19,8,47,18,Yes
4524,2024-10-14,3,4,18,Yes
2556,2024-06-22,4,40,16,No
279,2024-02-22,6,31,16,No
2214,2024-07-16,6,39,11,No
4848,2024-03-13,8,45,6,Yes
4349,2024-03-22,4,6,22,Yes
335,2024-07-01,8,45,1,No
841,2024-10-23,8,57,6,No
4324,2025-01-24,8,16,22,No
4430,2024-05-04,9,30,7,Yes
3469,2024-11-18,2,54,5,No
3114,2024-07-27,4,10,23,No
513,2024-05-20,2,54,5,No
1351,2024-10-04,2,51,11,No
4754,2024-10-06,3,12,17,No
2237,2024-03-05,5,6,21,Yes
3775,2024-01-01,8,49,3,No
2072,2024-09-14,9,19,22,Yes
463,2024-10-20,6,8,20,Yes
737,2024-04-23,8,7,20,No
3869,2024-05-16,5,50,11,Yes
2056,2024-09-30,1,51,18,Yes
4305,2024-07-23,9,9,14,Yes
2607,2024-09-29,1,42,22,Yes
3881,2024-12-22,3,46,23,Yes
1773,2024-09-13,1,32,12,Yes
640,2024-04-26,5,3,22,Yes
792,2024-11-10,8,57,20,Yes
3153,2024-01-22,5,44,15,No
2129,2024-08-11,1,19,12,No
2964,2024-03-11,1,30,11,Yes
4624,2024-05-12,6,24,5,Yes
2765,2024-07-21,9,57,5,No
4074,2024-09-02,7,29,19,Yes
1148,2024-03-18,3,44,3,No
745,2025-01-20,7,15,18,No
2511,2024-09-26,5,55,19,No
3220,2024-08-15,6,18,22,No
3570,2024-11-04,2,55,21,No
3301,2024-10-21,3,11,20,No
4198,2024-02-04,7,51,10,No
293,2024-08-05,8,20,2,No
1959,2024-01-12,1,42,24,No
3312,2024-11-15,7,57,19,Yes
2734,2024-02-02,2,43,13,No
4502,2024-02-15,9,6,3,Yes
3014,2024-06-02,8,9,20,Yes
4510,2024-02-07,5,22,11,Yes
3994,2024-04-19,7,53,14,No
4000,2024-02-27,8,38,21,Yes
926,2024-10-27,9,40,2,Yes
327,2025-01-22,5,53,6,No
4635,2025-01-06,4,57,23,No
2988,2024-05-07,5,53,12,Yes
172,2024-07-02,4,56,1,Yes
2755,2024-12-04,2,24,24,Yes
820,2025-01-21,9,37,6,No
376,2024-11-03,2,52,6,No
1972,2024-11-23,1,53,16,No
4949,2024-03-24,9,3,21,Yes
2165,2024-04-14,7,47,16,No
246,2024-12-31,9,54,17,No
2968,2024-07-27,4,47,8,No
1707,2024-02-25,7,2,24,No
3107,2024-04-29,8,59,22,No
3319,2024-04-19,8,25,7,Yes
3645,2024-08-31,5,18,10,No
3761,2025-01-03,7,11,16,Yes
1707,2024-07-27,6,22,2,Yes
2659,2024-01-01,1,55,16,No
3726,2024-06-23,9,20,4,No
4818,2024-04-05,6,33,16,No
1204,2024-05-07,5,22,5,Yes
644,2024-01-23,4,49,23,Yes
1132,2024-05-10,1,21,17,Yes
3926,2024-06-13,9,37,3,Yes
4635,2024-10-11,2,9,19,No
2242,2024-09-18,1,58,15,No
4041,2024-02-18,2,22,21,No
741,2024-07-24,8,58,8,Yes
2081,2024-06-19,7,10,7,Yes
161,2024-12-24,8,41,2,No
2977,2024-01-12,7,53,19,Yes
586,2024-03-25,2,40,17,Yes
3965,2024-07-03,3,32,20,No
4243,2024-05-22,8,20,17,No
3471,2025-01-19,2,23,8,Yes
3427,2024-06-03,1,19,4,Yes
646,2024-09-10,5,40,20,Yes
2133,2024-03-15,7,4,11,Yes
3424,2024-05-14,6,25,6,Yes
4003,2024-03-04,5,4,14,No
1976,2024-11-11,9,30,16,No
142,2024-02-19,1,54,15,No
4790,2024-08-07,1,32,10,Yes
2659,2024-06-11,6,49,6,No
1145,2024-11-28,1,42,8,No
316,2024-01-17,4,46,1,No
2034,2024-04-08,7,30,14,No
1689,2024-12-22,4,55,15,No
3258,2024-05-28,6,27,16,No
272,2024-05-20,4,11,21,Yes
1568,2024-01-15,3,41,6,Yes
1525,2024-10-17,4,30,4,No
4989,2024-08-01,3,43,7,No
4239,2024-07-24,9,3,18,Yes
4894,2024-02-02,6,21,14,No
1574,2024-08-28,7,44,16,No
3433,2025-01-21,8,42,2,Yes
3978,2025-01-14,1,30,22,Yes
2396,2024-09-04,3,39,12,Yes
526,2025-01-17,6,26,23,Yes
1177,2024-02-03,4,48,21,No
716,2025-01-30,6,21,22,Yes
4907,2024-09-21,5,22,9,Yes
2856,2024-03-05,4,24,17,No
3459,2024-12-24,9,3,24,Yes
1724,2024-05-12,6,6,15,Yes
4752,2024-10-31,1,35,16,No
4691,2024-10-02,2,50,9,Yes
2970,2024-10-20,6,20,9,Yes
1245,2025-01-20,4,24,2,Yes
3392,2024-10-06,7,33,10,Yes
1717,2024-11-18,1,57,5,Yes
377,2024-01-22,1,12,14,Yes
1169,2024-10-06,6,18,2,Yes
1395,2024-10-04,9,16,4,Yes
3920,2025-01-08,2,40,22,No
2650,2024-01-02,4,49,12,Yes
2845,2024-07-24,3,15,20,No
935,2024-08-24,6,37,14,No
106,2024-10-09,7,45,10,Yes
4056,2024-03-15,1,8,7,No
458,2024-02-19,3,16,13,No
4291,2024-05-19,3,20,23,No
1382,2024-02-10,6,22,4,No
1470,2024-08-14,5,11,6,Yes
2165,2024-05-18,3,12,5,No
2202,2024-07-30,2,4,9,Yes
3027,2024-09-21,9,31,24,No
3190,2024-02-23,1,12,5,No
46,2024-04-25,7,58,11,No
2880,2024-06-16,3,34,4,No
529,2024-11-14,5,31,2,Yes
28,2024-04-04,6,24,19,No
3463,2024-07-20,2,15,11,Yes
2985,2024-11-16,6,27,8,No
2845,2024-07-11,8,31,17,No
3591,2024-05-15,8,43,14,Yes
2169,2024-10-06,3,9,21,No
3583,2024-08-04,2,27,6,No
1882,2024-11-11,7,31,19,No
3668,2024-12-05,8,3,24,Yes
517,2024-10-02,5,32,22,No
2862,2024-11-12,5,7,12,No
1212,2024-05-07,9,39,18,Yes
1301,2024-12-23,6,1,7,No
4907,2024-10-24,6,10,13,No
4976,2024-07-21,1,43,13,No
2734,2024-12-22,3,49,15,No
1499,2024-11-12,1,44,19,Yes
176,2024-10-08,8,19,24,Yes
1097,2024-08-13,3,23,6,Yes
4,2024-06-08,1,58,24,Yes
2505,2024-09-16,5,37,6,Yes
4487,2024-07-14,5,54,3,No
1118,2024-10-17,5,8,4,Yes
2093,2024-06-08,4,57,2,No
4992,2024-12-18,6,17,12,No
278,2024-02-16,7,50,14,No
3431,2024-06-16,1,53,1,No
1784,2024-06-23,7,39,10,Yes
3196,2024-10-28,6,51,9,Yes
487,2024-05-13,6,29,22,Yes
950,2024-06-09,9,6,12,No
2158,2024-12-03,5,28,24,No
1861,2024-01-26,2,57,19,No
1452,2024-02-26,5,6,14,No
4696,2024-03-04,1,45,14,No
4781,2024-11-10,3,27,14,Yes
4798,2024-03-10,9,46,15,Yes
3317,2025-01-04,2,33,24,Yes
3501,2024-11-02,4,29,7,No
1518,2024-12-13,9,13,4,No
2069,2024-04-02,8,54,7,Yes
1142,2024-01-30,5,51,4,No
1750,2024-12-17,6,28,1,No
3556,2024-09-01,4,31,10,No
1342,2024-07-03,9,46,24,Yes
260,2024-05-06,7,22,10,No
2197,2024-12-22,6,49,19,No
845,2024-07-14,9,32,6,No
4572,2024-12-21,4,43,23,No
2044,2024-01-23,9,22,8,No
2440,2024-06-28,7,24,10,No
3188,2024-02-28,2,51,16,No
924,2024-02-06,5,36,1,Yes
3552,2024-08-30,9,42,14,No
3845,2024-02-10,5,4,4,Yes
98,2024-08-04,1,24,18,Yes
4370,2024-12-15,2,41,5,Yes
3126,2025-01-07,2,26,4,Yes
3966,2024-02-01,9,48,23,No
3850,2024-04-26,2,31,11,Yes
3529,2024-11-01,4,47,17,No
926,2024-10-02,5,31,10,No
1041,2025-01-20,8,1,18,No
1260,2025-01-29,5,36,16,No
2145,2024-10-11,3,12,5,No
2980,2024-07-21,3,22,13,Yes
4880,2024-04-16,7,15,11,No
1884,2024-08-03,3,37,12,No
235,2024-06-09,6,19,7,No
4167,2024-05-07,8,17,16,Yes
2969,2024-07-29,3,27,20,Yes
3426,2024-12-29,5,22,14,Yes
672,2024-11-27,3,33,13,No
1601,2024-03-05,6,8,3,No
1932,2024-02-21,8,3,11,Yes
3020,2024-09-20,1,54,20,Yes
1314,2024-10-23,2,16,4,No
1093,2024-05-13,1,50,24,Yes
1145,2024-06-16,7,50,5,Yes
4950,2024-07-09,4,32,7,Yes
2476,2024-11-02,8,52,6,Yes
4349,2024-01-29,7,58,11,Yes
1917,2024-07-13,9,3,19,Yes
1218,2024-09-05,4,42,3,No
4351,2024-01-04,3,36,19,Yes
593,2024-01-26,8,40,5,No
2176,2024-01-13,9,56,21,Yes
473,2024-10-31,1,5,21,No
1606,2024-12-01,7,55,16,No
4200,2024-11-29,1,40,16,Yes
4044,2024-10-20,8,58,14,Yes
2438,2024-06-03,2,33,22,No
2266,2024-03-10,4,22,18,No
2126,2024-06-01,5,15,16,Yes
1054,2024-09-28,9,33,2,No
1859,2024-10-24,7,4,16,No
2286,2024-05-08,4,34,15,Yes
4421,2024-04-01,8,44,21,Yes
2315,2024-01-25,7,57,3,Yes
3041,2024-05-30,1,17,1,Yes
772,2024-07-11,5,36,11,Yes
1693,2024-07-11,3,5,4,Yes
1229,2024-12-15,2,17,8,Yes
3757,2024-05-20,1,49,4,Yes
2203,2025-01-14,6,30,19,Yes
120,2024-10-12,5,56,7,No
3229,2024-11-10,3,34,7,No
1666,2024-08-10,9,56,15,Yes
4775,2024-08-08,9,15,3,Yes
3376,2024-09-11,1,33,18,No
241,2024-07-29,1,19,14,No
2243,2024-01-26,8,36,11,Yes
2353,2024-06-16,6,34,10,No
2172,2024-08-11,4,32,18,No
4496,2024-05-14,1,20,2,Yes
1592,2024-03-23,7,17,9,No
3150,2024-01-08,3,49,9,No
4121,2024-06-08,8,7,5,Yes
1896,2024-06-10,6,43,19,No
4251,2024-08-04,8,41,6,No
40,2024-07-05,8,14,20,Yes
3615,2024-09-07,3,58,21,Yes
418,2025-01-22,4,9,4,Yes
2714,2024-08-14,3,16,17,Yes
4850,2024-06-23,7,44,16,No
524,2024-10-02,7,37,1,Yes
3292,2024-01-15,2,22,1,No
902,2024-10-19,2,48,22,No
1857,2024-08-18,4,15,9,No
4607,2024-06-06,2,55,15,No
1464,2025-01-28,4,26,17,No
2792,2024-06-12,4,14,6,Yes
300,2024-04-23,8,23,20,Yes
4243,2024-04-08,8,57,1,No
54,2024-09-16,6,40,18,Yes
135,2024-11-07,1,26,21,No
3263,2024-01-15,8,29,7,Yes
3559,2024-08-05,4,54,20,Yes
1347,2024-03-07,8,54,18,Yes
4955,2024-05-04,7,31,16,Yes
4341,2024-07-08,2,41,10,Yes
2226,2024-05-12,8,27,14,No
3930,2024-07-26,4,40,1,No
3135,2024-07-14,8,7,10,Yes
2726,2024-03-07,7,41,9,No
1567,2024-11-20,3,47,3,Yes
1424,2024-04-04,7,42,19,Yes
1933,2025-01-29,8,39,4,Yes
1225,2024-08-02,5,9,12,No
248,2024-06-21,2,3,1,No
4963,2024-12-24,6,29,21,Yes
4346,2024-05-28,6,19,3,Yes
1066,2024-01-28,2,16,15,No
4005,2024-02-25,3,11,2,No
3752,2024-07-22,8,45,20,No
3758,2024-11-19,1,56,23,Yes
117,2024-06-20,3,46,10,No
3159,2024-11-05,5,50,5,No
294,2024-11-07,1,47,15,No
3371,2024-06-26,8,21,12,No
1876,2024-04-27,4,7,12,No
452,2024-01-28,1,30,21,No
1446,2024-01-05,2,28,11,No
360,2024-12-21,8,4,8,No
3249,2024-12-11,8,26,7,No
4733,2024-08-05,3,51,15,No
4929,2024-03-23,7,3,4,Yes
1558,2024-04-05,1,41,16,Yes
519,2024-03-01,2,16,7,Yes
4081,2024-03-30,7,54,11,Yes
2583,2024-03-18,3,2,12,No
3533,2024-05-30,1,32,11,No
2001,2024-04-02,1,59,15,No
4198,2025-01-25,2,47,17,No
765,2024-08-19,9,44,18,Yes
2295,2024-08-07,4,25,18,No
1235,2024-09-01,5,45,16,No
2040,2024-12-21,9,59,4,No
56,2024-12-02,2,34,23,No
1844,2024-08-30,6,2,15,No
1329,2024-06-08,8,11,19,No
4613,2024-07-24,7,27,9,No
3461,2024-03-09,2,10,14,Yes
298,2025-01-26,5,43,13,No
4795,2024-06-10,4,1,7,No
4735,2024-11-09,3,53,10,Yes
1410,2024-02-04,7,57,8,No
1499,2024-07-18,9,28,8,Yes
4725,2024-01-15,1,43,4,Yes
4368,2024-02-23,7,11,23,No
4590,2024-02-10,7,57,9,No
380,2024-03-31,1,17,16,Yes
2931,2024-05-23,5,44,6,Yes
3614,2024-12-29,2,5,17,Yes
2513,2024-02-21,5,43,9,No
2677,2024-02-17,4,14,4,No
3168,2024-07-09,9,20,10,Yes
293,2024-09-14,4,58,11,No
174,2024-05-08,8,27,10,No
3880,2024-09-30,9,30,18,Yes
1889,2024-09-21,5,40,23,Yes
2193,2024-11-23,5,11,13,Yes
1392,2024-07-17,8,35,12,No
4686,2024-01-31,2,36,11,No
2528,2024-01-04,5,4,4,No
4705,2025-01-24,8,32,17,Yes
1302,2024-10-01,8,54,7,Yes
3123,2024-01-08,8,18,21,No
276,2024-02-25,5,53,7,Yes
2138,2024-08-30,7,43,16,Yes
4458,2024-10-28,3,12,15,Yes
4506,2024-09-21,6,4,19,No
90,2024-07-21,6,59,19,No
178,2024-09-03,2,22,17,No
1605,2024-12-30,4,17,16,No
2958,2024-09-10,7,31,5,No
247,2024-10-13,9,4,11,No
3877,2024-03-06,6,30,22,Yes
4827,2024-04-10,3,33,21,Yes
2426,2024-02-10,2,2,9,No
815,2024-03-29,7,7,8,No
549,2024-10-22,1,59,23,No
3100,2024-10-31,3,6,4,Yes
4190,2024-07-02,8,15,21,No
1097,2024-08-15,2,43,7,Yes
126,2024-01-07,5,33,2,Yes
1252,2024-05-19,6,28,5,No
1117,2024-08-16,5,52,9,No
801,2024-03-10,5,43,17,No
2189,2025-01-02,3,41,15,No
1517,2024-07-28,1,40,4,No
2599,2024-05-14,2,38,11,No
970,2024-03-25,4,51,7,Yes
858,2024-11-22,2,33,10,No
1499,2024-08-05,5,35,1,Yes
1943,2024-02-08,8,27,13,No
62,2024-03-16,4,49,11,Yes
3573,2025-01-08,6,10,16,No
4718,2024-02-26,2,24,3,Yes
4640,2024-03-25,1,23,7,No
1369,2024-01-28,5,29,23,No
4647,2024-04-14,4,24,24,No
2910,2024-09-27,5,16,6,No
2911,2024-05-08,5,43,14,Yes
4563,2024-04-27,5,46,11,No
2417,2025-01-11,2,47,14,No
325,2025-01-23,9,10,24,No
4564,2024-09-02,3,4,17,No
3212,2024-06-24,2,15,14,Yes
3008,2024-04-26,6,7,9,Yes
1628,2024-08-08,6,54,5,Yes
4784,2024-06-26,5,19,3,No
658,2024-12-22,2,33,2,No
1830,2024-10-28,7,3,10,Yes
3337,2025-01-08,4,17,24,Yes
2057,2024-07-16,6,7,12,No
4216,2025-01-20,2,57,1,No
912,2024-09-29,3,37,21,No
2724,2024-01-25,8,53,15,Yes
2702,2024-08-24,9,52,16,No
293,2024-10-10,4,38,5,Yes
1978,2024-06-28,7,35,2,No
4084,2024-11-21,4,3,19,No
1103,2024-03-27,2,54,4,Yes
3451,2024-07-07,5,21,13,No
1245,2024-05-15,1,27,21,Yes
1642,2024-09-20,4,31,24,Yes
3945,2024-03-30,1,16,19,Yes
847,2024-06-07,1,29,10,Yes
890,2024-03-06,8,13,12,No
3349,2024-03-04,1,57,7,No
3273,2024-12-09,7,35,18,No
1014,2024-10-12,5,3,1,No
2963,2024-12-21,6,39,13,No
2855,2025-01-19,9,57,18,No
1498,2024-04-29,9,37,21,Yes
2530,2024-09-14,2,2,15,Yes
2829,2024-06-15,5,44,8,No
4483,2024-05-09,8,42,22,No
3574,2024-07-04,8,58,17,Yes
4273,2025-01-20,9,22,4,No
1456,2024-05-17,8,25,20,Yes
2855,2024-01-25,5,31,1,Yes
4928,2024-01-17,9,9,14,No
1979,2024-12-12,4,54,8,Yes
2546,2024-08-07,8,33,17,No
40,2024-05-10,8,10,23,No
4785,2024-06-05,1,55,13,No
900,2024-11-30,4,5,2,Yes
4956,2024-07-07,5,56,23,Yes
3532,2024-05-26,7,48,10,No
2864,2024-11-29,7,20,24,No
3246,2024-08-27,6,23,24,No
4990,2024-06-22,9,15,4,No
1441,2025-01-13,2,2,22,Yes
3706,2024-03-15,7,26,11,No
1633,2024-04-10,8,16,21,No
2712,2024-02-09,1,24,18,Yes
601,2024-02-27,1,1,15,Yes
4868,2024-03-12,4,14,9,No
3963,2024-04-09,5,21,4,No
2655,2024-03-19,7,55,22,No
3926,2024-12-31,5,47,19,Yes
1069,2024-08-17,1,5,24,No
1649,2024-05-26,4,8,6,No
990,2025-01-29,8,26,23,No
1920,2024-10-02,8,12,19,Yes
3612,2024-11-10,8,26,11,Yes
4051,2025-01-26,2,52,23,Yes
1559,2025-01-12,2,20,14,No
2160,2025-01-09,9,50,17,Yes
2213,2024-09-08,4,8,22,Yes
190,2024-12-15,6,16,22,No
3967,2024-11-13,3,6,3,Yes
3138,2025-01-10,3,46,2,Yes
4978,2024-02-13,3,56,14,Yes
2516,2024-08-18,3,5,12,Yes
276,2024-08-12,6,45,2,Yes
2219,2025-01-31,3,25,1,No
2141,2024-07-22,1,38,18,No
2095,2025-01-26,8,48,19,No
341,2024-04-15,7,27,6,Yes
4467,2024-05-04,1,21,16,No
1661,2024-12-06,9,33,12,No
489,2024-05-30,3,4,19,Yes
966,2024-11-26,8,41,7,No
4448,2024-11-24,4,35,7,No
4728,2024-12-13,4,26,15,Yes
2016,2025-01-15,2,9,2,No
4623,2024-03-26,6,50,11,Yes
3930,2024-09-07,5,51,15,No
3525,2024-03-27,2,56,24,No
2637,2024-01-16,2,16,13,No
1884,2024-04-08,8,9,15,No
1202,2024-10-11,9,42,9,Yes
2583,2024-10-02,3,29,20,No
2515,2024-07-13,7,2,7,No
128,2024-12-16,6,36,6,Yes
2764,2024-03-27,4,35,24,No
2524,2024-02-07,3,29,3,Yes
1918,2024-08-31,1,8,16,Yes
2295,2024-06-30,4,7,23,No
1879,2024-12-31,1,16,20,No
2258,2024-01-07,3,36,14,No
1877,2024-12-01,5,54,12,No
1110,2024-10-04,9,20,7,No
2226,2024-02-01,8,47,18,Yes
376,2024-02-04,9,56,16,Yes
158,2024-11-06,8,30,4,Yes
4723,2024-07-17,4,9,1,Yes
4438,2024-05-06,9,8,17,No
663,2024-01-22,8,41,20,Yes
4318,2024-05-10,8,52,18,Yes
4981,2024-06-17,6,18,1,No
1457,2024-12-31,5,1,3,No
3603,2024-11-21,8,50,9,Yes
4824,2024-04-09,2,27,13,No
3417,2024-01-17,7,33,7,Yes
3726,2024-07-16,9,18,19,No
417,2024-11-07,7,33,7,No
4393,2024-04-27,2,27,12,No
2001,2024-06-15,9,31,17,No
3965,2025-01-03,8,16,3,Yes
3034,2024-10-06,4,56,14,No
4252,2024-09-14,9,44,9,No
4658,2024-03-15,5,56,24,Yes
4200,2024-05-16,8,12,1,Yes
4870,2024-11-15,1,53,1,No
1909,2024-04-27,3,37,9,No
2773,2024-06-18,4,9,11,Yes
644,2024-04-27,8,55,21,No
4233,2024-06-05,5,38,3,No
1967,2024-01-07,4,55,23,No
2521,2024-01-19,5,23,3,No
1290,2024-12-24,8,11,8,No
3335,2024-11-20,8,11,4,Yes
3074,2025-01-14,2,4,22,Yes
2417,2024-02-23,2,52,4,No
1181,2024-09-20,7,30,23,No
1126,2024-02-05,9,33,17,No
3743,2025-01-01,1,56,6,No
1757,2024-07-21,4,12,22,Yes
2078,2024-08-13,6,37,7,No
1936,2024-08-30,6,19,17,No
476,2024-09-15,8,55,8,No
119,2024-05-26,7,54,5,No
1922,2024-09-20,8,35,3,No
2822,2024-02-04,8,4,11,Yes
406,2024-08-05,8,40,19,No
4817,2024-06-25,9,41,2,No
3309,2024-03-29,5,32,22,No
4830,2024-05-22,6,55,18,No
1600,2024-05-10,2,20,3,No
2796,2024-05-10,6,1,16,No
2988,2024-12-09,4,18,24,No
1513,2024-07-03,4,5,11,No
4280,2024-05-13,4,9,16,No
893,2024-05-14,8,10,2,No
1292,2024-08-06,1,17,1,Yes
3380,2024-01-28,9,7,6,Yes
3441,2024-09-29,6,48,6,Yes
4513,2024-04-17,7,48,24,No
1325,2024-09-30,5,19,5,No
163,2024-07-04,6,18,11,Yes
171,2024-12-18,5,51,2,Yes
229,2024-02-03,4,24,20,Yes
784,2024-08-31,9,47,12,Yes
130,2024-11-04,7,41,23,Yes
489,2024-11-13,3,36,24,Yes
1678,2024-04-21,1,16,9,No
1077,2024-08-18,1,37,11,Yes
3299,2024-12-26,1,3,24,No
4095,2024-10-09,9,37,4,No
2360,2024-02-24,2,11,12,No
3436,2024-01-08,2,35,3,No
3169,2024-11-24,8,39,5,Yes
4800,2024-12-17,7,3,24,No
3578,2024-11-29,7,41,19,Yes
1600,2025-01-21,5,38,7,Yes
1177,2025-01-06,6,50,12,Yes
3817,2024-12-08,2,7,17,Yes
2688,2024-06-13,4,19,4,Yes
1777,2024-05-03,7,36,1,No
1287,2024-11-25,5,6,6,No
1415,2024-11-01,4,43,1,No
274,2024-03-04,4,19,24,Yes
807,2024-03-16,8,31,6,No
1920,2024-10-01,2,15,7,Yes
690,2024-08-21,5,35,1,No
2602,2024-09-14,8,24,15,Yes
1748,2024-09-19,8,26,17,No
4373,2024-12-04,6,16,20,Yes
829,2024-05-10,5,11,22,Yes
2747,2024-10-02,7,59,20,Yes
403,2025-01-11,1,23,13,Yes
482,2024-07-16,3,11,12,No
2809,2024-11-14,7,20,19,No
4803,2024-10-17,1,51,18,Yes
3091,2024-10-23,9,22,21,Yes
2985,2024-08-05,8,43,19,Yes
23,2024-10-27,7,30,17,No
598,2024-09-27,4,1,1,No
3074,2024-09-20,1,34,10,Yes
436,2024-03-20,8,34,20,Yes
382,2025-01-26,8,8,20,Yes
3569,2024-12-19,6,18,12,No
1912,2024-11-02,4,28,1,No
648,2024-02-01,2,46,22,No
3717,2024-06-05,7,53,20,No
1670,2024-06-10,3,50,24,Yes
3700,2024-09-03,7,13,18,Yes
1704,2024-10-23,8,10,5,No
921,2024-12-25,6,29,4,No
1572,2024-03-09,5,49,16,Yes
4055,2024-09-02,1,3,1,No
3324,2024-02-23,6,4,15,No
4879,2024-05-20,9,4,11,No
3186,2024-08-18,5,50,4,No
4133,2024-12-14,7,1,3,Yes
375,2024-03-11,7,12,1,No
1654,2024-05-09,3,16,18,No
1452,2024-07-11,9,17,2,No
4303,2024-04-29,7,4,21,No
2284,2024-01-19,8,26,23,No
1354,2024-02-15,9,8,7,Yes
1838,2025-01-08,5,1,19,No
3766,2024-11-02,6,1,10,Yes
72,2024-10-03,6,42,1,Yes
4523,2025-01-17,7,4,18,No
3644,2024-07-14,9,34,16,No
4557,2024-12-29,9,44,14,Yes
2394,2024-05-09,8,18,12,No
2891,2024-03-30,9,49,8,Yes
7,2024-05-17,5,23,17,No
3012,2024-03-08,4,9,22,Yes
943,2024-04-14,3,14,10,No
4773,2024-10-12,3,29,19,No
2069,2024-11-28,1,54,2,Yes
2692,2024-04-25,9,15,1,Yes
1673,2024-10-30,9,29,18,No
1814,2024-08-18,1,28,2,Yes
3559,2024-03-24,6,26,9,Yes
2454,2024-09-23,5,55,7,Yes
3892,2024-04-30,5,51,24,Yes
3550,2024-05-01,5,38,21,No
190,2024-10-17,8,12,24,No
3654,2024-02-22,3,32,22,No
3043,2024-03-18,7,16,3,No
4030,2024-02-27,4,9,1,No
2648,2024-11-26,3,50,14,No
2762,2024-12-03,2,19,24,Yes
4,2024-10-08,2,46,23,No
42,2024-09-12,7,36,21,Yes
2715,2024-01-16,9,40,18,No
357,2024-07-19,3,43,1,Yes
1423,2024-03-21,2,24,8,Yes
2131,2024-10-17,6,4,14,No
2227,2024-04-17,7,36,4,No
1661,2024-03-29,3,28,11,Yes
2295,2024-09-21,5,10,17,Yes
3395,2024-09-20,6,30,6,Yes
2499,2024-01-26,4,8,17,No
2935,2024-12-30,8,54,3,Yes
4205,2024-10-22,4,18,6,Yes
980,2024-10-12,5,16,4,Yes
3926,2024-04-18,6,9,10,No
158,2024-03-26,4,16,4,No
833,2024-03-15,1,43,17,No
3078,2024-03-03,1,16,2,Yes
2572,2024-01-23,6,20,16,No
3001,2024-02-29,8,55,22,Yes
3194,2024-01-08,7,42,13,Yes
2032,2024-04-04,8,27,1,No
277,2024-04-27,9,26,4,No
4952,2024-03-30,8,11,3,No
4247,2024-01-02,2,16,11,Yes
20,2024-01-09,9,2,6,No
4756,2024-02-02,7,22,17,Yes
3166,2024-12-20,3,20,16,Yes
4555,2024-09-24,1,51,16,No
4890,2024-07-16,8,54,7,No
881,2024-08-24,7,27,19,No
2042,2024-08-10,4,42,23,Yes
2132,2024-07-13,9,4,19,Yes
549,2024-02-28,8,2,15,Yes
1194,2024-01-24,4,40,23,No
478,2024-01-16,6,51,24,No
3982,2024-09-17,8,3,21,No
3224,2024-11-19,7,31,15,Yes
1704,2024-11-01,5,36,17,No
2469,2024-12-09,2,54,9,Yes
1025,2024-10-12,9,13,17,Yes
1144,2024-12-12,8,19,6,No
914,2024-09-03,7,37,5,Yes
241,2025-01-01,4,41,15,Yes
2683,2024-07-16,7,4,21,No
889,2024-03-03,4,49,9,No
1704,2024-01-06,8,18,18,No
3633,2024-10-07,1,26,4,Yes
86,2024-02-12,3,13,17,No
438,2024-05-31,4,21,16,No
3981,2024-04-06,7,20,4,Yes
3308,2024-07-09,8,48,12,No
688,2024-07-15,8,13,6,No
1850,2024-02-17,4,29,15,No
191,2024-05-27,4,59,18,Yes
457,2024-02-01,3,48,13,No
3939,2025-01-05,3,22,12,No
616,2024-04-30,6,17,11,No
2054,2024-10-10,7,7,24,Yes
3423,2024-05-28,7,14,7,Yes
304,2024-06-12,3,59,21,No
1427,2024-11-28,7,53,19,No
418,2024-05-04,3,46,18,No
2721,2024-11-24,5,42,2,Yes
3900,2024-02-13,9,59,6,Yes
4245,2024-10-28,4,25,4,No
3311,2024-09-18,1,50,16,Yes
4487,2025-01-21,2,40,21,No
2050,2024-01-25,8,34,19,No
2674,2024-09-04,5,58,23,Yes
867,2024-05-21,1,55,5,Yes
2572,2024-08-03,9,27,15,No
1538,2025-01-19,6,19,2,Yes
3506,2025-01-27,4,16,11,Yes
4037,2024-10-08,5,26,20,No
4823,2024-11-24,6,2,1,No
2592,2024-03-11,5,58,19,Yes
1961,2024-04-09,1,22,12,No
4265,2024-06-10,5,17,19,No
4228,2024-06-07,8,22,13,No
1430,2024-07-28,3,41,10,No
124,2024-10-28,8,47,10,No
3851,2024-06-10,6,8,24,No
4463,2024-12-12,1,31,20,No
3524,2024-02-20,7,25,20,Yes
4869,2024-01-18,3,21,24,Yes
4265,2024-01-02,5,47,2,No
4560,2024-04-11,1,35,8,No
2831,2025-01-10,4,47,7,Yes
1009,2025-01-30,6,40,7,No
4324,2024-01-09,4,33,12,Yes
3236,2024-08-22,5,1,23,Yes
4811,2025-01-19,1,22,9,No
651,2024-07-25,8,42,22,No
3506,2024-04-03,3,24,9,No
3091,2024-01-02,3,42,20,No
1995,2024-07-08,8,48,8,No
692,2024-05-22,5,24,16,Yes
1916,2024-06-17,3,4,1,No
4485,2025-01-15,6,11,12,No
2741,2024-10-28,6,54,23,No
4286,2024-07-13,3,38,8,No
1802,2024-08-12,6,21,18,No
1520,2024-02-08,7,39,15,No
4826,2024-06-18,2,24,6,Yes
586,2024-01-11,5,42,9,No
2397,2024-12-18,7,8,2,Yes
3188,2024-01-24,5,28,6,Yes
3905,2024-08-11,1,43,18,No
4570,2024-08-09,1,39,13,No
616,2024-12-08,8,36,2,No
1042,2024-07-18,1,11,13,No
3697,2024-08-04,5,29,24,No
669,2024-05-17,7,20,17,Yes
2110,2024-02-17,5,48,21,Yes
4953,2024-02-07,4,39,9,Yes
2406,2024-01-07,4,24,14,Yes
2959,2024-11-27,9,14,11,No
4771,2024-07-20,3,26,7,Yes
4306,2024-07-08,4,7,13,Yes
3830,2024-06-02,1,7,23,No
4065,2024-02-14,7,1,11,No
249,2024-12-28,3,17,11,Yes
3903,2024-02-16,6,8,11,No
3514,2024-12-26,4,40,8,Yes
2249,2024-04-25,1,38,20,Yes
4022,2024-05-24,6,25,13,No
2965,2024-01-01,9,44,20,Yes
661,2024-08-16,7,18,4,No
3860,2024-10-04,1,58,23,Yes
4243,2024-06-14,4,25,10,Yes
3384,2024-02-21,8,22,8,Yes
42,2024-07-23,1,5,3,No
4471,2024-11-10,3,22,3,No
4358,2024-10-29,7,22,4,Yes
4999,2024-05-17,9,50,8,Yes
625,2025-01-30,9,43,16,Yes
3833,2024-11-12,6,7,17,No
3619,2024-08-28,5,59,6,No
2421,2024-01-22,3,47,22,No
1915,2024-09-24,7,29,2,No
3001,2024-11-10,3,58,11,Yes
1238,2024-01-08,8,21,5,Yes
2520,2024-07-07,5,35,18,No
1940,2025-01-30,6,29,22,No
3320,2024-10-14,9,56,13,No
4637,2025-01-24,9,43,12,Yes
2551,2024-04-09,8,46,16,No
1515,2024-08-08,4,16,12,Yes
386,2024-08-02,2,42,14,Yes
4581,2024-10-07,8,43,17,No
1548,2024-04-13,7,49,15,No
4713,2024-05-30,4,14,19,Yes
559,2024-10-10,8,44,23,Yes
519,2024-03-13,9,53,17,Yes
1027,2024-07-12,7,12,8,Yes
4673,2024-09-30,6,7,1,No
2915,2025-01-06,4,31,24,Yes
2391,2024-10-17,4,4,17,No
4889,2024-10-16,4,4,24,No
860,2024-11-14,5,37,9,No
3518,2024-07-26,6,20,3,No
4108,2024-03-22,3,50,23,No
2893,2024-07-17,2,31,20,Yes
755,2024-11-06,5,15,19,Yes
1060,2024-08-23,6,55,7,Yes
784,2024-01-08,9,18,10,Yes
4742,2024-09-27,1,21,14,No
2442,2024-04-29,2,55,23,No
2394,2024-10-03,2,34,12,No
2677,2024-08-09,4,52,5,No
4639,2024-10-12,8,12,18,No
3143,2024-10-11,9,25,20,No
4110,2024-09-23,8,41,4,Yes
851,2024-11-21,6,47,23,Yes
1961,2024-10-16,3,56,19,Yes
4536,2024-03-01,2,31,6,Yes
1148,2024-08-29,1,57,8,Yes
2040,2024-09-27,7,24,2,Yes
818,2024-12-15,4,30,23,Yes
3564,2024-12-04,9,31,17,Yes
309,2024-11-24,2,9,8,Yes
1888,2024-09-05,9,29,2,No
1110,2024-11-10,1,45,6,Yes
3717,2024-02-07,7,25,15,No
1423,2024-07-05,6,18,18,Yes
3215,2024-01-16,9,51,19,No
2723,2024-07-08,7,49,23,Yes
4799,2024-10-29,2,25,18,Yes
4730,2024-08-07,1,46,24,Yes
1745,2024-04-02,8,47,7,No
4263,2024-07-04,7,23,19,No
292,2024-08-20,5,15,7,Yes
4634,2024-02-09,5,34,9,No
2888,2024-10-18,1,15,23,No
721,2024-08-20,3,43,17,Yes
1040,2024-07-12,4,35,8,Yes
337,2024-01-12,3,52,4,Yes
3872,2024-12-20,7,10,20,Yes
4518,2024-10-31,8,29,18,Yes
295,2024-05-01,6,21,15,No
4451,2024-03-05,2,35,6,No
1886,2024-01-12,3,29,18,No
1102,2024-02-14,8,24,12,No
486,2024-03-08,3,56,14,No
1849,2024-08-08,8,39,3,Yes
1415,2024-12-25,8,50,21,No
738,2025-01-26,8,5,12,No
2991,2024-07-02,2,58,8,Yes
4878,2024-08-20,4,38,5,No
3905,2024-11-19,6,22,3,No
2669,2024-09-24,1,5,22,No
3627,2024-10-22,2,11,15,Yes
776,2024-10-13,5,24,22,Yes
4231,2024-04-05,7,2,7,Yes
2676,2024-07-13,9,46,4,No
3032,2024-01-08,6,25,24,No
701,2024-06-03,9,4,11,No
4542,2024-02-10,9,19,12,No
1058,2024-10-10,8,12,15,Yes
3332,2024-01-03,9,35,23,No
1550,2025-01-24,7,20,3,No
2971,2024-10-19,9,50,5,No
2347,2024-07-07,5,27,5,Yes
4027,2024-03-12,2,51,6,Yes
4275,2024-02-07,9,40,16,Yes
3532,2024-08-24,3,25,2,No
2048,2024-07-03,1,29,17,Yes
2899,2024-06-20,2,5,12,Yes
3161,2024-09-18,8,7,15,No
2979,2024-06-09,3,11,19,No
4210,2024-03-01,4,47,9,No
1061,2024-08-23,1,42,6,Yes
1196,2024-09-06,2,50,22,No
1733,2024-08-21,1,31,14,No
3589,2024-05-28,3,3,6,No
953,2024-12-27,1,46,7,No
331,2024-02-16,6,16,9,No
3887,2024-12-09,2,51,11,No
491,2025-01-17,1,29,21,Yes
2813,2024-03-11,9,39,1,Yes
1183,2024-09-06,2,34,16,No
3674,2024-05-31,3,58,1,Yes
645,2024-07-16,8,35,14,No
196,2024-11-04,8,19,15,Yes
1852,2024-04-04,5,28,16,No
4109,2024-02-08,5,18,2,No
3441,2024-02-19,2,57,5,No
108,2024-10-04,5,27,15,No
2559,2024-12-10,4,52,18,Yes
2337,2024-11-26,4,20,20,No
1932,2024-10-09,6,54,18,No
69,2024-03-15,7,10,13,No
441,2024-05-23,5,38,4,Yes
4871,2024-02-17,4,35,24,Yes
14,2024-11-07,1,9,17,No
2643,2024-12-30,7,54,6,Yes
1347,2024-10-30,2,25,18,Yes
4025,2024-07-25,8,15,7,No
2687,2024-03-11,5,4,15,Yes
2447,2024-08-11,6,8,18,No
2641,2024-05-16,1,41,23,No
769,2024-03-31,2,12,20,No
1216,2024-03-24,8,12,7,No
1581,2024-03-13,8,14,13,No
2884,2024-11-04,2,50,4,No
3064,2024-09-01,9,55,7,No
3870,2024-06-20,5,30,18,No
3191,2024-09-19,8,47,5,Yes
3214,2024-10-27,1,11,15,No
1549,2024-02-08,3,22,18,No
4581,2024-08-18,4,43,13,No
417,2024-01-28,8,6,7,No
2244,2024-12-28,7,28,23,Yes
4108,2024-05-15,2,28,21,Yes
2514,2025-01-04,3,36,4,No
46,2025-01-09,9,58,6,Yes
3084,2024-07-06,7,23,11,No
3368,2024-05-16,3,49,19,Yes
2607,2024-03-08,2,26,22,No
248,2024-02-23,6,41,20,Yes
2738,2024-10-10,7,24,4,No
2530,2024-06-26,9,42,17,Yes
2855,2024-12-14,3,18,16,No
1463,2024-05-30,2,2,12,Yes
4439,2024-07-09,8,44,23,No
795,2024-09-05,1,27,3,No
1731,2024-01-24,9,49,9,No
1863,2024-06-12,5,2,14,No
4257,2024-08-10,3,53,17,Yes
7,2024-09-15,2,13,2,No
1341,2024-03-05,3,46,16,Yes
1155,2024-01-02,8,42,1,Yes
747,2024-10-22,9,37,13,No
2569,2024-03-13,7,49,20,No
1731,2024-03-05,3,42,12,No
4060,2024-07-06,2,36,17,No
1980,2024-09-11,5,53,21,Yes
1698,2024-01-01,8,30,5,No
1257,2024-12-29,2,17,8,Yes
125,2024-10-21,2,46,2,Yes
4214,2024-01-10,6,27,15,No
2671,2025-01-10,1,19,11,No
4204,2024-01-26,7,20,12,No
1740,2024-02-02,1,37,2,No
304,2024-11-19,4,46,5,No
4498,2024-07-23,4,1,8,No
2321,2024-04-22,7,11,17,No
1700,2024-12-26,8,43,8,No
306,2024-06-24,2,14,22,No
4966,2024-07-28,6,18,10,Yes
2771,2024-05-20,8,58,13,Yes
116,2024-01-28,1,24,16,Yes
4498,2024-08-23,5,20,18,Yes
2968,2024-03-28,5,54,15,No
4767,2024-04-18,6,3,14,Yes
1894,2024-03-10,7,59,9,Yes
2142,2024-05-22,8,47,13,No
4376,2024-08-28,5,30,19,Yes
653,2024-03-31,1,36,19,No
2289,2024-09-14,6,37,18,No
1435,2024-03-24,3,19,1,Yes
2179,2024-10-13,2,5,18,No
2601,2024-11-08,5,56,14,No
1640,2024-06-16,7,31,12,No
1576,2025-01-04,3,50,4,No
3646,2024-05-23,4,38,15,No
2903,2024-01-03,9,57,8,No
543,2024-01-30,1,7,19,No
1595,2024-02-15,9,49,2,Yes
1105,2024-09-05,6,16,15,Yes
3395,2024-09-23,8,8,18,No
826,2024-11-29,6,34,24,No
3204,2024-09-21,5,26,3,No
1633,2024-04-03,4,9,5,No
265,2024-03-23,3,43,7,Yes
2003,2024-12-18,1,33,22,Yes
4567,2024-05-14,3,39,19,No
3513,2025-01-02,7,14,6,Yes
46,2024-08-19,2,31,16,Yes
1248,2024-05-03,2,57,11,Yes
3491,2024-02-16,5,35,2,No
3178,2024-03-10,9,12,14,No
1936,2024-08-02,6,17,8,No
4221,2024-02-07,2,41,18,No
3151,2024-07-18,7,26,11,Yes
3050,2024-10-04,4,50,12,No
1282,2025-01-30,2,37,1,Yes
4435,2024-07-10,9,54,1,Yes
1677,2024-01-04,4,50,9,No
3645,2024-09-03,5,14,1,Yes
3455,2024-02-03,3,29,14,No
3244,2024-01-31,4,27,6,No
1367,2024-06-28,2,47,8,No
1380,2024-10-14,4,55,4,No
3653,2024-11-24,3,16,11,No
585,2024-12-23,5,35,18,No
4627,2025-01-20,9,44,23,Yes
804,2024-01-31,7,14,8,Yes
3523,2024-02-16,1,13,16,Yes
4696,2024-02-29,9,57,8,No
4739,2024-10-21,4,32,15,No
3157,2024-07-09,2,8,12,No
1177,2024-01-01,6,11,17,Yes
1256,2024-11-08,4,10,15,Yes
2398,2024-04-01,9,3,17,No
3173,2024-08-25,7,49,3,Yes
3894,2024-02-25,5,27,2,No
2763,2024-12-02,8,2,13,Yes
3976,2024-02-14,1,43,3,No
2873,2024-06-10,1,23,5,No
2800,2024-04-05,5,19,3,Yes
2922,2024-08-06,2,56,5,Yes
3082,2024-02-11,1,22,9,No
2725,2025-01-17,3,45,8,No
3495,2024-01-23,3,19,3,No
1511,2025-01-15,9,32,24,Yes
1469,2024-07-04,8,44,5,Yes
970,2024-04-26,8,20,19,Yes
4935,2024-08-13,7,12,2,No
4337,2024-01-28,7,39,8,No
643,2024-10-18,8,30,20,No
3620,2024-03-10,2,39,7,No
4690,2024-04-12,5,16,1,Yes
186,2024-01-23,1,43,20,Yes
695,2024-01-17,1,50,13,No
4893,2024-08-24,5,28,10,No
1423,2024-02-06,9,28,17,No
122,2024-08-08,6,41,18,No
3515,2024-10-30,8,41,13,No
3421,2024-06-09,5,8,10,No
3389,2024-12-14,7,35,18,Yes
3845,2024-01-08,8,42,2,Yes
2244,2024-01-03,1,16,9,No
505,2024-09-04,6,19,4,No
2106,2024-05-11,2,31,19,No
3330,2024-12-24,4,8,10,No
1838,2024-11-30,9,25,12,Yes
1728,2024-02-14,5,44,11,Yes
3883,2024-09-15,1,53,11,No
976,2024-10-20,1,45,19,No
3818,2024-06-08,2,58,12,No
1356,2024-10-14,8,43,10,Yes
1135,2024-12-30,2,21,3,No
165,2024-06-16,1,19,17,Yes
2698,2024-12-23,6,57,6,No
656,2024-05-30,5,21,19,Yes
3101,2024-04-26,1,16,23,No
1729,2024-11-26,2,5,22,Yes
2703,2024-03-13,5,44,5,Yes
1511,2024-10-17,5,10,19,No
4219,2024-09-24,1,28,24,No
4007,2024-08-27,8,54,14,No
2371,2024-07-30,6,43,19,Yes
4750,2024-10-30,2,25,4,Yes
652,2024-10-11,9,53,15,Yes
2178,2024-10-20,7,40,4,No
1772,2024-04-19,1,26,20,No
1758,2024-07-30,9,11,5,No
379,2024-06-25,8,36,19,No
1194,2024-03-08,4,39,12,No
2568,2024-10-31,1,21,16,No
2744,2024-05-11,6,55,24,No
1380,2024-05-22,7,28,17,No
1128,2024-08-29,6,35,5,Yes
4503,2025-01-27,3,5,1,Yes
2898,2024-02-29,6,50,1,Yes
3870,2024-07-30,7,24,7,No
4200,2025-01-10,8,25,17,Yes
3635,2024-02-15,7,20,17,Yes
4248,2024-11-15,3,6,12,Yes
2835,2025-01-04,6,16,2,No
1428,2024-09-20,2,38,3,No
183,2024-03-13,1,18,15,No
4422,2024-08-30,2,18,4,Yes
3015,2024-04-13,6,18,16,No
1681,2024-06-08,7,16,10,No
833,2024-10-02,8,57,13,Yes
3374,2024-02-12,3,54,24,No
4686,2024-04-19,3,58,10,No
1407,2025-01-29,1,56,21,No
462,2025-01-06,4,32,3,No
2070,2025-01-31,8,35,22,Yes
1365,2024-02-06,8,49,13,Yes
1361,2024-01-19,8,2,5,No
1694,2024-05-12,5,4,21,No
3798,2024-06-19,2,47,21,No
3728,2024-01-24,5,21,17,No
3629,2024-03-19,7,11,3,Yes
2331,2024-06-29,5,4,7,Yes
4464,2025-01-31,5,12,6,No
1967,2024-10-14,9,35,11,Yes
1169,2024-12-05,3,57,17,Yes
3179,2024-11-08,1,34,2,Yes
2369,2024-07-25,2,7,6,Yes
2042,2024-04-23,4,43,11,Yes
677,2024-12-16,3,50,7,No
3571,2024-04-03,6,16,22,No
1494,2024-02-05,2,30,6,No
4939,2024-08-27,8,4,22,No
1291,2024-05-31,9,13,19,No
4876,2024-04-19,5,12,24,No
1900,2025-01-07,2,42,23,No
2990,2024-07-03,1,14,22,No
2820,2024-08-12,7,50,12,No
2828,2024-05-11,8,22,23,No
2024,2024-09-25,8,32,21,No
4433,2025-01-26,8,14,23,Yes
2845,2024-05-03,4,20,17,No
1960,2024-06-21,9,45,7,Yes
1381,2024-03-18,7,17,4,No
1912,2024-08-03,1,10,12,Yes
1093,2024-09-28,8,52,15,No
3438,2024-01-31,1,59,22,Yes
2117,2024-07-26,6,35,2,Yes
4689,2024-05-19,8,18,12,Yes
2323,2024-10-06,7,46,15,No
3833,2024-08-10,9,57,20,Yes
2443,2024-01-20,3,37,24,No
722,2025-01-16,2,27,1,Yes
4514,2024-08-07,6,43,24,No
4888,2024-08-17,5,19,8,Yes
4929,2024-04-09,9,18,12,Yes
676,2024-10-28,1,42,21,No
785,2024-10-07,8,33,7,No
2610,2024-04-22,1,50,20,Yes
2669,2025-01-02,5,43,11,No
4898,2024-05-08,4,42,24,No
2743,2024-06-02,4,30,10,Yes
2652,2024-10-04,7,59,2,Yes
4938,2024-09-14,8,22,14,No
342,2024-04-09,4,15,2,Yes
3844,2024-10-07,6,27,9,No
4138,2024-06-04,6,51,19,No
214,2024-03-31,4,4,15,No
3724,2024-06-11,1,13,9,No
3119,2024-04-26,9,57,1,Yes
3813,2024-07-14,4,7,3,No
1245,2024-11-18,1,25,9,No
108,2024-06-01,7,13,11,Yes
1395,2024-07-26,9,4,22,No
2680,2024-03-11,3,22,4,No
1992,2024-10-03,9,3,12,Yes
146,2024-01-25,6,40,11,Yes
4368,2024-06-18,1,49,2,Yes
1863,2024-06-20,8,41,19,Yes
596,2024-01-28,1,16,13,No
2861,2024-08-16,4,44,12,No
724,2024-08-15,6,29,3,Yes
2276,2024-05-21,9,41,9,No
2393,2024-12-26,1,42,9,No
3259,2024-01-26,8,13,11,Yes
1372,2024-07-20,8,11,19,No
1500,2024-07-03,5,52,21,No
1735,2024-08-17,4,34,10,Yes
2439,2024-11-13,6,44,21,No
1545,2024-06-20,6,18,12,No
4583,2024-06-29,6,12,9,Yes
4906,2024-02-10,4,51,11,Yes
2833,2024-07-05,6,53,10,Yes
3932,2024-07-22,3,6,1,No
309,2024-03-22,3,43,16,No
4312,2024-04-15,5,5,10,No
3168,2024-10-16,8,52,8,Yes
3664,2024-04-03,5,25,11,No
2946,2025-01-08,5,43,14,No
2348,2024-01-05,1,35,19,Yes
3122,2024-10-31,7,4,6,Yes
3257,2024-01-18,1,51,6,No
120,2024-10-03,7,5,7,Yes
543,2024-06-19,6,4,2,Yes
1827,2025-01-27,5,4,11,No
2176,2024-06-15,8,45,11,No
3495,2024-02-24,6,24,20,Yes
26,2024-01-22,1,58,8,No
2848,2024-09-09,6,23,15,No
924,2024-11-18,7,28,22,No
4642,2024-12-24,2,56,7,Yes
3332,2024-06-07,3,3,3,Yes
3229,2025-01-09,9,6,19,No
3289,2024-01-15,9,37,9,No
998,2024-12-07,3,46,19,Yes
4480,2024-11-03,7,58,18,Yes
1184,2024-02-22,5,2,13,Yes
4002,2024-04-29,4,18,10,Yes
1853,2024-02-21,8,40,11,Yes
4669,2024-02-12,5,31,20,No
2633,2024-02-21,5,54,18,Yes
2481,2024-08-24,4,13,15,Yes
865,2024-09-16,5,25,11,Yes
1649,2024-07-17,5,39,22,No
1520,2024-02-18,9,45,16,No
3617,2024-11-03,5,50,17,No
2365,2024-12-17,6,14,19,No
3877,2024-01-10,8,48,17,Yes
2514,2024-03-13,2,54,14,No
2899,2024-06-17,1,22,9,No
1673,2024-05-31,8,18,14,No
3797,2024-12-26,4,35,2,No
1425,2024-08-15,6,28,18,Yes
323,2024-12-15,9,15,17,No
1207,2024-07-18,5,8,1,Yes
476,2024-01-28,7,53,11,No
3824,2024-12-17,5,16,17,Yes
4895,2024-12-25,4,5,15,Yes
567,2024-03-31,2,16,4,No
198,2024-03-27,8,39,13,Yes
2678,2024-11-20,1,40,10,Yes
1780,2024-01-13,9,37,9,No
3579,2024-07-26,1,36,8,No
1463,2025-01-02,8,11,17,Yes
3313,2024-11-13,5,24,22,Yes
3039,2024-07-08,9,16,12,Yes
3653,2024-04-29,2,6,15,No
4264,2024-06-10,2,14,3,No
4162,2024-05-17,1,40,2,No
2580,2024-12-23,8,29,8,No
3205,2024-02-12,7,23,1,No
1768,2024-12-15,5,32,4,Yes
3707,2024-03-31,5,10,24,Yes
2432,2024-01-01,3,22,19,Yes
461,2024-02-12,9,36,12,No
1616,2024-12-07,3,14,8,No
3357,2024-03-10,3,31,9,No
4456,2024-04-03,5,57,7,No
548,2024-08-12,4,6,23,Yes
1002,2024-06-09,1,59,9,No
1043,2024-10-16,2,47,22,No
3497,2024-07-01,9,44,18,No
3809,2024-01-31,7,6,16,No
4970,2024-01-06,1,32,10,No
14,2024-03-21,1,37,5,No
3548,2024-08-01,2,58,12,Yes
4079,2025-01-23,9,8,2,Yes
1395,2024-12-24,5,29,21,Yes
3300,2024-01-26,3,36,13,Yes
4266,2024-02-10,3,22,18,No
2231,2024-06-12,8,12,18,No
3032,2024-02-26,6,37,4,No
3144,2024-06-21,1,30,13,No
4978,2024-04-19,2,7,23,Yes
2003,2025-01-03,2,3,5,No
751,2024-04-03,3,19,21,No
551,2024-06-26,2,2,18,No
1501,2024-12-01,7,50,24,No
153,2024-12-17,8,20,23,No
2918,2024-12-17,8,34,24,Yes
2604,2024-10-28,7,24,8,Yes
113,2024-05-12,7,56,2,No
4131,2024-08-13,6,59,11,Yes
2004,2024-11-20,5,32,4,Yes
1238,2024-11-12,1,22,8,Yes
125,2024-06-22,3,21,10,Yes
2022,2024-01-17,8,33,15,No
301,2024-08-12,5,27,16,Yes
1798,2024-05-24,1,46,9,Yes
2054,2024-01-23,7,12,3,No
1512,2024-09-09,3,18,6,Yes
3259,2024-02-21,5,55,4,No
157,2025-01-26,4,28,9,Yes
795,2024-08-14,6,51,6,Yes
4266,2024-12-26,3,17,11,Yes
3012,2024-04-07,9,40,4,Yes
232,2024-03-07,4,30,9,No
840,2024-08-25,4,34,17,Yes
2348,2024-10-31,8,49,2,No
373,2024-10-08,5,5,12,No
2301,2024-01-26,8,9,24,No
2288,2024-06-30,4,11,18,No
1194,2024-12-28,2,32,22,Yes
1566,2025-01-15,2,23,12,No
1524,2024-10-29,6,15,9,No
3441,2024-12-11,1,24,4,No
878,2024-07-06,8,59,14,Yes
3487,2024-11-25,2,46,14,Yes
1332,2024-01-15,1,52,17,No
60,2024-04-28,3,52,21,Yes
3798,2024-12-07,3,44,18,Yes
3014,2025-01-19,9,13,22,Yes
4977,2024-02-03,4,57,12,Yes
3671,2024-01-25,5,53,1,No
296,2024-01-05,8,7,2,Yes
3191,2024-07-20,2,51,3,Yes
617,2024-05-27,4,11,4,Yes
407,2024-12-12,3,5,9,No
3130,2024-11-14,1,44,3,Yes
4241,2024-04-20,6,40,22,No
2465,2024-06-04,4,9,24,Yes
4840,2025-01-30,7,45,17,No
4780,2025-01-04,7,46,16,Yes
631,2024-01-07,5,20,4,No
1268,2024-04-14,4,26,15,Yes
3827,2024-12-19,5,7,23,Yes
3954,2024-10-23,3,54,23,No
4204,2024-03-01,7,8,20,No
4162,2024-01-02,4,17,8,No
2639,2024-05-22,1,1,9,No
399,2024-06-27,8,13,13,Yes
4946,2024-03-05,5,6,9,Yes
553,2024-01-17,7,10,19,No
1704,2024-04-19,4,47,1,No
3238,2024-08-07,5,26,2,Yes
618,2024-01-24,3,50,6,Yes
871,2024-09-16,7,54,12,No
2344,2024-11-09,2,11,12,No
3623,2024-12-23,6,29,23,No
2526,2025-01-24,3,46,3,Yes
4924,2024-05-25,9,55,17,Yes
2820,2024-02-02,8,9,8,No
571,2024-02-06,9,49,10,No
2555,2024-10-04,2,36,12,No
4533,2024-06-02,1,27,10,Yes
4812,2024-11-16,6,23,5,No
3030,2024-11-10,2,15,16,No
3336,2024-02-18,5,3,1,Yes
1356,2024-04-23,9,59,7,Yes
3782,2024-11-30,6,1,16,No
1461,2024-06-21,7,31,18,No
3362,2024-11-11,9,13,20,Yes
1647,2024-11-11,5,29,2,No
2097,2024-03-30,7,24,14,No
4411,2024-10-06,3,54,13,Yes
3584,2024-07-02,3,56,23,No
4440,2024-06-26,3,40,10,No
1786,2025-01-24,5,50,9,Yes
4804,2025-01-19,2,4,2,No
2230,2024-05-04,5,36,17,Yes
3857,2024-07-10,4,45,4,No
3376,2024-12-17,3,9,9,No
1411,2024-10-17,3,53,6,Yes
3475,2024-06-23,8,32,1,No
1551,2024-03-16,2,47,5,No
609,2024-01-24,7,34,3,Yes
852,2024-07-04,4,33,3,No
4101,2024-07-17,3,16,17,No
2750,2024-02-06,4,51,12,No
167,2024-01-18,9,23,4,No
4135,2024-01-31,4,16,11,No
2808,2024-07-27,7,27,16,No
4396,2024-09-06,1,3,9,No
3819,2024-10-18,2,10,6,No
4378,2024-10-22,9,57,21,Yes
1096,2024-01-07,8,47,13,No
1579,2024-11-25,4,14,23,No
1645,2024-01-10,1,28,1,No
2269,2024-07-22,3,54,19,Yes
497,2024-10-19,7,6,21,Yes
4915,2024-08-07,6,3,9,No
2882,2024-10-07,3,6,3,No
4384,2024-01-31,9,44,24,No
4567,2024-02-07,2,52,24,No
2191,2024-10-06,2,48,14,No
164,2024-07-17,3,48,24,No
2252,2025-01-02,5,36,8,No
1670,2024-08-12,7,41,12,Yes
3608,2024-09-01,1,59,7,No
49,2024-05-14,8,1,19,No
2931,2024-01-23,3,51,21,Yes
1302,2024-12-22,3,59,21,No
1704,2024-05-03,8,45,15,No
3084,2024-09-02,5,27,12,No
3768,2024-09-13,2,35,2,Yes
1475,2024-05-16,8,50,8,No
3912,2024-12-21,4,40,14,Yes
3731,2024-12-14,7,15,7,No
3904,2024-03-05,3,24,11,No
4864,2025-01-01,4,1,9,Yes
2577,2024-04-21,4,58,9,Yes
699,2024-12-05,3,1,14,No
4315,2024-04-09,4,28,18,No
1371,2024-10-18,4,49,18,Yes
4783,2024-05-27,4,9,12,No
4038,2024-06-06,3,40,6,No
152,2024-10-24,1,44,12,No
1689,2024-12-23,9,26,3,No
1124,2024-07-10,2,29,3,Yes
2761,2024-04-25,8,41,17,No
2715,2024-01-11,5,11,9,No
2016,2024-01-02,5,53,8,No
4921,2024-07-20,4,28,4,No
4103,2024-09-08,9,25,20,No
2200,2024-08-22,3,39,20,No
1112,2024-07-12,2,28,2,Yes
1527,2025-01-23,4,10,23,Yes
1833,2024-03-21,3,46,7,No
4766,2024-06-20,2,8,15,No
2867,2024-06-16,8,3,8,Yes
3268,2024-01-05,5,37,14,No
1427,2024-04-21,9,10,14,Yes
470,2024-03-23,6,25,6,No
3527,2024-11-20,6,14,10,Yes
367,2024-06-27,7,54,20,Yes
212,2024-01-06,6,47,15,No
1127,2024-02-07,6,4,5,Yes
362,2024-09-09,8,15,20,Yes
402,2024-04-18,9,40,5,No
3944,2024-07-13,7,13,15,Yes
1921,2024-06-09,9,30,23,No
743,2024-05-10,4,48,7,Yes
4643,2024-03-07,5,42,17,No
2140,2024-07-19,1,54,24,Yes
2322,2024-04-04,9,29,11,No
4846,2024-05-26,9,34,1,No
1135,2024-02-24,6,11,7,Yes
2891,2024-08-23,5,53,8,No
867,2024-10-02,6,52,24,No
3978,2024-05-10,1,52,3,Yes
3264,2024-04-04,7,45,15,Yes
208,2024-10-25,9,27,5,Yes
1092,2024-02-01,1,13,7,No
1517,2024-11-17,5,1,19,No
586,2024-04-05,1,54,8,Yes
4622,2024-12-04,2,5,19,No
666,2024-10-20,7,44,17,No
4553,2024-12-25,3,50,4,Yes
219,2024-03-17,4,20,21,No
2986,2024-04-22,2,6,3,No
3343,2024-04-23,7,30,10,Yes
3350,2024-06-06,6,59,17,Yes
1614,2024-06-18,7,27,15,No
4948,2024-02-18,7,33,4,No
3930,2024-02-05,9,46,3,Yes
4749,2024-01-08,7,56,14,Yes
733,2025-01-12,9,21,17,No
4220,2024-01-17,4,8,23,Yes
1360,2024-10-19,8,48,2,No
1459,2024-01-21,7,54,7,No
3646,2024-11-25,7,59,9,Yes
3016,2024-08-03,1,31,13,No
3635,2024-12-12,7,42,3,No
3845,2024-01-24,8,2,21,No
47,2024-07-01,6,4,10,No
4613,2024-05-05,1,18,21,Yes
3735,2024-01-03,4,21,10,No
2641,2024-11-22,8,40,15,No
3035,2025-01-26,3,16,10,No
3980,2024-10-03,7,32,6,No
2646,2024-10-11,5,26,9,Yes
324,2024-07-30,4,58,1,Yes
4881,2024-09-18,4,9,9,Yes
1154,2024-05-09,5,17,22,No
2625,2024-05-04,5,23,2,Yes
2931,2024-01-08,1,4,18,No
3646,2024-03-18,3,21,13,Yes
1303,2024-02-29,9,41,19,No
728,2024-02-15,1,43,13,No
3135,2024-07-15,2,28,17,No
639,2024-07-20,9,26,15,No
3227,2024-08-15,5,58,14,Yes
1196,2024-04-22,1,18,8,Yes
2359,2024-03-10,7,19,11,No
1795,2024-11-11,2,39,18,No
3166,2024-01-04,4,58,9,No
1684,2024-05-24,5,29,8,No
195,2024-12-13,7,21,23,No
4337,2024-06-20,2,32,19,No
2206,2024-08-21,3,30,20,Yes
4094,2024-06-20,8,39,20,Yes
1511,2025-01-21,3,34,3,No
3325,2024-10-15,5,57,23,Yes
324,2024-10-11,6,32,14,No
368,2024-10-05,3,11,16,No
1995,2024-08-18,9,57,11,No
1132,2024-06-14,2,23,3,No
404,2024-10-16,6,1,2,No
4851,2024-04-05,9,40,5,No
3790,2024-02-14,8,27,19,No
2589,2024-03-28,3,26,6,Yes
2683,2024-10-30,2,34,10,No
3531,2025-01-12,4,14,21,No
4841,2024-10-30,8,20,12,No
4037,2025-01-29,8,23,9,No
2551,2024-08-04,3,45,12,Yes
2767,2024-06-08,1,58,7,Yes
4178,2024-03-26,7,50,23,Yes
2931,2024-07-21,5,38,4,No
2788,2024-01-24,9,27,17,No
1372,2024-04-28,8,56,20,No
2432,2024-05-03,7,33,22,Yes
3984,2024-08-02,4,39,2,Yes
3745,2024-12-09,8,51,23,No
3546,2024-04-01,2,41,4,No
1338,2024-01-05,5,30,14,No
3321,2024-12-21,4,56,5,No
4517,2024-03-13,1,5,16,No
4960,2024-08-22,2,3,19,No
638,2024-07-08,9,29,9,No
4847,2024-06-30,4,9,15,No
685,2024-09-23,6,59,21,No
104,2024-04-05,2,21,19,Yes
525,2024-02-09,2,2,24,No
928,2024-05-10,2,7,20,No
2242,2024-08-24,1,4,17,No
3380,2024-08-25,6,54,14,Yes
2310,2024-01-13,6,37,3,No
1481,2024-12-21,6,35,5,Yes
3619,2024-11-01,1,40,8,No
4863,2024-03-05,6,53,10,Yes
3428,2024-01-01,8,40,14,No
3138,2024-08-15,4,56,6,No
3285,2024-02-28,2,23,18,No
4424,2024-02-16,8,44,2,No
894,2024-06-25,2,17,1,No
1148,2024-03-23,6,2,22,Yes
2885,2024-04-25,1,6,19,No
1074,2024-12-31,4,55,7,No
1211,2025-01-19,1,55,4,Yes
828,2024-10-08,4,29,9,No
2446,2024-01-04,1,56,14,Yes
3311,2024-04-02,3,10,13,No
393,2024-04-06,7,17,18,Yes
723,2024-08-08,2,13,11,Yes
3680,2024-12-24,3,14,23,Yes
4363,2024-03-27,5,15,6,No
809,2024-02-20,1,22,24,Yes
1981,2024-11-27,8,45,3,No
1279,2024-11-07,4,19,5,No
3474,2025-01-06,5,37,3,No
4334,2024-12-04,5,20,9,Yes
1439,2024-03-28,8,24,8,No
1669,2024-02-04,3,40,11,No
664,2024-06-29,3,20,20,No
3582,2024-09-25,2,42,22,No
1800,2024-03-04,6,16,22,No
2081,2024-09-24,7,38,1,Yes
1412,2024-10-20,2,6,22,No
322,2024-09-07,5,27,19,No
439,2025-01-05,5,34,18,No
3117,2024-01-03,7,55,20,Yes
557,2024-12-17,7,59,1,Yes
440,2024-07-06,7,40,2,No
4502,2024-10-16,2,10,14,Yes
4979,2024-02-18,7,47,21,Yes
4558,2024-08-10,1,27,18,Yes
4428,2024-02-24,1,22,18,No
2770,2025-01-30,2,9,23,No
1623,2024-02-27,4,5,1,No
1185,2024-09-14,5,48,11,No
2779,2024-08-11,1,42,16,No
1862,2024-04-18,9,8,13,No
3404,2024-10-01,1,16,9,No
2340,2024-07-09,3,5,24,Yes
1157,2024-06-19,7,26,13,Yes
154,2024-10-08,9,18,22,No
4064,2024-10-08,4,42,10,No
390,2024-02-11,7,29,21,Yes
1829,2025-01-08,2,29,4,Yes
1256,2024-10-28,4,21,13,No
1320,2024-06-09,7,13,17,No
3994,2024-10-18,3,52,14,No
1348,2025-01-18,9,47,19,No
1941,2024-08-25,9,15,20,No
3188,2024-12-19,8,49,7,No
3653,2024-08-28,1,11,5,Yes
572,2024-03-26,4,9,15,No
669,2024-12-26,2,51,23,Yes
817,2024-12-19,7,1,5,Yes
537,2024-02-18,7,6,13,No
2323,2024-07-14,6,30,10,No
4818,2024-10-11,8,29,1,Yes
3409,2024-09-21,2,17,17,No
2211,2024-01-23,3,55,15,No
3808,2024-12-28,8,13,9,No
3358,2024-01-26,9,34,20,No
1602,2025-01-19,8,31,24,No
330,2025-01-30,8,2,18,No
2659,2024-06-22,6,17,5,No
1268,2024-05-01,4,13,18,No
3074,2024-09-02,8,51,6,No
2607,2024-09-30,7,20,23,No
4110,2025-01-26,8,13,13,No
510,2024-12-24,8,24,7,Yes
1896,2024-11-05,7,39,5,Yes
3795,2024-04-20,3,35,2,Yes
3277,2024-02-04,1,13,2,Yes
4125,2024-10-07,8,36,3,No
4198,2024-07-11,1,18,10,Yes
2969,2024-11-07,5,19,14,No
117,2024-03-20,4,27,14,Yes
3251,2024-09-17,1,6,1,No
3547,2024-10-24,9,12,1,No
2273,2024-09-02,3,38,11,No
4027,2024-03-29,1,36,18,Yes
971,2024-09-17,3,13,24,No
4835,2024-05-21,4,23,12,No
4506,2024-06-18,5,17,21,No
1204,2024-06-08,4,13,9,No
2353,2024-01-28,1,27,23,No
204,2024-12-02,4,50,6,Yes
1019,2024-02-19,9,19,5,No
2058,2024-09-20,6,2,3,No
3489,2024-03-11,3,2,2,No
3834,2024-03-27,2,13,21,No
6,2025-01-04,1,48,5,Yes
2018,2025-01-21,6,54,17,No
320,2024-09-01,6,59,10,Yes
3178,2024-03-24,9,9,13,No
90,2024-01-01,9,7,19,No
3584,2024-01-28,7,25,5,Yes
403,2024-03-31,2,13,11,No
4615,2024-10-09,1,56,5,Yes
4387,2024-04-19,2,45,5,No
3057,2024-11-10,6,12,12,Yes
3565,2024-05-30,7,59,18,Yes
3415,2024-10-01,1,47,21,No
961,2024-03-06,6,40,5,No
3064,2024-11-16,7,59,20,No
2418,2024-04-27,5,42,12,No
2146,2024-03-10,3,14,21,No
3456,2024-12-05,9,18,22,No
1258,2024-03-20,7,34,19,No
3697,2024-01-31,7,23,24,No
154,2024-05-09,1,9,17,No
1898,2024-02-15,1,40,4,Yes
4676,2024-05-22,7,1,21,Yes
4084,2024-05-22,8,12,2,No
1518,2024-09-06,6,8,24,No
4718,2024-05-22,9,55,12,No
2517,2024-12-01,7,15,23,Yes
956,2024-04-18,1,30,7,Yes
2167,2025-01-09,7,57,22,No
573,2024-03-08,9,54,7,No
439,2025-01-18,9,58,11,No
4299,2024-09-25,5,24,16,Yes
3261,2025-01-17,9,59,6,No
3639,2024-02-26,9,1,3,No
2899,2024-02-03,9,35,20,No
2285,2024-08-03,1,18,15,No
2345,2024-07-03,8,52,16,No
4023,2024-10-22,2,29,12,No
3519,2024-11-04,2,52,14,Yes
3712,2024-12-29,7,13,7,Yes
3530,2024-04-10,3,47,16,No
1870,2024-12-24,4,47,17,No
2797,2024-01-06,5,10,14,No
564,2024-12-10,8,36,19,No
396,2024-03-05,1,38,14,Yes
3700,2025-01-11,7,8,3,Yes
289,2024-11-17,5,22,3,Yes
2979,2025-01-11,8,37,5,Yes
4434,2024-01-07,2,15,12,Yes
706,2024-03-06,4,33,9,Yes
199,2024-01-19,4,42,20,Yes
3089,2024-11-20,4,58,18,No
3632,2024-04-16,2,45,19,No
4981,2024-01-26,6,48,14,Yes
3925,2024-05-21,4,59,6,No
2762,2024-12-31,1,10,10,No
1205,2024-12-22,2,33,4,No
1859,2024-03-17,2,3,2,Yes
3323,2024-04-22,3,37,19,No
4397,2024-03-08,8,23,7,No
3247,2024-03-07,8,14,8,Yes
3874,2025-01-02,9,11,10,No
2343,2024-08-12,5,23,4,Yes
3792,2024-09-11,3,23,20,No
1279,2024-07-02,6,20,18,No
2715,2024-03-06,6,4,23,No
3348,2024-12-22,4,42,5,No
3953,2024-02-22,8,20,18,Yes
4842,2024-05-04,3,42,8,Yes
4579,2024-07-09,4,13,11,Yes
4167,2025-01-02,6,7,6,No
2091,2024-04-09,6,39,21,Yes
1869,2024-01-22,9,46,18,No
3569,2025-01-23,3,45,9,No
1583,2024-03-07,4,29,5,No
976,2024-09-14,3,28,23,Yes
3375,2024-02-17,2,33,23,No
705,2024-08-01,6,53,16,No
3826,2024-06-20,3,27,18,No
170,2024-01-25,1,20,14,No
4438,2024-07-27,7,48,17,No
2567,2024-05-09,7,1,22,Yes
823,2024-07-21,9,12,7,Yes
2583,2024-04-10,4,51,6,Yes
1538,2024-01-02,1,43,9,Yes
3558,2024-12-15,8,31,24,Yes
4402,2024-01-30,5,24,14,No
1654,2024-06-25,3,56,21,Yes
2928,2025-01-01,9,34,18,No
607,2024-10-31,4,29,8,No
4374,2024-04-28,5,25,7,Yes
4879,2024-08-13,5,2,13,No
4436,2024-08-21,3,14,16,No
240,2024-08-23,4,53,2,No
4894,2024-07-01,9,32,9,Yes
1176,2024-07-22,5,57,2,No
3284,2024-10-26,8,48,9,No
228,2024-02-19,3,8,24,No
3951,2024-11-08,2,16,10,No
1089,2024-10-02,1,19,19,Yes
280,2024-04-24,5,28,2,No
1168,2024-03-08,1,23,22,Yes
4054,2025-01-28,2,59,20,No
1146,2024-02-06,2,51,13,No
3614,2024-12-16,4,22,10,No
2752,2024-01-12,9,23,9,No
2862,2024-11-29,5,50,24,Yes
3393,2024-03-23,5,16,16,Yes
771,2024-11-02,5,15,13,No
1833,2024-02-15,3,44,6,No
3368,2024-07-31,7,30,20,Yes
2221,2024-12-15,8,48,6,No
3989,2024-12-17,1,20,15,Yes
3299,2025-01-15,4,46,19,No
23,2024-02-07,6,10,4,Yes
3907,2024-08-28,9,37,18,No
3352,2024-06-01,2,15,21,Yes
2396,2024-07-12,4,35,11,No
3104,2024-11-07,2,46,21,No
3229,2024-01-21,7,2,13,No
2086,2024-03-22,8,16,24,Yes
2785,2024-10-25,4,52,8,No
1111,2025-01-18,9,42,2,No
2469,2024-09-28,5,24,14,Yes
644,2024-04-21,2,20,14,No
2263,2024-03-02,1,15,14,No
4411,2024-01-15,2,52,18,No
2252,2024-05-14,8,17,17,No
1978,2024-05-06,2,52,18,Yes
730,2025-01-14,4,36,12,Yes
1261,2024-10-04,2,44,20,No
45,2024-05-21,1,16,18,Yes
1710,2024-02-04,8,9,14,Yes
274,2024-11-13,3,26,23,No
808,2024-07-17,4,33,5,No
593,2024-07-19,9,37,16,Yes
2338,2024-03-24,3,5,7,No
2266,2024-03-18,6,10,10,Yes
4845,2024-10-17,3,32,1,Yes
3308,2024-02-11,5,41,11,Yes
4175,2024-04-13,1,12,15,No
4540,2024-03-01,4,7,6,Yes
2188,2024-08-02,8,58,22,No
46,2024-09-06,7,39,10,No
2724,2024-01-08,5,25,19,No
1955,2024-09-13,5,4,3,Yes
2140,2024-01-29,8,8,17,Yes
451,2024-07-06,3,1,3,No
1050,2024-07-26,3,49,15,Yes
3741,2024-10-12,1,23,8,No
3271,2024-07-07,3,52,20,No
4696,2024-08-01,2,58,18,No
3186,2024-07-20,7,27,5,No
3721,2024-08-23,2,34,18,Yes
732,2025-01-20,9,2,1,No
3010,2024-01-21,1,4,3,No
4936,2024-07-15,4,52,22,Yes
1609,2024-04-29,6,56,23,No
4916,2024-12-24,1,37,6,No
2964,2024-07-20,3,32,21,No
4038,2024-03-19,6,54,5,No
1622,2024-02-13,4,9,14,Yes
3002,2024-10-19,9,27,15,Yes
3601,2024-09-19,4,15,22,Yes
1278,2024-07-20,3,53,5,Yes
1187,2024-07-04,4,14,3,Yes
723,2024-07-04,5,41,12,No
3113,2024-01-31,7,53,15,Yes
3151,2024-06-04,6,51,9,Yes
4540,2024-10-24,7,58,11,Yes
235,2024-05-26,2,36,18,No
1498,2025-01-25,2,51,2,Yes
3043,2024-05-10,4,2,10,No
4061,2024-06-02,8,18,22,No
3934,2024-12-01,5,55,24,No
3943,2024-01-19,3,55,21,No
4822,2024-08-13,7,28,9,No
1876,2024-08-08,4,21,12,No
1142,2024-07-19,9,41,1,Yes
673,2024-04-10,5,33,7,No
654,2024-12-16,8,11,11,No
2956,2024-06-05,8,17,14,No
3814,2024-11-05,5,57,7,No
932,2025-01-29,9,34,11,Yes
2648,2024-04-06,5,12,4,Yes
752,2025-01-02,7,3,16,Yes
3988,2024-04-25,4,35,24,No
4831,2024-10-17,6,50,5,No
4044,2024-08-01,7,10,11,Yes
3674,2024-06-25,4,31,17,No
531,2024-01-05,5,33,22,No
497,2024-06-03,4,35,9,No
3070,2024-11-27,2,19,22,No
1169,2024-11-05,3,21,8,Yes
318,2024-07-11,1,2,4,Yes
3611,2024-03-26,9,36,13,Yes
183,2024-08-20,2,57,13,No
3620,2024-04-07,8,40,18,No
3750,2024-03-07,1,18,21,No
1287,2024-03-27,9,21,23,No
2997,2024-07-16,3,8,7,No
636,2024-03-09,1,3,17,Yes
2846,2024-08-10,8,49,24,No
1487,2024-03-01,1,35,17,No
3162,2024-02-15,2,23,24,No
446,2024-05-31,4,45,9,Yes
310,2024-03-16,1,6,11,Yes
926,2024-05-10,8,44,8,No
4335,2024-04-20,7,52,4,Yes
2839,2024-07-29,4,39,9,Yes
1201,2024-12-06,4,49,4,No
3154,2024-03-11,4,43,5,No
2053,2025-01-13,9,32,19,No
4669,2024-06-24,1,31,14,No
3878,2024-12-01,7,19,8,No
3811,2024-10-11,5,11,19,Yes
3468,2024-12-22,8,32,6,Yes
1395,2024-06-13,9,21,11,No
1873,2024-05-16,4,52,18,Yes
1529,2024-12-10,4,26,21,No
2455,2024-03-18,8,29,11,No
1372,2024-02-21,5,48,17,Yes
3141,2024-12-13,2,18,17,Yes
3657,2024-09-20,2,56,9,No
3484,2024-09-19,6,24,22,No
2437,2024-11-21,7,10,10,No
4163,2024-01-21,8,22,14,Yes
774,2024-09-30,9,50,12,Yes
1391,2025-01-11,4,5,10,Yes
4084,2024-09-09,1,54,11,Yes
3675,2024-10-31,7,41,4,Yes
3576,2024-12-17,7,7,23,No
811,2024-11-12,8,52,13,Yes
4326,2024-02-20,3,45,6,No
1484,2025-01-13,3,57,10,No
3979,2024-11-14,5,5,3,No
4499,2024-07-27,9,39,18,Yes
1323,2024-03-16,6,25,7,Yes
659,2024-11-23,7,19,10,Yes
1561,2024-05-02,5,14,9,No
1991,2025-01-05,5,29,22,No
3546,2024-06-08,1,24,18,Yes
3545,2024-12-30,8,20,15,Yes
3515,2024-02-13,2,8,11,No
1310,2024-12-02,2,26,24,Yes
4946,2024-11-03,1,49,16,No
3805,2024-10-19,9,39,2,Yes
1918,2024-12-15,2,57,16,No
3727,2024-07-13,5,13,10,No
2296,2024-05-14,5,10,10,No
4018,2024-04-22,6,34,3,Yes
3758,2024-04-12,9,45,9,Yes
1015,2024-10-13,6,29,1,No
2681,2024-06-22,3,19,19,Yes
772,2024-05-02,8,44,5,No
1967,2024-03-09,7,6,19,No
3892,2025-01-03,9,38,7,Yes
4378,2024-05-24,9,1,7,Yes
3996,2024-08-23,1,19,4,No
3011,2024-04-05,3,39,12,Yes
4701,2024-07-06,8,26,8,No
1728,2024-12-07,4,24,4,No
3833,2024-01-30,8,27,6,No
2415,2024-07-05,8,48,2,Yes
2860,2024-09-29,8,2,23,No
2011,2024-04-30,8,32,1,No
3607,2024-04-25,7,9,14,No
1328,2024-05-05,4,37,21,No
2590,2024-05-13,4,5,8,No
1826,2024-04-13,9,31,19,Yes
299,2024-01-18,4,59,4,No
1996,2024-12-19,8,59,3,No
4418,2024-05-03,2,34,21,Yes
4713,2024-02-09,1,31,5,Yes
1444,2024-02-10,6,6,8,Yes
3197,2024-12-27,2,58,20,Yes
551,2024-07-06,5,18,12,Yes
4735,2024-12-08,4,57,2,Yes
2327,2024-09-27,9,34,16,No
275,2024-09-12,7,10,18,Yes
3398,2024-07-26,4,53,16,Yes
1147,2024-01-15,5,56,19,No
652,2024-07-10,2,30,3,Yes
3523,2025-01-03,8,6,8,No
2973,2024-05-16,4,6,9,Yes
3081,2024-07-08,1,46,14,Yes
412,2024-08-27,7,56,24,No
1709,2025-01-07,1,31,21,No
248,2024-07-18,2,25,6,Yes
1815,2024-12-19,2,46,11,No
3092,2024-10-15,5,34,17,Yes
3418,2024-12-11,9,12,5,Yes
4720,2024-05-17,2,51,5,No
3552,2024-09-12,5,17,14,Yes
2583,2024-06-18,3,36,15,No
3379,2024-08-20,3,52,13,No
4103,2024-07-24,9,41,9,No
1939,2024-10-27,3,42,3,No
4397,2024-12-30,6,15,21,Yes
4527,2025-01-03,6,44,16,Yes
3815,2024-05-17,6,44,1,No
2510,2025-01-04,8,44,17,No
4925,2025-01-30,2,21,19,No
1123,2024-11-21,8,31,13,No
2105,2024-06-20,7,9,2,Yes
402,2024-04-12,4,25,24,Yes
3528,2024-07-03,3,51,20,No
3230,2024-05-02,9,26,5,No
4096,2024-08-11,7,4,4,No
3184,2024-07-08,8,41,23,No
4242,2024-10-15,6,10,13,Yes
2485,2024-08-29,5,46,12,Yes
2811,2024-05-18,1,5,8,No
261,2024-07-20,8,38,24,No
3803,2024-07-16,8,14,4,No
765,2025-01-07,5,46,1,Yes
1653,2024-10-31,2,52,20,No
3515,2024-09-14,8,55,6,No
1083,2024-07-14,1,17,13,Yes
3818,2024-02-02,2,39,11,No
3333,2024-08-08,3,56,7,No
1731,2024-04-16,7,28,1,Yes
681,2024-05-23,7,5,16,No
4024,2024-03-05,5,22,5,No
851,2024-02-10,4,56,19,Yes
2326,2024-03-31,1,55,11,Yes
3929,2024-06-24,3,29,22,Yes
4954,2024-05-26,6,25,9,No
932,2024-07-08,8,20,14,No
4456,2024-01-12,3,17,10,Yes
4269,2024-10-01,6,29,8,Yes
1753,2024-12-23,1,58,16,Yes
1209,2024-01-05,5,15,24,Yes
4318,2024-10-20,2,41,5,Yes
3250,2024-06-19,2,5,3,No
4309,2024-11-12,1,57,16,No
504,2024-06-05,4,8,3,Yes
300,2024-09-17,9,41,4,Yes
2063,2024-02-14,4,21,7,No
3544,2024-06-23,7,51,2,No
4782,2024-04-04,5,33,6,Yes
3276,2025-01-24,2,54,11,Yes
134,2024-07-23,4,53,1,Yes
2657,2024-11-01,8,32,2,Yes
3767,2024-03-14,8,36,15,No
3064,2024-06-14,7,38,18,Yes
191,2024-07-09,7,45,8,Yes
2207,2024-10-21,3,31,12,No
3272,2024-07-14,3,58,22,No
743,2024-07-22,2,8,5,Yes
2681,2024-06-03,7,31,10,No
2218,2024-08-16,1,42,23,Yes
769,2024-04-03,8,31,4,No
3281,2024-02-27,7,43,15,No
1266,2024-05-02,3,24,9,No
2043,2024-01-07,1,32,12,No
4499,2024-08-20,4,23,16,Yes
2734,2024-05-21,7,4,6,No
441,2024-03-10,9,34,1,No
2801,2024-05-02,3,7,6,Yes
4869,2024-07-07,6,9,7,No
3731,2025-01-02,7,22,10,No
3949,2024-10-28,8,12,9,No
3788,2024-03-01,7,42,10,No
2996,2024-05-16,9,41,12,No
301,2024-04-02,2,33,12,Yes
4166,2024-07-16,5,15,7,Yes
1650,2024-03-03,1,41,1,Yes
1958,2024-05-26,6,27,6,No
4388,2024-01-27,5,14,4,No
218,2024-12-07,6,35,10,No
3924,2024-05-15,4,13,6,No
2220,2024-11-29,1,18,19,Yes
3606,2024-10-05,2,2,2,Yes
4003,2024-10-25,6,52,14,Yes
3164,2024-04-10,3,58,9,No
2605,2024-05-06,6,55,24,No
4826,2024-03-21,5,2,10,No
32,2024-07-31,1,39,15,Yes
4636,2024-02-29,2,29,6,No
3376,2024-06-03,3,51,8,No
2117,2024-06-11,5,53,17,Yes
1438,2024-06-07,5,24,11,No
3159,2024-04-19,6,16,23,No
3793,2025-01-02,6,35,24,Yes
2980,2024-01-29,3,42,14,No
224,2024-08-19,8,41,9,No
3192,2024-10-17,7,53,13,No
4514,2024-07-30,4,55,22,No
444,2024-04-22,8,15,1,No
4529,2024-12-02,5,17,14,No
3740,2025-01-29,6,28,12,No
1804,2024-08-22,5,10,7,Yes
4940,2024-04-25,2,41,22,Yes
1031,2024-02-23,2,36,17,No
4679,2024-12-14,8,5,3,No
829,2024-01-10,7,23,11,No
542,2024-01-16,4,54,17,No
3269,2024-09-30,6,33,11,Yes
109,2024-11-26,8,49,19,No
2562,2024-12-17,5,51,2,Yes
3959,2025-01-09,1,44,9,No
2205,2024-03-03,2,20,22,No
712,2024-09-10,3,24,14,No
1640,2024-09-28,9,4,23,No
3753,2024-07-01,6,55,11,No
4029,2024-03-26,6,44,12,Yes
4830,2024-03-13,8,50,13,Yes
3291,2024-03-02,1,21,19,Yes
4355,2024-02-10,3,7,3,No
1595,2024-07-07,7,26,17,No
860,2025-01-08,5,34,17,No
2323,2024-10-08,2,52,4,No
3377,2024-08-16,8,40,9,No
3463,2024-02-17,4,36,15,No
1401,2024-10-12,3,9,6,No
2187,2024-05-23,2,55,2,Yes
4021,2024-06-11,7,3,10,Yes
3510,2024-03-21,7,29,11,No
1983,2024-04-17,3,30,7,No
1834,2024-07-04,6,21,10,Yes
2897,2024-12-02,4,8,20,Yes
1924,2024-05-23,1,56,10,Yes
2082,2025-01-13,6,36,16,No
4119,2024-03-31,3,4,9,No
2461,2024-08-09,4,37,18,No
3689,2024-09-15,1,39,23,Yes
2199,2024-08-23,2,40,8,Yes
3844,2024-05-12,3,8,2,No
112,2024-05-16,5,34,1,No
1419,2024-12-14,1,33,20,No
3083,2024-11-29,9,47,24,No
3296,2024-12-13,4,29,18,No
4897,2024-09-12,8,10,3,No
1199,2024-01-25,4,57,19,Yes
4999,2024-02-27,1,3,20,Yes
1207,2024-09-11,8,5,6,No
1647,2024-04-09,3,14,24,Yes
2952,2024-11-25,1,35,17,No
3684,2024-03-24,2,12,18,No
2666,2024-11-27,4,45,23,No
2436,2024-12-12,2,41,14,Yes
4378,2024-01-13,9,4,3,Yes
322,2024-12-20,5,7,11,Yes
4146,2024-09-27,9,24,22,No
4518,2024-07-29,4,2,21,No
260,2024-06-23,5,27,10,Yes
2653,2025-01-14,7,43,9,No
1217,2024-03-16,7,17,21,Yes
1308,2024-04-23,4,1,18,Yes
1076,2024-08-15,1,4,12,No
4546,2024-08-24,4,50,17,Yes
4127,2024-08-19,2,46,12,No
2581,2024-03-08,7,37,20,No
4755,2024-10-22,9,27,18,No
1254,2024-08-08,3,17,3,Yes
1027,2024-07-23,6,59,22,Yes
3243,2024-12-15,7,59,20,No
4229,2024-06-14,9,40,18,Yes
1611,2024-07-27,3,21,6,Yes
1790,2024-04-06,4,41,20,No
2227,2024-04-09,8,13,4,No
281,2024-08-27,5,36,24,No
465,2024-01-02,1,35,18,Yes
2075,2024-02-27,1,24,23,No
3818,2024-05-22,7,19,10,Yes
1662,2024-02-01,5,11,8,Yes
1184,2024-11-26,6,12,6,Yes
4088,2024-01-24,5,44,7,Yes
3927,2025-01-25,5,42,2,Yes
2849,2024-11-18,1,41,7,Yes
2173,2024-12-24,8,21,3,Yes
2591,2024-07-01,2,34,5,No
4168,2024-03-19,9,55,20,No
3088,2024-08-12,2,24,8,No
2275,2024-10-01,2,47,9,No
83,2024-02-02,1,42,11,Yes
571,2024-01-13,1,53,20,Yes
4189,2024-07-07,3,28,18,No
1165,2024-06-15,4,39,9,Yes
3436,2024-11-28,7,41,9,No
882,2024-09-22,2,32,6,Yes
4841,2024-12-03,7,55,23,Yes
137,2024-01-24,8,46,9,No
3929,2024-01-19,8,21,18,Yes
1859,2024-01-13,8,39,3,No
4210,2024-03-18,5,30,1,No
1478,2024-09-04,9,35,6,Yes
3068,2024-12-15,3,47,3,No
4993,2024-04-01,3,36,24,No
2939,2025-01-08,4,30,21,No
1653,2024-03-06,7,33,24,No
4036,2024-02-03,4,43,8,No
990,2024-06-07,7,39,19,No
4510,2024-04-05,2,1,3,Yes
3670,2024-06-12,4,46,16,Yes
348,2024-08-25,1,7,14,No
909,2024-12-05,4,20,4,Yes
2148,2024-04-09,4,37,7,No
280,2024-03-02,8,39,13,No
3190,2024-08-05,5,36,10,No
2981,2024-01-14,3,17,5,No
750,2024-11-05,5,39,12,Yes
2160,2024-06-03,3,33,14,No
4652,2024-04-26,4,51,18,No
2435,2024-10-20,9,34,24,No
1980,2024-12-20,1,6,23,No
133,2024-03-04,2,10,9,Yes
2736,2025-01-28,2,40,8,Yes
4270,2024-04-21,8,51,14,No
4801,2025-01-25,6,52,7,No
3582,2024-07-22,4,43,15,Yes
3413,2024-09-27,1,47,12,No
2939,2024-11-17,4,4,6,No
2162,2024-12-21,5,22,11,Yes
820,2024-02-14,4,59,16,Yes
4996,2024-09-10,5,23,9,No
4660,2024-03-25,2,10,24,Yes
4553,2024-01-18,4,29,3,No
823,2024-04-11,5,55,12,Yes
1319,2024-03-03,1,39,22,No
3849,2024-04-11,7,49,7,No
993,2024-07-12,9,17,20,No
89,2024-11-14,6,14,8,No
1284,2024-06-26,4,4,8,No
1217,2024-06-28,1,1,22,Yes
1260,2024-12-29,6,38,19,No
1184,2024-03-19,3,34,9,No
2906,2024-09-22,6,58,15,No
1707,2024-07-19,8,42,10,No
3448,2024-03-31,7,1,21,Yes
365,2025-01-04,5,45,10,Yes
2960,2024-01-14,7,24,11,No
2408,2024-11-03,9,12,18,No
2737,2024-11-26,1,53,3,No
4194,2024-04-05,4,9,14,No
4210,2024-10-21,3,51,2,No
1980,2025-01-06,9,54,24,Yes
2719,2024-11-19,4,3,24,No
2353,2024-09-05,3,49,3,No
1969,2024-05-06,2,28,16,No
3454,2024-06-25,5,36,8,No
2000,2024-03-06,1,37,2,No
4876,2025-01-03,4,44,19,Yes
3322,2024-07-10,3,56,14,No
3304,2024-11-11,7,24,13,No
3290,2024-06-29,2,57,3,No
3496,2024-12-03,7,5,9,No
2950,2024-12-15,9,58,2,No
914,2024-04-19,5,31,18,No
2455,2024-04-30,4,27,5,Yes
2200,2024-03-16,6,17,14,No
246,2024-03-27,8,26,20,No
579,2024-03-18,7,31,19,No
3071,2024-11-23,7,57,19,Yes
3219,2024-12-20,9,36,3,No
1172,2025-01-29,4,21,1,No
643,2024-08-14,3,3,10,No
338,2024-04-26,4,14,24,No
2481,2024-12-24,1,32,8,Yes
923,2024-11-11,6,37,15,No
2297,2024-04-07,4,6,6,No
4948,2024-09-24,9,10,4,Yes
2774,2024-11-04,9,25,22,Yes
4382,2024-11-07,7,6,21,No
3396,2024-03-30,7,54,4,No
1819,2024-01-01,2,45,6,No
2982,2024-05-27,7,33,2,No
2354,2024-07-05,8,39,10,No
3975,2024-08-30,1,22,12,Yes
3172,2024-12-19,8,15,8,No
2711,2024-12-21,9,32,8,No
2062,2024-04-23,2,34,18,No
2320,2024-06-30,6,25,12,No
3237,2024-04-25,4,5,11,No
3937,2024-03-07,9,32,8,No
3781,2024-04-26,9,42,9,Yes
1060,2024-08-04,9,27,18,Yes
3474,2024-08-06,2,28,1,No
4688,2024-02-14,7,45,23,No
2480,2024-09-16,9,36,22,No
2842,2024-06-28,7,19,1,No
2362,2024-01-18,7,24,16,No
2269,2024-08-28,4,58,13,Yes
2611,2024-07-22,6,7,5,Yes
752,2024-02-16,3,30,5,Yes
2042,2024-01-26,2,52,15,Yes
4499,2024-10-09,1,34,8,Yes
3546,2024-08-23,9,22,11,No
2616,2024-01-24,5,56,4,No
412,2024-09-18,5,47,7,No
4891,2024-04-05,3,11,14,No
4939,2024-07-18,4,21,20,No
4169,2024-11-06,8,42,1,No
689,2024-09-11,3,44,1,Yes
1104,2024-03-02,5,47,15,Yes
91,2025-01-26,3,25,19,Yes
2366,2024-09-15,5,9,10,Yes
3340,2024-03-22,4,12,15,No
4250,2024-04-12,4,31,2,No
984,2024-07-14,8,7,8,No
4339,2024-01-20,9,37,23,Yes
1073,2024-02-20,3,7,4,No
2889,2024-01-08,9,40,9,Yes
3577,2024-09-08,7,12,14,No
577,2024-03-04,5,40,1,No
3846,2024-03-20,7,58,16,Yes
2910,2024-07-21,5,30,6,Yes
4796,2024-02-21,1,32,11,Yes
2042,2024-06-30,8,37,16,Yes
414,2024-11-26,1,52,15,No
1966,2024-10-10,4,16,5,No
1000,2024-04-23,5,40,4,Yes
4440,2024-10-12,9,43,4,Yes
4515,2024-12-13,3,10,7,No
1824,2024-10-13,5,56,21,No
780,2024-11-19,9,8,4,Yes
4779,2024-04-03,7,30,1,Yes
1791,2024-12-27,9,9,21,Yes
1926,2024-02-15,2,43,19,No
2046,2024-09-09,6,41,14,No
2676,2024-12-07,3,20,21,No
4567,2024-11-18,7,54,15,Yes
3015,2024-08-10,9,22,22,Yes
3246,2024-12-28,4,37,12,Yes
3902,2025-01-25,2,38,16,No
4130,2024-05-14,8,4,10,Yes
2472,2024-09-30,7,18,3,Yes
575,2024-05-12,3,9,17,No
4202,2024-07-25,1,48,5,Yes
3914,2024-09-01,6,37,3,Yes
3504,2024-04-12,5,57,9,No
4015,2024-06-15,8,52,19,No
2048,2024-08-14,8,35,9,Yes
888,2025-01-20,1,30,21,Yes
1844,2024-05-14,4,23,5,No
1457,2024-03-08,3,4,23,No
3314,2024-03-15,4,45,21,Yes
177,2024-04-17,9,30,16,No
3060,2024-04-20,6,35,7,No
724,2024-12-19,2,51,15,No
3399,2024-03-19,5,39,1,No
3693,2024-03-13,6,18,6,Yes
1984,2024-03-23,8,24,2,No
3555,2024-12-30,2,17,13,No
3391,2024-09-17,2,13,12,No
4124,2024-01-09,2,23,3,Yes
3668,2024-11-20,9,19,6,Yes
364,2024-02-24,5,41,18,Yes
423,2025-01-21,7,10,8,No
3889,2024-11-07,8,45,19,Yes
3476,2024-05-29,2,22,1,Yes
3660,2024-05-09,8,27,6,Yes
1802,2024-03-19,7,53,3,No
1229,2024-06-26,2,52,13,Yes
409,2024-10-13,3,26,20,Yes
560,2024-12-09,4,3,1,No
300,2025-01-14,2,3,2,Yes
575,2024-10-16,7,51,19,No
226,2024-03-19,3,41,22,No
3977,2025-01-02,4,27,14,No
1342,2024-12-06,7,1,14,No
3368,2024-12-16,6,7,18,No
627,2024-11-19,3,35,20,No
4401,2024-04-04,7,45,21,Yes
2403,2024-04-01,9,43,24,No
1859,2025-01-10,1,38,18,No
4003,2024-06-30,3,6,9,Yes
677,2024-07-26,6,49,15,No
2882,2024-01-30,2,37,10,No
3206,2024-07-12,4,11,20,No
382,2024-04-03,8,50,18,Yes
4571,2024-11-12,6,46,21,No
2197,2024-06-21,3,40,14,Yes
1822,2024-04-18,1,12,22,No
4226,2024-07-09,7,59,23,No
892,2024-12-01,6,43,22,No
3755,2024-01-26,2,3,12,No
508,2024-07-18,5,59,21,Yes
4381,2024-05-04,7,22,9,No
3085,2024-11-21,7,25,19,Yes
91,2025-01-04,3,56,11,No
1829,2024-09-02,6,22,17,No
3962,2024-05-05,3,18,15,No
4690,2024-02-04,6,45,24,Yes
2323,2024-11-27,2,15,6,Yes
2784,2024-02-28,8,35,22,Yes
804,2024-09-29,7,33,21,No
3095,2024-01-29,4,48,14,No
2242,2024-05-19,4,7,18,No
4859,2024-07-22,8,24,21,Yes
3416,2024-12-16,6,40,11,No
1427,2024-09-08,9,4,23,Yes
3366,2024-05-21,8,39,21,Yes
845,2024-02-23,9,53,23,Yes
4792,2024-04-30,5,44,4,No
3111,2024-01-04,5,39,18,No
1188,2024-09-05,3,9,5,No
1591,2024-12-08,3,27,5,No
1726,2024-06-10,7,49,24,No
896,2024-04-27,4,51,6,No
4862,2024-10-13,5,21,19,No
3201,2024-06-05,5,7,9,Yes
4285,2025-01-30,7,23,9,Yes
829,2024-03-03,6,6,12,No
3665,2024-11-30,3,43,17,Yes
3674,2024-10-14,8,45,4,Yes
1056,2024-06-14,8,56,17,Yes
218,2024-03-17,9,13,3,No
1004,2024-01-07,7,23,11,No
3770,2024-12-03,3,18,1,Yes
4315,2024-02-06,2,11,3,No
1976,2024-04-22,6,45,24,Yes
326,2025-01-31,4,52,10,Yes
4668,2024-07-16,9,2,24,No
108,2024-03-30,8,38,21,Yes
1882,2024-07-24,5,43,8,No
4827,2024-12-04,4,1,17,No
2289,2024-01-30,2,59,7,Yes
4678,2024-09-17,3,13,20,Yes
1975,2024-05-26,2,2,19,No
4472,2024-12-05,2,10,17,No
1606,2024-07-23,6,10,16,Yes
4313,2024-04-27,6,48,17,Yes
2842,2024-10-19,6,45,12,No
1997,2025-01-03,5,52,20,No
3971,2024-08-30,4,12,2,No
4270,2024-12-02,4,19,1,Yes
1698,2024-07-06,8,41,11,No
2668,2024-07-16,9,8,7,Yes
1781,2024-02-02,2,41,3,No
4080,2024-06-09,8,44,8,No
737,2025-01-09,5,16,14,Yes
3319,2024-05-21,1,16,1,No
914,2024-08-31,2,38,7,No
3430,2024-01-24,8,52,11,Yes
1333,2024-07-04,9,40,20,Yes
4821,2024-06-12,9,1,15,No
113,2024-05-08,3,45,2,No
2255,2024-10-18,7,47,4,No
1902,2024-02-07,7,7,14,Yes
4396,2024-03-30,8,12,3,Yes
1887,2024-11-16,1,12,21,No
2751,2024-12-03,6,15,2,No
1584,2024-02-04,5,10,14,No
640,2024-07-07,2,17,9,Yes
206,2024-02-14,6,12,15,No
3056,2024-08-07,3,34,7,Yes
2983,2025-01-03,4,28,19,No
3337,2024-05-17,5,32,12,No
4843,2024-02-06,8,54,4,Yes
991,2024-02-09,6,59,17,Yes
374,2024-10-16,8,7,17,No
2679,2025-01-27,6,45,16,Yes
466,2024-12-10,4,14,8,No
2356,2024-06-24,5,37,12,No
4175,2024-06-17,2,2,11,Yes
499,2024-08-07,3,26,3,No
3134,2024-05-19,9,22,5,Yes
2135,2024-01-09,6,48,12,Yes
3892,2024-10-18,7,55,3,Yes
4730,2024-12-09,5,10,21,Yes
26,2024-02-16,2,54,16,No
3331,2024-10-22,5,47,20,Yes
692,2025-01-04,8,11,24,Yes
210,2024-07-11,9,38,1,No
3934,2024-10-30,1,41,21,Yes
4503,2024-04-18,6,53,7,No
3932,2024-10-29,8,1,21,No
3051,2024-06-13,8,2,8,Yes
219,2024-08-18,5,10,9,No
1909,2024-10-07,1,23,1,Yes
3050,2024-09-11,9,51,1,No
635,2024-07-02,5,48,7,No
2639,2024-04-04,5,16,12,No
4343,2024-01-31,9,14,3,Yes
2069,2024-09-01,8,5,14,Yes
3492,2024-01-01,5,20,18,No
1460,2024-03-11,3,46,6,Yes
3097,2024-01-10,6,19,17,No
3901,2024-05-09,5,6,17,Yes
28,2024-03-27,3,55,14,Yes
4032,2024-08-10,5,33,2,Yes
1530,2024-03-22,4,9,2,No
1345,2024-12-07,8,1,19,Yes
4825,2024-01-08,6,9,15,Yes
4757,2024-02-06,7,26,22,No
2211,2024-11-14,1,17,11,Yes
4232,2024-11-29,4,2,2,No
2908,2024-09-11,6,31,12,Yes
2130,2024-02-19,7,59,23,No
4080,2024-03-10,1,40,13,No
4260,2025-01-08,3,55,9,No
2218,2024-12-04,5,56,11,No
996,2024-02-15,4,56,7,Yes
3320,2024-03-17,4,9,18,No
3489,2024-06-06,7,11,24,No
2571,2024-02-07,4,2,11,No
2241,2024-04-13,5,59,20,No
4518,2024-10-19,9,52,22,No
2536,2024-05-04,3,24,9,No
2052,2025-01-19,7,58,2,No
805,2025-01-01,7,57,22,No
3913,2024-08-08,9,7,11,No
1576,2024-11-13,7,24,4,Yes
4659,2024-07-25,5,26,22,Yes
4811,2024-08-24,2,38,3,Yes
2070,2024-09-29,1,36,1,Yes
3476,2024-10-17,9,9,17,Yes
3471,2024-11-27,4,1,24,Yes
3902,2024-08-20,8,56,22,No
1271,2024-07-26,7,15,20,No
4302,2024-01-19,7,18,18,No
1342,2024-10-16,1,10,20,No
2345,2024-09-24,6,35,23,Yes
1792,2024-08-30,7,17,16,Yes
85,2024-04-20,4,23,10,No
4423,2024-02-07,8,45,13,No
4515,2024-03-25,7,5,18,Yes
4631,2024-08-06,8,22,15,No
3765,2024-09-08,2,3,2,Yes
3095,2024-09-04,7,19,10,No
1358,2024-04-28,7,49,18,Yes
4025,2024-02-10,8,16,15,No
2888,2024-11-04,8,49,8,No
762,2025-01-29,1,17,23,Yes
705,2024-04-04,3,29,23,Yes
3226,2024-03-08,1,47,6,Yes
4521,2024-08-12,8,35,18,Yes
2457,2024-11-29,7,11,13,No
35,2024-07-18,3,5,1,Yes
3328,2024-12-11,4,12,3,Yes
4381,2025-01-26,5,13,13,Yes
2379,2024-01-15,7,17,15,Yes
3451,2024-08-23,3,28,11,No
3987,2024-06-22,8,23,5,Yes
2264,2024-12-22,5,59,6,No
2058,2024-10-22,5,20,15,Yes
4970,2024-09-28,3,59,4,No
479,2024-09-30,1,36,21,Yes
92,2024-11-14,1,32,14,Yes
1428,2024-08-31,4,12,1,Yes
2156,2024-11-28,9,18,23,No
4224,2024-10-05,3,53,18,Yes
3428,2024-08-03,6,8,22,No
918,2024-06-29,4,8,15,No
3304,2024-05-01,9,7,13,Yes
4138,2024-11-22,9,26,22,No
296,2024-04-16,5,5,5,No
2032,2024-11-19,7,55,19,No
1364,2024-12-16,1,38,14,Yes
2740,2024-10-19,4,51,10,Yes
3210,2024-12-23,3,28,17,Yes
3016,2024-12-20,9,58,9,Yes
4455,2024-06-07,8,27,5,No
1389,2024-04-13,7,9,24,No
2552,2024-02-29,3,37,24,No
528,2024-11-04,9,29,16,No
4312,2024-02-16,9,21,10,Yes
1704,2024-11-18,8,7,15,Yes
3857,2025-01-29,9,7,15,Yes
4669,2024-07-14,5,18,12,No
1144,2024-06-17,9,31,16,No
956,2024-06-07,6,17,4,No
3478,2024-04-06,7,11,13,No
1264,2024-01-16,8,59,2,Yes
3929,2024-09-19,8,16,12,Yes
2315,2024-12-10,8,25,3,No
3240,2025-01-06,2,45,6,Yes
1711,2024-10-23,7,6,7,Yes
2956,2024-11-22,8,10,12,Yes
1010,2024-06-20,3,47,16,No
1969,2024-04-03,8,31,11,No
490,2024-04-29,9,6,18,No
3866,2024-03-04,8,52,10,No
2795,2024-03-15,1,33,5,No
1954,2024-01-24,7,31,22,Yes
2082,2024-03-22,7,51,20,No
3372,2024-03-02,4,12,7,No
2333,2024-10-27,6,57,24,No
4323,2024-02-05,8,49,11,No
2242,2024-06-29,3,16,24,No
3160,2024-01-13,9,14,7,No
1207,2025-01-31,7,25,10,Yes
4410,2024-06-27,1,59,17,Yes
1198,2024-09-05,4,27,7,No
3797,2024-07-12,5,9,6,Yes
3311,2024-05-19,5,50,12,No
3261,2024-05-24,4,17,12,Yes
2409,2024-10-15,6,20,21,No
4901,2024-11-23,5,5,6,No
3004,2024-08-21,4,59,5,Yes
3198,2024-05-25,2,43,22,Yes
1376,2024-09-02,5,6,20,No
4311,2024-01-04,1,13,8,Yes
3144,2024-12-30,8,41,7,No
4590,2024-01-26,2,7,19,No
4865,2024-01-01,5,57,1,Yes
2391,2024-03-12,8,11,21,Yes
3728,2024-08-03,1,22,8,No
3572,2024-10-14,1,24,8,No
1709,2024-08-25,1,45,7,No
613,2024-07-21,6,51,21,No
3080,2024-06-05,4,34,17,No
2758,2024-06-07,2,24,4,No
1543,2024-10-05,2,7,12,Yes
3681,2024-12-06,8,7,6,No
356,2025-01-25,9,43,7,No
3693,2024-08-10,8,3,3,Yes
2158,2024-09-11,3,30,3,No
2678,2024-07-24,4,46,21,No
2965,2024-06-01,6,49,17,No
132,2024-10-20,1,10,22,No
1962,2024-08-17,6,9,2,No
3891,2024-10-30,4,36,10,No
666,2024-08-18,8,49,18,Yes
1904,2024-06-07,9,2,23,No
4648,2024-02-15,1,1,17,No
744,2024-08-02,1,50,15,No
3026,2024-04-13,9,48,22,No
1592,2024-07-16,8,12,14,No
520,2024-06-26,2,42,17,Yes
3440,2024-08-06,4,14,8,Yes
2252,2024-12-19,4,58,24,No
3109,2024-01-18,3,13,4,Yes
4926,2024-05-11,2,18,24,No
383,2024-06-18,8,10,18,Yes
214,2024-01-17,2,45,17,No
1236,2024-01-12,4,22,4,No
4148,2024-07-27,6,15,9,Yes
146,2024-05-05,8,10,11,Yes
4940,2024-06-29,3,55,14,No
4391,2024-06-10,6,19,21,Yes
3385,2024-12-23,6,19,10,No
2972,2024-04-22,7,55,4,No
3501,2024-08-28,8,50,15,No
2091,2024-04-11,3,18,18,Yes
3142,2024-01-20,2,50,22,No
3679,2024-10-28,6,52,8,Yes
2053,2025-01-13,2,15,1,No
4125,2024-07-16,1,48,9,No
1469,2024-05-19,2,51,7,No
2327,2024-10-16,2,39,8,Yes
4142,2024-08-06,8,24,13,No
724,2024-11-11,1,33,16,No
4831,2024-04-05,7,3,17,No
107,2024-08-25,7,10,20,Yes
1894,2024-08-13,6,29,20,No
4690,2024-02-10,7,35,11,No
1001,2024-02-26,6,24,2,No
895,2024-11-21,1,14,11,No
512,2024-10-16,4,38,10,No
2921,2024-11-28,8,42,16,Yes
2462,2024-07-02,6,43,13,Yes
409,2024-03-11,2,12,12,No
3102,2024-10-18,8,15,19,No
4303,2024-12-22,9,3,12,Yes
1785,2024-07-13,9,8,15,Yes
3115,2024-04-24,7,12,7,Yes
4805,2024-06-13,7,40,10,No
4935,2024-04-15,5,7,22,Yes
3808,2024-01-26,1,54,14,No
3044,2024-12-21,2,34,13,No
129,2024-07-08,8,42,7,No
843,2024-10-30,5,3,10,Yes
1670,2024-08-26,6,23,14,No
149,2025-01-03,7,2,17,No
3630,2024-01-05,1,40,12,Yes
2222,2024-04-01,7,13,15,Yes
3052,2024-07-07,9,5,13,No
948,2024-06-28,1,38,4,Yes
2005,2024-02-26,3,16,20,No
3605,2024-03-23,1,16,15,No
599,2024-09-27,8,39,4,No
815,2024-03-23,8,35,20,No
918,2024-08-24,7,30,4,No
3071,2024-07-30,1,38,17,No
4037,2024-12-11,2,50,20,No
523,2024-04-15,8,2,10,No
502,2024-08-06,7,16,3,Yes
4846,2024-06-02,6,58,10,No
448,2024-04-30,4,35,13,No
2371,2024-02-10,1,3,16,No
2207,2024-06-09,4,57,21,Yes
3685,2024-11-10,3,43,6,No
4869,2024-05-28,9,56,4,No
2404,2024-09-25,7,52,18,No
92,2024-11-13,1,18,15,Yes
4950,2024-10-13,9,45,14,No
655,2024-10-18,4,36,10,No
2403,2025-01-25,3,22,20,Yes
587,2024-06-20,7,35,2,Yes
3860,2024-11-09,6,20,21,No
1565,2024-07-20,7,24,11,No
2320,2024-06-27,3,35,22,No
2394,2024-05-24,4,59,1,Yes
1012,2024-07-30,3,55,4,No
1080,2024-12-02,3,34,17,No
852,2024-08-10,9,30,13,No
2631,2024-05-06,9,7,7,Yes
1416,2024-06-01,8,45,5,No
4761,2024-06-18,8,45,9,Yes
4068,2025-01-20,1,9,5,Yes
3919,2024-05-14,8,58,15,Yes
3561,2024-05-29,4,30,3,No
2088,2025-01-16,9,50,14,No
110,2024-04-23,6,23,11,No
217,2024-06-06,1,57,21,Yes
1651,2024-12-29,5,43,2,Yes
3767,2024-05-11,7,56,19,Yes
2089,2024-02-07,8,36,19,No
3467,2024-06-05,7,24,8,No
1658,2024-11-09,7,12,21,Yes
2878,2024-03-03,5,4,19,Yes
4315,2024-07-21,6,53,6,No
3324,2024-10-18,8,35,19,Yes
1765,2024-11-04,9,53,16,Yes
864,2024-10-28,1,8,11,No
3036,2024-05-05,8,44,11,Yes
1869,2025-01-20,7,26,11,Yes
320,2024-11-07,9,14,22,No
1695,2024-05-04,7,15,4,No
3687,2024-12-27,8,7,10,No
2654,2024-05-12,4,5,2,Yes
3971,2024-05-21,7,10,12,No
1719,2024-10-23,7,44,15,Yes
1658,2024-08-18,8,7,20,No
4764,2024-05-25,4,50,19,Yes
3082,2024-04-25,8,55,22,Yes
3970,2024-10-21,6,1,22,No
3097,2024-05-18,1,39,12,No
3341,2024-07-28,1,21,18,No
4063,2024-05-15,7,17,19,Yes
4473,2024-01-09,7,26,12,Yes
3664,2024-09-26,4,51,15,Yes
3411,2025-01-23,8,3,23,No
2531,2024-12-12,7,54,7,No
3593,2024-12-02,9,49,5,No
985,2024-12-24,2,18,1,No
2606,2024-10-14,2,49,10,No
298,2024-03-28,2,45,15,No
4329,2024-03-15,6,45,16,No
4516,2024-04-24,6,13,14,Yes
1603,2024-01-25,5,55,19,No
4793,2024-10-30,2,14,23,Yes
2131,2024-06-17,5,14,7,No
782,2024-09-13,3,11,2,Yes
2947,2024-08-03,8,18,10,Yes
932,2024-03-06,8,50,7,Yes
203,2024-11-05,5,57,8,No
1293,2025-01-05,6,38,18,Yes
2262,2024-09-01,2,11,3,No
1482,2025-01-05,6,16,19,No
355,2024-04-21,3,21,18,Yes
4719,2024-10-21,9,17,11,Yes
2936,2024-12-08,1,5,21,No
3319,2024-09-29,7,4,12,No
2050,2024-11-24,5,7,24,Yes
202,2025-01-29,5,54,24,No
234,2024-09-24,2,9,17,Yes
1176,2024-10-25,4,44,12,No
3189,2024-05-18,1,6,23,Yes
3682,2024-02-21,2,28,3,No
3564,2024-05-07,7,41,2,No
4131,2024-03-21,6,46,16,No
3080,2024-02-23,9,36,6,Yes
632,2024-01-05,4,16,2,No
3779,2025-01-24,3,38,18,Yes
3945,2024-10-19,8,2,8,No
907,2024-08-16,2,33,17,No
3722,2024-03-07,1,47,7,No
1215,2024-02-01,5,3,7,No
468,2024-12-19,4,6,12,No
4512,2024-03-29,5,59,4,No
2952,2024-02-28,6,14,5,No
328,2024-09-02,6,23,15,Yes
3351,2025-01-24,1,22,24,No
936,2024-01-23,5,25,8,Yes
1672,2024-09-02,8,25,21,Yes
717,2024-06-16,2,8,3,No
3009,2024-06-03,8,53,2,No
3455,2024-09-22,5,4,24,Yes
84,2024-06-27,5,18,2,No
3930,2024-04-08,4,44,24,No
132,2024-05-26,2,38,12,No
2211,2024-11-18,7,36,19,Yes
1838,2024-12-29,1,39,21,No
4743,2024-07-30,4,46,5,No
1720,2024-07-08,6,9,10,No
4056,2024-06-21,7,16,11,No
853,2024-08-29,5,51,16,No
4660,2024-10-26,3,36,10,No
2868,2024-03-08,2,36,7,Yes
242,2024-03-05,4,2,17,No
4566,2024-01-20,5,27,10,No
340,2024-05-05,9,4,6,Yes
4697,2024-01-06,3,25,9,No
1015,2024-01-22,2,52,7,Yes
3223,2024-06-03,6,52,10,No
1597,2024-05-22,3,4,6,Yes
4272,2024-10-17,7,14,20,No
1992,2024-08-09,7,43,22,No
1167,2024-06-04,7,37,7,No
1525,2024-07-14,2,47,13,No
782,2024-02-02,2,30,18,Yes
1553,2024-03-16,7,36,7,Yes
4550,2025-01-05,9,12,16,No
259,2024-11-08,5,55,15,No
2515,2024-04-24,7,28,10,Yes
705,2024-10-17,7,23,4,Yes
1378,2024-01-28,3,39,20,No
4210,2024-01-15,8,53,7,No
399,2024-03-13,7,4,13,No
4769,2025-01-12,7,46,3,Yes
661,2024-07-01,5,52,2,Yes
1720,2024-02-24,3,43,10,No
3902,2024-03-10,2,10,21,No
4289,2024-02-28,9,33,7,Yes
2248,2024-04-14,1,16,20,No
3344,2025-01-10,3,53,22,Yes
3745,2024-08-24,9,49,20,No
82,2024-06-19,5,21,17,No
2770,2024-07-20,6,41,16,Yes
3793,2024-07-01,9,26,22,Yes
4090,2024-09-27,7,49,21,No
4910,2024-12-27,3,43,14,Yes
4148,2024-10-31,7,52,9,Yes
3255,2024-07-19,3,44,4,Yes
3125,2024-04-07,6,36,12,No
676,2024-06-18,6,23,19,No
2816,2024-10-25,2,38,15,Yes
2696,2024-06-21,1,38,12,No
3631,2024-11-17,6,39,24,No
4610,2024-12-12,3,53,22,No
2324,2024-08-29,6,59,7,No
3769,2024-01-02,7,15,22,No
2390,2024-10-11,3,4,7,Yes
2311,2024-08-08,1,49,3,Yes
754,2024-02-10,2,48,5,Yes
4263,2024-10-20,3,19,19,No
4119,2024-11-08,6,7,22,Yes
4872,2024-04-21,9,26,9,No
2224,2024-02-05,3,21,6,No
578,2024-05-13,1,50,9,No
162,2024-12-27,2,44,9,No
4977,2024-07-03,5,27,24,Yes
3653,2024-10-09,2,14,12,Yes
2822,2024-06-01,9,48,10,Yes
3422,2024-04-06,6,21,12,Yes
671,2024-05-12,9,13,20,Yes
1274,2024-12-22,4,11,23,No
1376,2024-06-16,6,37,19,No
2739,2024-07-22,3,20,8,No
956,2024-07-17,3,36,3,No
4016,2024-04-23,8,31,11,No
3482,2024-02-13,8,44,8,No
3505,2024-02-07,6,7,21,No
645,2024-04-24,8,5,5,Yes
2456,2024-10-04,5,58,11,Yes
1131,2024-10-08,1,2,3,Yes
4422,2024-07-08,4,54,19,No
1870,2024-01-25,7,18,1,Yes
3805,2024-04-14,1,44,23,No
2449,2024-05-31,6,19,3,No
2095,2024-04-03,5,4,22,No
480,2024-04-07,4,14,17,Yes
2619,2024-07-27,4,6,8,No
4950,2024-03-21,3,1,14,Yes
388,2024-12-09,8,16,10,Yes
3034,2025-01-14,5,33,8,No
4816,2024-03-10,3,21,17,No
618,2024-01-18,1,15,1,No
3031,2024-05-07,3,45,15,No
2296,2024-04-09,6,55,24,Yes
1669,2024-06-07,4,13,16,No
998,2024-08-22,5,16,12,Yes
3259,2024-05-29,3,50,23,No
3361,2024-04-03,5,44,12,No
136,2024-05-15,9,6,7,No
173,2024-07-27,3,47,24,No
927,2024-04-16,6,59,20,No
4167,2024-12-01,8,3,17,No
96,2024-02-25,7,22,14,Yes
3153,2024-01-10,1,15,13,Yes
4504,2024-06-03,2,49,24,No
2663,2024-04-28,5,6,16,Yes
918,2024-12-05,9,17,9,Yes
1869,2024-08-18,8,6,17,Yes
2119,2024-12-31,4,46,5,No
3207,2024-10-23,4,21,19,Yes
642,2024-07-31,1,28,6,Yes
2396,2024-09-15,2,13,7,No
2289,2025-01-14,6,42,12,No
3900,2024-12-20,7,58,19,No
1113,2024-12-11,9,31,2,No
1264,2024-12-02,4,17,19,Yes
2774,2024-07-21,5,46,23,No
1361,2024-10-03,6,18,2,No
2843,2024-01-15,2,42,19,No
1477,2024-01-17,6,15,17,Yes
4967,2024-10-09,4,58,22,Yes
4970,2024-11-29,9,26,16,No
4648,2024-06-09,1,30,2,No
2747,2024-12-29,7,55,12,Yes
778,2024-12-28,2,21,14,No
1597,2024-03-13,3,51,24,Yes
2333,2024-10-18,1,39,7,Yes
3601,2024-05-23,7,23,14,No
1647,2024-07-14,2,7,21,No
3068,2025-01-20,1,1,24,No
3231,2024-10-25,5,58,19,No
2220,2024-01-26,9,40,24,No
3477,2024-03-19,3,34,17,No
520,2024-11-30,6,21,1,No
2254,2024-02-15,3,51,3,No
993,2024-11-27,3,41,4,Yes
3265,2024-12-05,4,26,6,No
3561,2024-09-06,9,52,22,No
96,2024-08-12,9,31,18,Yes
1089,2024-05-26,7,50,8,No
4543,2024-02-02,6,16,13,No
1996,2024-08-26,1,1,15,No
1483,2024-05-14,4,24,3,Yes
696,2024-04-06,6,53,15,No
4259,2024-01-20,5,34,20,Yes
681,2024-06-03,5,39,7,Yes
656,2024-04-16,3,39,2,No
2626,2024-06-12,6,36,10,Yes
2426,2024-01-30,1,25,18,No
425,2024-03-20,3,24,18,No
295,2024-04-26,4,51,11,Yes
4172,2024-10-01,3,5,5,Yes
494,2024-07-06,1,27,21,No
3378,2024-01-25,5,51,2,Yes
2012,2024-03-24,5,33,3,No
3863,2024-03-23,6,27,19,Yes
541,2024-10-13,2,6,8,No
2955,2024-11-08,3,15,18,Yes
2382,2024-05-23,8,37,2,Yes
4675,2024-08-04,1,31,15,No
2706,2024-07-19,5,2,16,No
4499,2024-06-22,3,52,6,No
5000,2024-04-02,9,12,2,No
4556,2024-08-17,2,36,21,Yes
1279,2025-01-19,6,42,5,No
1568,2024-06-21,5,33,17,No
3611,2025-01-08,8,11,18,Yes
1093,2025-01-20,8,50,7,No
3047,2025-01-23,7,17,4,Yes
3500,2024-03-22,3,55,14,Yes
1993,2024-04-11,7,13,8,Yes
1174,2024-04-12,8,29,24,Yes
847,2024-03-09,8,5,15,Yes
543,2024-09-23,8,17,22,No
1160,2024-03-19,6,5,4,No
1174,2024-11-15,4,46,10,No
1970,2024-04-29,1,58,24,Yes
2610,2024-01-05,1,25,13,Yes
4974,2024-03-10,5,46,18,No
1977,2024-01-09,1,3,14,Yes
3936,2024-03-09,1,59,4,Yes
3400,2024-06-18,6,12,13,Yes
1512,2024-07-24,5,54,15,Yes
2788,2024-10-20,4,5,7,No
2247,2024-02-25,4,52,11,No
2301,2024-04-20,5,17,8,No
2448,2024-04-14,1,30,11,No
4890,2024-01-06,2,2,23,Yes
3537,2024-04-27,5,38,21,Yes
2346,2024-01-12,8,28,12,Yes
3844,2024-04-22,2,5,23,No
1803,2024-04-11,3,21,9,Yes
4846,2024-05-09,2,55,24,Yes
4800,2024-07-28,3,29,24,Yes
3531,2024-08-27,8,30,6,No
4137,2024-08-13,1,4,17,Yes
3664,2024-02-04,8,41,12,Yes
2090,2025-01-10,2,31,4,No
3887,2024-12-20,3,22,7,Yes
549,2024-03-03,7,2,17,No
4601,2024-12-09,8,55,15,No
4742,2024-08-07,8,16,8,No
1879,2024-08-21,8,20,9,No
4106,2024-07-05,7,18,21,No
1345,2024-01-06,4,9,3,Yes
733,2024-08-12,1,26,7,No
1617,2024-08-06,6,54,17,No
1947,2024-03-13,7,36,2,No
753,2024-09-01,2,17,22,Yes
4291,2024-11-08,9,8,13,No
2113,2024-11-08,6,39,19,No
1232,2024-06-26,9,55,17,No
2413,2025-01-19,6,48,14,Yes
826,2024-06-10,7,46,18,No
3857,2024-05-07,3,55,15,No
1962,2025-01-18,4,12,7,No
2763,2024-01-30,6,18,10,Yes
1204,2024-03-29,8,24,22,Yes
3999,2024-05-22,2,11,7,Yes
893,2024-11-24,3,20,18,No
4870,2024-07-08,7,23,7,No
2361,2024-04-17,5,50,11,Yes
1054,2024-01-29,3,20,8,No
2974,2024-02-10,9,41,3,No
1005,2024-03-29,3,33,8,No
4540,2024-04-28,5,48,10,Yes
2193,2025-01-11,3,57,14,Yes
4290,2024-10-24,1,52,16,No
2819,2024-10-11,6,29,17,Yes
176,2025-01-29,9,2,4,Yes
4398,2024-05-12,4,6,17,No
4421,2024-09-06,5,53,2,No
4589,2024-03-28,5,31,24,Yes
4249,2024-04-30,7,12,7,No
3144,2024-01-15,2,35,6,No
4044,2024-04-20,7,44,20,Yes
3448,2024-05-18,6,7,6,No
3974,2025-01-01,4,25,13,No
3852,2024-03-08,2,37,9,No
3548,2024-01-24,9,31,14,No
4706,2024-03-06,4,55,16,Yes
185,2024-10-03,9,33,6,Yes
3919,2024-05-31,2,47,14,Yes
2414,2024-08-22,9,17,13,No
3665,2024-02-04,2,26,10,No
670,2024-10-24,5,56,9,Yes
3759,2025-01-14,5,11,10,Yes
4987,2025-01-29,7,30,10,No
3914,2024-01-09,9,45,13,No
885,2024-02-16,8,37,8,Yes
593,2024-08-20,2,13,14,Yes
4891,2025-01-02,2,51,19,No
2252,2024-03-24,4,5,19,No
4207,2024-03-24,8,12,16,No
4034,2024-12-04,8,10,1,Yes
2148,2024-03-08,8,33,24,No
2696,2024-05-29,8,40,9,Yes
2278,2024-01-27,7,37,8,Yes
2694,2024-07-10,5,5,14,Yes
4366,2024-01-30,2,4,2,No
276,2024-08-12,9,40,1,No
1380,2025-01-04,6,41,8,Yes
4347,2024-07-30,9,29,14,No
1677,2024-05-12,1,10,19,No
2737,2024-12-04,6,55,8,Yes
4172,2024-10-06,4,30,1,No
285,2024-08-24,5,2,4,No
4075,2025-01-08,3,56,21,No
3990,2024-02-22,5,5,21,Yes
1194,2024-08-31,5,37,1,Yes
388,2024-11-24,5,4,23,No
588,2024-11-21,9,11,20,No
1077,2024-12-19,7,46,7,Yes
4653,2024-09-10,1,4,4,No
3873,2024-06-13,1,6,11,No
4378,2024-05-13,4,5,6,Yes
1759,2024-07-30,5,29,2,Yes
4557,2024-02-24,3,35,15,No
4508,2024-11-14,4,44,14,Yes
4553,2024-11-03,5,51,11,No
1186,2024-04-03,3,27,17,No
1090,2024-05-15,4,8,22,No
985,2024-01-26,5,19,22,No
1157,2024-07-16,4,51,10,Yes
4514,2024-07-03,1,29,15,No
1557,2024-11-23,4,25,15,No
1183,2024-10-04,5,41,3,Yes
3902,2024-04-26,6,5,18,No
658,2024-10-01,7,25,6,No
4299,2024-08-13,8,49,16,No
4872,2024-03-19,4,13,22,No
2618,2024-12-12,3,46,5,No
1573,2024-08-28,4,7,20,No
2740,2024-11-18,5,56,17,No
2337,2024-03-16,2,2,9,Yes
315,2024-06-22,9,30,23,Yes
948,2024-09-15,3,54,5,No
3312,2024-02-02,7,44,22,Yes
364,2024-04-02,5,21,14,No
3212,2024-03-20,7,10,15,No
1142,2024-06-11,8,10,6,Yes
1223,2024-11-02,9,48,13,Yes
2588,2024-01-21,8,57,18,Yes
4305,2024-10-26,4,12,11,No
2485,2024-12-18,4,1,7,No
1109,2024-06-24,7,51,9,Yes
1757,2024-07-16,4,28,15,No
344,2024-07-20,2,33,11,Yes
2721,2025-01-23,2,10,19,No
2681,2024-09-30,7,39,15,Yes
1080,2024-05-24,9,15,2,No
4504,2024-12-30,3,52,14,Yes
4148,2024-05-10,9,49,13,Yes
4077,2024-09-16,9,51,19,No
2914,2025-01-06,5,19,15,No
770,2025-01-13,9,17,7,No
3870,2024-03-16,4,4,12,No
39,2024-05-06,2,29,6,No
1737,2024-09-05,7,9,9,No
187,2024-05-07,8,27,2,No
4979,2024-11-17,7,39,14,Yes
387,2024-04-06,7,3,9,No
3075,2024-08-19,1,2,9,Yes
557,2024-10-20,4,36,22,No
3043,2025-01-28,3,28,18,No
2125,2024-02-09,6,34,12,No
470,2024-04-05,6,39,11,Yes
3777,2024-02-21,5,3,16,Yes
4548,2024-03-07,9,43,16,No
2163,2024-02-13,3,35,12,No
412,2024-02-14,6,11,16,Yes
3077,2024-01-25,8,35,6,Yes
4146,2024-03-02,5,4,13,No
4460,2024-09-28,7,36,16,No
2473,2024-08-22,3,13,5,No
4904,2024-09-19,2,37,20,Yes
4605,2024-01-22,3,21,9,Yes
3394,2024-04-30,2,15,6,No
4659,2024-12-22,4,9,24,No
4203,2024-06-26,9,31,19,No
896,2024-12-18,2,56,2,Yes
1982,2024-10-10,9,44,18,Yes
2428,2024-07-31,1,36,9,Yes
3366,2025-01-15,6,11,13,No
3353,2024-11-10,1,13,16,Yes
3592,2024-01-26,1,3,8,Yes
336,2024-12-08,1,30,12,Yes
1597,2024-02-07,2,13,22,Yes
2910,2024-08-20,6,1,12,Yes
4198,2024-01-26,8,11,10,No
4417,2024-09-05,3,5,20,No
2743,2024-05-29,5,57,8,Yes
805,2024-12-21,4,25,18,Yes
61,2024-01-19,9,37,4,No
2246,2024-11-18,5,30,7,Yes
1338,2024-04-25,2,32,13,Yes
396,2024-11-02,3,13,15,No
3394,2024-03-18,8,32,8,No
4211,2024-06-29,1,47,21,Yes
4722,2024-02-23,5,32,23,No
2635,2024-10-27,4,41,21,Yes
183,2024-11-13,1,5,10,No
251,2024-11-12,4,27,5,No
3467,2024-05-08,5,39,5,Yes
1472,2024-12-21,8,28,2,No
326,2024-06-30,7,33,13,No
911,2024-04-01,7,15,15,No
542,2024-11-02,4,20,1,No
1643,2024-06-11,8,45,7,Yes
4373,2025-01-11,2,39,9,Yes
4179,2025-01-26,1,45,14,No
4174,2024-02-26,2,9,12,No
1267,2024-09-09,6,36,19,Yes
3003,2024-02-22,1,27,24,No
313,2024-03-29,9,12,13,Yes
788,2024-03-30,8,13,21,No
42,2024-03-13,8,54,7,Yes
4595,2024-09-09,2,13,18,No
1565,2024-07-17,1,53,18,No
1885,2025-01-18,6,58,23,Yes
3271,2024-05-10,1,34,7,Yes
2038,2024-05-07,5,43,23,No
4475,2024-04-22,2,27,14,No
3503,2024-10-12,6,48,1,No
1225,2024-08-20,7,26,23,Yes
1700,2024-04-03,2,35,23,No
388,2024-03-24,8,26,9,Yes
4144,2024-01-11,9,45,18,No
2728,2024-07-03,6,38,8,No
2886,2024-05-28,4,27,7,No
2415,2024-03-17,2,19,9,No
4557,2024-03-14,2,27,9,No
1244,2024-02-27,2,51,23,Yes
1125,2024-07-11,3,48,1,No
1241,2024-03-31,5,36,10,Yes
3347,2024-07-11,1,39,24,Yes
872,2024-12-13,3,19,16,Yes
4978,2024-06-13,7,23,14,No
1255,2024-12-16,8,6,9,Yes
3878,2024-05-13,1,55,22,No
2921,2024-10-29,1,48,7,No
173,2024-11-26,1,58,17,No
2955,2024-07-14,6,57,21,Yes
560,2024-04-08,8,18,11,Yes
4071,2024-04-09,3,6,19,No
585,2025-01-13,3,1,2,Yes
4020,2025-01-11,6,27,13,Yes
709,2024-01-01,1,9,21,Yes
1297,2024-12-20,2,12,23,No
3151,2024-10-03,7,14,14,Yes
3014,2024-04-10,1,50,17,No
590,2024-04-13,1,33,15,No
3917,2024-05-28,5,55,8,Yes
4409,2024-05-30,1,1,3,No
4047,2024-06-03,9,42,2,No
2086,2024-08-14,4,44,21,No
3132,2024-01-10,4,23,13,No
3251,2024-06-05,2,40,2,No
1971,2024-09-14,6,8,10,No
1423,2024-09-22,9,2,16,Yes
2481,2024-09-12,4,41,4,No
703,2024-09-17,6,25,15,No
4658,2024-11-02,5,40,2,No
86,2024-10-24,3,54,1,No
1796,2024-06-18,7,59,11,Yes
4449,2024-01-07,1,35,24,No
1261,2024-05-18,4,36,13,No
4379,2024-08-25,1,42,15,No
1588,2024-01-11,5,38,18,Yes
888,2024-03-26,9,50,5,Yes
3581,2024-01-06,1,14,4,No
804,2024-07-10,7,46,1,Yes
1537,2024-11-10,3,26,17,Yes
3413,2024-12-15,1,4,15,Yes
833,2024-07-12,5,53,5,Yes
1413,2025-01-27,9,47,22,Yes
3816,2024-09-16,8,24,15,No
1137,2024-12-16,3,27,3,Yes
19,2024-06-27,1,44,3,Yes
2815,2024-02-06,4,50,4,No
3226,2024-11-09,3,19,18,Yes
857,2025-01-27,2,55,5,Yes
139,2024-06-09,8,11,8,No
2546,2024-04-07,3,57,8,Yes
4178,2024-12-15,6,51,15,No
2637,2024-08-17,2,22,10,No
4261,2024-09-11,9,36,1,No
2256,2024-05-11,1,29,9,Yes
4410,2024-11-15,1,50,15,No
2966,2024-12-25,8,43,21,No
4248,2024-04-03,2,38,2,Yes
2917,2024-07-22,5,35,3,Yes
4315,2024-08-06,6,23,1,No
677,2024-11-20,5,39,16,No
1738,2024-12-02,4,20,3,No
1434,2024-04-17,6,43,10,Yes
4278,2024-03-22,6,38,12,Yes
2899,2024-11-02,4,39,23,Yes
1683,2025-01-14,6,45,23,No
2891,2024-06-11,6,54,12,Yes
1392,2024-07-31,8,58,8,No
3581,2024-04-29,7,13,18,No
3171,2024-05-17,7,10,22,Yes
2481,2024-04-04,2,30,14,No
3310,2024-08-19,7,52,9,No
641,2024-09-11,7,48,10,Yes
1311,2024-08-30,1,47,6,No
2911,2024-06-12,1,29,18,No
125,2024-03-28,4,57,7,No
524,2024-03-22,5,50,15,No
4313,2024-07-02,5,18,7,Yes
4361,2024-10-17,2,32,1,Yes
2466,2024-03-19,5,51,12,Yes
289,2024-01-09,2,8,18,No
2515,2024-08-02,7,54,1,No
1047,2024-02-11,5,3,7,No
4398,2024-07-23,7,21,5,No
3809,2024-06-27,1,12,10,Yes
4120,2024-10-04,3,20,18,No
1197,2024-02-12,5,39,7,Yes
4555,2024-03-13,8,38,4,No
1429,2024-11-05,7,14,3,Yes
713,2024-03-09,8,59,22,Yes
4560,2024-01-15,7,14,7,Yes
3746,2024-11-30,2,32,18,Yes
2034,2024-07-07,8,53,11,No
3700,2024-10-20,6,46,21,No
3360,2025-01-06,7,42,11,Yes
4356,2024-03-21,5,13,12,Yes
1234,2024-03-18,4,46,6,No
561,2024-10-30,5,49,20,No
477,2024-05-26,8,14,1,No
3057,2024-02-29,8,2,7,Yes
44,2024-02-06,9,18,10,No
1185,2024-06-14,6,55,5,No
338,2025-01-28,5,13,22,Yes
3840,2024-07-29,2,49,17,Yes
2502,2024-04-21,5,10,8,No
4396,2024-01-22,4,42,19,No
3485,2024-03-18,8,32,19,No
3567,2024-10-29,6,54,22,Yes
4540,2024-06-11,8,26,15,No
1345,2024-06-10,7,2,6,Yes
3315,2025-01-22,1,18,16,No
1525,2024-12-06,3,35,8,No
1516,2024-12-24,7,36,19,Yes
4746,2024-10-24,1,3,17,Yes
738,2024-07-24,2,17,19,No
3922,2024-04-29,3,33,12,No
1041,2024-08-11,5,46,22,No
4314,2024-05-05,7,58,17,Yes
1098,2024-08-25,6,58,18,No
2349,2024-12-08,3,19,7,No
2863,2025-01-03,8,3,12,Yes
40,2024-03-19,5,59,19,Yes
3888,2024-11-26,2,19,6,No
1933,2024-07-28,8,45,4,Yes
3277,2024-03-29,3,59,16,No
2987,2024-11-14,7,40,21,No
1237,2025-01-05,2,2,17,No
4225,2024-05-31,5,13,20,No
949,2024-12-06,1,36,9,No
694,2025-01-26,3,12,22,No
1643,2024-04-02,5,20,3,No
60,2024-01-22,1,57,1,Yes
746,2024-08-08,7,32,2,Yes
4389,2024-07-12,9,3,19,No
1358,2024-02-08,2,6,8,Yes
3065,2024-06-20,9,13,12,Yes
45,2024-12-05,6,38,4,Yes
1566,2024-05-12,2,4,24,No
2598,2024-11-15,7,41,23,No
4428,2024-09-20,4,44,3,No
2437,2024-01-14,8,54,9,Yes
2386,2024-11-26,3,25,8,Yes
3317,2024-12-08,6,21,18,No
121,2024-10-09,1,11,23,Yes
1274,2024-06-22,8,52,7,No
2421,2024-02-19,6,46,6,No
571,2024-04-09,8,11,13,Yes
3970,2024-04-14,2,3,21,No
4009,2025-01-05,1,39,15,No
4363,2024-02-24,6,41,9,Yes
2412,2024-04-24,1,36,4,Yes
1387,2024-12-01,5,25,5,Yes
541,2024-10-02,9,38,16,Yes
2737,2025-01-24,9,18,13,No
808,2024-01-21,3,49,10,No
1241,2024-01-23,6,39,1,No
3086,2024-05-19,4,10,13,Yes
4737,2024-10-20,9,32,1,No
1214,2024-09-30,2,8,2,No
4941,2024-04-24,1,5,15,No
1573,2024-12-26,9,22,19,No
4720,2024-03-21,9,24,24,Yes
1738,2024-02-02,8,57,11,No
4454,2024-11-24,5,11,17,No
906,2024-02-12,3,51,10,Yes
1487,2024-03-31,7,59,3,No
766,2024-03-18,3,22,23,No
2898,2024-02-18,7,49,14,No
1494,2024-03-29,9,29,7,No
4744,2024-02-09,1,29,13,No
1547,2024-07-09,2,27,6,No
3425,2025-01-18,1,33,12,No
2680,2024-05-31,9,38,1,No
3073,2024-09-18,6,31,7,No
4777,2024-12-05,6,31,15,Yes
1178,2024-02-27,5,31,21,No
2164,2024-12-30,3,51,3,No
1765,2024-07-09,1,13,11,No
3240,2024-10-02,2,23,5,Yes
1869,2024-03-19,6,31,12,No
2310,2024-08-10,3,49,1,No
1085,2024-10-05,5,19,22,No
1868,2024-08-01,8,29,18,Yes
950,2024-10-01,8,18,8,No
4609,2024-09-12,9,15,23,No
2070,2024-07-24,4,7,1,No
302,2024-06-01,7,15,24,Yes
305,2024-01-05,8,26,13,Yes
2955,2024-02-23,2,45,11,Yes
4992,2025-01-25,6,50,20,No
3786,2024-10-25,5,9,5,Yes
3862,2024-02-26,4,7,3,Yes
233,2024-09-28,2,5,21,No
1535,2024-06-16,4,35,18,No
2545,2024-05-14,7,44,17,No
2342,2024-10-11,8,15,11,No
2848,2024-10-02,2,4,13,No
1304,2024-01-30,8,55,9,Yes
3365,2024-07-18,9,47,10,No
3220,2024-06-07,8,48,5,No
1127,2024-06-05,3,28,23,No
2890,2025-01-19,9,41,10,No
3390,2024-03-09,2,57,21,No
508,2024-12-10,1,36,4,No
3558,2024-01-01,1,25,18,Yes
2418,2024-01-22,7,13,3,No
4054,2024-07-17,1,33,18,No
1237,2024-03-31,8,36,15,No
1910,2024-10-18,2,31,14,Yes
3547,2024-09-14,2,44,4,Yes
1178,2024-09-11,6,53,15,No
2197,2024-08-14,6,40,16,No
4492,2024-11-22,2,35,10,Yes
2252,2024-09-25,8,18,23,No
2914,2024-09-02,5,8,12,No
4811,2024-05-05,3,25,22,Yes
4953,2024-06-09,4,32,4,Yes
1482,2024-09-23,9,52,7,No
1911,2024-06-16,4,58,9,Yes
2270,2025-01-12,8,9,24,No
1782,2024-07-17,6,49,15,No
1080,2024-11-22,6,23,10,Yes
4934,2024-07-24,2,21,24,Yes
4655,2024-05-24,6,13,6,No
4362,2024-07-23,3,44,3,Yes
3983,2025-01-18,7,21,24,No
740,2024-06-08,2,53,7,No
137,2025-01-31,7,40,20,Yes
1329,2025-01-16,3,29,16,No
2043,2024-03-01,3,58,9,No
4741,2024-11-01,3,47,3,No
266,2024-08-10,9,26,3,Yes
2220,2025-01-05,6,51,17,No
3702,2024-03-07,1,17,18,Yes
3815,2024-04-21,8,8,4,No
3284,2024-05-31,1,41,6,Yes
3260,2024-12-03,5,19,21,No
3550,2024-04-02,9,16,12,Yes
2896,2024-02-27,8,52,11,Yes
4835,2024-11-08,6,56,17,No
3531,2024-03-13,9,38,12,No
2480,2025-01-01,6,41,12,Yes
3351,2024-08-11,2,17,15,No
4422,2024-03-15,1,38,7,Yes
2705,2024-04-01,8,32,5,Yes
3587,2024-02-08,7,1,11,Yes
3253,2024-04-08,5,36,17,No
3751,2024-04-03,4,53,24,No
4189,2024-01-09,1,57,11,Yes
3954,2024-06-05,9,51,5,Yes
2111,2024-12-19,7,33,17,No
1938,2024-02-02,8,58,2,No
4181,2024-01-24,9,55,10,No
769,2024-05-25,3,52,19,Yes
2308,2024-03-24,5,30,4,Yes
2156,2024-11-09,2,51,20,No
3908,2024-05-09,7,10,4,No
1037,2024-09-29,1,41,13,No
1754,2024-04-21,5,54,9,No
1678,2024-02-27,9,29,24,Yes
2901,2024-05-24,8,6,13,No
3332,2025-01-10,8,50,20,Yes
978,2024-09-05,1,16,12,Yes
1679,2024-09-18,5,26,1,Yes
4823,2024-10-17,9,5,12,Yes
1337,2025-01-30,4,49,9,Yes
925,2024-12-24,4,46,23,No
3087,2024-02-27,9,33,23,No
211,2024-02-16,6,32,16,No
1815,2024-08-29,8,11,12,No
3795,2024-11-10,1,21,18,No
1035,2024-08-16,5,7,7,No
2043,2024-03-19,8,38,12,Yes
2648,2025-01-24,9,18,19,Yes
2126,2024-07-27,2,30,22,Yes
3334,2024-10-28,7,36,22,No
341,2024-11-08,4,54,22,No
1059,2024-10-31,3,46,16,No
3041,2024-11-09,2,14,19,No
3358,2024-05-22,1,38,17,No
2699,2024-10-21,3,15,8,No
3218,2024-12-19,9,23,13,No
3737,2024-09-26,9,43,23,No
1665,2024-02-19,9,39,22,No
1670,2024-11-29,6,15,15,Yes
4483,2024-03-23,4,6,20,Yes
1808,2024-09-20,9,15,20,No
4178,2024-12-23,6,21,21,No
3286,2024-04-11,1,30,5,Yes
113,2024-02-26,4,34,20,Yes
641,2025-01-11,8,47,8,No
3739,2024-10-08,6,18,21,No
1515,2024-01-11,1,19,11,No
204,2024-01-30,2,4,11,No
4591,2024-04-22,4,50,1,No
1445,2024-08-09,4,3,3,No
4064,2024-08-04,5,18,7,No
1565,2024-07-28,9,34,22,No
2900,2024-01-11,3,5,7,Yes
769,2025-01-12,5,35,5,Yes
2893,2024-12-18,3,11,4,No
3787,2025-01-16,1,15,18,No
722,2024-03-27,2,23,14,Yes
1641,2024-12-27,1,14,16,No
2368,2024-01-02,5,41,7,Yes
2262,2024-02-01,6,33,5,No
3536,2024-01-03,2,7,19,No
3394,2024-06-27,3,5,6,No
3892,2024-04-10,3,53,20,No
1512,2025-01-17,6,28,2,Yes
3127,2024-03-23,5,58,23,Yes
4173,2024-10-03,9,45,4,Yes
991,2024-06-21,8,55,14,Yes
565,2024-04-09,2,59,14,No
3576,2024-10-05,2,39,2,No
1368,2024-07-21,7,40,23,Yes
684,2024-04-06,3,17,17,No
4311,2024-02-19,7,21,10,No
2922,2024-01-02,1,21,14,No
1506,2024-06-13,2,51,11,Yes
390,2024-11-19,4,50,2,Yes
2994,2024-01-24,7,1,15,Yes
2459,2024-06-16,7,10,11,Yes
3824,2024-04-01,1,13,14,No
7,2024-05-18,9,10,15,No
4409,2024-05-05,8,16,20,No
4101,2024-09-28,3,49,1,No
1552,2024-04-30,1,15,14,Yes
2349,2024-10-08,7,47,4,Yes
2454,2024-12-29,6,48,17,No
450,2024-01-01,5,58,22,No
3825,2024-06-30,9,19,8,Yes
4609,2024-10-10,3,49,9,No
2467,2024-12-18,8,32,10,Yes
2985,2024-03-23,6,4,23,Yes
2311,2024-08-01,1,5,21,No
3950,2024-11-11,4,43,2,Yes
3890,2024-03-28,7,56,23,No
1209,2024-12-03,3,43,23,Yes
1595,2024-10-16,7,38,11,No
206,2025-01-27,5,19,22,No
616,2024-11-09,8,32,12,No
1816,2024-02-01,1,12,17,Yes
2638,2024-01-31,2,15,17,Yes
4339,2024-08-18,6,1,6,Yes
1024,2024-07-22,6,23,15,Yes
1606,2024-09-30,1,12,2,No
1555,2024-12-23,6,7,1,No
3251,2024-08-09,4,30,7,No
1509,2024-03-24,1,55,11,No
3011,2024-08-22,1,44,17,No
4684,2025-01-22,5,6,24,No
3030,2024-08-11,3,2,5,No
4399,2024-05-04,8,50,11,No
3143,2024-04-26,2,39,12,Yes
3846,2024-03-31,2,59,16,Yes
399,2024-10-11,9,25,21,Yes
2452,2024-04-15,3,21,22,No
3402,2024-09-13,2,22,24,No
344,2024-11-08,9,50,13,Yes
4305,2024-07-16,6,15,20,Yes
407,2024-12-10,6,38,2,Yes
2225,2024-04-14,5,20,24,Yes
4430,2024-04-19,5,22,15,Yes
4772,2024-09-04,1,39,1,No
1619,2024-07-27,3,41,4,No
98,2025-01-17,5,57,22,No
2130,2024-02-12,5,54,4,Yes
4432,2024-09-15,5,1,14,No
3063,2024-06-21,7,10,12,Yes
3861,2024-11-21,8,40,7,Yes
4739,2024-02-28,1,13,5,No
2611,2024-11-19,7,47,18,No
1589,2024-10-04,7,9,21,Yes
2177,2025-01-19,4,47,10,No
1366,2025-01-28,8,19,20,No
792,2024-07-25,3,6,22,No
1407,2024-03-31,3,27,12,Yes
3983,2024-07-22,4,40,18,No
944,2024-08-20,7,30,16,No
3318,2024-02-23,2,53,24,Yes
651,2024-05-06,6,19,7,No
2335,2024-08-10,4,6,4,Yes
2356,2024-10-09,8,40,19,Yes
1520,2024-06-05,3,42,7,No
3861,2024-02-25,9,57,21,No
2332,2024-01-01,7,42,23,Yes
136,2024-02-08,7,12,12,No
288,2024-04-07,7,50,21,No
2137,2024-03-20,4,58,21,Yes
2432,2024-12-05,2,2,19,No
3111,2024-09-15,5,26,21,Yes
298,2024-03-21,7,25,9,No
4243,2024-04-12,6,39,17,Yes
2907,2024-04-25,6,17,22,No
4932,2025-01-02,7,12,5,Yes
1918,2024-11-07,5,1,24,Yes
2933,2024-03-19,1,51,21,No
1696,2024-02-20,7,44,3,No
4080,2024-12-10,6,33,21,No
2062,2024-10-03,4,31,15,No
3751,2024-09-17,6,31,14,No
2238,2025-01-09,8,38,8,No
2345,2024-04-24,5,22,10,Yes
4766,2024-06-27,8,55,22,Yes
377,2024-04-05,4,54,15,No
4644,2024-08-24,6,32,18,No
72,2025-01-12,8,50,21,No
2368,2024-11-03,3,20,2,No
3318,2025-01-07,2,11,9,Yes
1363,2024-02-02,2,43,4,Yes
4051,2024-09-27,1,46,4,No
2635,2024-09-01,8,46,8,No
1024,2024-06-15,3,25,24,No
2268,2024-12-28,8,49,1,No
67,2025-01-26,1,13,14,No
2660,2025-01-11,6,19,16,Yes
2772,2024-12-24,9,42,14,No
4362,2024-01-11,5,13,3,Yes
1619,2024-07-26,2,1,9,No
1559,2024-09-03,8,16,13,Yes
2777,2024-09-09,4,53,14,Yes
4080,2024-07-16,9,36,18,No
2817,2024-02-18,9,15,23,Yes
4712,2024-11-29,9,32,10,No
3657,2024-01-23,4,46,1,Yes
4951,2024-08-04,6,42,7,No
3490,2025-01-21,9,31,20,No
820,2024-11-18,5,50,19,No
3347,2025-01-05,3,21,21,Yes
1369,2024-07-08,2,26,16,No
3384,2024-10-24,8,42,20,No
2431,2024-03-26,8,16,23,Yes
4042,2024-01-04,1,20,16,No
4499,2024-11-21,7,6,17,No
4827,2024-10-02,7,40,10,No
3685,2024-09-24,5,25,19,No
882,2024-02-21,4,44,13,Yes
1373,2024-11-30,3,45,21,No
3656,2024-05-16,4,3,22,Yes
2508,2024-05-06,5,26,21,No
1808,2025-01-29,3,42,21,No
250,2024-02-08,6,30,24,No
514,2024-11-14,9,1,4,Yes
2419,2024-03-06,8,59,23,No
3296,2024-08-27,2,54,10,Yes
4463,2024-11-06,2,44,24,Yes
2253,2024-08-15,9,35,19,No
4379,2024-07-28,6,2,16,No
580,2024-02-29,1,7,22,No
2964,2024-08-23,5,15,15,No
4348,2024-09-14,8,55,11,Yes
4261,2024-12-21,1,20,2,No
4976,2024-02-26,5,37,4,No
4962,2024-06-29,3,59,22,Yes
2048,2024-10-30,3,5,8,Yes
746,2024-08-02,7,34,2,Yes
661,2024-10-23,5,7,20,No
2449,2024-09-30,3,39,7,Yes
902,2024-11-25,4,51,2,No
896,2024-05-06,7,24,18,No
2261,2024-10-04,6,44,16,Yes
760,2024-12-20,7,29,9,No
1969,2024-06-02,2,25,13,Yes
1759,2024-06-28,8,50,23,No
3143,2024-12-04,8,43,16,Yes
3607,2024-09-11,2,31,4,No
611,2024-04-01,9,24,24,No
21,2025-01-11,5,44,8,Yes
824,2024-12-11,4,1,12,Yes
4236,2024-01-09,9,52,1,No
3893,2025-01-01,1,42,12,Yes
3678,2025-01-09,8,17,10,No
182,2024-03-18,5,45,19,No
1874,2024-12-25,3,11,7,No
4760,2024-07-19,9,52,19,No
3308,2024-07-11,1,29,22,Yes
4195,2024-07-07,8,53,5,No
1022,2024-12-22,7,3,12,No
2630,2024-07-23,5,23,18,No
2548,2024-09-30,8,39,24,No
3705,2024-07-15,1,44,1,No
1899,2025-01-26,2,26,17,No
3740,2024-03-28,9,5,22,Yes
958,2024-11-09,8,48,16,Yes
68,2024-06-30,3,55,1,No
2294,2024-10-21,2,42,1,Yes
1421,2024-02-18,1,25,18,No
3408,2024-03-11,6,23,3,Yes
2534,2024-06-14,8,52,3,No
3452,2024-08-17,1,30,4,No
2052,2024-04-14,6,55,4,No
2821,2024-06-06,5,11,7,Yes
4117,2024-11-11,1,15,2,Yes
1307,2024-09-16,4,3,13,Yes
645,2024-10-30,4,38,14,No
3957,2024-10-16,6,41,14,No
3331,2024-03-24,9,22,6,No
666,2024-06-24,5,10,6,No
4002,2024-06-15,2,33,9,Yes
4386,2024-04-24,4,55,13,Yes
609,2024-11-04,2,2,3,No
430,2024-05-19,9,35,6,Yes
971,2024-12-09,9,32,7,Yes
4164,2024-08-10,3,32,18,No
4596,2024-11-17,8,58,11,No
4083,2024-11-21,1,12,15,No
4910,2024-01-05,3,24,21,No
4088,2025-01-26,5,15,20,Yes
3226,2024-08-15,8,23,10,No
1699,2025-01-12,6,2,15,No
3907,2024-06-01,4,38,12,No
3251,2024-03-10,1,40,17,No
1987,2024-10-23,2,6,4,No
3266,2024-11-07,3,29,12,No
2955,2024-01-12,7,12,14,No
2175,2024-08-15,9,35,5,Yes
3708,2024-05-17,6,18,1,Yes
4176,2024-11-17,4,32,20,No
587,2024-08-31,2,25,10,Yes
1523,2024-03-14,5,45,16,Yes
173,2025-01-26,8,46,8,No
4637,2024-11-12,9,50,23,Yes
3883,2024-07-29,1,16,4,No
4899,2024-08-04,8,1,5,No
3163,2024-10-29,9,11,20,No
1911,2024-06-04,5,54,17,No
4649,2024-02-02,4,35,10,No
3191,2025-01-26,6,40,19,Yes
4566,2024-08-12,3,40,24,No
2509,2024-10-20,1,51,11,No
430,2024-11-12,5,50,20,No
474,2024-07-21,3,35,3,No
1310,2024-09-05,5,53,9,No
2643,2024-01-12,5,27,17,Yes
1639,2024-10-14,5,18,24,No
4932,2024-01-02,8,12,15,Yes
1070,2024-10-10,2,53,21,No
4730,2024-10-31,9,15,14,Yes
1362,2024-08-22,5,51,11,Yes
4681,2024-06-06,5,30,13,No
4590,2024-12-17,2,50,15,No
4054,2024-12-14,9,8,7,No
1581,2024-09-11,3,14,24,No
1020,2024-05-10,9,21,11,Yes
3906,2024-10-13,4,9,7,Yes
4023,2024-06-29,7,40,13,Yes
377,2024-12-17,3,44,10,Yes
1558,2024-11-12,6,1,11,No
1205,2024-10-19,6,44,22,Yes
4917,2024-05-25,8,20,16,No
3954,2024-07-26,4,54,23,Yes
1905,2024-05-21,4,12,2,Yes
2977,2024-02-08,3,25,2,Yes
3617,2024-09-17,3,39,19,No
3119,2024-04-09,3,21,3,No
1350,2024-11-07,9,2,10,Yes
44,2024-09-15,5,32,14,Yes
2264,2024-06-03,1,43,13,No
1919,2024-02-27,9,2,19,No
1406,2024-07-29,5,15,8,Yes
4240,2024-08-24,2,11,10,Yes
2250,2024-05-04,7,59,11,No
3194,2024-05-27,2,32,13,No
4427,2024-08-22,9,57,6,No
3992,2024-09-22,4,2,20,No
2298,2024-11-18,5,45,19,Yes
3850,2024-06-24,4,7,7,No
435,2024-04-15,2,52,13,No
1114,2024-07-23,4,17,5,No
4902,2025-01-10,9,47,13,No
244,2024-10-24,2,17,14,No
1960,2024-10-01,8,38,22,No
1145,2024-09-30,9,26,22,No
2400,2024-02-24,3,25,24,No
2933,2024-07-13,1,49,6,No
1396,2024-05-29,8,7,14,Yes
1102,2024-10-26,1,53,18,No
1073,2024-09-30,8,49,17,No
4669,2024-01-15,3,22,6,No
1310,2024-05-15,2,10,21,No
2335,2024-05-28,9,40,16,Yes
2561,2024-06-10,6,37,21,No
2151,2024-01-06,5,45,18,No
4036,2024-11-05,4,42,13,Yes
3230,2024-03-26,3,9,16,No
4736,2024-12-05,1,5,21,No
3202,2024-11-23,9,49,13,Yes
381,2024-09-20,5,29,17,No
4615,2024-07-20,6,57,21,Yes
1736,2024-01-06,6,6,6,No
4467,2024-06-16,1,55,1,No
1733,2024-03-28,8,29,23,No
2605,2024-03-01,2,25,23,No
4779,2024-01-17,4,12,13,No
1195,2024-03-24,6,44,18,No
4389,2024-07-23,3,37,2,No
3752,2024-03-12,4,54,15,Yes
2191,2024-08-22,1,58,12,No
3550,2024-01-21,4,18,21,No
2095,2024-07-22,1,33,3,Yes
2224,2024-07-23,9,48,21,Yes
1184,2024-05-28,8,26,3,Yes
91,2024-10-10,3,30,6,No
742,2024-11-04,5,32,2,No
943,2024-02-01,8,31,6,No
1216,2024-01-10,2,29,8,Yes
1934,2024-10-05,6,52,6,No
2857,2024-04-01,2,53,15,No
759,2024-05-18,3,29,22,No
2248,2024-09-30,5,49,20,No
1397,2024-05-09,7,20,13,No
2629,2024-07-02,2,40,11,Yes
2873,2024-09-23,8,40,23,No
4687,2024-02-23,7,28,1,No
3413,2025-01-29,5,59,1,No
427,2024-04-23,1,36,23,Yes
2239,2024-01-01,3,14,8,Yes
692,2024-10-11,6,56,22,No
3936,2024-10-03,2,40,9,No
431,2024-10-20,4,5,21,No
1230,2024-10-11,6,30,1,Yes
2928,2024-04-07,5,35,7,No
199,2024-12-06,2,28,23,No
1064,2024-01-22,4,19,9,No
3238,2024-06-17,4,43,9,Yes
3843,2024-09-04,8,52,24,Yes
2915,2024-06-05,2,32,6,No
2871,2024-12-07,1,55,8,Yes
1697,2024-10-03,2,6,20,No
2312,2024-10-09,9,13,15,Yes
1177,2024-05-01,1,5,2,No
3109,2024-11-12,8,54,13,Yes
4119,2024-10-31,8,20,5,No
3543,2025-01-12,9,55,7,No
809,2024-08-30,2,10,2,Yes
2282,2024-05-14,6,25,22,No
100,2025-01-15,5,38,18,No
2646,2024-02-24,2,30,4,No
1595,2024-10-10,4,24,9,No
3311,2024-06-26,4,31,19,No
4051,2024-07-31,8,44,17,No
811,2024-05-01,6,38,16,Yes
341,2024-01-08,3,13,22,No
1402,2024-03-17,6,51,17,Yes
549,2024-08-16,5,14,9,No
2082,2024-07-08,5,12,22,No
2322,2024-01-07,6,48,12,No
1611,2024-01-25,2,15,17,No
1550,2024-01-01,3,20,5,No
3705,2024-04-18,4,30,20,No
3781,2024-01-24,7,59,5,No
962,2024-12-13,6,57,14,No
1034,2024-06-25,7,46,3,Yes
529,2025-01-03,8,21,24,No
2732,2024-07-18,8,37,13,Yes
3107,2025-01-24,2,56,12,Yes
3822,2024-12-13,1,31,10,No
268,2024-07-25,1,40,1,No
2840,2024-02-22,9,13,23,Yes
2142,2024-10-30,1,36,10,Yes
1865,2024-11-01,5,22,9,No
4461,2024-07-01,2,38,6,No
4129,2024-11-26,7,15,11,Yes
408,2024-04-14,3,36,24,No
179,2024-01-09,6,22,24,Yes
1193,2024-07-02,1,16,8,No
2194,2024-07-17,6,23,3,No
3,2024-05-29,5,37,23,Yes
2869,2024-02-19,8,45,8,Yes
3946,2024-10-12,2,53,17,Yes
2889,2024-05-13,4,15,19,No
1361,2025-01-27,8,34,23,No
2808,2024-10-16,7,9,17,No
1765,2024-04-08,2,40,12,No
3995,2024-08-12,5,22,15,No
3931,2024-10-04,6,19,10,No
3728,2024-12-06,7,47,18,Yes
4749,2024-05-30,6,23,23,Yes
3712,2024-08-09,8,17,17,Yes
2964,2024-08-17,7,55,14,No
1073,2024-10-18,1,12,12,Yes
2674,2024-01-27,6,27,9,No
462,2024-09-14,2,1,12,No
1968,2025-01-24,3,54,7,No
4894,2024-09-02,3,4,4,Yes
1713,2025-01-04,2,26,24,Yes
3667,2024-01-10,4,18,14,Yes
1957,2024-11-30,5,43,18,Yes
1449,2024-03-01,8,8,17,No
3850,2024-09-28,8,56,10,Yes
4904,2024-08-29,1,46,9,No
2482,2024-03-23,8,37,8,No
3532,2024-07-31,3,18,10,No
2960,2024-11-25,8,11,4,Yes
1226,2024-01-18,5,19,24,No
1441,2024-01-16,4,23,5,No
1318,2024-02-27,5,2,9,Yes
4473,2024-11-19,8,11,8,No
2239,2025-01-19,7,54,15,No
3317,2024-04-14,5,22,7,No
4063,2024-08-06,7,9,4,Yes
2142,2024-07-09,1,44,1,No
2334,2024-12-18,6,36,1,No
4481,2024-03-03,5,20,13,No
4155,2024-01-25,7,57,11,Yes
4097,2024-04-28,4,43,1,No
2632,2024-05-18,5,39,1,Yes
715,2024-05-31,3,3,11,No
2930,2024-06-04,6,29,10,No
3474,2024-05-09,3,37,1,No
720,2024-03-08,8,12,21,Yes
30,2024-11-03,2,4,15,Yes
483,2024-10-31,5,52,10,No
2349,2024-01-23,4,33,23,No
3818,2024-07-20,7,54,13,No
4385,2024-09-04,3,26,15,No
1393,2024-05-20,3,51,22,Yes
920,2024-12-06,7,21,11,Yes
218,2024-06-24,6,14,15,No
3850,2024-08-04,8,16,9,Yes
653,2024-10-13,5,30,16,Yes
322,2024-07-24,1,39,6,Yes
3684,2024-07-10,3,2,4,No
910,2024-03-25,1,16,9,No
1841,2024-06-03,2,6,7,No
1138,2024-01-20,7,36,18,No
2753,2024-07-12,6,22,18,Yes
2356,2024-03-13,9,51,7,No
2302,2024-03-05,7,31,1,Yes
3274,2024-02-29,7,35,20,No
4542,2024-06-14,4,13,3,No
3507,2024-06-25,8,27,11,Yes
1988,2024-11-08,3,31,2,Yes
3801,2024-11-01,7,6,12,No
3508,2024-08-11,9,46,5,No
1333,2024-09-01,1,31,6,No
4711,2024-03-11,7,57,22,Yes
1004,2024-06-10,9,38,19,Yes
543,2024-08-05,6,49,22,No
4098,2025-01-28,7,16,19,No
3795,2024-04-01,7,46,4,No
2336,2024-04-04,9,11,9,No
1860,2024-04-02,9,24,17,No
279,2024-03-04,8,24,5,Yes
3905,2024-11-07,8,59,22,No
3417,2024-01-05,2,24,15,Yes
557,2024-06-18,2,46,21,No
2005,2024-04-30,5,48,21,No
1899,2024-04-20,5,16,14,Yes
1275,2024-11-21,8,42,9,No
4058,2024-11-27,5,6,8,No
4397,2024-12-03,2,9,11,Yes
3567,2024-05-30,4,48,9,Yes
2420,2024-08-13,9,12,7,Yes
1890,2024-01-16,8,46,19,No
3163,2024-05-12,4,43,24,Yes
2619,2024-09-12,2,36,6,No
4652,2024-06-06,9,35,1,No
562,2024-09-02,6,56,14,No
3152,2024-07-18,8,52,19,No
4143,2024-06-04,7,30,11,Yes
4587,2024-10-04,4,59,18,Yes
4761,2024-05-27,9,40,16,Yes
4972,2024-12-16,5,2,5,No
2258,2024-06-15,1,37,13,No
1389,2024-07-09,8,13,23,Yes
4374,2024-11-01,7,14,15,No
1588,2024-04-24,1,57,20,No
4288,2024-11-03,5,55,11,No
4749,2024-08-11,9,13,6,No
2968,2024-06-16,7,50,2,Yes
2854,2024-03-28,8,26,12,No
2870,2024-02-19,8,30,17,Yes
3619,2024-04-28,9,14,19,No
4671,2024-09-30,7,13,18,Yes
454,2024-04-25,5,14,18,No
2636,2024-06-09,5,40,17,Yes
484,2024-01-04,2,32,23,No
865,2024-09-07,9,21,1,No
2576,2024-02-11,7,42,24,No
1857,2024-03-11,6,24,19,No
3559,2024-05-27,7,18,4,Yes
1802,2024-06-19,2,40,18,Yes
3257,2025-01-08,9,39,16,Yes
2236,2024-06-27,7,13,3,Yes
4832,2024-04-21,8,19,23,No
3054,2024-02-22,8,54,23,Yes
3884,2024-03-26,1,5,24,No
2453,2024-12-25,5,36,19,No
3272,2024-11-01,7,47,17,Yes
1742,2024-01-29,8,28,1,Yes
2019,2024-01-02,2,48,18,No
2119,2025-01-14,2,46,21,No
1989,2024-05-07,4,15,12,No
1896,2024-07-20,9,26,2,Yes
14,2024-03-06,2,34,14,Yes
3737,2024-12-03,1,24,11,No
3212,2024-04-04,6,49,3,No
2012,2024-02-16,7,26,15,Yes
872,2024-02-04,4,55,23,No
1094,2025-01-02,6,38,4,Yes
2932,2024-08-29,1,54,20,Yes
1315,2024-05-01,5,2,13,No
4272,2024-11-23,4,45,4,Yes
4728,2024-03-14,3,27,7,No
4004,2024-11-20,3,58,19,No
4453,2024-08-25,9,15,4,No
2767,2024-09-10,3,46,2,No
2741,2024-03-21,2,53,10,No
755,2024-08-05,4,23,23,No
3041,2025-01-30,8,57,19,No
725,2024-05-18,8,43,9,No
4947,2024-10-01,5,17,16,No
1943,2024-11-24,3,34,20,No
4826,2024-10-06,5,19,24,No
4224,2025-01-09,6,40,7,Yes
1939,2024-05-06,1,3,13,Yes
3009,2024-11-12,3,27,20,Yes
2984,2024-06-26,4,51,21,No
4733,2024-10-11,1,26,5,No
4708,2024-06-13,6,23,17,Yes
3275,2024-12-30,1,48,23,No
933,2024-12-11,2,31,3,Yes
4125,2024-06-13,1,22,24,No
29,2024-10-10,4,59,21,No
1194,2024-06-15,9,39,16,Yes
4556,2024-03-28,9,2,10,No
612,2024-04-02,6,19,15,Yes
114,2024-10-26,5,27,3,Yes
696,2024-12-08,3,48,14,Yes
2663,2024-06-05,8,54,21,No
833,2024-03-28,6,40,20,Yes
1556,2024-12-14,3,3,22,No
254,2024-06-26,8,3,15,No
2969,2024-03-12,4,26,21,Yes
2676,2024-12-30,8,6,8,Yes
569,2024-06-09,1,12,6,No
4769,2024-02-21,1,10,24,No
2411,2024-07-26,6,2,6,Yes
31,2024-02-29,8,48,1,Yes
1564,2024-09-14,4,51,7,No
201,2024-06-16,6,16,22,Yes
1103,2024-09-07,4,58,16,No
2080,2024-07-07,1,16,7,No
3104,2024-11-10,8,52,14,No
288,2024-02-13,6,40,22,No
2154,2024-08-17,3,50,12,No
845,2024-02-04,9,39,5,Yes
1099,2024-01-29,8,4,16,Yes
1527,2024-06-21,2,19,11,No
389,2024-01-27,6,12,22,Yes
4723,2024-09-27,5,32,13,Yes
56,2024-11-22,1,55,2,Yes
872,2024-01-25,4,57,1,Yes
4148,2024-07-04,4,47,2,Yes
1961,2024-06-06,7,3,21,No
4165,2024-11-02,5,54,21,Yes
1398,2024-02-17,7,11,21,Yes
64,2024-05-12,8,19,5,No
1556,2024-08-17,5,26,22,No
1629,2024-08-20,9,11,14,Yes
684,2024-06-06,3,15,18,Yes
1774,2024-05-17,2,37,10,No
4210,2024-08-29,5,53,21,No
3109,2024-04-27,7,55,2,Yes
1274,2025-01-26,3,52,13,No
2978,2024-07-06,9,30,1,No
2334,2024-11-22,8,38,11,No
1191,2024-04-19,9,2,8,No
4771,2024-07-01,3,27,1,Yes
246,2025-01-30,3,54,1,Yes
752,2024-03-13,8,43,2,Yes
3416,2024-06-01,9,46,10,No
3125,2024-08-12,7,41,1,Yes
1624,2024-09-27,3,54,13,No
3846,2025-01-09,9,59,13,Yes
3604,2025-01-15,7,32,16,No
1255,2025-01-09,7,59,13,Yes
1520,2024-05-31,7,1,8,Yes
1041,2024-02-27,1,16,9,Yes
943,2024-08-24,6,59,21,Yes
2237,2024-03-01,2,21,8,Yes
2475,2024-07-01,7,43,3,No
2997,2024-10-24,5,16,8,No
4759,2024-06-02,1,13,16,Yes
2183,2024-12-25,9,50,22,No
4186,2024-10-19,4,49,16,Yes
4107,2024-08-23,4,51,4,No
1022,2024-04-12,8,15,10,No
2279,2024-05-13,4,24,22,Yes
1701,2024-05-28,2,50,22,No
1767,2024-11-04,1,5,11,Yes
1398,2024-04-14,9,58,3,Yes
4977,2024-01-19,8,18,4,No
714,2024-06-19,6,44,15,Yes
1318,2024-04-28,6,3,2,No
2313,2024-09-07,6,20,7,No
795,2024-09-18,4,38,22,Yes
908,2024-09-30,6,43,16,Yes
4466,2024-01-16,7,16,10,No
4071,2024-04-23,1,38,22,Yes
2988,2024-04-09,7,32,23,No
4006,2024-03-04,6,36,4,No
1912,2024-09-28,4,59,24,Yes
2235,2024-04-21,2,35,15,No
4231,2024-08-03,3,40,1,No
1001,2024-02-12,1,22,22,No
4220,2024-02-05,5,25,3,Yes
3688,2024-12-18,5,21,10,Yes
1409,2024-04-12,6,17,18,No
3141,2024-05-02,3,1,18,Yes
4845,2024-11-25,5,26,10,No
1765,2024-09-23,9,39,18,Yes
143,2024-11-03,3,15,2,Yes
3674,2024-04-03,9,45,16,Yes
2624,2024-08-06,2,28,21,No
1968,2024-01-20,9,43,24,No
4098,2024-09-19,8,9,23,Yes
3693,2024-08-30,8,15,19,No
2720,2024-09-16,8,51,23,No
2529,2024-09-30,9,56,17,Yes
321,2024-03-30,1,17,14,Yes
3142,2024-10-12,9,3,23,Yes
3180,2024-02-04,7,58,17,No
1340,2024-06-29,3,57,5,No
1214,2024-03-30,6,41,13,Yes
1200,2024-09-02,5,59,24,Yes
1820,2024-10-05,2,32,18,Yes
489,2024-08-31,6,9,13,Yes
2898,2024-04-10,5,57,20,Yes
1925,2024-01-05,5,22,6,No
1639,2024-05-26,5,40,3,Yes
2475,2024-10-11,4,46,16,Yes
2300,2024-08-10,7,37,15,Yes
3263,2024-04-04,5,12,10,Yes
179,2024-06-10,8,8,9,No
955,2024-12-16,1,53,11,No
3008,2024-02-02,5,56,22,Yes
268,2024-06-09,9,26,18,No
115,2024-04-02,6,20,12,No
122,2024-03-03,3,22,7,No
3909,2024-08-15,8,40,12,No
1993,2024-12-20,6,15,12,No
255,2024-06-05,1,58,15,No
153,2024-07-28,3,29,21,Yes
1476,2024-06-16,3,42,4,Yes
1615,2024-12-04,7,20,18,Yes
3143,2024-04-18,9,32,16,Yes
1577,2024-06-16,4,48,15,Yes
2777,2025-01-08,3,38,13,No
70,2024-04-25,7,15,12,No
1582,2024-09-04,1,43,4,Yes
2723,2024-09-19,5,26,7,Yes
4054,2024-01-26,8,40,1,No
4002,2024-02-21,8,54,14,No
176,2024-09-19,2,13,2,Yes
3552,2024-10-16,4,26,23,No
2260,2024-02-24,8,57,23,Yes
238,2024-07-01,6,18,18,No
597,2024-08-05,4,8,10,No
4327,2024-12-17,2,2,22,No
3633,2024-09-01,2,3,10,No
2383,2024-04-06,4,41,1,Yes
4812,2024-05-29,1,17,4,Yes
3561,2024-05-22,1,26,11,Yes
2588,2024-07-14,7,57,10,No
62,2024-09-11,4,37,15,No
3666,2024-02-14,2,20,9,Yes
2267,2025-01-11,9,44,24,No
1195,2024-09-02,7,3,12,No
4003,2024-08-14,7,1,12,No
1868,2025-01-15,3,18,23,No
4412,2024-07-12,3,32,10,No
94,2024-03-24,9,16,21,Yes
3565,2024-10-30,5,7,13,No
4915,2024-07-22,4,51,16,No
3281,2024-10-28,7,47,10,No
2010,2024-02-03,3,58,11,No
2981,2024-06-07,8,6,7,No
2435,2024-04-24,8,3,20,No
1438,2024-04-17,5,50,12,No
2034,2024-07-21,6,40,10,Yes
4456,2024-03-10,2,32,6,No
191,2024-10-27,4,33,23,No
945,2024-11-05,1,34,11,Yes
752,2024-10-21,5,25,14,No
33,2024-05-11,3,33,8,No
3629,2024-07-11,3,18,9,No
368,2024-11-18,7,6,17,No
1368,2024-08-08,1,16,5,Yes
3920,2024-05-14,9,38,20,No
3746,2024-06-23,7,57,2,No
4684,2024-01-27,2,47,22,No
463,2024-11-08,2,41,15,No
2942,2024-10-27,6,6,17,No
2884,2024-10-21,4,29,14,No
4438,2024-10-26,4,39,14,No
1568,2024-01-15,4,30,11,No
4604,2024-12-19,9,30,16,No
2543,2024-01-19,6,35,22,No
2350,2024-02-27,9,21,1,Yes
521,2024-01-25,1,42,18,No
1232,2024-09-29,3,22,13,Yes
4949,2024-10-31,1,47,16,No
1225,2024-10-10,3,48,7,No
390,2024-06-23,2,38,13,No
2151,2024-09-02,8,1,20,No
4940,2024-04-26,7,17,19,Yes
1481,2024-10-22,9,55,4,Yes
4722,2024-01-09,6,31,13,No
2246,2024-09-29,9,6,17,No
1289,2024-04-29,9,27,10,No
2609,2024-12-16,5,51,2,No
4631,2024-12-28,2,50,18,Yes
3019,2024-06-23,5,26,14,No
1687,2024-03-24,7,18,12,No
1198,2024-02-18,3,40,9,Yes
903,2024-12-26,7,40,13,Yes
2177,2024-02-13,5,52,10,No
4491,2024-10-03,4,39,12,Yes
1728,2024-10-31,9,44,5,Yes
3403,2024-07-28,5,26,24,No
2358,2024-12-05,5,52,5,Yes
4178,2024-09-24,2,53,21,No
1119,2024-05-28,5,43,7,No
4275,2024-05-27,7,32,15,Yes
3754,2024-03-28,7,33,18,No
4463,2024-11-29,9,20,12,No
984,2024-05-30,7,49,22,No
337,2024-07-18,2,44,7,No
1953,2024-05-21,2,43,3,No
2143,2025-01-11,6,33,18,No
640,2024-09-20,5,28,17,Yes
3310,2024-09-21,7,50,15,No
133,2024-06-01,6,12,18,No
1908,2024-11-13,7,3,7,No
2550,2025-01-19,3,7,24,No
4706,2024-12-09,5,43,5,No
4206,2024-11-10,4,23,21,No
4527,2025-01-05,8,53,20,Yes
1169,2024-08-22,8,32,21,No
2309,2024-10-25,2,17,1,Yes
2816,2024-07-08,9,3,16,No
4340,2024-08-12,5,30,11,No
123,2024-03-28,7,8,11,No
320,2024-10-14,3,11,16,No
2188,2024-07-08,9,49,17,No
594,2025-01-31,5,31,9,No
4439,2024-09-08,8,37,1,No
3616,2024-06-17,8,20,19,No
4220,2024-11-21,8,17,22,Yes
278,2024-12-29,2,18,14,No
1602,2024-10-19,8,14,22,Yes
4553,2024-06-27,6,55,19,No
203,2025-01-21,5,51,11,No
1541,2024-09-23,4,58,6,Yes
592,2024-03-05,9,10,1,No
1049,2024-09-22,8,56,9,Yes
1826,2025-01-14,4,13,4,No
235,2024-02-26,2,25,19,No
1495,2024-10-30,5,33,17,No
1232,2024-01-27,3,10,11,No
4183,2024-04-01,1,7,5,Yes
499,2024-03-14,4,46,19,Yes
2015,2024-02-06,2,16,15,No
4105,2024-08-13,1,40,11,No
3590,2025-01-16,7,34,6,Yes
802,2024-10-25,8,42,20,Yes
4597,2024-08-24,9,54,12,No
3422,2025-01-09,7,11,11,No
4125,2024-10-02,1,40,13,No
3833,2024-11-07,9,15,17,No
4101,2024-12-04,8,5,9,No
1549,2024-12-05,9,44,17,Yes
4794,2024-11-19,2,29,5,No
2400,2024-02-07,5,46,16,No
2170,2024-03-11,1,45,17,Yes
2439,2024-06-02,5,28,2,No
4720,2024-09-27,1,27,4,No
791,2024-10-03,6,57,3,Yes
508,2024-04-06,9,34,20,No
671,2024-11-23,5,9,15,No
4067,2024-11-07,2,37,21,No
1736,2024-08-19,4,19,8,Yes
2899,2024-02-11,6,39,15,Yes
166,2024-08-24,1,22,6,Yes
3802,2024-01-08,2,28,19,No
1099,2024-06-17,9,21,24,Yes
2092,2025-01-19,1,3,24,No
1904,2024-10-24,9,29,21,Yes
3480,2024-09-27,2,27,15,Yes
3667,2024-06-02,3,49,15,No
30,2024-05-14,3,15,14,No
231,2024-06-17,6,5,22,Yes
4124,2024-02-20,3,27,22,No
2871,2024-05-16,3,44,23,No
2474,2024-04-15,6,12,12,Yes
751,2024-08-05,2,47,7,No
3868,2024-09-11,5,57,20,No
439,2025-01-24,5,47,19,Yes
4020,2024-03-22,5,8,12,Yes
2705,2024-09-24,4,51,13,Yes
3438,2024-07-19,1,4,18,No
704,2024-09-24,8,40,5,Yes
4407,2024-02-23,6,13,12,No
3105,2024-02-12,9,3,11,Yes
2325,2024-04-03,3,48,7,No
3394,2025-01-06,3,7,19,No
56,2024-04-21,5,35,20,No
2696,2024-11-22,9,9,22,No
2734,2024-01-16,3,1,19,No
364,2024-04-17,2,55,4,No
4383,2024-09-27,8,41,21,No
3056,2024-09-14,8,33,5,Yes
4410,2024-06-23,9,14,5,No
265,2025-01-20,1,45,17,No
899,2024-08-10,6,18,15,No
2584,2024-10-01,1,48,7,No
1821,2024-02-28,3,10,24,Yes
1534,2025-01-31,1,17,6,No
1951,2024-02-11,3,26,9,Yes
4185,2024-10-22,9,13,18,No
4632,2024-05-05,9,29,16,No
114,2024-11-08,2,35,13,Yes
4438,2024-09-08,3,57,12,No
4166,2024-10-02,3,24,12,No
1247,2024-02-10,2,24,9,No
1497,2024-05-20,5,44,1,No
4027,2024-06-21,7,39,9,No
597,2024-10-22,2,1,2,Yes
2658,2024-01-06,1,28,13,Yes
3834,2024-01-12,3,52,4,No
485,2025-01-12,4,36,17,No
60,2024-11-12,7,23,12,Yes
1006,2024-12-02,2,51,14,No
3239,2025-01-03,5,58,17,Yes
2881,2024-10-20,1,22,6,No
1736,2024-11-18,4,46,17,Yes
4557,2024-03-26,7,27,21,No
1699,2024-02-23,1,52,12,Yes
4346,2024-08-15,9,58,18,No
4489,2024-08-27,2,19,4,No
4451,2024-10-22,2,57,8,Yes
3884,2024-01-25,1,12,1,Yes
4509,2024-07-08,4,53,8,No
3499,2024-06-10,8,35,23,No
1309,2024-03-16,1,5,4,Yes
4829,2024-10-13,4,37,17,Yes
4021,2024-08-05,2,20,15,No
259,2024-08-04,2,35,8,No
2274,2024-10-26,7,36,21,Yes
3033,2024-04-16,4,45,24,Yes
3018,2024-04-23,7,37,3,Yes
1132,2024-07-10,7,4,2,No
3693,2024-02-15,3,14,11,Yes
3919,2024-11-17,6,19,5,No
1561,2024-12-02,8,52,20,Yes
2270,2024-06-09,4,10,6,No
4004,2025-01-16,6,19,3,Yes
3986,2024-09-15,3,53,13,No
3190,2024-10-02,1,59,6,No
3647,2025-01-19,1,14,23,No
78,2024-01-11,5,1,13,Yes
1349,2025-01-21,6,30,1,No
1934,2025-01-04,5,39,17,No
4024,2024-08-25,7,30,16,No
3122,2025-01-18,3,33,1,Yes
3387,2024-01-07,9,6,16,No
2874,2025-01-28,9,39,11,No
3453,2024-12-08,9,25,3,No
4478,2024-06-12,7,44,12,Yes
4499,2024-04-09,9,46,7,No
3566,2024-03-05,6,16,14,Yes
3910,2024-12-10,9,23,2,No
3737,2024-07-21,6,59,13,Yes
818,2024-01-11,6,8,6,Yes
4337,2025-01-17,7,26,2,Yes
4125,2025-01-16,4,16,6,No
4680,2024-03-03,7,38,11,No
353,2024-03-03,3,6,6,No
4440,2024-10-21,3,39,10,No
1613,2024-05-03,3,30,15,No
4542,2024-10-26,4,57,12,No
4581,2024-02-10,8,40,12,No
466,2024-01-06,3,28,17,No
3163,2024-05-07,1,49,16,No
4939,2024-09-29,9,21,20,No
202,2024-03-05,1,21,11,No
147,2024-10-20,5,49,17,No
2216,2024-08-30,1,35,3,No
4878,2024-06-06,5,30,17,No
1991,2024-03-09,1,33,20,No
1851,2024-11-26,7,6,22,No
1974,2024-06-10,7,27,23,No
3931,2024-06-27,8,56,24,Yes
3374,2024-03-03,6,47,15,No
1928,2024-05-04,4,31,3,No
3053,2025-01-05,2,25,20,No
1146,2024-08-06,2,2,11,Yes
4205,2024-01-22,2,20,8,Yes
2002,2024-10-20,3,54,4,Yes
4275,2024-01-31,3,11,18,No
1817,2024-12-19,2,58,22,No
3505,2024-09-28,4,49,6,Yes
4112,2024-06-16,3,49,24,No
1466,2024-09-30,6,50,3,Yes
3212,2024-02-21,7,55,20,No
4238,2024-09-14,8,21,23,Yes
4962,2025-01-02,4,33,22,No
144,2024-03-03,5,33,16,No
2756,2024-01-22,9,49,13,Yes
2530,2024-05-25,2,25,14,No
1227,2024-06-16,1,33,13,Yes
3827,2024-02-01,6,8,2,No
2482,2024-03-10,5,55,19,No
707,2024-06-02,7,4,9,No
2328,2024-04-18,4,57,3,No
3696,2024-12-31,1,32,3,Yes
2025,2024-08-24,5,19,2,No
2921,2024-04-15,1,34,23,No
3699,2024-07-24,4,57,22,Yes
3185,2024-02-05,4,18,19,No
4999,2024-06-24,7,19,6,Yes
1342,2024-12-22,2,32,22,Yes
4511,2024-09-28,6,17,21,No
4080,2024-09-11,4,23,8,No
2793,2024-04-15,2,22,20,No
98,2024-07-13,3,43,2,No
1435,2025-01-22,2,31,5,No
3662,2024-07-24,8,21,5,No
1094,2024-03-12,1,36,3,Yes
2176,2024-08-13,8,13,18,Yes
3223,2024-02-10,3,43,5,No
4286,2024-04-21,7,52,3,Yes
4999,2024-12-19,1,47,24,No
390,2024-06-27,2,1,3,Yes
2067,2024-09-17,7,46,16,Yes
410,2025-01-03,3,59,6,No
3010,2024-11-02,8,15,24,No
3689,2024-07-24,6,31,4,Yes
893,2024-10-17,7,27,18,No
3638,2024-05-05,7,53,17,No
4461,2024-04-17,5,30,10,No
1838,2024-06-29,4,21,3,Yes
1174,2024-05-03,8,35,8,No
3532,2024-11-12,2,56,2,Yes
2737,2024-01-31,4,31,15,No
4193,2024-12-26,2,57,3,Yes
2792,2024-01-04,4,11,12,No
1530,2024-11-16,2,49,9,Yes
3315,2024-06-19,7,36,4,Yes
3466,2024-10-05,2,35,20,Yes
4347,2024-06-13,1,40,17,No
3823,2025-01-19,3,36,19,Yes
1528,2024-08-08,6,19,3,No
4733,2024-02-16,2,25,9,No
4034,2024-07-06,2,14,23,No
1626,2024-11-20,9,41,2,Yes
1474,2024-05-29,5,24,3,No
661,2024-08-18,8,35,22,No
2719,2024-12-06,6,32,2,No
1306,2024-05-06,8,9,15,No
3471,2024-02-14,2,18,22,No
3563,2024-11-29,8,59,5,Yes
3322,2024-06-20,6,33,16,Yes
1387,2024-07-16,8,31,21,No
3664,2024-07-11,2,19,3,Yes
4868,2024-05-02,5,32,7,Yes
610,2024-10-26,6,43,16,No
1066,2024-09-06,5,30,23,Yes
1784,2024-10-17,3,6,10,No
1408,2024-04-05,8,25,18,No
3662,2024-07-01,9,21,10,Yes
464,2024-06-26,7,55,2,No
4491,2024-02-29,4,4,11,Yes
1494,2024-02-21,5,53,18,Yes
4034,2024-07-13,2,19,14,Yes
1567,2024-05-28,4,12,19,No
2477,2024-05-06,8,13,22,No
2941,2024-07-20,6,53,19,No
569,2024-12-13,9,56,13,Yes
4195,2024-11-10,4,27,8,Yes
77,2024-01-22,2,49,8,No
4823,2024-12-03,7,24,19,No
4773,2024-03-09,6,48,4,Yes
4874,2024-09-17,3,35,18,Yes
3052,2024-05-02,8,44,23,Yes
3769,2024-08-29,8,36,22,No
3929,2024-09-05,1,30,20,Yes
3,2024-04-03,6,20,13,No
2033,2024-08-21,4,46,16,Yes
412,2024-01-15,2,32,12,Yes
4630,2024-03-22,2,6,11,Yes
386,2024-10-05,4,52,9,Yes
1404,2024-10-31,3,55,11,No
823,2024-08-03,2,10,3,Yes
1809,2025-01-27,8,1,20,No
4378,2024-11-28,8,17,8,Yes
1183,2024-07-12,3,12,10,Yes
1718,2024-07-28,5,43,15,No
2191,2024-01-03,9,57,15,Yes
2888,2024-06-24,7,6,2,No
2044,2024-05-07,7,29,15,No
1715,2024-05-31,7,4,10,No
3729,2024-03-31,6,9,8,No
1048,2024-09-23,1,28,9,Yes
1534,2024-02-12,7,12,4,No
3900,2024-07-12,2,33,10,No
703,2024-05-10,8,35,10,Yes
2913,2024-05-11,5,12,24,Yes
4709,2024-02-05,6,13,7,Yes
348,2024-12-26,2,51,1,Yes
1885,2024-12-15,4,5,11,No
2752,2024-07-30,6,3,20,Yes
3377,2024-02-09,2,12,4,Yes
1075,2024-01-18,8,56,7,No
2570,2024-02-23,5,40,22,Yes
1109,2024-11-15,5,42,6,No
3014,2024-12-22,2,20,11,No
2141,2024-08-24,2,54,3,No
1863,2024-06-14,7,52,8,Yes
2024,2024-11-20,3,52,10,No
2590,2024-04-14,3,34,23,No
1298,2024-06-20,6,37,12,No
4955,2024-10-01,8,22,9,No
4709,2024-11-21,1,29,22,No
4324,2024-06-02,3,35,8,No
3744,2024-07-28,6,25,12,No
57,2024-05-15,9,37,14,No
1607,2024-01-22,3,6,16,Yes
2718,2024-07-10,7,40,3,Yes
3745,2024-03-04,9,10,9,Yes
327,2024-01-20,3,29,12,Yes
3836,2024-04-06,6,32,12,No
2281,2024-12-08,8,47,2,Yes
4142,2024-10-13,8,50,17,Yes
2491,2024-10-06,3,29,18,Yes
3550,2024-01-01,8,2,15,Yes
4206,2024-03-10,7,28,3,No
3385,2024-09-08,9,36,14,Yes
4442,2024-04-19,1,40,4,No
2803,2024-01-05,2,42,12,Yes
1140,2024-05-15,4,46,10,Yes
1432,2024-03-14,1,23,16,No
2037,2024-09-06,4,23,11,No
1759,2024-08-02,4,34,20,No
477,2024-04-16,8,47,24,No
4335,2024-08-04,3,15,1,Yes
1077,2024-03-09,4,37,21,Yes
966,2024-09-17,2,20,8,No
4183,2024-02-22,8,45,3,No
3684,2024-05-14,3,50,17,Yes
65,2024-11-20,2,49,2,Yes
2350,2024-05-12,9,24,11,No
278,2024-12-12,9,48,13,No
1831,2024-05-18,3,46,1,Yes
1943,2024-08-20,5,21,8,No
3916,2024-02-29,8,35,2,Yes
2442,2024-09-27,9,7,4,No
1362,2025-01-21,5,16,10,Yes
1725,2024-10-23,5,26,18,Yes
2094,2024-04-27,9,31,10,No
2687,2024-10-30,7,57,9,No
1627,2024-06-11,6,1,22,Yes
2853,2024-04-18,1,50,6,No
3254,2024-01-12,8,12,14,No
1058,2024-10-21,6,42,21,No
4690,2024-07-29,8,46,4,Yes
3292,2024-10-21,5,12,5,No
1572,2024-01-23,8,53,17,No
4288,2024-08-02,4,22,1,Yes
4467,2024-09-10,1,39,11,Yes
1059,2024-07-24,4,31,17,No
698,2024-05-13,1,53,5,Yes
4267,2024-12-21,8,47,13,No
1668,2025-01-22,1,1,10,No
460,2024-12-03,3,7,22,Yes
451,2024-11-06,1,23,6,No
173,2024-11-16,7,22,10,Yes
1158,2024-12-20,8,18,3,No
3983,2024-01-02,7,8,9,No
2525,2024-10-18,3,18,7,No
2959,2024-03-29,5,12,9,No
2298,2024-03-29,1,21,13,No
3167,2024-09-15,1,10,5,Yes
2251,2024-10-01,1,29,18,Yes
3557,2025-01-25,3,40,5,Yes
1167,2024-05-22,3,10,23,No
2538,2024-11-10,6,43,3,No
3865,2024-09-17,1,28,13,No
1178,2024-08-20,9,12,23,Yes
4955,2025-01-26,9,33,15,No
2242,2024-05-18,6,21,12,Yes
3723,2024-06-12,6,50,16,No
3554,2025-01-21,7,39,11,No
3629,2024-06-28,8,13,7,Yes
4371,2024-02-27,8,9,1,Yes
4940,2024-12-27,5,7,16,No
1046,2024-05-01,5,34,21,No
2473,2025-01-27,8,2,22,No
3254,2024-06-17,6,2,3,No
2708,2024-10-02,7,36,4,Yes
3364,2025-01-18,2,25,17,No
1849,2024-08-20,2,40,2,Yes
4121,2024-03-10,8,45,15,No
1101,2024-09-08,6,3,22,Yes
1488,2024-03-04,7,47,3,Yes
2748,2024-08-20,6,32,16,No
4355,2024-05-16,3,1,8,Yes
3466,2024-04-10,5,59,5,No
668,2024-01-11,7,52,15,No
1678,2024-11-24,1,18,10,No
4000,2024-08-05,2,39,14,No
62,2024-10-10,2,48,23,Yes
3343,2024-10-13,1,27,22,No
3542,2024-03-02,2,37,12,No
1825,2024-02-24,9,7,14,No
2468,2025-01-22,8,27,23,No
3400,2024-07-15,2,19,24,No
1397,2024-05-18,1,49,21,No
376,2025-01-04,7,10,13,Yes
1838,2025-01-27,8,27,2,No
4381,2024-01-18,4,15,1,No
1955,2024-04-13,1,12,8,Yes
105,2024-06-05,8,20,20,No
2807,2024-04-16,8,48,1,No
3648,2024-10-29,4,48,12,Yes
1881,2024-09-14,4,32,2,No
1014,2025-01-24,5,32,7,Yes
4021,2024-09-24,3,12,9,Yes
3229,2024-02-03,9,43,16,Yes
2881,2024-09-16,6,39,13,No
3261,2024-09-09,2,29,22,No
4265,2024-04-15,1,27,13,Yes
712,2024-10-07,3,24,8,No
3082,2024-08-28,8,50,9,No
2087,2024-08-14,5,36,13,Yes
2482,2024-11-29,2,38,4,No
2724,2025-01-17,1,8,15,No
4424,2024-07-02,7,28,24,Yes
355,2024-09-19,6,29,14,No
3513,2024-04-23,6,1,10,No
1900,2025-01-09,4,7,1,Yes
1353,2024-04-29,7,3,19,No
3776,2024-04-19,5,40,9,Yes
897,2024-07-26,9,49,15,Yes
964,2024-05-25,1,34,23,Yes
2927,2025-01-24,3,35,20,Yes
1354,2024-08-31,2,13,16,Yes
735,2024-08-18,3,44,11,No
4924,2024-01-08,2,30,15,No
2479,2024-05-08,9,10,6,Yes
4222,2024-02-18,4,34,5,Yes
289,2024-04-29,7,32,24,Yes
631,2025-01-02,2,33,16,No
693,2024-01-05,6,36,23,Yes
2476,2024-11-05,6,21,12,No
3168,2024-01-07,4,24,21,No
3779,2024-11-14,7,5,10,Yes
3956,2024-02-27,7,18,20,Yes
3999,2024-06-27,9,16,13,Yes
4048,2024-04-08,3,24,3,Yes
3761,2024-09-19,5,30,10,No
2286,2024-11-22,3,18,12,Yes
2518,2024-08-02,1,31,8,Yes
386,2024-01-12,5,34,19,No
236,2024-04-05,2,24,14,No
4015,2024-10-06,6,4,13,No
2767,2024-03-06,1,46,18,No
4247,2024-07-21,7,53,20,Yes
3615,2024-03-09,7,19,21,No
652,2024-06-27,1,35,3,Yes
1782,2024-05-15,9,14,7,No
906,2024-03-26,6,46,1,Yes
2130,2024-01-21,2,50,21,Yes
4578,2024-05-14,3,13,1,No
1491,2024-02-04,9,45,3,Yes
4848,2024-12-01,3,12,6,No
3646,2024-03-28,8,26,20,Yes
3225,2024-04-29,2,55,14,Yes
1503,2024-02-13,6,22,20,No
2764,2024-11-08,8,25,9,No
1413,2024-01-18,1,58,18,No
2233,2025-01-05,8,53,12,No
4233,2024-11-30,3,31,18,No
1063,2024-07-01,4,29,8,Yes
3402,2024-08-18,1,56,17,No
188,2024-08-24,5,13,22,No
4469,2024-03-09,2,36,3,Yes
432,2024-01-04,9,27,8,Yes
3970,2024-05-17,3,11,9,No
3160,2025-01-23,2,3,8,Yes
2789,2024-05-23,3,30,1,No
1078,2024-02-03,6,42,4,Yes
4061,2024-01-11,3,17,12,No
2477,2024-01-29,6,5,16,No
478,2024-12-28,4,45,8,No
3498,2024-12-19,8,19,20,No
1299,2024-09-10,5,51,7,No
3731,2024-12-19,4,18,20,No
1369,2024-10-29,6,39,21,Yes
986,2024-12-26,5,21,2,No
1151,2024-05-19,7,48,6,Yes
243,2024-02-21,1,41,2,No
1209,2024-10-16,5,34,17,Yes
1522,2024-04-20,8,47,13,No
196,2024-03-22,2,21,7,No
4661,2024-05-18,6,57,21,No
797,2024-07-09,1,3,7,No
668,2024-05-02,3,8,12,No
557,2024-10-09,9,4,17,Yes
3070,2024-11-25,6,28,2,No
4426,2024-02-08,2,44,4,Yes
1442,2024-01-31,6,35,13,No
3153,2024-11-14,7,14,23,No
4973,2024-09-04,4,36,21,No
1165,2024-12-31,6,34,4,No
1354,2024-11-11,2,55,11,No
1065,2024-06-07,1,48,1,No
3511,2024-02-20,2,54,2,No
3558,2024-11-20,5,35,17,Yes
1970,2024-03-14,8,2,8,No
577,2024-03-14,2,45,17,Yes
2684,2025-01-19,9,56,9,No
273,2024-05-21,3,20,16,No
3665,2024-10-05,5,1,2,No
2602,2024-08-26,5,51,15,No
4310,2024-01-15,5,42,2,Yes
274,2024-10-27,9,19,20,No
3691,2025-01-08,6,23,17,No
4272,2025-01-11,1,1,18,Yes
4921,2024-10-12,9,19,24,No
3571,2024-08-31,6,22,15,No
719,2024-03-18,1,46,8,Yes
4822,2025-01-16,8,57,12,No
2703,2024-07-18,3,39,13,No
1601,2024-05-10,2,55,4,No
290,2024-10-21,3,43,9,No
2176,2024-07-27,3,47,8,Yes
4495,2024-04-14,6,49,5,No
1004,2024-04-03,9,53,15,No
2045,2024-03-31,2,21,20,Yes
2091,2024-07-10,2,26,23,Yes
3879,2024-02-10,9,11,15,No
786,2024-09-10,8,11,13,Yes
1524,2024-06-01,2,42,9,No
576,2024-03-14,5,38,17,No
586,2024-04-04,1,46,3,Yes
870,2024-05-28,4,46,17,No
3427,2024-01-08,4,51,11,No
4437,2024-05-15,6,44,5,Yes
3361,2024-12-21,6,32,19,No
557,2024-11-26,4,29,18,No
2451,2024-12-10,1,58,1,No
3891,2024-04-19,1,20,24,Yes
3606,2024-03-29,2,4,1,Yes
1359,2024-08-02,3,37,22,No
3682,2024-02-21,9,27,5,Yes
4258,2024-02-25,7,17,9,No
2304,2024-09-30,6,12,23,No
1976,2024-11-14,4,21,22,No
3069,2024-01-27,9,11,16,No
752,2024-01-19,7,10,7,No
1610,2024-04-08,7,22,3,Yes
2915,2024-06-05,7,6,18,Yes
1132,2024-07-14,9,33,10,No
3111,2024-09-26,7,19,22,No
3917,2024-08-08,7,12,5,No
585,2024-02-20,2,32,4,No
3670,2024-12-18,3,5,10,No
4161,2024-07-14,6,6,9,No
4932,2024-04-20,1,52,6,Yes
4575,2024-01-26,3,48,13,Yes
3237,2024-08-31,6,33,6,No
3722,2024-01-07,2,44,9,No
2584,2024-03-17,6,51,21,Yes
2866,2024-10-06,8,49,9,Yes
1569,2024-07-23,9,17,14,No
1514,2024-08-17,8,59,19,No
1115,2024-12-21,1,1,6,No
4141,2024-11-30,9,12,8,No
1445,2024-03-27,2,35,5,Yes
2087,2024-01-29,5,34,4,Yes
922,2024-03-18,4,29,19,No
4406,2024-01-18,1,6,13,Yes
288,2024-01-17,2,55,24,No
2608,2024-10-31,2,24,5,No
3487,2024-06-20,9,43,17,Yes
4306,2024-05-01,6,43,14,No
279,2024-07-19,4,22,9,Yes
4814,2024-07-31,4,37,2,Yes
1187,2025-01-04,6,7,7,No
1401,2024-03-10,4,58,1,No
4276,2024-02-05,2,18,20,Yes
910,2024-10-19,2,53,17,No
4936,2024-07-03,2,8,9,Yes
813,2024-04-10,7,18,9,Yes
4657,2024-07-28,7,40,11,Yes
197,2024-10-05,2,53,1,No
4124,2024-10-25,7,55,19,No
163,2024-01-16,1,52,9,No
3084,2024-01-06,8,36,14,No
4756,2024-06-22,4,28,15,No
582,2024-08-26,6,38,19,No
4992,2024-08-31,6,7,4,Yes
4535,2024-11-05,6,53,17,No
3205,2024-06-09,9,36,22,No
4997,2024-01-16,3,1,18,Yes
3517,2024-01-31,4,15,14,Yes
1762,2024-02-19,9,51,10,No
231,2024-09-10,9,53,1,No
4536,2024-05-04,5,15,9,Yes
3040,2024-03-10,7,29,8,Yes
2272,2024-06-19,2,44,8,Yes
1730,2024-10-15,7,30,24,No
4021,2024-01-07,4,55,12,Yes
2400,2024-01-14,1,53,18,Yes
834,2024-08-24,9,50,21,No
3543,2024-04-20,5,49,19,No
4749,2024-11-11,7,8,24,No
1677,2024-08-24,5,3,13,No
3560,2024-02-15,4,3,14,No
3455,2024-04-07,3,53,11,No
2832,2025-01-20,2,36,18,No
1204,2024-01-18,1,35,7,Yes
216,2024-12-01,6,8,22,Yes
4530,2024-08-19,4,7,2,No
1761,2024-03-28,1,11,4,Yes
4289,2024-03-23,6,52,15,No
1474,2024-02-17,4,29,22,No
4216,2024-02-25,7,16,19,Yes
1121,2024-04-14,6,13,20,No
2858,2024-10-03,8,29,12,Yes
683,2024-07-13,8,50,22,No
3260,2024-10-16,7,4,2,No
1702,2024-01-22,1,36,15,Yes
4789,2025-01-15,9,11,3,Yes
2772,2024-09-17,9,12,14,Yes
4936,2024-08-29,1,1,13,No
4596,2024-02-08,3,4,23,Yes
1551,2024-12-01,8,48,8,No
1897,2024-07-18,2,27,1,No
1418,2024-09-10,7,9,15,No
71,2024-03-13,8,24,17,No
290,2024-04-05,7,56,16,Yes
932,2024-03-02,7,21,16,No
4317,2024-01-13,1,45,19,No
4010,2024-05-09,7,31,21,Yes
4960,2024-06-10,6,3,5,No
744,2024-12-29,3,43,24,Yes
1013,2025-01-31,9,16,22,No
2582,2024-05-23,8,20,5,No
3366,2025-01-15,8,47,17,Yes
427,2024-07-27,9,46,15,No
4958,2024-02-27,2,46,22,No
3440,2024-09-10,5,51,2,Yes
508,2024-02-26,1,42,24,Yes
1908,2024-10-18,6,46,10,No
2227,2024-03-26,8,26,16,No
1880,2024-10-07,1,10,21,Yes
4676,2024-02-05,1,9,18,No
2676,2024-08-30,3,54,4,Yes
1240,2024-01-04,4,7,23,No
3218,2024-08-20,5,31,9,No
1200,2024-05-11,2,4,16,No
1661,2024-06-05,3,5,24,Yes
2353,2024-05-05,2,32,1,Yes
2566,2024-07-27,2,34,3,Yes
2583,2024-01-28,5,2,8,Yes
654,2024-03-15,4,3,23,Yes
4300,2024-04-25,6,45,17,No
2051,2025-01-23,1,38,1,No
2013,2024-06-03,9,37,23,No
1768,2024-05-30,4,32,15,Yes
1305,2024-03-08,8,2,16,Yes
2544,2024-04-04,2,48,24,No
3999,2024-07-03,2,2,19,Yes
278,2024-03-14,9,39,13,Yes
588,2024-02-17,9,18,8,Yes
3707,2024-11-27,5,39,6,No
839,2024-07-22,6,4,22,No
891,2024-01-08,6,4,13,Yes
2906,2024-03-14,2,58,13,No
3090,2024-06-24,2,43,1,Yes
1395,2024-04-02,8,12,17,No
2193,2024-04-19,5,47,22,No
4343,2024-10-27,7,46,16,Yes
707,2024-05-18,2,52,21,No
2846,2025-01-21,9,51,4,Yes
4952,2024-02-12,1,13,23,No
4726,2024-03-13,6,42,17,No
1976,2025-01-10,8,17,17,No
605,2024-12-06,7,55,12,Yes
404,2025-01-08,3,32,8,Yes
2479,2024-01-09,3,50,7,Yes
3844,2024-10-25,2,27,11,No
3208,2024-05-19,6,21,20,Yes
4942,2024-06-05,9,23,10,No
145,2025-01-14,3,13,17,Yes
549,2024-08-16,3,23,11,Yes
4825,2024-08-30,4,13,12,Yes
4443,2024-04-02,2,44,22,No
4616,2024-07-11,7,18,24,No
2631,2024-11-11,5,55,13,Yes
165,2024-01-12,5,38,21,No
667,2024-04-16,2,21,2,No
234,2024-12-11,8,15,9,Yes
3902,2024-04-03,6,17,6,Yes
482,2024-08-03,7,7,12,No
2975,2024-11-24,6,27,1,No
839,2024-11-16,8,16,9,Yes
1946,2024-06-29,5,44,12,No
1049,2024-06-10,9,21,1,No
3257,2024-02-18,6,32,21,No
2088,2024-04-25,3,27,20,No
4188,2024-03-07,2,18,6,No
2924,2024-08-28,9,40,12,No
1027,2024-07-28,3,1,21,Yes
1858,2024-02-10,5,8,18,No
1181,2024-11-29,1,10,20,Yes
2737,2024-08-26,8,55,9,No
3384,2024-11-04,1,21,16,No
3710,2024-06-02,6,29,5,Yes
3726,2025-01-03,7,30,20,Yes
4987,2024-10-12,1,52,14,No
4796,2024-01-13,2,9,19,Yes
4792,2024-12-12,5,13,18,Yes
3780,2024-03-09,1,2,18,No
505,2024-05-18,9,59,10,No
4741,2024-06-25,6,43,14,Yes
1890,2024-12-20,1,9,2,Yes
3131,2024-07-02,6,37,16,No
4359,2024-10-26,2,42,6,No
4650,2024-10-03,1,22,13,Yes
4747,2024-06-28,7,14,20,No
1611,2024-02-27,3,3,19,Yes
1525,2024-07-14,6,29,23,No
2857,2024-01-19,5,1,18,Yes
4801,2024-03-08,9,57,2,No
895,2024-02-24,7,59,4,No
4325,2024-02-24,5,7,9,No
4083,2024-10-21,3,25,4,Yes
375,2024-12-07,5,10,18,No
822,2024-02-26,2,10,5,Yes
4747,2024-06-12,9,26,17,No
4040,2024-10-01,4,27,10,No
2038,2024-10-24,1,39,24,Yes
4170,2024-02-16,2,43,12,Yes
2361,2024-03-28,8,38,1,No
3559,2024-08-08,2,26,9,No
3462,2024-10-03,4,43,3,No
4595,2024-07-26,7,30,17,Yes
1367,2025-01-22,2,31,23,No
2752,2024-12-25,4,33,9,Yes
520,2024-05-26,8,46,2,No
3321,2025-01-10,6,10,20,No
3989,2024-11-06,6,29,10,Yes
3192,2024-10-01,7,25,5,No
3556,2024-07-30,5,4,5,Yes
432,2024-05-10,5,28,8,No
3089,2024-09-02,8,23,1,No
2565,2024-10-11,2,17,23,No
4341,2024-08-07,3,40,7,No
3170,2024-09-20,6,51,19,No
3667,2024-12-11,4,7,11,Yes
4621,2024-08-03,1,12,2,No
1688,2024-03-05,1,58,20,Yes
1664,2024-04-19,7,31,16,No
3986,2024-08-25,8,35,9,No
945,2024-07-13,4,29,4,Yes
1054,2024-01-31,3,31,14,No
569,2024-01-05,6,19,17,Yes
1480,2024-09-13,3,40,14,Yes
266,2024-09-26,3,46,11,No
4576,2024-05-17,7,32,24,No
4579,2024-06-08,7,44,19,No
3058,2024-08-21,9,32,13,Yes
4961,2024-05-12,9,29,4,No
933,2024-01-13,4,17,7,No
3745,2024-09-18,5,34,15,No
718,2025-01-18,7,15,16,No
4705,2024-04-28,1,7,13,No
1205,2024-08-12,1,2,2,No
4485,2024-12-02,2,55,21,No
3060,2024-10-12,6,33,8,No
4377,2024-02-15,6,57,13,Yes
3066,2024-10-16,7,19,8,Yes
660,2024-02-26,1,27,4,Yes
3227,2024-10-19,5,8,14,No
4455,2024-01-17,9,48,23,Yes
1767,2024-09-08,6,59,1,No
2183,2024-05-29,2,59,19,No
2696,2024-11-13,5,35,19,Yes
1940,2024-10-17,1,8,17,No
1536,2024-03-07,6,20,1,No
70,2024-02-13,1,1,3,No
1888,2024-08-11,1,2,4,Yes
895,2024-06-02,2,4,3,No
4882,2024-01-23,5,44,9,No
274,2024-01-26,9,12,23,Yes
4185,2024-07-25,1,32,14,Yes
2842,2024-10-19,2,12,11,Yes
1626,2025-01-12,9,46,4,No
1554,2025-01-06,5,54,22,Yes
454,2025-01-26,7,25,3,No
1062,2024-09-27,5,52,21,No
4762,2025-01-28,6,4,2,No
839,2024-04-13,1,35,21,Yes
2784,2024-07-20,8,30,18,No
4791,2024-11-07,5,8,2,No
3050,2025-01-08,1,1,11,No
4115,2024-11-16,2,41,9,No
2127,2024-03-06,2,46,6,Yes
205,2024-04-11,4,18,9,No
2955,2024-06-15,8,33,23,Yes
3603,2024-04-27,7,41,16,Yes
3186,2024-05-22,4,9,7,No
1359,2024-10-03,4,25,18,No
3332,2024-05-17,4,7,19,No
3363,2024-09-18,9,45,8,No
3669,2024-08-11,3,47,13,Yes
2689,2024-05-18,9,24,19,No
4141,2024-08-17,5,34,22,Yes
774,2024-01-21,3,48,11,No
1455,2024-09-15,3,59,18,No
2037,2024-03-21,7,9,7,No
1017,2024-03-01,5,52,9,Yes
2158,2024-04-24,5,11,2,Yes
3836,2024-10-20,9,16,17,Yes
2647,2024-09-27,1,23,20,Yes
21,2024-07-29,4,3,24,No
4522,2024-06-12,3,22,8,No
3231,2024-05-20,9,33,5,No
4103,2024-08-09,3,33,22,Yes
4026,2024-04-05,8,35,7,No
309,2024-03-16,3,14,20,Yes
1520,2024-12-31,1,38,13,No
2440,2024-01-05,1,2,4,Yes
304,2024-03-27,6,13,20,No
500,2024-02-03,1,16,24,No
3845,2024-03-26,3,51,23,No
1849,2024-04-12,4,10,21,No
3906,2025-01-15,5,4,12,No
1257,2025-01-07,1,2,2,No
3645,2024-09-08,6,13,5,No
546,2024-12-17,6,28,12,No
4250,2025-01-15,8,9,17,No
3824,2024-03-16,3,29,9,Yes
709,2024-01-08,8,17,7,No
409,2024-07-02,9,50,9,Yes
1454,2024-06-17,5,32,20,No
364,2024-01-01,2,41,21,No
2947,2024-04-16,2,41,13,No
1864,2025-01-24,4,28,22,Yes
4784,2024-04-21,5,41,2,No
3084,2024-01-02,7,5,21,Yes
1855,2024-02-01,9,49,10,Yes
3666,2024-01-11,8,45,23,Yes
1105,2024-01-10,6,46,14,Yes
1977,2024-10-07,9,10,8,Yes
984,2024-09-22,3,57,7,No
545,2024-07-11,1,44,4,No
830,2024-05-07,3,31,8,Yes
5,2024-05-29,5,28,24,No
756,2025-01-15,9,30,18,No
3818,2024-12-31,9,29,6,Yes
3469,2024-07-25,2,16,22,Yes
2556,2024-08-20,7,31,19,Yes
4809,2024-05-02,7,29,11,Yes
872,2024-10-30,1,48,2,Yes
73,2024-02-26,3,10,21,Yes
1207,2024-11-09,9,2,2,Yes
4264,2024-01-03,2,10,7,Yes
3561,2024-01-02,6,1,2,No
3053,2024-09-21,9,20,6,Yes
3496,2024-09-23,6,15,8,No
4585,2024-10-19,1,59,4,No
3493,2025-01-28,7,32,11,No
369,2024-10-17,7,24,2,No
2508,2024-02-16,3,15,8,Yes
3570,2024-03-03,2,48,21,Yes
1875,2024-05-09,5,16,16,Yes
1857,2024-03-01,9,44,1,No
3164,2024-07-26,5,25,9,No
4044,2024-01-02,1,51,12,No
4615,2024-01-12,9,21,4,No
3946,2024-10-23,7,59,13,Yes
132,2024-02-17,7,45,14,Yes
1498,2024-07-15,2,15,11,Yes
3001,2024-10-17,6,35,5,No
2131,2025-01-20,5,12,23,No
386,2025-01-14,6,52,4,No
1809,2024-11-17,4,56,20,No
1787,2024-03-18,1,24,15,No
527,2024-04-30,2,54,14,Yes
436,2024-03-12,4,53,21,No
4571,2024-12-16,8,7,6,No
1866,2024-09-10,1,48,16,Yes
3221,2024-04-13,9,41,12,Yes
3556,2024-08-21,4,53,23,No
3517,2025-01-14,9,30,4,No
2375,2024-10-24,6,52,5,Yes
3023,2024-12-10,1,15,20,No
821,2024-09-29,3,43,16,No
2612,2025-01-30,7,58,12,No
4950,2024-10-22,2,52,11,Yes
459,2025-01-07,1,53,1,No
1978,2024-08-23,7,49,21,No
1567,2025-01-13,3,8,18,No
4563,2025-01-01,9,55,15,Yes
1820,2024-11-12,2,12,7,Yes
969,2024-01-23,9,59,17,Yes
4379,2024-07-17,2,4,11,No
329,2024-01-05,8,28,1,No
371,2024-10-04,2,21,20,Yes
2142,2025-01-10,9,7,3,No
376,2024-06-21,1,23,18,Yes
1491,2024-06-02,7,10,16,No
1980,2024-10-05,9,41,6,No
728,2024-02-12,8,12,10,Yes
297,2024-10-07,1,55,22,No
4389,2024-08-05,8,59,5,Yes
124,2024-09-02,3,46,1,No
914,2024-05-12,3,20,6,No
1013,2024-07-17,6,50,14,Yes
4319,2024-05-05,6,15,7,No
1183,2024-01-21,3,23,9,No
2574,2024-01-26,9,37,23,No
179,2024-01-12,5,31,7,No
616,2024-11-01,8,34,3,Yes
3387,2024-10-28,4,56,14,Yes
2850,2024-09-20,5,38,2,No
1635,2024-05-21,8,3,19,Yes
2751,2024-12-16,6,27,10,No
4898,2024-04-22,5,11,14,Yes
2807,2024-05-07,3,8,3,Yes
2116,2024-08-10,5,22,6,No
313,2024-03-01,7,22,8,Yes
3600,2024-02-19,6,14,8,No
2662,2025-01-05,5,11,20,No
2249,2024-05-05,4,55,11,No
4389,2024-08-16,9,20,13,No
2601,2024-02-12,5,35,17,No
1143,2024-02-19,5,25,2,Yes
4918,2024-09-24,7,33,22,Yes
4016,2024-02-13,8,16,20,No
2920,2024-06-11,1,34,17,No
1384,2024-02-17,5,26,13,Yes
1039,2024-12-05,7,39,19,No
4569,2024-11-05,3,58,5,Yes
754,2024-10-11,2,19,15,No
3164,2024-11-26,5,39,16,No
3482,2024-07-08,2,53,12,No
640,2024-12-21,9,58,20,No
1236,2024-05-12,8,24,5,No
4356,2024-06-17,5,4,1,Yes
1892,2024-09-13,8,28,12,Yes
4525,2024-03-13,1,17,4,No
237,2025-01-23,9,30,20,Yes
1048,2024-10-20,3,43,17,No
3339,2024-06-07,5,40,8,No
4408,2024-03-17,7,47,23,Yes
1053,2024-01-10,1,58,22,Yes
4546,2024-04-06,5,26,8,No
329,2024-11-21,8,2,21,Yes
603,2024-05-13,9,23,15,Yes
507,2024-12-06,5,26,21,Yes
1085,2024-01-07,5,35,14,No
4180,2024-02-05,4,9,23,No
98,2024-07-04,1,11,24,No
1164,2024-04-14,4,8,1,Yes
2048,2024-06-14,9,59,13,No
543,2025-01-25,3,32,2,No
3193,2024-05-02,7,29,19,Yes
2142,2024-05-22,4,10,12,No
3105,2024-07-30,7,47,6,Yes
4519,2024-07-29,6,47,18,Yes
3618,2024-01-16,1,36,12,Yes
1957,2024-08-16,4,55,8,Yes
4285,2024-06-13,2,57,21,Yes
4976,2024-07-11,3,30,17,Yes
4202,2024-10-21,2,2,4,Yes
2222,2024-11-06,5,3,17,No
2608,2024-11-01,7,8,16,No
3990,2024-05-08,9,23,19,No
4889,2024-05-25,1,16,24,Yes
4962,2024-10-24,3,50,18,Yes
3751,2024-12-26,5,2,21,Yes
467,2024-05-19,1,10,13,Yes
3870,2024-07-26,4,25,24,No
3818,2024-08-09,8,15,14,No
1389,2024-08-14,4,31,3,Yes
2252,2024-03-16,1,4,10,No
4308,2025-01-01,4,56,8,Yes
2251,2024-01-28,9,59,11,Yes
4975,2024-02-18,5,7,16,No
3491,2024-01-30,9,18,19,No
2036,2024-10-08,1,32,11,Yes
3557,2024-03-11,3,20,2,Yes
2815,2024-05-16,6,22,5,No
3242,2024-11-25,4,46,4,Yes
3911,2025-01-04,8,23,21,Yes
1560,2024-01-09,3,20,16,Yes
1188,2024-03-12,5,7,13,No
3865,2024-12-27,7,11,21,No
1059,2025-01-29,3,8,3,No
2853,2024-10-03,4,50,12,No
1127,2024-02-16,2,7,4,No
3989,2024-12-18,1,52,20,Yes
1601,2024-09-16,5,37,22,No
4257,2024-03-18,3,30,1,Yes
4197,2024-03-11,2,30,6,Yes
743,2024-11-30,1,32,6,Yes
2195,2024-04-23,3,49,2,Yes
4230,2024-09-19,6,23,20,Yes
2227,2024-08-16,8,15,9,No
2966,2024-11-01,7,17,20,Yes
3395,2025-01-27,8,8,6,No
1648,2024-05-27,9,11,24,Yes
3748,2024-01-01,3,46,17,No
4744,2024-03-17,3,3,23,Yes
3835,2024-07-19,4,21,10,No
1363,2024-03-13,9,16,22,No
4011,2024-01-18,9,11,14,Yes
4560,2024-09-28,8,57,19,No
2340,2024-06-26,3,48,23,Yes
2036,2024-09-13,3,31,6,No
3011,2024-02-05,8,13,20,Yes
3313,2024-09-11,6,41,10,No
2572,2024-05-14,5,32,15,No
617,2024-12-18,1,45,21,No
4034,2024-06-15,4,41,15,Yes
4284,2024-03-10,3,26,3,No
1497,2024-08-27,3,57,12,Yes
2008,2024-04-26,4,29,21,Yes
1804,2024-07-02,4,6,8,No
1185,2024-11-22,1,5,17,No
3284,2024-04-08,8,57,6,No
2000,2024-07-29,4,23,13,No
3665,2024-06-08,1,22,12,Yes
2174,2024-03-22,1,23,2,No
902,2024-04-23,4,50,9,No
3602,2024-06-25,4,14,4,Yes
1,2024-08-20,5,58,23,Yes
2910,2024-01-09,8,39,5,No
3868,2024-01-05,2,20,20,No
2604,2024-05-30,7,56,23,Yes
1628,2024-02-14,4,25,22,No
3894,2024-03-22,7,19,10,Yes
2111,2024-11-13,4,47,12,Yes
3021,2024-02-18,7,35,7,Yes
1077,2025-01-30,9,10,20,No
597,2024-10-13,4,9,1,No
2297,2024-03-12,1,7,9,No
3264,2024-10-09,8,33,6,No
4460,2024-12-25,7,47,21,No
2975,2024-06-18,5,30,2,Yes
1471,2024-02-24,8,35,23,No
937,2024-10-08,7,26,11,Yes
4308,2024-02-29,6,58,14,No
3015,2024-12-17,4,16,20,Yes
4290,2024-08-02,1,5,9,No
1030,2024-02-05,4,11,2,Yes
3908,2024-11-17,7,55,20,Yes
1204,2024-03-31,5,54,12,Yes
3472,2024-11-19,7,29,17,No
4467,2024-06-16,9,34,15,No
664,2024-06-26,4,21,2,No
2938,2024-10-16,8,44,13,No
677,2024-01-10,8,50,23,No
3376,2024-05-26,4,32,23,No
1641,2024-12-06,7,22,7,No
4280,2024-07-22,8,9,23,No
2465,2024-02-28,1,50,9,Yes
3819,2024-01-17,2,11,10,No
1134,2024-02-01,1,13,7,No
1740,2024-08-25,4,58,22,No
4560,2024-11-04,6,24,24,No
4376,2024-03-29,8,45,3,No
4409,2024-04-22,3,5,1,Yes
181,2024-01-29,7,14,20,Yes
258,2024-05-15,5,33,21,Yes
4895,2024-08-06,9,44,4,No
3500,2024-07-28,6,48,3,No
1286,2024-01-13,2,47,24,No
4972,2024-01-28,8,17,11,Yes
3381,2024-02-13,6,21,3,Yes
443,2024-03-06,8,39,11,No
2402,2024-10-14,3,17,21,No
3915,2024-05-04,9,56,16,No
4548,2024-09-24,5,2,4,Yes
1722,2024-03-14,7,4,20,No
4863,2024-08-22,2,51,19,Yes
2902,2024-02-14,5,43,1,No
4995,2024-01-16,9,17,20,No
4794,2024-02-15,6,30,3,Yes
291,2025-01-05,3,58,5,No
3785,2025-01-16,3,26,2,No
103,2024-03-30,1,39,12,Yes
4317,2024-04-12,4,5,5,No
2116,2024-03-06,4,46,13,No
100,2024-10-17,8,8,4,No
4552,2025-01-11,2,56,11,Yes
2367,2024-11-17,8,19,4,No
3759,2024-08-06,5,45,3,Yes
2267,2024-02-05,1,11,21,Yes
2378,2024-06-28,6,50,8,No
1105,2024-02-15,7,24,16,No
2430,2024-03-05,6,44,1,Yes
300,2024-01-16,1,25,13,No
3969,2024-12-01,5,46,11,No
1490,2024-05-15,4,18,20,No
1835,2024-09-29,4,51,20,Yes
3842,2025-01-01,8,48,5,Yes
4195,2024-07-10,8,29,4,No
108,2024-01-06,5,59,2,No
3943,2024-09-11,6,57,1,No
1881,2025-01-11,1,2,22,No
4943,2024-08-07,6,55,18,No
3352,2024-08-10,2,57,5,No
4446,2025-01-19,4,42,9,Yes
2365,2024-06-15,3,6,10,No
1957,2024-04-24,7,29,18,No
2055,2025-01-30,6,58,14,Yes
3576,2025-01-09,5,35,21,No
3827,2025-01-21,2,50,8,Yes
896,2024-05-12,9,40,14,No
1194,2024-06-08,2,21,13,No
3500,2024-07-14,5,34,6,No
4168,2025-01-06,5,27,24,No
3664,2024-01-24,1,53,15,Yes
536,2024-06-05,5,49,7,No
1441,2024-12-01,4,9,6,Yes
2957,2024-03-31,6,17,4,No
272,2024-03-14,6,18,3,No
4923,2024-08-13,7,59,16,Yes
2611,2024-08-02,4,31,8,Yes
213,2024-04-22,7,38,15,No
2401,2024-11-20,4,48,4,Yes
3657,2024-06-02,8,33,11,Yes
753,2024-07-15,2,6,24,No
4021,2024-01-13,8,52,17,No
466,2024-02-24,1,11,4,Yes
2156,2024-11-14,2,49,16,No
4407,2024-02-15,1,50,11,Yes
4266,2024-06-19,1,6,11,No
13,2024-05-01,4,19,18,No
4480,2024-01-04,2,13,20,No
3935,2024-07-06,4,18,2,No
1326,2024-09-12,3,29,24,No
1946,2025-01-03,1,23,15,Yes
3100,2025-01-15,2,8,16,Yes
3913,2024-11-16,3,5,22,No
2955,2024-04-14,5,27,20,Yes
1600,2025-01-09,3,47,3,No
874,2024-06-07,5,16,11,No
1453,2024-09-08,6,13,5,No
1855,2024-03-17,7,16,15,No
1954,2024-05-12,3,10,10,Yes
1822,2024-04-30,4,7,15,No
753,2024-06-28,9,1,7,Yes
2090,2024-10-12,8,27,8,Yes
3123,2024-08-03,4,20,10,Yes
1970,2024-02-12,7,37,24,Yes
185,2024-09-08,9,34,9,Yes
4001,2024-07-28,7,5,2,Yes
3044,2024-09-30,1,17,8,Yes
162,2024-03-27,7,33,18,No
719,2024-03-24,8,40,4,Yes
1876,2024-06-11,9,39,15,No
2408,2025-01-22,1,10,24,No
374,2024-02-21,4,40,12,No
4184,2025-01-18,1,54,5,No
4722,2024-12-13,2,5,17,No
4122,2024-03-05,8,12,1,No
2955,2024-08-22,3,4,15,Yes
4066,2024-12-08,2,31,5,Yes
4101,2024-04-03,6,1,18,Yes
713,2024-07-20,6,27,3,Yes
4106,2024-08-19,8,51,7,No
3857,2024-01-02,8,30,12,No
3096,2024-09-17,6,43,23,Yes
3367,2024-07-19,1,23,15,Yes
1531,2024-08-02,7,35,18,Yes
3650,2024-12-26,2,14,2,Yes
4509,2024-07-17,3,7,16,No
4933,2024-06-28,3,33,9,No
4305,2024-12-23,1,51,13,No
3810,2024-07-23,5,35,8,No
1117,2024-03-19,5,57,10,No
1326,2024-03-07,4,38,11,Yes
4006,2024-05-21,6,45,6,No
35,2024-02-09,9,12,18,No
4733,2024-11-14,7,58,4,No
2430,2024-08-14,1,33,17,No
245,2024-07-28,2,59,7,No
390,2024-10-06,3,13,24,Yes
1565,2024-08-14,1,31,7,No
4422,2024-09-18,5,4,19,Yes
443,2024-05-18,7,22,10,Yes
1678,2024-11-15,1,34,21,No
2125,2024-05-30,1,35,17,No
3195,2024-08-30,2,47,2,No
4328,2024-08-27,6,27,11,No
4535,2024-02-11,4,36,14,No
3513,2024-12-05,2,33,22,Yes
4104,2024-03-22,6,6,23,No
4771,2024-10-23,2,43,24,Yes
3846,2024-01-31,6,32,1,No
3895,2024-11-23,3,47,11,Yes
4230,2024-04-16,1,5,6,Yes
773,2024-07-04,4,37,24,No
1713,2024-01-08,5,3,23,No
590,2024-01-19,1,47,14,No
3822,2024-07-30,6,52,2,No
3277,2024-02-25,8,5,13,No
2862,2024-09-18,4,41,3,Yes
1783,2024-06-04,5,7,22,No
1863,2024-09-13,3,44,3,No
2603,2024-10-16,3,22,4,No
622,2024-09-04,5,41,3,No
1498,2024-06-03,9,35,16,Yes
159,2024-03-15,5,39,18,No
1180,2024-03-05,6,29,5,No
1320,2024-04-30,9,36,20,Yes
1170,2024-06-09,8,13,20,No
1045,2024-05-19,1,9,17,Yes
1419,2024-04-17,6,10,14,Yes
2932,2024-06-06,1,22,6,No
2619,2024-01-28,9,32,5,No
2468,2024-06-06,7,40,23,Yes
1371,2025-01-06,4,35,22,Yes
3704,2024-08-02,6,52,10,No
1846,2025-01-13,7,12,6,No
2592,2025-01-20,1,8,1,Yes
243,2024-07-12,7,54,22,No
3472,2024-10-07,7,51,23,No
4901,2024-03-19,7,28,18,No
4731,2024-02-26,3,48,3,No
2122,2024-03-18,2,40,18,Yes
1475,2024-02-14,5,34,1,Yes
1970,2024-06-21,7,14,3,Yes
2607,2024-11-22,6,41,22,No
4133,2024-08-09,2,2,1,No
592,2024-05-09,3,21,1,No
344,2024-11-05,1,34,5,No
837,2025-01-12,5,3,3,No
2197,2025-01-19,3,31,14,Yes
3692,2024-07-01,4,9,4,Yes
3070,2024-03-24,3,34,13,No
3235,2024-07-01,5,14,19,No
2059,2024-05-11,7,42,20,No
794,2024-10-21,3,14,4,Yes
4343,2024-03-29,3,53,16,No
3204,2024-01-09,1,25,2,No
3700,2024-07-23,6,40,14,No
2780,2024-12-03,5,14,22,No
4692,2024-12-19,5,58,19,Yes
3707,2024-05-21,1,23,14,Yes
4002,2024-05-24,3,30,9,No
1819,2024-11-25,2,12,10,No
1235,2024-02-15,8,44,9,Yes
3253,2025-01-27,3,45,8,Yes
3790,2024-03-04,8,23,8,No
3160,2024-02-21,5,42,4,Yes
894,2024-12-09,3,27,2,No
910,2024-12-29,2,52,12,No
671,2024-11-09,6,43,12,No
4553,2024-09-09,1,4,6,No
3893,2025-01-31,2,16,9,No
3806,2024-04-10,8,55,1,No
4535,2024-10-06,4,23,17,No
3395,2024-10-08,8,6,7,Yes
1595,2024-02-11,8,54,5,No
4494,2024-09-28,4,2,22,No
1472,2024-03-16,9,52,16,No
4395,2024-08-25,5,38,13,Yes
1063,2024-05-07,9,7,16,No
4844,2024-01-02,9,22,3,No
280,2024-12-08,7,23,1,No
1339,2024-08-07,6,44,1,No
3394,2024-04-29,5,22,3,No
422,2024-06-06,6,20,24,No
4404,2024-04-25,2,4,24,Yes
2853,2024-06-21,7,55,20,No
2805,2024-12-12,8,51,4,Yes
3614,2024-10-27,9,16,18,No
3738,2024-05-27,5,22,1,No
4944,2024-09-13,3,18,16,No
2217,2024-09-14,5,59,16,No
1090,2024-04-01,4,55,17,No
4424,2025-01-05,5,36,19,Yes
328,2024-02-03,8,33,22,Yes
3338,2024-09-27,7,26,16,Yes
380,2024-09-21,3,2,4,Yes
69,2024-05-21,2,17,6,No
4170,2024-10-27,7,33,21,No
1501,2024-08-02,5,50,16,Yes
176,2024-10-01,2,52,10,No
1404,2024-01-12,4,32,23,Yes
1966,2024-07-26,6,28,10,No
4026,2024-07-26,7,32,13,Yes
478,2024-05-12,7,51,20,No
1835,2025-01-31,6,19,13,Yes
1076,2024-01-10,8,40,8,No
1067,2024-06-26,3,42,23,No
2338,2024-02-20,2,13,2,No
356,2024-02-21,5,55,22,Yes
3955,2024-01-23,2,25,22,No
2124,2024-04-03,7,16,17,No
777,2024-02-16,5,30,15,No
4703,2024-03-23,1,19,19,No
3688,2024-07-08,7,18,18,Yes
3567,2024-06-08,6,57,21,Yes
836,2024-04-10,4,19,13,Yes
2929,2024-12-02,3,8,17,No
1499,2025-01-18,5,31,19,Yes
1942,2024-05-22,1,40,20,No
1422,2024-02-12,8,28,5,No
2781,2025-01-06,1,45,1,Yes
2859,2024-04-05,4,20,19,No
2638,2024-05-06,7,8,17,Yes
2542,2024-01-16,4,52,24,No
1113,2024-03-01,3,52,4,No
4907,2024-12-28,5,2,8,Yes
3389,2024-07-24,7,43,7,No
1035,2024-01-27,6,48,21,No
4985,2024-06-08,8,40,14,No
3211,2024-11-08,2,24,9,Yes
4330,2025-01-15,9,22,2,No
2604,2024-09-27,2,56,19,Yes
4870,2024-08-05,9,58,15,Yes
2076,2024-01-03,9,46,21,No
1611,2024-05-02,8,13,7,Yes
1302,2024-09-11,8,25,20,No
3849,2024-03-13,9,29,22,No
3246,2024-02-21,7,4,21,No
3732,2024-12-31,2,18,18,No
4748,2025-01-08,8,38,9,No
1333,2024-11-24,4,16,19,No
2667,2024-09-15,5,22,1,Yes
410,2024-07-16,7,28,11,No
4015,2024-01-28,1,44,1,No
4755,2024-01-30,2,29,17,No
1480,2024-04-13,8,35,8,Yes
3457,2024-03-24,3,27,12,Yes
871,2024-02-01,6,1,13,No
4612,2024-12-23,9,45,12,Yes
2557,2024-04-13,4,6,2,No
995,2024-02-23,7,20,9,Yes
397,2024-10-31,4,48,2,Yes
2599,2024-08-16,3,47,8,No
1923,2024-10-08,5,56,12,No
2980,2024-10-30,7,14,6,Yes
2787,2024-11-14,1,1,15,Yes
429,2024-11-05,5,11,22,Yes
875,2024-01-26,3,19,16,No
2497,2024-02-11,5,12,15,No
2527,2024-02-15,2,11,14,Yes
139,2024-05-21,8,52,7,No
1986,2024-01-17,7,41,7,No
1906,2024-01-07,5,43,4,Yes
1183,2024-04-17,7,37,18,No
1314,2024-06-01,5,49,15,Yes
4740,2024-08-31,7,12,5,No
28,2024-02-29,1,55,21,No
4873,2024-05-03,9,48,23,No
756,2024-02-24,8,17,1,Yes
4160,2025-01-19,7,25,2,Yes
3213,2024-12-19,2,27,11,No
3465,2024-09-11,2,16,20,No
936,2025-01-17,7,9,19,No
4800,2024-02-20,2,50,14,Yes
1877,2024-10-28,1,28,11,No
3376,2024-08-26,9,29,21,No
2200,2025-01-25,8,14,18,No
923,2024-11-29,7,21,24,Yes
2368,2024-10-11,2,33,2,No
3629,2024-07-31,1,41,24,No
3192,2024-01-24,6,55,14,Yes
3758,2025-01-18,5,13,4,No
4017,2024-02-23,2,15,24,No
2686,2024-11-18,5,23,16,No
3792,2025-01-22,9,42,5,No
1651,2024-07-17,9,23,24,No
2912,2024-03-20,8,2,1,Yes
187,2025-01-24,5,33,19,No
3294,2024-06-30,9,41,22,No
1514,2024-12-16,2,29,3,No
2289,2025-01-01,5,50,5,No
4222,2024-11-11,9,6,22,Yes
1059,2025-01-19,4,23,12,Yes
2976,2024-01-27,7,15,15,Yes
1063,2025-01-04,9,31,23,No
2493,2024-09-16,2,39,15,Yes
2164,2024-05-12,9,7,11,No
3189,2024-02-20,7,2,7,Yes
44,2024-10-24,6,19,16,No
2593,2024-11-27,6,37,14,No
2178,2024-05-25,1,28,20,Yes
480,2024-11-21,7,7,9,No
3156,2024-08-26,5,46,5,Yes
537,2024-09-25,4,45,2,No
3489,2024-06-17,3,31,14,Yes
1811,2024-07-05,7,42,13,Yes
4505,2024-01-05,1,57,23,Yes
2223,2024-11-17,8,26,23,No
175,2024-03-02,5,59,19,Yes
4693,2024-02-09,6,32,10,No
4808,2024-04-15,9,4,6,Yes
459,2024-08-12,1,16,11,No
2188,2024-06-23,8,6,22,No
823,2024-04-24,4,30,11,Yes
1391,2024-06-21,8,17,19,No
3649,2024-09-28,5,11,19,No
926,2024-03-25,9,57,14,Yes
1632,2024-12-27,9,20,3,Yes
3126,2024-03-02,7,18,4,No
371,2024-01-12,5,51,12,No
3597,2024-08-29,5,19,4,Yes
4303,2024-03-26,4,41,18,Yes
1481,2024-10-12,6,55,20,No
3053,2024-09-27,5,27,11,No
1175,2024-12-12,6,35,23,Yes
3534,2024-08-15,1,39,16,No
4184,2024-09-24,9,39,14,No
295,2025-01-16,7,32,24,Yes
804,2024-01-02,6,7,14,No
108,2024-08-29,4,7,18,No
555,2024-03-11,8,5,23,No
2487,2024-08-27,2,55,6,No
4817,2024-11-02,9,57,15,No
2441,2025-01-24,9,48,16,No
3730,2024-01-29,1,18,15,No
1995,2025-01-01,4,48,1,Yes
941,2024-04-26,6,44,13,No
3851,2024-08-27,2,30,6,No
4323,2024-02-27,2,4,15,No
4038,2024-07-31,8,59,14,Yes
3709,2024-02-24,2,59,5,Yes
4448,2024-08-06,6,39,19,Yes
4458,2024-01-15,2,12,20,Yes
3646,2024-10-09,6,33,18,No
2955,2024-12-19,6,59,14,Yes
1204,2024-09-19,1,17,11,No
4311,2024-02-26,5,42,10,No
4119,2024-11-11,6,56,7,No
3040,2024-08-28,4,32,9,Yes
2750,2024-03-20,1,56,22,Yes
4922,2024-03-07,9,54,2,Yes
1982,2024-04-13,5,48,4,No
504,2024-12-12,5,19,10,No
446,2024-11-01,3,13,9,No
3160,2025-01-23,8,22,12,No
2435,2024-10-28,1,56,19,Yes
2885,2024-11-20,2,39,4,No
3438,2024-07-15,5,45,12,No
594,2024-05-08,5,28,13,Yes
4374,2024-09-03,6,34,2,No
1615,2024-09-08,5,18,22,Yes
2404,2025-01-31,1,40,9,No
4259,2024-03-02,1,26,15,No
4730,2024-10-01,4,6,20,Yes
4649,2024-04-11,4,9,10,No
3867,2024-09-05,7,32,18,No
1827,2024-06-22,1,23,23,No
800,2024-04-26,9,24,12,Yes
808,2024-01-21,1,10,15,No
4931,2024-08-17,9,44,22,Yes
2755,2024-08-02,8,18,11,No
945,2024-10-13,7,41,5,Yes
3640,2024-02-24,8,25,22,Yes
4054,2024-01-04,2,46,7,No
1063,2024-04-03,6,23,24,No
1608,2024-05-26,3,45,21,Yes
4645,2024-10-07,6,3,8,Yes
3462,2024-01-08,6,18,2,Yes
2606,2024-12-10,9,43,11,No
753,2025-01-05,2,43,15,No
4838,2025-01-01,4,3,18,No
969,2024-10-08,2,53,24,No
4247,2024-07-06,7,28,23,No
4011,2024-06-29,5,15,1,No
1383,2024-08-26,6,36,10,Yes
4774,2024-09-13,2,40,17,No
2700,2024-01-17,6,52,13,No
4346,2024-01-08,1,49,7,Yes
3280,2024-03-27,1,37,9,No
5000,2024-11-29,1,34,17,No
2532,2024-05-11,7,26,18,Yes
4301,2024-12-08,8,7,5,Yes
4450,2024-05-30,5,57,4,Yes
1913,2024-04-09,5,21,21,No
962,2025-01-28,4,41,16,No
4815,2024-03-10,2,37,4,Yes
873,2024-04-19,8,44,8,No
3347,2024-07-21,4,3,22,No
4334,2024-04-05,6,46,24,Yes
2368,2024-03-24,5,27,4,No
3824,2024-03-03,3,2,6,No
4961,2024-07-19,5,56,18,No
2617,2024-10-26,2,16,5,No
1503,2024-01-20,6,46,8,No
3969,2024-07-15,2,12,23,Yes
1769,2024-11-04,3,29,1,No
79,2024-12-08,4,14,11,No
1993,2025-01-25,6,46,11,Yes
4037,2024-07-14,3,20,11,No
2075,2024-10-09,8,52,8,Yes
1001,2024-06-29,2,51,13,No
35,2024-08-21,2,18,11,Yes
565,2024-05-12,8,16,17,Yes
4128,2024-07-22,8,19,20,Yes
4780,2024-12-07,8,31,11,Yes
795,2024-08-29,8,15,24,Yes
2834,2024-01-11,1,10,21,No
2632,2024-07-18,2,54,5,Yes
4811,2024-08-14,7,47,4,No
3360,2024-12-15,1,29,10,No
1248,2024-12-15,7,32,8,Yes
2462,2024-07-01,3,2,5,Yes
3294,2024-02-03,6,14,17,No
836,2024-08-11,5,38,8,No
3533,2024-11-13,3,33,6,Yes
4121,2024-12-19,2,53,14,Yes
1438,2024-03-01,9,43,4,No
2882,2024-05-05,5,39,21,Yes
2254,2024-10-22,5,39,22,No
366,2024-07-05,9,52,16,No
1902,2024-12-22,4,16,15,No
1086,2025-01-18,3,12,1,Yes
2902,2024-03-13,3,52,7,No
693,2024-02-15,1,38,15,No
1457,2024-06-13,8,44,12,No
4116,2024-01-29,2,48,8,No
1804,2025-01-11,1,48,12,Yes
518,2024-02-29,2,49,2,Yes
4588,2024-07-27,1,24,22,Yes
399,2024-06-01,2,48,14,Yes
3043,2024-03-15,8,39,3,No
278,2024-07-17,9,44,8,Yes
71,2024-02-07,9,27,12,Yes
4598,2024-01-03,6,24,2,Yes
422,2024-09-02,7,10,10,No
1775,2024-01-05,9,12,20,Yes
2616,2024-04-21,6,35,13,No
325,2024-04-11,9,5,8,Yes
1581,2024-07-05,6,15,11,No
2454,2024-01-24,5,22,18,No
803,2024-11-28,3,44,14,No
546,2024-09-24,7,19,16,No
678,2025-01-27,6,32,19,Yes
4597,2024-05-12,2,11,10,No
1405,2024-03-21,2,49,24,No
297,2024-05-24,3,56,13,Yes
3016,2024-04-18,3,4,16,No
4099,2024-12-25,5,21,1,No
4291,2025-01-18,4,35,15,Yes
4029,2024-12-21,9,32,21,No
4500,2024-02-27,2,14,13,Yes
2750,2024-11-13,8,41,13,Yes
1715,2024-10-02,2,51,21,No
2120,2024-04-23,8,14,5,No
580,2024-10-22,3,9,1,No
691,2024-03-11,5,20,4,No
2800,2024-05-27,2,40,19,No
852,2024-10-04,6,9,3,No
3765,2024-05-29,7,44,1,Yes
1530,2024-09-14,4,2,9,No
3532,2024-02-03,6,1,17,No
922,2024-04-22,8,45,8,No
4794,2024-01-13,2,7,23,No
1365,2024-01-06,2,3,21,No
4306,2024-06-03,9,37,15,No
2118,2024-02-24,8,53,2,Yes
1827,2025-01-13,4,53,4,No
4017,2024-08-05,2,49,14,No
2091,2024-11-03,2,46,1,No
4907,2024-02-08,8,39,13,No
3528,2024-01-08,2,20,21,No
4912,2024-06-10,8,28,7,No
3769,2024-04-27,7,57,16,No
4335,2024-01-24,9,30,4,Yes
4590,2024-03-16,5,18,1,Yes
2362,2024-02-21,9,18,9,Yes
3623,2024-07-07,4,8,6,Yes
2402,2024-02-06,8,54,21,Yes
4602,2024-07-12,1,48,21,Yes
803,2024-08-31,7,50,2,Yes
1100,2025-01-03,7,39,14,Yes
3048,2024-07-05,2,11,1,No
813,2025-01-25,9,58,6,No
2326,2024-12-31,1,46,21,No
1763,2024-10-08,1,37,9,No
2103,2024-07-17,7,13,13,No
2980,2024-12-23,5,21,14,No
2643,2024-05-28,8,44,14,Yes
1455,2024-07-25,1,9,24,No
2384,2024-12-31,8,24,24,No
4217,2024-05-05,9,1,19,Yes
922,2024-04-28,1,41,15,Yes
3454,2024-12-07,9,18,2,No
477,2024-11-10,7,20,5,No
1421,2024-06-17,8,22,19,No
4638,2024-04-29,6,11,6,Yes
2078,2024-06-07,9,24,10,No
3405,2024-10-08,5,31,12,Yes
459,2024-02-16,4,24,16,No
4116,2024-02-17,2,48,3,No
2359,2024-01-02,8,2,11,No
1773,2024-06-15,9,17,4,Yes
1540,2024-01-09,7,22,7,Yes
2530,2024-03-01,1,33,5,No
4747,2025-01-24,3,33,9,No
1715,2024-05-21,1,44,14,Yes
3137,2024-09-12,3,42,20,Yes
1144,2024-08-03,8,32,4,No
149,2024-05-12,7,59,15,Yes
1338,2025-01-28,4,54,2,No
1048,2024-03-20,2,4,17,No
3166,2024-09-08,7,2,7,No
330,2024-09-15,6,18,24,No
1493,2024-10-26,4,28,4,Yes
3256,2024-08-05,8,37,7,Yes
4001,2024-03-03,6,3,15,Yes
2570,2024-06-12,2,1,9,Yes
2755,2024-08-29,1,2,5,Yes
2052,2024-05-06,2,18,17,No
2781,2024-10-09,1,5,13,No
159,2024-06-21,6,29,3,No
1050,2024-06-13,1,54,13,Yes
4576,2025-01-16,2,40,13,Yes
4083,2025-01-26,6,53,15,No
1209,2024-02-26,2,26,2,Yes
471,2024-03-11,2,27,20,Yes
4402,2024-10-06,2,50,12,Yes
4036,2025-01-29,9,11,24,Yes
2880,2024-02-09,7,27,6,No
1598,2024-08-17,6,29,1,Yes
2820,2024-09-09,6,24,11,No
4443,2024-06-17,2,38,15,Yes
4813,2024-02-20,6,7,20,Yes
2610,2024-03-09,6,17,8,No
2938,2024-04-29,2,29,2,No
4486,2024-10-30,5,46,6,No
1674,2024-07-09,4,33,18,No
2930,2025-01-26,1,40,22,No
1994,2024-10-15,1,41,13,Yes
2044,2024-09-11,7,27,16,No
4754,2024-09-16,1,52,24,Yes
1090,2024-02-20,8,25,17,No
474,2024-06-23,1,27,2,Yes
3322,2024-07-04,9,20,21,Yes
1996,2024-05-12,4,41,3,No
990,2024-03-20,3,50,2,No
924,2024-07-11,9,52,8,Yes
542,2024-11-23,9,11,10,Yes
2474,2024-01-24,6,8,6,Yes
861,2025-01-25,2,37,4,Yes
528,2024-12-09,1,7,6,No
1918,2024-11-02,2,46,4,Yes
3092,2024-08-24,1,38,18,Yes
2615,2024-03-23,5,40,19,Yes
2364,2024-04-26,5,54,19,Yes
4118,2025-01-10,5,23,8,Yes
712,2024-07-15,4,57,1,No
763,2024-01-10,8,30,16,Yes
346,2024-03-19,9,18,15,No
75,2024-05-31,5,37,12,Yes
2141,2024-05-29,4,21,14,No
3331,2024-08-10,4,28,16,No
3356,2025-01-23,2,4,19,No
2782,2025-01-12,6,21,11,Yes
4525,2024-07-08,2,29,11,No
1492,2025-01-30,4,32,12,Yes
2846,2024-05-23,2,21,20,Yes
283,2024-08-04,6,55,7,No
2256,2025-01-30,9,44,8,No
3164,2024-08-24,5,2,24,Yes
1773,2024-08-27,4,21,2,No
3304,2024-03-13,2,12,22,Yes
3306,2024-01-19,2,9,2,No
2623,2024-07-02,6,5,17,No
3170,2024-02-03,5,38,2,Yes
2878,2024-08-14,3,28,23,No
1058,2024-02-22,6,31,2,No
4783,2024-01-14,5,17,22,Yes
3487,2024-08-23,4,39,13,Yes
3584,2024-04-14,8,12,14,No
2543,2024-02-01,2,18,22,No
501,2024-09-13,1,51,8,No
4939,2024-08-25,2,8,8,No
2162,2024-03-03,5,23,7,No
3441,2024-07-04,9,12,21,No
992,2024-07-15,7,46,15,No
3686,2024-05-14,4,5,17,No
2913,2025-01-21,7,7,14,Yes
1817,2024-11-29,9,10,9,No
4483,2024-09-03,7,12,3,No
1378,2024-09-29,5,51,8,Yes
2586,2024-11-24,1,49,17,No
4724,2025-01-20,7,5,18,Yes
855,2024-04-27,7,4,22,No
640,2024-09-03,7,30,16,No
2836,2024-12-06,6,14,11,Yes
1237,2025-01-05,6,51,9,No
3180,2024-02-01,7,47,19,Yes
4415,2024-04-20,3,35,7,Yes
4609,2024-02-20,2,39,16,No
2800,2024-09-06,7,13,14,Yes
1736,2024-06-11,5,9,10,No
1587,2024-06-06,8,48,22,No
3849,2024-04-26,4,34,17,Yes
2135,2024-09-28,6,52,12,No
575,2024-01-09,8,43,11,No
2232,2024-04-05,7,57,23,No
2804,2024-08-14,8,43,12,No
2097,2024-05-31,8,38,6,Yes
4348,2024-02-07,2,16,15,No
2195,2024-06-03,9,16,13,Yes
1388,2024-09-14,7,47,1,No
3341,2024-06-15,3,58,7,No
4957,2024-12-27,4,39,7,No
221,2024-08-23,7,44,23,Yes
3288,2024-12-09,9,33,11,No
638,2024-04-02,7,55,19,Yes
717,2024-07-15,2,48,4,Yes
2788,2024-01-26,2,41,12,Yes
431,2024-03-23,3,47,17,No
220,2024-10-15,8,48,11,No
1910,2024-03-29,6,52,3,Yes
4606,2024-06-19,6,40,5,No
1750,2024-05-12,6,35,19,Yes
1684,2025-01-29,6,3,14,Yes
2281,2025-01-19,6,36,1,No
2598,2024-07-20,8,19,16,No
2736,2024-12-16,4,46,3,No
4929,2024-09-27,4,24,22,No
3372,2024-07-25,8,43,19,Yes
1219,2024-03-16,9,14,10,Yes
510,2024-08-18,8,50,11,Yes
3081,2024-04-05,7,57,16,Yes
1357,2024-10-11,3,26,15,No
1166,2024-09-21,4,35,1,No
687,2024-06-02,7,51,22,No
124,2024-01-24,6,1,22,No
4270,2024-08-17,3,47,22,No
449,2024-08-01,8,52,3,No
3183,2024-08-07,8,17,16,Yes
4140,2024-05-08,3,6,4,No
3903,2024-03-10,5,34,19,Yes
2944,2024-01-06,5,1,5,No
1173,2024-08-16,1,42,11,Yes
2898,2024-11-30,3,16,2,No
4485,2024-07-12,3,51,3,No
658,2024-12-15,8,3,6,No
462,2024-04-15,7,51,3,Yes
2397,2024-03-14,5,53,9,No
2328,2024-09-01,9,58,16,No
513,2024-02-04,4,3,22,Yes
2528,2024-12-27,9,45,5,No
4563,2024-04-15,6,2,5,Yes
1872,2024-06-22,6,43,12,No
3673,2024-04-16,1,17,7,No
4688,2025-01-07,4,48,6,No
636,2024-10-07,1,19,8,Yes
1850,2024-07-24,8,40,9,No
3846,2024-08-31,3,48,20,No
2975,2024-08-01,4,23,18,No
1765,2024-12-20,9,29,3,No
3015,2024-03-11,4,6,14,Yes
3451,2024-07-02,4,44,3,No
1156,2024-11-05,7,38,18,Yes
306,2024-03-05,2,2,3,Yes
186,2024-04-21,8,30,9,Yes
2596,2024-09-27,8,34,14,Yes
1774,2024-08-08,5,36,9,Yes
2176,2025-01-04,5,34,6,No
2856,2024-09-15,8,28,5,No
3881,2024-08-31,5,32,17,No
2569,2024-11-06,5,57,18,No
2474,2024-01-27,1,55,23,No
4609,2024-07-27,3,3,18,Yes
3720,2024-12-09,8,36,4,No
4375,2024-12-21,2,30,19,Yes
4944,2024-01-16,1,8,6,Yes
1246,2024-05-14,6,36,9,Yes
1589,2024-09-21,9,38,2,No
2978,2024-09-24,9,53,17,Yes
4937,2024-07-20,3,34,21,No
1136,2024-10-29,5,48,11,No
4648,2024-12-13,7,24,22,No
4910,2024-04-29,8,10,1,Yes
4726,2024-03-31,6,30,7,No
4475,2024-01-30,9,59,19,Yes
2434,2024-12-21,2,9,16,No
4408,2024-06-20,2,32,22,Yes
4286,2024-07-08,3,49,1,No
372,2024-04-30,7,4,17,No
4049,2024-05-12,5,28,13,Yes
2316,2024-01-04,8,35,11,Yes
1433,2024-06-26,3,41,12,No
1490,2024-01-14,4,41,9,No
347,2024-12-17,6,29,24,No
2515,2024-09-25,2,47,14,No
1360,2024-11-05,2,22,2,No
802,2025-01-30,9,25,13,No
3275,2024-03-15,3,2,12,Yes
1293,2024-08-30,5,37,17,Yes
3440,2024-04-12,7,30,17,No
4159,2024-10-22,8,51,1,Yes
1558,2024-08-02,4,17,9,Yes
1754,2025-01-15,3,17,21,No
3652,2024-02-12,9,48,10,No
2919,2024-06-16,6,36,8,No
581,2024-11-01,5,56,4,No
4329,2024-08-18,7,46,23,No
146,2024-08-07,9,6,17,Yes
3071,2024-05-11,3,47,17,Yes
4534,2024-01-05,3,34,5,Yes
4072,2024-06-09,1,8,5,Yes
2722,2024-04-08,8,54,13,Yes
2865,2024-12-15,9,1,19,No
1790,2024-12-01,8,33,2,Yes
3323,2025-01-12,6,12,20,Yes
2136,2024-06-13,1,32,1,No
528,2024-07-29,2,6,22,No
4085,2024-08-18,7,7,12,No
4523,2024-01-30,4,11,17,No
4186,2025-01-12,3,34,16,No
1505,2024-08-30,1,2,6,No
377,2024-09-13,8,49,3,No
4655,2024-10-31,1,41,8,Yes
3754,2024-08-25,1,11,7,No
2258,2024-09-12,2,56,14,Yes
4456,2024-12-29,8,14,7,No
4028,2024-06-22,4,59,3,No
289,2024-06-25,3,56,23,No
4947,2024-05-10,4,50,19,No
361,2024-03-22,6,28,23,Yes
4968,2024-08-11,9,58,14,Yes
2676,2024-02-09,1,47,22,Yes
861,2024-10-27,1,31,4,No
1680,2024-12-26,5,5,13,No
4056,2024-01-15,5,17,5,No
3130,2024-05-03,3,22,10,Yes
4337,2024-09-26,4,31,11,No
2537,2024-05-12,2,9,23,No
4603,2024-03-16,6,13,16,Yes
2441,2024-04-02,8,26,6,Yes
1304,2024-09-01,1,3,13,No
4050,2024-04-17,1,31,4,Yes
3529,2024-07-25,9,2,24,No
3661,2025-01-18,1,13,19,Yes
79,2024-03-07,2,10,4,No
3707,2024-08-21,4,33,5,No
2929,2025-01-08,7,56,17,No
4258,2024-04-15,3,48,3,No
1671,2024-04-02,1,9,1,Yes
3290,2024-01-31,8,46,1,No
2310,2024-12-27,9,8,5,No
1028,2024-03-31,1,28,23,No
4454,2024-03-30,2,25,21,No
3603,2024-11-25,3,35,17,No
75,2024-03-16,4,47,19,Yes
832,2024-09-03,3,54,23,No
2269,2024-02-22,2,24,15,Yes
2244,2024-02-24,8,13,24,No
1600,2025-01-24,4,36,20,No
4538,2024-02-08,6,3,3,No
4381,2024-08-25,8,23,19,No
1221,2024-07-08,4,36,20,No
3932,2024-11-29,4,54,15,No
1904,2024-09-07,2,1,9,Yes
1861,2024-08-06,9,11,20,No
3471,2024-11-06,1,17,6,No
2503,2024-03-02,5,13,22,Yes
4267,2024-09-08,5,26,9,Yes
491,2024-02-24,9,47,11,No
3352,2024-08-04,7,6,16,No
3044,2024-03-25,2,57,7,No
2755,2024-01-30,7,26,19,Yes
1220,2024-05-30,1,10,7,Yes
2628,2024-03-21,4,2,14,No
2533,2024-11-11,6,11,12,Yes
792,2024-10-05,9,16,11,Yes
1592,2024-07-09,7,53,12,No
2597,2024-02-28,5,12,14,No
402,2024-05-27,7,37,10,No
3381,2024-05-17,9,54,5,Yes
2447,2024-10-09,3,55,21,No
2408,2024-07-25,3,37,12,No
1455,2024-10-22,5,3,23,Yes
2356,2024-10-10,1,35,20,Yes
3177,2024-04-29,6,51,1,Yes
2216,2024-01-17,2,4,20,No
2342,2024-07-10,1,17,24,Yes
3378,2024-03-30,4,10,6,Yes
3466,2024-02-23,1,45,10,No
1701,2024-08-05,4,14,16,No
4951,2024-10-23,5,12,7,No
1038,2024-01-05,6,49,21,No
4186,2024-04-16,9,55,14,Yes
2873,2024-10-26,4,2,6,No
10,2024-04-01,2,38,9,Yes
2444,2024-04-05,6,52,10,Yes
161,2024-01-16,9,47,4,Yes
997,2024-04-02,6,49,12,Yes
2105,2025-01-17,2,17,22,No
4961,2024-07-30,4,10,3,No
102,2024-10-18,9,16,12,Yes
2226,2024-10-08,7,14,5,No
2344,2024-01-08,7,18,22,No
2056,2024-02-18,4,5,14,Yes
3986,2024-05-16,5,21,15,No
988,2024-04-04,4,46,2,Yes
1561,2024-12-13,1,19,15,No
4512,2024-07-22,6,44,6,No
3516,2024-05-17,5,16,9,No
1938,2024-09-10,9,12,24,Yes
3559,2024-02-09,6,46,20,No
1169,2024-02-01,3,40,12,Yes
3847,2024-08-04,4,41,5,Yes
1830,2024-10-06,7,29,24,Yes
1527,2024-01-13,6,48,3,No
756,2024-02-06,3,5,8,Yes
344,2024-08-18,1,52,23,No
2975,2024-08-25,2,52,5,Yes
4009,2025-01-23,5,42,8,Yes
3070,2024-01-10,6,9,20,Yes
1579,2024-04-20,4,59,3,Yes
252,2024-02-11,9,37,5,Yes
3666,2024-07-23,6,59,19,Yes
4472,2024-04-09,9,55,5,Yes
2585,2024-08-16,9,44,10,No
2377,2024-01-21,6,48,21,No
4717,2024-06-24,5,38,20,No
4792,2024-12-16,7,12,16,Yes
4239,2024-01-06,8,24,13,No
1517,2024-01-17,5,29,10,Yes
2527,2024-05-29,2,9,8,Yes
650,2024-10-25,2,2,22,No
3240,2024-04-11,4,1,22,Yes
4587,2024-04-16,8,42,23,Yes
2588,2024-04-04,2,3,10,Yes
4158,2024-07-30,2,17,4,Yes
1521,2024-08-22,7,27,18,Yes
1276,2024-04-03,2,29,11,No
4229,2024-05-09,3,50,21,Yes
1280,2024-05-23,3,19,4,Yes
1550,2024-07-11,2,32,2,Yes
3991,2024-10-22,8,29,4,No
2019,2024-04-24,1,52,3,Yes
3679,2024-02-27,3,48,20,No
4671,2024-08-13,5,12,15,No
3527,2024-03-22,2,7,7,No
4195,2024-10-15,8,50,3,No
4830,2024-05-22,4,33,3,No
4085,2024-08-15,8,48,6,No
349,2024-08-09,6,31,20,No
2668,2024-05-03,6,38,23,Yes
573,2024-10-11,8,50,18,Yes
1235,2024-01-03,3,34,18,No
4860,2024-10-03,7,45,10,Yes
929,2024-04-23,9,14,18,No
3923,2024-10-15,8,39,7,No
2276,2024-01-17,3,59,22,Yes
4238,2025-01-14,1,18,7,No
1435,2024-07-22,5,41,15,No
4013,2025-01-22,4,2,21,No
2131,2024-06-15,9,21,20,Yes
4345,2024-05-13,4,58,13,Yes
1857,2024-02-01,6,16,9,No
965,2024-03-21,1,1,8,No
2555,2024-06-28,5,48,13,No
4128,2024-11-11,4,36,15,No
29,2025-01-08,8,23,20,Yes
3778,2024-11-09,8,5,14,Yes
2220,2024-10-08,3,57,10,Yes
2932,2024-06-15,8,55,4,No
1545,2024-02-25,5,21,14,No
845,2024-12-23,3,24,7,No
338,2024-11-05,5,47,11,No
1818,2024-04-22,2,25,2,No
3064,2025-01-12,2,12,17,Yes
1048,2024-11-05,5,24,21,Yes
947,2024-04-25,8,27,9,No
3334,2024-03-06,1,38,17,Yes
488,2024-08-24,7,3,23,No
2281,2024-12-24,5,22,13,No
2978,2024-03-21,4,30,17,No
4366,2025-01-23,5,52,19,Yes
4970,2024-09-09,1,44,3,No
1575,2024-04-02,6,41,2,Yes
2763,2024-10-03,7,31,13,No
259,2024-02-14,7,7,7,No
609,2024-03-22,1,37,19,No
3029,2024-10-20,1,19,2,No
2344,2024-03-01,8,24,18,No
1800,2024-07-17,6,7,2,Yes
4939,2024-04-23,3,27,22,No
4327,2024-06-27,6,5,5,No
3960,2024-11-29,4,7,19,No
556,2024-01-25,6,6,12,Yes
3343,2024-06-01,9,6,15,Yes
4764,2025-01-30,7,46,5,No
3654,2024-10-15,2,17,21,Yes
3269,2024-08-07,9,24,11,Yes
964,2024-01-31,4,37,10,Yes
3774,2024-03-05,2,2,19,No
4642,2024-08-08,8,51,12,No
2658,2025-01-02,3,44,19,Yes
1994,2024-08-02,9,58,22,Yes
4321,2024-08-19,7,43,10,No
3786,2024-07-21,9,37,13,No
3247,2024-11-26,9,32,11,No
561,2024-06-18,9,58,10,Yes
2769,2024-03-28,2,5,5,No
2991,2024-08-20,1,13,16,Yes
3390,2024-03-26,5,15,2,No
938,2024-10-10,9,1,17,No
4393,2024-11-25,4,37,8,Yes
1047,2024-06-04,8,38,10,Yes
2401,2024-07-01,5,13,13,No
4130,2024-04-15,7,57,16,No
4407,2024-10-28,7,11,9,No
3721,2024-09-07,2,25,5,No
2946,2024-05-15,9,50,11,Yes
1483,2024-11-15,2,2,24,Yes
4298,2025-01-18,3,29,10,Yes
2837,2024-11-16,7,38,3,Yes
3257,2024-10-27,3,33,23,Yes
3223,2024-07-10,9,12,11,No
3208,2024-01-12,8,14,5,Yes
2282,2024-08-19,6,48,20,No
4772,2025-01-05,7,37,13,No
299,2024-01-01,6,46,10,Yes
469,2024-09-15,8,49,2,No
3820,2024-10-06,3,3,11,Yes
734,2024-08-10,8,22,15,No
4971,2024-06-03,9,32,11,No
1700,2024-01-02,3,21,15,No
2946,2024-08-02,2,40,21,Yes
1693,2025-01-18,5,9,24,No
24,2024-09-10,8,6,12,No
4269,2024-07-05,9,8,2,No
4030,2025-01-20,9,38,21,Yes
4644,2024-07-30,3,27,6,No
3379,2024-01-12,9,30,8,No
2654,2024-03-27,8,5,21,Yes
3633,2024-01-23,9,23,12,No
4361,2024-10-06,9,1,7,Yes
3000,2024-01-06,8,32,15,No
3853,2024-12-06,7,29,2,No
1481,2025-01-01,2,22,18,Yes
3574,2024-02-22,4,48,11,Yes
33,2024-10-16,8,46,23,Yes
2280,2024-03-28,1,56,20,No
2938,2024-10-31,2,42,6,No
2470,2024-01-24,7,53,12,No
2841,2024-03-25,4,51,12,Yes
3830,2024-04-05,1,5,2,No
894,2025-01-30,2,6,20,No
4257,2024-02-09,7,54,17,No
3288,2024-07-09,4,13,17,No
521,2024-06-02,9,25,9,Yes
2259,2024-05-01,4,19,16,Yes
2397,2024-11-13,8,48,5,Yes
2601,2024-01-17,5,15,10,Yes
4891,2024-05-23,2,9,16,No
3773,2024-05-12,7,35,8,Yes
3150,2024-10-04,3,40,4,No
647,2024-10-20,4,26,10,Yes
1607,2024-01-18,3,56,7,No
677,2024-10-26,5,48,17,Yes
4728,2024-04-25,9,58,17,No
1808,2024-03-29,8,30,16,No
2535,2024-03-21,7,56,4,No
3726,2024-06-27,2,47,23,No
648,2024-04-08,3,9,20,Yes
1435,2024-05-06,3,7,9,No
1261,2024-04-15,8,56,1,Yes
917,2024-03-29,6,54,4,Yes
828,2024-01-04,9,44,2,No
2834,2024-03-26,1,25,21,Yes
485,2024-05-05,5,30,11,No
2998,2024-07-02,2,36,5,No
3439,2024-02-04,2,51,2,Yes
4896,2024-01-21,5,32,7,No
2754,2024-03-19,9,9,4,No
2123,2024-07-10,7,55,3,No
180,2024-11-29,7,19,10,No
2312,2024-06-18,5,34,4,Yes
352,2024-06-25,4,12,19,No
362,2024-01-31,5,52,5,No
1952,2024-02-28,6,1,10,Yes
1013,2024-11-12,5,45,15,Yes
1670,2025-01-08,3,56,23,No
2958,2024-04-25,3,54,17,Yes
660,2024-06-21,8,10,3,No
1362,2024-05-25,5,28,6,No
4241,2024-06-17,3,7,24,No
225,2025-01-02,6,1,14,No
324,2024-12-15,1,5,6,No
196,2024-01-18,7,7,19,Yes
2061,2024-04-25,6,51,4,Yes
3419,2024-07-26,5,22,8,Yes
950,2024-10-24,3,51,13,Yes
2492,2024-09-15,8,43,24,No
4823,2024-10-10,1,9,14,Yes
4254,2024-10-13,7,28,2,No
4281,2024-05-25,7,34,11,Yes
4080,2024-12-21,5,30,1,No
3867,2024-04-16,4,10,4,No
2426,2024-11-15,2,11,11,No
1553,2024-04-09,3,27,20,Yes
4743,2025-01-21,3,21,6,No
3815,2024-05-05,5,13,9,Yes
4661,2024-04-08,7,39,18,Yes
3069,2024-03-24,3,28,11,Yes
4553,2024-05-30,5,19,8,Yes
2041,2024-05-06,2,30,19,No
1267,2024-07-20,9,44,1,Yes
4071,2024-03-24,5,5,6,No
324,2024-10-30,9,29,17,No
535,2024-08-06,9,7,20,No
2249,2024-03-08,3,12,10,Yes
444,2024-01-04,8,25,23,Yes
156,2024-10-02,5,59,21,Yes
3795,2024-01-14,1,54,22,No
1761,2024-06-26,9,28,11,No
2097,2024-10-15,3,51,4,No
2641,2025-01-17,9,4,19,Yes
4242,2025-01-14,8,47,8,No
677,2024-10-02,6,44,12,No
2452,2024-11-26,5,30,13,Yes
1922,2024-04-28,1,37,6,Yes
2426,2024-03-03,4,50,12,Yes
1569,2024-03-05,9,20,3,Yes
3699,2024-05-17,5,31,21,No
3327,2025-01-20,1,16,6,No
3429,2024-05-18,7,7,1,Yes
2394,2024-02-16,6,19,13,Yes
606,2024-03-23,7,12,4,No
425,2024-10-23,2,17,22,No
2279,2024-01-30,6,5,17,No
504,2024-08-15,5,19,1,Yes
4643,2024-06-19,9,29,22,No
3590,2025-01-19,6,10,4,Yes
4014,2024-11-02,2,40,1,No
456,2024-07-20,2,43,13,No
3503,2024-06-09,2,8,11,Yes
964,2024-11-09,6,45,17,Yes
3133,2024-11-03,3,37,7,Yes
3505,2024-11-10,6,29,20,Yes
2831,2024-03-09,9,6,20,Yes
448,2024-01-29,2,34,1,No
2590,2024-03-01,3,22,16,No
1263,2024-03-14,6,24,4,No
4879,2024-05-04,8,12,16,Yes
2219,2024-09-11,1,25,16,No
4195,2024-07-24,6,38,17,No
3201,2024-04-11,5,40,13,No
2743,2024-02-08,3,55,3,Yes
3220,2024-09-03,8,7,20,No
3783,2024-08-23,6,47,3,No
1445,2024-06-07,2,26,21,No
3897,2024-10-28,5,37,1,Yes
3904,2024-07-09,5,51,6,Yes
3211,2024-05-22,4,33,1,Yes
1058,2024-03-22,1,15,17,No
4749,2024-02-03,8,6,1,No
1344,2024-01-08,2,56,23,No
3683,2024-07-15,9,54,12,No
255,2024-04-03,3,43,19,Yes
370,2024-10-31,2,33,21,No
4898,2025-01-31,4,16,9,No
1507,2024-05-17,8,51,10,No
393,2024-11-24,8,59,24,Yes
860,2024-02-17,9,54,14,No
2968,2024-10-16,1,20,20,No
63,2024-04-14,7,33,20,Yes
1035,2024-08-17,4,11,13,No
3281,2024-06-24,2,58,13,Yes
1445,2024-11-14,1,5,17,No
1877,2024-02-20,7,59,9,No
521,2024-10-27,7,14,19,Yes
4580,2024-03-08,9,1,11,Yes
3980,2024-04-02,8,43,8,Yes
1748,2024-07-21,8,15,6,No
1504,2024-08-16,9,56,16,Yes
3218,2024-02-08,9,59,9,No
3121,2024-12-25,4,12,2,Yes
556,2024-04-27,4,59,12,Yes
2146,2024-02-21,9,17,5,No
409,2024-09-03,1,56,24,Yes
4047,2024-07-09,5,30,12,Yes
921,2024-04-28,5,12,23,No
3942,2025-01-04,8,26,10,No
4727,2024-07-24,7,48,21,No
2603,2024-03-06,8,12,4,No
4364,2024-08-04,5,24,19,No
4585,2024-05-20,2,10,19,No
1231,2024-08-30,6,44,1,No
4873,2024-06-12,8,52,21,Yes
3942,2024-03-18,1,52,1,No
4949,2024-12-07,6,8,3,No
1848,2024-09-17,8,30,6,Yes
3780,2024-11-18,1,22,5,No
4323,2024-07-23,5,5,15,Yes
3581,2024-05-08,2,27,5,No
2148,2024-07-15,3,24,6,No
2799,2024-02-22,2,20,16,Yes
4218,2024-03-13,9,10,10,No
1710,2024-12-25,2,4,15,No
1947,2024-01-14,8,14,23,No
2011,2024-11-13,9,16,18,Yes
4974,2024-08-05,6,20,13,No
3135,2024-03-02,2,53,23,No
851,2024-08-17,9,53,11,No
4261,2025-01-27,8,27,19,No
2639,2024-04-27,9,45,3,Yes
3507,2024-01-14,8,45,2,Yes
3189,2024-01-03,2,18,11,No
3190,2024-10-19,3,40,4,No
2987,2024-10-30,6,35,2,Yes
2647,2024-03-22,4,4,23,No
911,2024-12-03,2,42,11,Yes
4446,2025-01-14,2,56,23,No
4178,2024-09-29,6,2,1,Yes
719,2024-05-17,9,38,23,No
4687,2024-06-10,8,46,12,No
1410,2024-03-11,5,41,22,No
1746,2024-05-18,2,42,3,Yes
1835,2024-02-01,7,58,16,Yes
750,2024-04-07,3,56,13,No
4390,2024-03-26,6,38,17,No
3339,2024-12-27,3,18,5,No
729,2024-02-24,6,27,11,Yes
380,2024-02-02,8,20,21,Yes
1054,2024-06-30,7,25,9,Yes
2048,2024-12-19,2,1,12,No
705,2024-04-27,8,54,18,Yes
4424,2024-06-18,2,29,1,No
4362,2024-06-30,5,19,20,No
1473,2024-01-06,2,55,4,No
1224,2024-06-11,2,33,15,Yes
2402,2024-02-18,4,30,13,No
3382,2024-05-18,4,23,18,Yes
2621,2024-04-17,5,15,13,Yes
1285,2025-01-03,6,26,23,Yes
226,2025-01-30,4,28,10,Yes
2130,2024-03-12,2,48,11,Yes
1185,2024-02-21,1,1,20,No
1779,2024-10-24,1,43,14,Yes
4958,2024-11-23,4,43,20,Yes
4426,2024-02-23,9,2,21,No
953,2024-06-02,2,33,5,No
2729,2024-05-01,2,40,8,Yes
1115,2024-12-07,5,22,4,No
254,2024-01-26,7,27,5,No
4412,2024-09-21,6,59,22,Yes
2314,2024-08-14,3,46,9,No
160,2024-09-05,7,9,22,Yes
3969,2024-10-29,5,30,2,No
635,2024-08-24,4,39,20,No
4907,2024-11-22,6,43,6,No
2355,2024-03-12,1,33,20,No
3687,2024-05-13,8,6,21,Yes
4956,2024-08-26,6,47,18,Yes
3540,2024-11-05,8,10,18,No
228,2024-03-05,9,31,7,No
2764,2024-07-10,2,17,18,No
4352,2024-12-20,7,30,18,No
1619,2025-01-14,5,23,3,No
3243,2024-05-08,4,42,16,No
1111,2024-03-08,3,26,7,No
772,2024-03-19,7,15,22,Yes
3554,2024-02-17,8,11,2,No
1880,2024-09-13,2,24,9,No
2045,2024-10-06,6,36,19,No
398,2024-04-30,6,17,15,No
4688,2024-12-28,9,40,14,No
4869,2024-05-10,8,10,12,No
302,2024-11-17,4,16,21,Yes
1965,2024-12-11,5,36,15,No
1580,2024-06-13,5,51,3,No
823,2024-12-24,5,6,18,No
1744,2024-10-03,1,28,11,No
438,2024-02-26,7,42,17,No
4691,2024-10-29,5,43,13,No
2503,2024-04-02,4,52,8,Yes
3350,2025-01-11,7,56,13,No
4453,2024-01-04,9,55,20,No
657,2024-06-03,1,14,13,No
534,2025-01-30,6,18,15,Yes
1261,2024-10-04,1,14,9,Yes
2664,2024-09-04,5,53,9,Yes
4393,2024-09-09,9,55,11,No
4686,2024-01-22,6,27,21,Yes
22,2024-08-08,1,53,9,No
1310,2024-09-09,2,1,1,Yes
3038,2024-11-20,6,44,1,Yes
484,2024-07-14,6,46,19,No
1157,2024-10-21,4,15,22,No
4121,2024-04-11,1,22,11,Yes
1122,2024-04-16,2,9,4,No
2329,2024-04-30,6,36,6,No
3881,2025-01-22,4,10,15,No
2203,2024-03-28,5,46,24,No
2786,2024-10-28,4,31,22,Yes
1809,2024-10-28,5,53,14,No
3645,2024-10-12,7,45,4,Yes
590,2024-08-08,9,43,22,No
1871,2024-06-30,7,36,6,No
3207,2024-02-18,2,14,19,Yes
2038,2024-07-02,6,17,20,Yes
5,2024-11-12,2,46,11,No
2970,2024-01-30,8,15,17,No
2276,2024-03-25,9,31,19,Yes
3023,2024-06-23,5,37,15,No
898,2024-08-27,1,42,17,No
3564,2025-01-01,1,46,14,Yes
1107,2024-10-04,2,36,24,No
2974,2024-12-06,6,50,20,No
4927,2024-05-28,2,18,5,Yes
1516,2024-08-09,9,42,14,No
1239,2024-05-20,3,45,2,No
4065,2024-01-30,3,52,6,No
945,2024-09-23,4,8,20,Yes
2289,2024-06-19,2,42,24,No
2592,2024-11-21,1,8,4,No
4212,2024-09-14,3,22,4,Yes
2919,2024-07-02,5,48,16,No
4666,2025-01-11,6,31,13,Yes
2296,2024-09-26,7,32,20,Yes
2949,2024-09-28,9,58,1,No
3594,2024-04-08,1,49,2,No
1448,2025-01-13,4,47,19,Yes
1210,2024-10-04,2,20,11,Yes
2193,2024-03-28,6,40,14,No
4750,2025-01-31,1,31,15,No
153,2024-06-13,5,53,5,No
3691,2024-12-24,4,58,18,No
1680,2024-08-11,3,24,17,No
3593,2024-12-29,5,52,10,No
2772,2024-09-01,5,25,24,No
3530,2024-03-10,6,24,19,Yes
3389,2024-07-26,7,57,24,Yes
3425,2024-03-29,4,55,17,Yes
2430,2024-01-10,9,14,15,Yes
2413,2025-01-13,1,22,7,No
2948,2024-09-17,8,17,14,No
3638,2024-05-16,6,54,19,No
2815,2024-07-22,8,25,10,No
4596,2024-09-03,2,19,6,No
1185,2024-03-05,3,32,7,Yes
4206,2024-12-03,1,12,16,No
1680,2024-10-26,8,35,22,No
3956,2024-03-27,9,42,13,No
81,2024-07-04,5,3,15,No
1994,2024-06-05,2,12,16,No
1705,2024-04-20,8,49,7,No
4518,2024-11-22,3,39,8,No
1089,2024-06-12,5,37,4,No
4640,2025-01-12,3,54,4,No
4832,2024-07-10,7,40,19,No
858,2024-02-11,2,21,19,Yes
2873,2024-10-26,2,21,15,No
1346,2024-07-19,2,32,18,No
961,2024-03-27,7,52,7,No
1417,2024-10-11,7,4,18,Yes
4094,2024-03-22,9,7,20,No
1998,2024-03-29,4,42,11,Yes
1745,2024-04-03,4,20,5,No
2676,2024-06-28,8,35,12,No
2049,2024-01-05,6,21,18,No
2791,2025-01-21,2,25,15,Yes
3086,2024-02-24,2,44,9,Yes
3589,2024-09-30,1,6,16,No
448,2024-04-03,4,43,24,Yes
3675,2024-06-29,1,22,4,No
3090,2025-01-08,6,43,9,No
2020,2024-12-05,9,19,21,No
3622,2024-11-21,3,32,9,Yes
1805,2024-07-26,5,33,2,Yes
1249,2024-03-27,5,54,11,No
2728,2025-01-22,9,41,20,No
4687,2024-06-02,4,40,14,No
1616,2024-08-16,4,22,19,No
1173,2024-03-29,1,17,10,Yes
1769,2024-10-09,5,30,5,No
1449,2024-07-29,1,35,20,No
3360,2024-04-06,7,33,8,No
148,2024-10-28,8,57,8,No
2671,2025-01-24,2,38,9,Yes
4138,2024-05-08,3,31,16,Yes
4700,2024-04-02,1,52,3,No
1755,2024-11-26,3,37,11,No
2920,2024-01-07,4,37,11,Yes
3566,2024-02-16,5,1,5,No
4078,2024-03-27,7,42,12,Yes
2716,2024-03-24,7,12,21,No
4011,2024-05-05,3,3,14,Yes
3264,2024-05-20,1,47,4,No
1425,2024-02-14,3,32,7,No
1168,2024-05-27,9,18,6,Yes
4503,2024-10-18,5,18,21,Yes
2043,2024-10-20,3,44,13,No
3323,2024-03-30,4,59,24,Yes
3584,2024-10-31,1,1,17,No
1920,2024-01-06,1,55,22,No
4863,2024-01-07,5,55,17,Yes
2949,2024-11-06,1,48,17,Yes
4047,2024-12-25,8,2,7,Yes
3759,2024-12-01,8,43,12,Yes
1508,2024-08-01,2,15,13,No
4539,2024-07-20,1,17,14,Yes
432,2024-03-28,9,35,22,No
1184,2024-12-21,8,14,17,No
2186,2024-08-15,2,57,15,No
3594,2024-01-21,7,46,10,No
3693,2024-03-09,6,52,23,No
3693,2024-07-28,5,32,5,Yes
1693,2024-07-23,1,51,15,Yes
4289,2024-01-01,9,53,11,Yes
3124,2024-05-14,1,18,7,No
3078,2024-06-24,2,18,3,Yes
3060,2024-01-27,4,55,15,Yes
4785,2024-10-24,8,52,12,Yes
3543,2024-07-03,1,17,4,No
3081,2024-08-08,9,33,6,Yes
2897,2024-04-09,1,28,13,Yes
277,2024-04-04,6,18,24,No
2895,2024-02-04,1,26,20,Yes
3959,2024-09-01,8,50,4,No
3699,2024-05-25,4,22,7,No
4261,2024-11-27,1,37,17,No
1519,2024-01-21,9,48,3,Yes
2787,2024-01-10,6,40,11,No
4568,2025-01-02,4,17,18,No
1034,2024-04-28,2,30,13,Yes
2211,2024-11-10,3,49,21,Yes
4083,2024-02-08,4,46,6,No
4187,2024-01-26,5,55,17,Yes
2929,2025-01-12,3,56,3,No
844,2025-01-24,4,34,12,No
2475,2024-02-13,6,25,5,No
576,2024-10-21,6,1,3,No
867,2024-04-22,6,1,5,No
827,2024-05-05,6,10,1,No
4461,2024-07-08,4,35,1,Yes
4543,2025-01-25,8,35,7,Yes
3326,2024-04-12,1,43,6,Yes
2195,2024-10-02,3,21,11,No
1966,2024-11-13,1,53,10,No
585,2024-03-31,7,59,14,No
1981,2024-03-09,4,56,8,Yes
2927,2024-03-23,1,2,6,Yes
605,2024-06-01,6,18,15,No
457,2024-08-25,1,57,9,No
4281,2024-02-17,6,41,1,Yes
2714,2024-02-14,9,43,14,Yes
570,2024-10-30,3,5,19,No
2094,2024-04-23,6,3,10,Yes
3028,2024-07-14,7,19,13,No
4580,2024-01-03,3,33,22,Yes
3029,2024-12-21,8,41,12,Yes
329,2024-01-24,1,52,3,No
175,2024-08-02,6,26,22,No
1846,2024-01-11,4,57,23,Yes
4233,2024-09-27,5,12,17,No
139,2024-03-14,6,50,14,No
1522,2024-08-24,9,55,11,No
4699,2024-09-05,3,12,19,Yes
3374,2024-12-03,1,9,4,No
3336,2024-01-20,3,17,20,Yes
203,2024-06-13,2,41,1,No
1066,2024-07-23,8,13,15,No
3021,2024-05-23,3,34,3,Yes
1640,2024-07-23,7,42,15,No
2491,2024-02-26,4,38,4,No
1749,2024-12-16,9,41,8,Yes
1027,2025-01-18,8,20,11,Yes
4706,2024-08-02,3,33,4,No
4505,2024-01-29,3,8,3,Yes
1040,2024-08-30,7,26,9,No
1839,2024-08-11,7,36,2,No
2299,2024-03-07,6,35,1,No
3445,2024-07-19,6,10,15,No
2977,2024-05-24,4,39,9,No
2849,2024-04-21,8,10,7,No
1460,2024-12-28,5,30,2,Yes
2258,2024-09-26,6,49,2,No
2332,2024-12-31,8,52,14,No
4972,2024-06-30,9,52,9,No
1687,2024-01-06,1,11,13,No
3135,2024-01-08,3,25,22,No
979,2024-10-20,2,49,6,No
509,2024-06-15,9,56,20,No
737,2024-04-26,2,40,13,Yes
995,2024-08-25,1,12,24,No
4053,2024-03-29,2,47,20,No
4019,2024-04-12,8,44,2,Yes
4349,2024-05-18,3,39,7,Yes
1759,2024-08-04,3,47,8,Yes
949,2024-02-16,9,1,6,Yes
3883,2024-08-15,1,5,15,No
3526,2024-08-05,3,49,23,Yes
3237,2024-12-03,1,49,1,Yes
118,2024-03-16,1,31,19,No
3554,2024-04-24,3,19,23,No
3833,2024-12-10,6,55,8,No
2721,2024-02-26,9,2,13,No
34,2024-04-15,4,50,20,No
453,2024-04-11,3,55,20,No
3884,2024-07-29,7,27,10,No
3951,2024-02-28,3,13,11,No
3622,2024-01-07,2,23,16,Yes
4140,2024-11-25,7,10,16,No
3108,2024-11-12,3,28,2,No
1997,2024-05-12,5,10,1,No
1012,2024-05-24,4,25,15,Yes
629,2024-12-30,8,45,23,No
113,2024-02-17,7,51,2,No
2562,2024-08-10,2,38,3,No
3971,2024-06-02,5,4,22,No
1028,2024-03-11,4,51,5,No
1517,2024-04-12,2,11,24,Yes
4008,2025-01-01,5,8,16,Yes
3674,2024-02-20,7,23,9,No
4818,2024-07-18,6,29,2,No
3588,2024-06-27,8,3,22,No
4373,2024-05-21,2,50,19,No
1741,2024-05-27,9,4,10,Yes
1440,2024-02-29,7,40,16,Yes
4690,2025-01-18,9,17,23,No
2157,2024-04-10,8,46,11,No
2557,2024-08-23,8,39,16,Yes
4381,2024-04-01,5,58,14,Yes
2975,2024-08-25,2,42,22,Yes
142,2024-08-28,5,8,5,No
398,2024-12-03,5,1,1,No
506,2024-07-17,6,48,13,No
1373,2024-09-24,2,59,16,Yes
3867,2024-07-04,9,22,20,Yes
4464,2024-09-01,7,23,14,No
2910,2024-08-03,9,30,2,Yes
1533,2025-01-20,5,7,12,No
2381,2024-01-17,8,36,10,No
454,2024-08-04,1,27,23,No
3110,2024-12-20,6,56,21,No
3948,2024-04-16,1,11,6,No
2766,2024-05-08,4,3,24,No
3479,2024-11-05,5,14,4,No
4461,2024-05-29,8,15,22,No
404,2024-04-02,9,45,7,No
1543,2024-11-15,7,15,21,Yes
330,2024-01-24,1,33,23,No
1925,2024-05-22,7,48,13,No
2232,2024-08-07,5,14,23,No
1548,2024-02-05,4,34,18,No
3491,2024-08-30,4,50,2,Yes
2401,2024-06-16,4,32,23,Yes
4641,2024-06-23,3,52,14,Yes
569,2024-02-21,5,11,21,No
2010,2024-09-18,6,53,7,No
622,2024-10-08,7,8,23,Yes
375,2024-08-13,9,21,15,Yes
4713,2024-01-11,8,59,4,No
3358,2024-02-14,5,30,15,No
1433,2024-09-10,3,32,23,Yes
3115,2024-11-13,2,26,16,Yes
1127,2024-11-11,4,5,5,No
3054,2024-10-16,6,25,21,Yes
403,2024-04-06,2,15,15,Yes
395,2024-03-29,7,10,9,Yes
2620,2024-06-02,2,10,6,Yes
4679,2024-12-23,1,39,21,No
2855,2024-04-03,8,55,23,No
4449,2024-01-22,8,38,23,No
99,2024-03-27,4,57,20,Yes
1540,2024-05-26,8,12,23,No
2199,2024-10-13,7,33,1,No
1196,2024-04-22,5,23,21,No
4537,2024-08-15,4,53,10,No
3387,2024-06-06,5,31,20,No
4037,2024-05-16,6,1,8,Yes
2392,2025-01-30,1,42,12,No
445,2024-05-16,3,12,5,No
1858,2024-02-09,9,41,14,No
3005,2025-01-28,3,6,8,Yes
2593,2024-09-11,7,46,2,Yes
3919,2024-03-27,8,16,16,Yes
2490,2024-04-22,2,40,16,No
1154,2024-05-17,8,30,13,No
4944,2024-06-25,2,16,8,Yes
2345,2024-08-07,6,19,12,Yes
1257,2024-06-20,9,34,18,No
1172,2024-04-10,9,24,20,Yes
1014,2024-09-13,5,2,10,Yes
4732,2024-07-18,6,49,7,No
1545,2024-10-20,5,6,19,Yes
4359,2024-05-10,1,47,22,Yes
2856,2024-08-17,1,31,14,No
3169,2024-10-18,8,49,18,No
3594,2025-01-24,5,57,19,Yes
1122,2024-01-06,1,32,2,No
78,2024-03-25,8,25,19,No
1735,2024-07-02,9,42,8,Yes
2213,2024-05-30,4,43,22,Yes
4714,2025-01-30,7,20,1,Yes
687,2024-10-01,6,51,23,Yes
4772,2024-07-08,4,7,22,No
348,2025-01-16,3,37,18,No
3662,2024-04-25,6,3,7,No
2220,2024-07-12,8,6,12,No
4844,2025-01-24,8,54,4,No
2115,2024-03-11,3,30,24,Yes
1436,2024-08-02,2,8,22,No
3950,2024-10-13,3,31,2,No
4764,2024-10-17,3,13,4,No
454,2024-01-22,4,14,16,Yes
1979,2024-05-23,8,20,13,Yes
321,2024-12-18,3,20,23,No
4646,2024-08-27,4,58,10,No
1896,2024-03-29,5,46,20,No
1763,2024-04-11,5,27,5,No
4371,2024-09-21,8,21,5,Yes
3083,2024-08-10,3,58,23,No
1226,2025-01-10,4,6,16,No
3421,2024-12-27,5,10,18,No
2546,2024-05-16,8,32,17,Yes
1914,2024-02-02,5,24,8,Yes
2812,2024-11-30,7,58,6,No
3822,2024-01-07,6,36,12,Yes
585,2024-01-02,4,48,15,No
1854,2024-10-31,5,43,14,No
4418,2024-06-22,3,9,23,Yes
300,2024-04-26,8,45,9,No
3146,2024-09-13,4,38,13,No
3478,2024-06-21,9,27,7,Yes
2916,2024-11-16,6,40,14,Yes
4396,2024-06-09,8,46,2,Yes
179,2024-09-03,5,17,9,No
2976,2025-01-14,2,58,11,Yes
1281,2024-05-17,8,14,17,No
3269,2024-03-30,1,32,3,No
3344,2024-02-16,4,46,15,No
4678,2024-07-19,9,32,17,No
1868,2025-01-06,7,56,6,No
4864,2024-05-22,3,12,19,No
432,2024-04-30,9,5,5,Yes
4677,2024-06-13,4,8,5,No
1900,2024-10-29,5,49,24,Yes
3036,2024-11-04,3,23,6,No
552,2024-01-09,8,8,20,Yes
424,2024-01-17,1,4,21,Yes
749,2024-10-24,2,18,12,Yes
928,2024-04-22,4,5,5,Yes
1261,2024-09-01,3,32,6,Yes
2243,2024-09-30,1,15,12,No
4371,2024-02-09,8,21,7,No
2733,2024-05-14,9,53,21,No
4993,2024-12-10,8,34,24,No
1998,2024-08-06,2,18,2,No
2740,2024-01-26,7,44,3,No
3954,2024-06-05,4,49,13,Yes
479,2024-09-07,5,11,12,No
2530,2024-11-27,8,10,18,Yes
2797,2024-11-21,4,11,12,No
2511,2024-07-29,8,29,10,No
3908,2025-01-12,3,57,22,No
246,2024-02-18,3,5,18,Yes
3394,2024-05-30,4,17,13,Yes
4222,2024-04-23,9,16,7,Yes
2055,2024-08-21,1,56,9,Yes
4103,2024-09-15,9,2,12,Yes
2578,2024-09-24,8,51,22,No
4357,2024-05-14,2,22,5,No
2961,2024-05-21,1,38,13,Yes
163,2024-04-18,8,20,11,No
2984,2024-08-22,1,22,7,Yes
3093,2024-01-27,8,50,10,No
4908,2024-07-21,7,36,3,No
192,2025-01-07,8,26,21,No
2067,2024-07-11,2,17,8,No
172,2024-02-12,1,46,24,No
1126,2024-10-04,6,37,8,No
1261,2025-01-20,1,8,12,Yes
1625,2024-08-19,9,29,7,No
1135,2024-11-29,6,24,22,No
2697,2024-06-28,2,10,23,No
4766,2024-07-31,5,47,6,Yes
3106,2024-05-11,7,59,15,No
3019,2024-07-31,8,32,15,No
997,2024-08-27,2,47,4,No
4800,2024-03-08,2,45,3,Yes
2563,2024-12-13,3,33,6,No
3475,2024-07-17,6,32,17,No
1647,2025-01-21,5,18,6,Yes
1937,2024-04-29,2,53,12,No
3179,2024-07-25,7,9,4,Yes
3020,2024-10-10,3,57,5,Yes
1671,2024-02-04,8,16,13,Yes
259,2024-07-07,1,14,15,No
2266,2024-12-03,6,51,9,No
2967,2024-06-01,8,16,15,Yes
2382,2024-12-21,6,29,14,No
3640,2024-02-14,7,49,14,Yes
4254,2024-09-22,6,42,2,Yes
3468,2024-07-09,4,38,21,Yes
2754,2024-09-21,4,42,3,Yes
3658,2025-01-17,2,10,14,Yes
3019,2024-11-07,9,1,23,Yes
3669,2024-10-19,5,24,16,No
2064,2024-01-18,5,57,4,Yes
236,2024-01-31,7,48,4,No
3734,2024-03-17,2,13,15,No
206,2024-08-19,9,39,4,No
3824,2024-08-31,8,52,12,No
13,2024-12-22,2,46,21,No
3756,2024-03-26,4,44,16,Yes
2935,2024-10-22,8,16,14,Yes
930,2024-02-26,9,52,5,Yes
1501,2024-01-06,9,3,3,No
335,2024-09-21,4,25,16,Yes
4461,2024-06-06,2,23,15,Yes
1858,2024-06-20,8,42,15,No
2520,2024-01-21,8,46,7,No
3824,2024-12-23,9,34,6,No
934,2024-08-20,8,47,18,No
4576,2024-11-28,1,17,24,No
918,2024-10-14,4,45,19,No
3259,2024-07-16,1,49,11,Yes
654,2024-01-11,5,30,1,No
4440,2024-05-28,8,41,18,No
2912,2024-04-30,6,32,5,No
1759,2024-07-05,5,2,20,Yes
2904,2024-07-29,7,36,12,Yes
1667,2025-01-20,2,20,20,No
4409,2024-08-07,8,35,24,No
4392,2024-01-18,4,39,3,No
2583,2024-06-21,8,16,10,Yes
2878,2024-01-19,5,7,3,Yes
2473,2024-04-26,7,27,4,No
3454,2024-12-27,9,30,11,No
2874,2024-05-06,7,8,24,No
3804,2024-08-15,9,18,12,No
660,2024-05-16,2,15,18,No
3470,2024-08-05,5,59,13,No
1349,2024-10-30,3,2,3,No
1908,2024-09-17,9,29,15,Yes
3640,2024-05-05,6,46,8,Yes
2387,2024-04-18,8,59,11,No
3473,2024-01-14,9,47,16,No
2557,2024-07-21,2,54,13,Yes
2380,2024-09-04,2,18,18,Yes
3819,2024-11-26,9,44,15,No
2747,2024-08-13,6,23,18,Yes
501,2024-12-06,2,21,5,No
2564,2024-04-18,1,3,22,No
3118,2024-01-12,2,41,10,Yes
2831,2024-07-26,6,51,15,No
4060,2024-08-29,8,45,1,Yes
4399,2024-12-24,4,26,4,No
3749,2024-03-02,8,56,13,Yes
804,2024-10-07,1,4,23,No
840,2024-03-10,8,4,24,Yes
4555,2024-04-03,2,43,11,No
2048,2025-01-11,3,32,16,No
1168,2024-04-03,3,5,5,No
2570,2024-08-03,7,35,10,No
2168,2024-07-29,1,35,21,Yes
4437,2024-08-31,5,51,11,No
3892,2024-10-21,6,48,7,No
4445,2024-11-24,5,35,16,No
4958,2024-05-23,4,32,6,Yes
1946,2024-02-11,8,44,7,No
929,2024-11-10,4,46,10,No
3659,2024-01-09,6,27,6,No
928,2025-01-29,9,28,5,No
1718,2024-09-19,8,33,16,Yes
1756,2024-08-19,6,10,24,No
4694,2024-09-17,3,45,17,No
4134,2024-11-27,5,5,15,No
1439,2024-09-16,6,13,17,No
2124,2024-08-08,9,6,11,Yes
894,2024-06-17,6,39,1,Yes
1677,2024-04-21,8,58,15,No
225,2024-09-14,1,48,1,No
1390,2025-01-24,6,57,19,No
2372,2024-06-17,8,25,3,Yes
1292,2024-12-12,8,5,3,Yes
4714,2024-11-02,3,6,11,No
4363,2024-01-24,2,17,10,Yes
448,2024-07-17,2,2,7,No
4278,2024-08-29,6,47,20,No
1877,2025-01-19,1,20,1,No
3177,2024-04-15,2,48,6,Yes
955,2024-10-20,1,28,1,Yes
4659,2024-07-31,2,35,11,No
313,2024-04-14,5,59,4,Yes
4975,2024-06-04,6,52,3,No
1508,2024-12-14,9,27,18,No
2517,2024-03-27,6,22,8,No
1512,2024-12-22,4,47,9,No
2278,2024-09-20,9,18,17,Yes
1095,2024-12-21,2,59,16,No
4360,2024-11-12,4,58,7,No
870,2024-09-14,4,20,10,Yes
3242,2025-01-22,4,40,5,Yes
2828,2024-09-03,5,41,9,No
768,2024-07-23,4,25,22,No
4708,2024-01-13,5,50,8,No
756,2025-01-14,8,23,5,No
4356,2024-06-10,8,48,12,No
3196,2024-11-22,4,8,22,No
3965,2024-06-14,9,19,3,Yes
671,2024-01-12,6,23,19,Yes
3464,2024-12-09,9,32,18,No
2696,2024-11-22,7,8,8,Yes
1606,2024-06-03,4,4,13,Yes
2329,2024-10-19,4,49,22,Yes
263,2024-03-11,5,14,3,Yes
1578,2024-03-12,8,4,10,Yes
3634,2024-03-01,5,33,23,No
3222,2024-12-21,1,9,8,Yes
2126,2024-08-21,9,40,2,Yes
2516,2024-01-31,3,1,15,No
340,2024-05-14,1,50,9,No
1057,2024-11-27,7,50,17,Yes
4446,2024-10-14,2,38,11,No
3535,2024-08-04,2,21,20,No
2131,2025-01-26,9,19,19,No
4237,2024-12-24,3,43,3,Yes
3456,2025-01-26,6,27,9,No
3787,2024-02-09,5,22,15,Yes
1198,2024-10-06,5,57,21,Yes
1418,2024-07-24,2,6,6,No
1634,2024-12-15,6,36,19,No
4648,2025-01-05,1,46,17,No
2408,2024-08-14,5,13,3,No
2426,2024-01-16,6,55,10,Yes
3734,2024-07-27,3,26,10,Yes
4572,2024-07-19,6,3,4,Yes
3738,2024-04-15,3,30,20,Yes
3688,2024-04-05,8,52,10,Yes
1703,2024-02-01,3,35,15,Yes
2903,2025-01-25,1,53,10,Yes
4833,2024-02-05,9,59,2,Yes
4867,2024-07-24,7,48,9,No
3307,2025-01-25,4,3,9,No
3677,2024-03-24,7,18,6,Yes
1370,2024-10-22,1,29,5,No
4896,2024-12-12,9,39,22,Yes
800,2024-01-08,6,56,16,No
2847,2024-08-30,2,25,1,Yes
62,2024-04-08,5,31,24,No
1777,2024-10-24,6,54,1,Yes
1334,2024-10-24,9,59,8,Yes
237,2024-03-31,5,49,16,Yes
3481,2025-01-27,9,1,11,No
3615,2024-09-17,4,25,15,No
2719,2024-11-11,4,30,13,Yes
1007,2024-02-11,5,22,21,Yes
4283,2024-12-10,6,39,24,Yes
514,2024-10-17,3,49,15,Yes
4213,2024-10-01,1,5,6,No
1503,2024-03-22,4,48,24,No
3269,2024-09-08,6,49,21,Yes
2003,2024-03-02,3,38,12,Yes
2993,2024-10-14,9,53,15,Yes
1323,2024-03-19,9,25,23,Yes
1657,2024-08-02,3,57,16,No
482,2024-12-25,5,28,15,Yes
2278,2024-06-14,4,10,18,Yes
3530,2025-01-28,1,49,1,Yes
3920,2024-04-14,5,23,21,No
1018,2025-01-30,2,56,13,No
147,2024-04-29,6,20,1,No
1993,2024-08-25,5,13,22,No
1038,2024-02-16,7,28,3,No
3015,2024-08-22,4,16,19,Yes
2876,2025-01-12,3,13,19,No
2362,2024-01-04,2,46,23,No
942,2024-09-30,9,58,2,No
1790,2024-08-04,4,38,23,No
4414,2024-06-06,9,18,19,No
2490,2024-11-08,2,33,15,Yes
1770,2024-05-14,7,20,19,Yes
2139,2024-03-28,2,49,5,Yes
3700,2024-07-26,2,27,10,Yes
2731,2024-10-27,2,49,14,Yes
1831,2024-05-29,2,42,3,No
358,2024-03-21,1,20,24,Yes
4658,2024-01-16,8,51,16,No
389,2024-04-15,5,51,7,No
50,2025-01-02,7,18,9,No
1182,2024-12-22,6,43,11,No
239,2024-10-29,6,2,10,No
4848,2024-10-01,3,22,12,Yes
3814,2024-12-17,4,25,1,No
2540,2024-12-06,4,59,2,Yes
2245,2024-04-30,1,6,8,No
4200,2024-02-14,9,39,20,No
1225,2024-12-11,9,51,14,Yes
119,2025-01-29,9,19,14,No
4278,2024-05-01,9,57,2,No
462,2024-06-16,2,29,16,Yes
508,2024-06-03,9,28,16,No
416,2024-12-17,8,44,11,No
4688,2024-11-23,5,14,16,No
2219,2024-11-03,3,14,11,No
686,2024-12-20,4,25,24,No
2535,2024-01-10,3,15,19,No
1471,2024-02-27,7,15,24,No
1375,2024-05-24,3,31,11,Yes
2579,2024-07-02,9,55,16,No
2461,2025-01-31,2,25,5,No
2261,2024-10-16,9,14,13,No
530,2024-11-08,1,15,8,Yes
3343,2024-08-02,5,5,12,Yes
2611,2024-08-18,2,54,8,No
3621,2024-01-14,4,27,12,No
3247,2024-07-13,2,11,16,No
2337,2024-11-02,5,33,24,No
2199,2024-04-01,6,43,18,Yes
3294,2024-02-02,5,18,23,No
3667,2024-11-11,1,9,14,No
217,2024-06-23,9,9,7,Yes
3964,2024-10-02,6,27,19,No
50,2024-08-12,4,59,12,No
841,2024-04-07,7,52,16,No
3362,2024-01-02,6,4,6,No
4592,2024-07-07,4,40,15,No
1062,2024-05-12,4,47,13,Yes
4859,2024-11-06,3,24,18,Yes
4574,2024-09-28,5,18,3,No
4065,2024-03-24,7,11,2,No
619,2024-05-19,9,18,9,Yes
2719,2024-04-28,3,38,17,Yes
4060,2024-10-14,3,53,6,No
2012,2024-09-19,8,38,5,No
1405,2025-01-15,9,50,18,No
4829,2024-05-22,6,2,6,No
1985,2024-12-03,2,58,7,Yes
4644,2024-05-05,3,10,16,Yes
4523,2024-01-28,8,51,2,Yes
2996,2024-12-23,8,33,22,No
1271,2024-03-16,3,24,11,Yes
4402,2024-12-21,6,36,19,No
3430,2024-12-13,6,51,21,No
231,2025-01-14,2,42,3,Yes
3453,2024-02-08,1,7,6,No
3270,2024-08-26,7,2,6,Yes
4102,2025-01-06,4,17,1,Yes
2266,2024-10-02,9,56,6,No
2586,2024-02-27,7,42,16,Yes
2307,2024-07-31,9,31,7,Yes
2655,2024-08-29,8,58,13,No
4319,2024-09-14,6,1,22,Yes
2085,2024-01-03,9,22,9,No
4828,2024-07-16,8,48,24,No
96,2024-11-20,1,5,9,No
3985,2024-07-11,4,20,23,No
4770,2024-11-24,9,58,17,No
796,2024-05-18,6,27,2,No
4462,2024-12-05,6,11,18,Yes
870,2024-04-23,2,33,15,No
1539,2024-12-13,6,57,18,No
281,2024-02-28,2,39,4,No
1143,2024-06-24,4,11,16,No
3313,2024-11-26,1,13,17,No
1613,2024-09-27,9,27,13,Yes
4134,2024-10-23,1,1,20,No
4118,2025-01-21,6,16,19,No
742,2025-01-23,3,46,19,Yes
2742,2024-01-27,5,48,19,No
1505,2024-02-22,5,14,12,Yes
2920,2024-07-13,9,33,15,Yes
4092,2024-11-29,3,39,12,Yes
1224,2024-05-09,1,8,14,Yes
589,2025-01-30,4,1,2,No
2431,2024-10-24,4,29,2,Yes
3920,2025-01-05,8,45,9,Yes
2865,2024-12-02,6,4,19,No
3444,2024-03-13,3,54,3,Yes
4977,2024-11-30,7,53,10,No
726,2024-09-18,9,36,8,No
4405,2024-02-17,8,45,6,Yes
3732,2024-06-17,1,51,14,Yes
2245,2024-01-01,3,17,17,No
3364,2024-04-12,2,57,22,Yes
1929,2024-08-17,6,52,20,Yes
2533,2025-01-31,4,2,8,No
784,2024-01-24,2,18,20,No
3536,2024-02-28,3,7,12,Yes
2966,2024-08-31,6,43,22,Yes
4709,2024-01-28,4,8,12,Yes
115,2024-11-02,5,36,22,Yes
3801,2024-03-20,8,42,11,No
3606,2024-07-30,8,39,7,No
8,2024-11-18,3,9,2,No
375,2024-06-01,5,55,5,Yes
49,2024-01-22,9,7,22,Yes
4305,2024-08-16,7,59,15,No
3328,2024-01-25,6,24,8,Yes
2723,2024-04-14,4,42,16,No
4508,2024-01-16,8,28,12,Yes
3129,2024-09-19,9,53,23,Yes
4778,2024-11-18,4,41,17,No
972,2024-10-03,2,15,17,No
3144,2024-01-17,9,37,22,No
3502,2024-09-22,1,48,10,No
2365,2024-11-23,1,27,13,No
368,2024-02-03,4,41,12,Yes
2722,2024-08-20,9,2,24,Yes
3572,2024-03-22,5,35,21,No
2530,2024-07-24,7,55,5,No
2855,2024-03-17,7,30,21,Yes
3232,2024-09-27,1,32,19,No
2769,2024-03-25,4,25,17,Yes
959,2024-11-03,3,26,24,No
1641,2024-07-31,7,12,18,No
950,2024-10-08,3,36,14,No
4124,2024-03-30,6,56,19,No
2077,2024-11-29,4,29,21,No
2625,2025-01-29,6,44,22,No
4731,2024-05-31,4,5,22,No
4624,2024-06-02,8,25,9,Yes
2741,2024-09-26,9,33,1,Yes
238,2024-06-16,1,49,2,No
2700,2025-01-20,4,54,23,No
2352,2024-01-16,8,48,10,Yes
3848,2024-12-04,9,20,9,Yes
3242,2024-01-10,4,4,15,Yes
727,2024-08-22,8,15,15,No
1288,2024-03-16,8,59,13,No
993,2024-09-21,1,10,15,No
1561,2024-09-16,8,30,16,No
2952,2024-12-03,5,35,10,Yes
1972,2024-10-23,7,8,16,Yes
2554,2024-06-22,6,23,15,Yes
2793,2024-10-16,4,57,5,No
3914,2024-04-04,8,30,6,Yes
1868,2024-11-24,1,23,10,Yes
1198,2024-11-27,1,45,21,Yes
4125,2024-08-27,1,54,13,No
4989,2024-11-19,4,2,16,Yes
4640,2024-05-21,1,7,5,No
481,2024-02-15,1,59,14,Yes
702,2024-02-08,3,2,2,No
275,2024-08-02,1,43,18,Yes
1877,2024-10-03,5,58,13,No
4854,2024-01-02,9,37,8,Yes
1195,2024-08-04,4,29,7,No
3241,2024-10-30,3,29,5,No
4410,2024-12-16,1,39,22,No
279,2024-02-27,6,38,23,No
3462,2025-01-03,8,29,1,No
4911,2024-11-03,1,22,15,Yes
2208,2024-07-16,6,37,5,No
2836,2024-02-26,2,28,22,Yes
4684,2024-03-28,4,33,7,No
3370,2024-08-29,4,44,9,Yes
4202,2024-07-26,7,46,1,No
1948,2024-07-19,3,14,8,No
4535,2024-03-08,4,35,9,Yes
1444,2024-01-08,9,27,8,Yes
1891,2024-10-12,8,11,22,Yes
2907,2024-01-17,2,5,7,Yes
2425,2024-09-28,3,13,19,No
880,2024-03-09,4,27,7,Yes
563,2024-01-09,3,42,13,No
1486,2024-05-02,7,41,23,No
4211,2024-11-15,4,57,8,No
4097,2024-03-02,9,34,1,No
2693,2024-08-21,5,27,16,No
4274,2024-01-30,1,46,17,No
841,2024-11-21,8,41,18,No
2541,2025-01-22,5,26,5,No
516,2024-03-30,7,53,5,No
347,2024-08-03,4,53,13,No
1185,2024-04-09,6,49,11,Yes
4608,2024-12-10,4,1,8,Yes
780,2024-05-15,7,43,10,No
3969,2024-05-23,9,50,14,No
4681,2024-05-17,1,40,7,Yes
1878,2024-04-21,6,22,14,Yes
4594,2024-06-15,3,16,3,No
2966,2024-10-31,7,30,7,Yes
883,2024-07-14,8,30,6,No
1936,2024-11-18,3,26,21,No
1522,2024-11-29,4,26,11,No
3483,2024-04-04,9,6,3,Yes
1093,2024-11-24,5,28,13,No
1184,2024-05-09,6,31,10,No
1876,2024-06-20,5,35,13,No
3761,2024-09-24,8,31,4,No
2474,2024-12-14,7,32,10,No
2785,2024-09-05,5,27,4,No
3828,2024-01-04,9,18,19,Yes
4376,2024-02-11,7,14,1,Yes
148,2024-04-01,4,8,6,No
807,2024-01-06,3,48,1,No
2851,2025-01-11,7,58,16,Yes
2084,2025-01-17,8,16,8,Yes
639,2024-05-31,4,14,3,Yes
1659,2024-12-04,9,14,10,Yes
3837,2024-12-02,5,36,13,Yes
526,2024-03-14,5,51,15,Yes
4239,2024-06-01,9,36,16,No
1097,2024-03-24,6,57,22,No
387,2024-12-02,5,45,17,No
1609,2024-07-10,6,15,20,Yes
2200,2024-04-20,8,50,13,No
1983,2024-07-27,6,29,7,No
3895,2024-11-01,6,22,19,Yes
278,2024-01-10,9,42,20,Yes
4004,2024-10-26,8,39,3,No
1035,2024-02-16,9,55,2,No
2577,2024-03-20,7,58,12,No
2942,2024-04-24,1,53,7,No
1540,2024-08-22,9,22,9,Yes
3192,2024-07-05,6,12,12,No
4329,2024-05-07,8,24,13,No
1327,2024-01-05,7,5,1,No
1460,2024-04-03,9,51,1,No
169,2024-10-09,1,18,9,Yes
741,2024-05-16,6,54,17,No
2556,2024-10-18,2,59,17,No
3186,2024-08-19,8,25,24,No
810,2024-07-26,5,35,6,No
691,2024-12-26,9,53,24,No
1093,2024-01-31,8,19,19,Yes
1070,2024-05-07,8,18,1,No
3296,2024-11-08,8,41,13,Yes
823,2024-07-11,7,39,8,No
2342,2024-11-28,2,44,2,No
122,2025-01-24,1,40,14,No
4612,2024-08-17,3,53,6,Yes
2621,2024-01-01,5,20,16,No
4448,2024-03-08,1,16,12,Yes
27,2025-01-21,8,40,17,Yes
782,2024-05-30,8,17,13,Yes
4491,2024-05-04,8,50,5,No
4758,2024-07-11,6,4,3,Yes
2811,2024-06-11,8,12,15,No
3458,2024-03-09,4,49,6,No
4622,2025-01-26,1,30,16,Yes
1670,2024-12-19,8,3,2,Yes
455,2024-06-06,3,46,20,No
111,2024-01-22,9,28,17,No
3825,2024-06-29,6,29,17,No
2330,2024-06-30,9,4,15,Yes
1146,2024-04-23,2,47,21,No
4703,2024-12-23,4,46,15,No
117,2025-01-26,6,44,18,Yes
3888,2024-08-05,4,47,21,No
3863,2024-05-10,2,25,17,No
3987,2024-09-13,1,25,21,No
157,2025-01-20,4,19,17,No
3429,2024-02-10,9,16,7,No
83,2024-12-24,8,49,3,No
2080,2024-09-29,8,42,9,No
3814,2024-08-13,3,15,4,Yes
3981,2024-07-07,4,46,16,No
1294,2024-05-22,5,54,19,No
4807,2024-12-13,4,10,20,No
1018,2024-01-09,6,33,11,Yes
929,2024-05-04,6,6,24,Yes
937,2024-07-23,1,5,19,No
2573,2024-12-25,7,32,13,Yes
4024,2024-05-19,1,9,11,Yes
1954,2024-09-18,4,33,20,No
3149,2024-10-06,3,41,13,No
4561,2024-03-16,2,33,6,No
765,2024-03-01,3,20,10,Yes
4332,2024-06-29,3,31,7,Yes
109,2025-01-02,3,32,14,Yes
2316,2024-10-18,1,23,19,No
210,2024-08-19,7,46,9,No
3740,2024-09-12,8,3,16,Yes
1666,2024-05-07,3,1,8,No
4619,2024-09-22,9,24,14,Yes
3048,2024-07-08,9,59,18,No
547,2024-05-21,4,31,10,No
4611,2024-12-30,2,21,8,Yes
2439,2024-07-23,7,53,10,Yes
2375,2024-07-29,9,29,18,No
1091,2024-03-18,9,33,2,Yes
4343,2024-04-11,5,5,16,No
3327,2024-03-06,4,39,19,Yes
649,2024-04-28,1,22,5,Yes
4366,2024-08-07,8,20,12,Yes
1306,2024-01-20,3,13,5,Yes
57,2024-07-14,2,35,5,Yes
4604,2024-07-25,3,47,5,Yes
688,2024-08-25,7,19,2,Yes
2069,2024-11-05,8,54,3,Yes
3594,2024-11-15,1,43,2,No
2957,2024-09-27,1,37,3,No
3725,2024-07-27,8,53,5,No
4017,2024-05-25,8,32,7,Yes
3676,2024-10-26,8,26,1,Yes
1144,2024-02-07,1,1,2,No
2128,2024-03-07,4,49,9,No
4513,2024-07-09,5,6,6,Yes
3500,2024-10-24,7,9,14,No
1569,2024-06-07,4,2,17,Yes
3002,2024-10-17,4,3,3,No
2326,2024-09-05,6,37,3,Yes
2606,2024-12-07,6,41,18,No
1493,2024-03-30,1,10,19,No
285,2024-03-10,6,41,6,Yes
1625,2025-01-18,5,6,18,No
3911,2024-01-26,5,39,5,No
2639,2024-05-11,7,5,19,Yes
3356,2024-04-05,9,27,1,No
1603,2024-11-05,8,29,6,Yes
3784,2024-09-25,8,47,24,No
629,2024-07-17,8,40,8,No
4834,2024-04-04,8,58,18,No
3592,2024-03-25,7,9,15,No
1681,2024-07-29,2,46,15,No
325,2024-10-15,2,16,1,No
4027,2024-11-13,5,54,6,Yes
3043,2024-03-06,9,40,10,Yes
3320,2024-01-06,9,16,14,No
155,2024-07-15,9,41,3,No
1970,2024-08-01,1,16,4,No
120,2024-07-22,8,18,10,No
3999,2024-02-07,2,1,19,Yes
212,2024-08-20,2,47,17,Yes
1708,2024-10-18,2,8,23,Yes
3646,2024-10-25,8,13,11,Yes
3215,2024-07-27,5,32,18,No
1536,2024-03-31,6,30,12,No
3788,2024-04-06,5,15,14,Yes
2425,2024-06-25,4,28,6,No
2833,2024-07-12,2,27,19,Yes
1927,2024-11-08,6,7,12,No
3551,2024-10-29,9,56,8,Yes
4427,2024-11-03,1,56,8,No
822,2024-12-02,4,42,19,Yes
175,2024-03-20,9,22,3,No
3002,2024-10-28,5,45,7,No
2629,2025-01-12,7,14,18,Yes
1264,2024-11-04,8,50,10,No
3128,2025-01-10,9,48,12,No
2317,2024-10-07,5,15,9,No
2881,2024-05-06,1,8,15,No
2215,2024-04-20,5,15,19,No
53,2024-06-13,6,21,21,No
4819,2025-01-19,4,48,19,Yes
42,2024-10-10,8,52,1,Yes
1650,2025-01-11,2,37,20,Yes
2928,2024-09-01,8,13,16,Yes
2926,2024-07-23,2,11,24,No
4943,2024-10-11,3,38,23,No
1957,2024-09-20,3,13,9,No
1792,2024-08-25,9,57,2,Yes
1559,2024-12-29,5,24,15,No
4225,2024-09-10,8,40,21,Yes
2073,2024-08-18,1,33,21,Yes
1516,2024-11-08,7,57,17,Yes
178,2024-04-05,8,23,7,No
692,2024-07-09,2,43,17,Yes
1952,2024-08-10,4,17,5,No
2301,2024-01-07,1,34,7,Yes
3456,2024-06-03,7,9,16,No
3842,2024-03-03,1,22,7,Yes
3796,2024-05-06,8,31,2,Yes
4600,2024-05-10,7,21,16,No
640,2024-09-25,4,16,6,No
3654,2024-03-29,5,39,17,No
4556,2024-01-26,2,28,10,Yes
2434,2024-09-24,8,15,9,Yes
3779,2024-05-08,4,39,24,No
2276,2024-11-07,6,34,16,No
823,2024-05-06,3,7,7,Yes
243,2024-02-18,8,22,23,Yes
2456,2024-06-16,6,49,18,Yes
2069,2024-04-12,9,52,1,No
1591,2024-11-04,7,3,16,Yes
1758,2024-09-27,3,2,7,No
4655,2025-01-16,2,10,12,No
1304,2024-04-07,3,34,16,No
596,2025-01-26,7,28,17,No
3312,2024-11-02,5,48,6,Yes
492,2024-02-13,8,8,15,Yes
2451,2024-03-20,2,43,15,Yes
1309,2024-03-05,9,53,8,Yes
108,2024-07-25,9,32,9,Yes
1341,2024-01-06,5,24,2,No
3877,2024-01-16,3,38,6,No
2275,2024-01-03,9,57,13,Yes
2615,2024-02-04,4,44,9,Yes
4433,2024-05-28,2,6,3,No
2898,2024-06-01,6,36,16,No
3358,2024-01-26,5,51,14,No
1407,2024-11-30,4,55,15,No
3167,2024-12-03,5,16,17,No
3837,2024-12-23,6,54,15,Yes
38,2024-08-26,7,8,8,No
3510,2024-07-23,8,26,22,Yes
4399,2024-03-16,7,6,5,No
369,2024-11-11,9,49,24,No
4793,2025-01-05,3,32,1,Yes
1787,2025-01-17,2,43,2,No
3473,2024-02-04,6,37,21,No
3725,2024-06-05,3,52,9,No
97,2025-01-14,3,39,17,No
676,2024-11-29,9,22,22,Yes
2792,2024-12-04,4,51,24,No
2484,2024-04-26,2,16,4,No
4634,2024-01-18,5,10,5,No
2812,2024-05-25,3,59,12,No
1624,2025-01-09,7,42,9,Yes
1304,2024-10-15,4,32,9,No
2888,2024-02-06,6,48,4,No
357,2024-04-21,9,44,4,Yes
4720,2024-06-02,5,30,19,No
4413,2024-03-01,6,45,8,Yes
4873,2024-01-09,3,26,6,No
1039,2024-04-14,7,5,24,No
1387,2024-09-21,7,43,4,No
1086,2024-10-21,9,3,19,Yes
868,2024-09-10,1,47,22,Yes
176,2024-06-13,4,49,4,Yes
3654,2024-03-18,9,57,8,No
2179,2024-11-21,8,11,16,Yes
1519,2024-10-05,7,4,24,Yes
3370,2024-08-28,9,20,2,Yes
1465,2024-03-08,6,42,9,Yes
3055,2024-01-17,1,12,12,No
70,2024-10-29,2,39,20,No
2676,2024-11-09,5,56,15,No
442,2024-10-03,8,52,5,Yes
4999,2024-08-10,4,5,7,No
1822,2024-11-25,9,33,6,No
1868,2024-06-16,6,26,23,No
3863,2024-12-09,6,18,11,Yes
214,2024-07-15,3,54,5,No
584,2024-06-01,8,1,17,Yes
2201,2024-03-22,9,15,16,No
1188,2025-01-15,8,10,13,No
356,2024-12-07,8,28,8,No
3699,2024-12-23,4,51,19,No
1330,2024-03-10,1,14,22,No
4704,2024-05-31,7,31,1,No
3042,2024-01-06,4,40,16,No
3802,2024-06-17,4,46,22,Yes
4595,2024-11-13,3,34,19,No
2339,2024-12-29,4,54,10,No
1092,2024-11-28,5,38,2,No
2891,2024-03-18,3,33,5,Yes
1177,2024-01-29,7,26,7,Yes
4567,2024-09-22,5,51,8,No
4084,2024-04-03,8,33,3,No
3716,2024-04-29,3,37,24,No
3201,2024-06-21,8,33,6,No
1216,2024-04-28,6,18,15,Yes
1993,2024-01-16,4,44,10,Yes
4768,2024-10-18,3,46,18,Yes
4914,2024-09-05,3,3,5,Yes
4017,2024-08-06,4,44,18,Yes
2906,2024-08-07,5,33,3,No
1139,2024-11-07,5,31,22,No
1549,2024-02-22,4,13,23,Yes
2468,2024-11-14,5,14,23,No
4155,2024-05-13,3,12,2,Yes
397,2024-10-13,5,24,13,Yes
1133,2024-11-13,9,41,1,No
4165,2024-07-24,5,14,6,Yes
2593,2024-03-05,6,53,7,No
525,2024-10-18,3,58,1,Yes
2224,2024-10-06,8,43,2,Yes
3752,2024-01-18,8,25,11,Yes
4179,2024-11-28,5,28,18,No
2110,2024-07-08,1,50,10,No
4515,2024-07-24,6,42,4,No
4164,2024-09-30,9,57,6,No
1445,2024-03-08,8,8,23,No
2112,2024-01-03,8,33,18,No
384,2024-02-13,7,27,19,No
4446,2024-08-30,4,13,8,No
1923,2024-12-03,8,16,10,No
4405,2024-07-05,8,28,1,No
853,2024-05-05,2,47,2,No
3570,2024-11-17,6,44,12,No
3788,2024-01-02,3,55,9,No
2603,2024-08-17,9,42,5,No
3400,2024-11-11,4,36,12,Yes
1683,2024-07-28,1,4,9,No
2714,2024-07-28,2,41,5,No
3758,2024-02-21,9,16,9,No
3723,2024-09-26,2,39,2,No
4068,2024-08-08,5,29,19,No
2550,2024-10-19,8,3,12,Yes
316,2024-06-19,5,36,6,Yes
1378,2024-09-02,2,23,18,No
422,2024-03-19,7,3,7,Yes
4349,2025-01-22,1,57,13,No
4210,2025-01-26,1,55,5,Yes
1340,2024-11-29,3,7,7,No
4496,2025-01-10,8,4,16,No
3189,2024-11-24,4,39,6,No
4696,2025-01-29,2,26,1,No
1021,2024-05-28,1,8,4,No
246,2024-01-04,2,11,19,No
414,2024-06-07,3,6,23,No
799,2024-05-06,7,36,18,Yes
746,2024-06-06,5,53,5,No
3573,2024-09-08,4,25,15,No
4243,2024-05-11,7,48,15,Yes
4352,2024-03-02,4,48,5,No
4204,2024-12-29,3,8,6,Yes
3208,2024-03-24,1,39,8,Yes
3890,2024-06-11,9,8,2,Yes
1566,2024-04-25,1,56,1,Yes
524,2024-02-07,9,35,15,No
3923,2024-12-02,9,5,20,No
1750,2024-04-09,4,42,13,No
1966,2024-09-03,3,3,20,No
3423,2024-12-04,5,22,18,Yes
4638,2024-11-12,8,59,5,No
34,2024-06-10,5,56,11,No
2961,2024-07-26,7,6,17,No
3937,2024-02-19,8,48,5,No
2074,2024-01-07,1,19,2,Yes
2338,2024-01-27,2,26,18,Yes
178,2024-09-11,2,30,18,Yes
1247,2024-09-07,6,10,2,Yes
3722,2024-09-10,3,53,4,Yes
4554,2024-04-10,6,29,9,No
3370,2024-11-24,7,20,4,No
2388,2024-03-27,5,4,18,Yes
3162,2024-02-07,4,43,8,No
397,2024-09-11,5,15,9,Yes
4738,2024-06-28,8,3,11,Yes
4210,2024-02-01,7,20,22,No
4478,2024-04-25,7,52,13,Yes
1071,2024-08-02,9,12,10,Yes
1316,2024-02-14,8,17,16,Yes
3694,2025-01-22,7,44,15,Yes
924,2024-10-21,8,1,15,Yes
2465,2025-01-25,8,50,11,No
1474,2024-12-05,9,29,10,Yes
2893,2024-04-01,5,22,9,No
4697,2024-01-24,2,5,23,No
2735,2024-03-16,7,28,20,No
4403,2024-12-21,3,11,12,No
4497,2024-06-19,6,26,5,Yes
4249,2024-11-14,3,4,22,No
1403,2025-01-16,6,9,17,Yes
2165,2024-10-25,8,47,1,No
950,2024-11-01,4,42,4,No
1383,2025-01-04,9,49,13,No
1380,2024-02-06,6,38,4,Yes
1113,2024-10-29,2,17,8,Yes
1815,2024-04-11,2,33,23,No
4309,2024-09-21,2,53,19,No
707,2024-09-04,6,46,20,No
1194,2024-04-09,4,14,11,No
2818,2024-04-17,7,42,9,No
2611,2024-08-23,9,54,19,Yes
551,2024-01-21,3,44,20,Yes
88,2024-04-07,8,9,10,No
1814,2024-06-01,5,42,1,No
1251,2025-01-09,1,8,22,No
634,2024-04-04,3,14,1,No
2120,2024-05-30,8,17,13,Yes
2995,2024-06-07,1,54,15,No
4762,2024-05-20,4,45,18,Yes
3981,2024-08-17,9,12,13,Yes
681,2024-05-26,4,54,8,No
3803,2024-10-08,2,12,22,No
2684,2024-11-07,9,1,14,No
1527,2024-01-01,1,6,3,No
2326,2024-05-18,1,48,5,No
1511,2024-09-09,5,39,7,No
3369,2024-08-08,2,50,18,Yes
2370,2024-01-14,2,14,24,No
719,2024-08-15,6,40,9,No
4742,2025-01-18,5,51,10,No
3513,2024-09-30,7,17,12,No
2961,2024-07-31,4,34,7,No
1551,2024-03-06,9,35,5,No
2208,2025-01-31,5,38,14,No
162,2024-04-25,9,47,3,No
1338,2024-06-10,1,46,7,No
4051,2024-02-03,8,9,19,No
2578,2024-01-03,8,24,4,No
410,2024-12-20,1,12,10,Yes
2997,2024-08-28,1,43,12,Yes
3920,2024-07-30,2,16,1,Yes
3342,2024-06-13,4,22,10,No
2272,2024-02-09,8,36,21,No
1687,2025-01-22,2,23,8,No
3026,2024-11-07,5,42,5,No
4346,2024-02-06,7,52,10,No
1604,2024-08-29,6,15,13,No
1163,2024-11-18,9,5,9,No
4252,2024-01-18,4,37,18,No
613,2024-12-18,9,38,12,No
660,2024-10-12,8,43,12,No
3944,2024-07-01,8,41,11,Yes
2775,2024-02-15,6,49,21,No
542,2024-09-04,1,31,4,No
1866,2024-12-21,3,35,17,No
1985,2024-05-02,4,36,17,Yes
258,2024-12-02,8,49,6,Yes
2197,2024-03-26,5,43,1,Yes
1979,2024-10-02,9,50,4,Yes
3275,2024-10-30,8,5,23,No
3734,2024-06-26,2,34,18,No
3610,2024-02-10,5,48,2,Yes
11,2024-05-17,9,50,24,Yes
2016,2024-06-29,5,58,8,Yes
511,2024-07-15,3,44,10,No
2390,2024-04-08,2,44,2,Yes
219,2024-05-10,5,12,17,Yes
4563,2024-01-19,3,46,17,No
4569,2024-11-05,3,41,23,No
4688,2024-02-07,1,56,3,Yes
147,2024-10-12,9,38,5,Yes
1418,2024-06-30,2,43,12,No
2105,2024-09-17,1,49,18,No
988,2024-01-01,1,4,13,No
3148,2024-06-25,5,38,5,Yes
1878,2024-06-26,6,32,13,Yes
1184,2024-10-05,6,34,21,Yes
1044,2025-01-14,6,6,18,No
4744,2024-02-10,5,5,18,No
1071,2025-01-08,6,8,1,No
3709,2025-01-12,9,5,15,Yes
4831,2024-02-18,5,11,17,Yes
3163,2024-06-13,7,15,10,No
777,2024-08-19,9,43,24,No
3324,2024-05-13,2,15,20,No
2049,2024-05-18,2,9,21,No
2791,2025-01-02,6,43,8,No
1462,2024-11-13,7,35,23,No
4764,2024-07-19,3,51,17,No
1080,2024-12-08,9,31,20,No
3399,2024-07-06,1,15,20,No
335,2024-05-07,5,25,1,No
2059,2024-11-04,7,6,15,Yes
4226,2024-12-07,1,58,2,No
4439,2024-02-29,7,58,17,No
3865,2024-07-22,2,9,18,No
2657,2024-01-25,9,38,23,No
4489,2024-11-27,2,31,1,Yes
750,2024-09-08,9,51,12,Yes
813,2024-08-30,6,33,22,No
499,2024-01-02,8,12,18,No
1419,2024-01-26,3,55,11,No
511,2024-05-25,6,38,3,Yes
2557,2024-01-06,7,17,8,No
4588,2024-10-27,1,1,17,No
895,2024-05-05,9,50,3,No
1693,2024-01-07,6,33,12,No
4972,2025-01-02,2,41,14,No
4627,2024-06-08,7,31,19,Yes
915,2024-06-12,3,30,14,Yes
4693,2024-06-08,7,30,24,No
2387,2024-03-01,1,51,15,No
10,2024-10-03,1,23,11,No
1934,2024-05-21,8,17,20,No
1044,2024-01-10,7,21,2,No
2295,2025-01-24,8,8,2,No
4149,2024-05-07,9,41,14,No
4723,2024-11-05,2,51,8,No
2975,2024-12-30,4,7,19,No
36,2024-10-06,6,46,9,No
854,2024-03-17,5,17,5,No
4167,2024-04-01,1,35,8,No
2724,2024-02-11,3,32,12,No
431,2024-10-03,3,35,2,No
131,2024-01-13,8,26,19,No
2590,2024-12-14,9,3,18,No
1906,2024-04-17,9,59,2,No
81,2024-10-28,5,58,6,No
2267,2024-07-14,2,9,19,Yes
4566,2024-07-20,1,1,20,No
2662,2025-01-28,8,3,5,No
1933,2024-03-23,8,13,16,No
1739,2025-01-27,8,23,18,No
198,2025-01-13,8,35,19,No
3894,2025-01-09,8,17,13,No
1043,2024-01-21,9,8,15,Yes
3060,2024-05-02,5,51,21,Yes
1452,2024-09-20,4,26,24,No
4395,2024-07-09,1,49,14,No
2365,2024-10-05,9,25,17,No
1261,2024-10-10,6,12,10,Yes
3608,2024-07-23,8,17,7,No
1751,2024-12-16,8,54,17,No
4753,2024-05-22,1,56,18,Yes
2430,2024-11-17,2,27,14,No
1608,2024-12-21,2,48,1,No
3227,2025-01-15,5,38,18,Yes
495,2024-01-11,7,24,17,No
4737,2024-12-03,6,12,2,Yes
2816,2024-08-15,4,41,19,No
2048,2024-09-30,8,39,7,Yes
64,2024-10-03,8,41,5,No
401,2024-01-07,2,11,12,Yes
190,2024-03-18,4,25,16,Yes
2470,2024-07-19,3,1,7,No
4815,2024-06-13,5,24,5,No
2833,2024-03-21,9,5,14,Yes
1457,2024-11-07,1,44,23,No
2809,2024-12-23,5,53,10,Yes
3872,2024-06-22,4,57,15,Yes
1116,2024-02-16,5,29,5,Yes
3398,2024-07-14,1,28,13,Yes
3052,2024-05-24,3,20,7,No
2436,2024-12-20,6,52,16,No
1005,2024-08-11,8,53,7,Yes
3166,2024-12-29,1,24,9,Yes
4075,2024-11-03,3,11,17,No
4956,2024-04-15,9,51,14,Yes
2357,2024-04-14,6,46,17,Yes
3866,2025-01-04,3,10,19,No
1483,2024-05-01,2,23,8,No
3526,2024-06-24,3,18,7,No
1572,2025-01-04,5,5,14,Yes
3991,2024-08-01,5,9,3,Yes
198,2024-03-08,7,4,19,No
61,2024-04-12,7,51,3,No
2524,2024-01-29,7,56,20,Yes
4989,2024-04-07,2,37,14,Yes
3720,2024-11-05,9,12,22,No
4008,2024-08-27,3,14,20,Yes
1741,2024-06-02,8,8,8,No
2500,2024-05-14,8,18,1,No
3989,2024-01-11,6,22,16,No
2493,2024-09-14,8,25,10,No
3661,2024-09-16,4,45,23,No
3277,2024-01-28,1,56,15,No
4661,2025-01-25,3,39,16,No
4375,2025-01-28,6,7,22,No
1904,2024-08-09,5,57,21,No
3359,2024-09-06,7,46,19,No
2130,2024-01-22,5,10,2,No
142,2024-09-15,8,16,16,No
2784,2025-01-03,7,32,3,Yes
2237,2024-11-05,7,1,15,No
4286,2024-10-12,9,11,18,No
1245,2024-09-04,4,14,18,No
4944,2024-01-22,3,8,18,No
3396,2024-11-01,9,1,11,No
1678,2024-03-27,3,30,11,No
3729,2024-01-22,4,19,11,No
1826,2024-12-13,5,25,11,Yes
3407,2025-01-01,2,29,7,No
2506,2024-03-01,4,6,13,No
1491,2024-11-02,5,14,2,No
1941,2024-12-24,8,40,23,No
4673,2024-11-10,6,46,24,No
193,2024-02-17,4,27,24,No
4616,2024-10-03,7,27,13,No
3177,2025-01-05,9,19,15,No
2831,2024-12-20,3,29,11,No
3912,2024-11-18,6,58,10,No
1144,2024-05-24,6,40,6,No
1177,2024-04-23,3,7,11,Yes
4076,2024-02-10,4,56,6,Yes
1879,2024-02-17,9,7,20,Yes
2179,2024-04-12,7,57,21,No
2199,2024-12-14,9,35,1,No
1897,2024-03-15,7,10,14,No
143,2024-07-18,6,43,12,No
897,2024-07-12,4,31,6,No
440,2024-02-21,6,16,12,Yes
4989,2024-02-19,3,48,1,Yes
3216,2024-06-20,9,25,5,Yes
4017,2024-10-02,2,24,14,No
2298,2024-05-21,3,21,4,No
1937,2024-10-10,9,7,19,No
4603,2024-06-22,9,19,15,No
4310,2024-10-14,2,34,22,No
38,2024-01-25,5,6,6,Yes
1944,2024-06-24,7,40,2,Yes
4409,2024-03-24,7,26,3,Yes
232,2024-07-23,5,31,9,Yes
1475,2024-05-03,5,24,22,No
1242,2024-04-05,6,52,16,No
2889,2024-12-02,1,17,11,No
643,2024-03-02,6,12,10,No
4773,2024-02-27,7,56,19,No
1557,2024-10-31,4,45,16,No
1328,2024-12-01,9,29,3,Yes
3659,2024-07-25,8,59,23,Yes
3407,2024-01-17,1,29,24,Yes
3114,2024-05-31,1,5,12,No
3478,2024-08-20,1,1,7,Yes
232,2024-12-16,4,56,12,No
2395,2024-12-10,9,48,4,Yes
851,2024-03-22,4,13,24,No
3981,2024-03-16,9,54,15,No
3021,2024-01-10,6,8,6,Yes
2303,2024-06-09,4,52,15,Yes
710,2024-04-25,2,44,11,Yes
3214,2024-11-03,3,41,1,No
4048,2024-08-28,5,14,6,No
187,2024-12-13,7,9,7,Yes
4834,2024-01-04,4,29,3,Yes
2481,2024-08-31,9,29,18,No
1978,2024-09-01,7,32,21,No
2370,2024-05-19,7,15,6,No
616,2024-07-05,5,35,6,Yes
2820,2024-12-30,7,49,4,Yes
3695,2024-05-22,2,20,11,No
4566,2024-05-31,8,27,1,Yes
2507,2024-09-02,4,23,8,No
241,2025-01-06,8,21,14,No
141,2024-12-23,2,33,2,No
1432,2024-01-30,4,19,7,Yes
2763,2024-09-29,7,22,19,No
3391,2024-12-13,4,19,4,Yes
3056,2024-12-13,6,20,14,No
1344,2025-01-30,1,22,16,Yes
818,2024-03-11,3,40,18,No
4454,2024-11-23,4,50,3,No
769,2024-04-10,1,54,2,No
4772,2024-02-10,5,29,14,No
2555,2024-08-15,2,57,9,Yes
3305,2025-01-19,4,47,18,No
4273,2024-02-02,6,8,24,Yes
3631,2024-05-28,4,24,22,No
1471,2024-07-18,5,4,6,No
2973,2025-01-16,8,6,15,No
1461,2024-02-07,6,39,5,No
3785,2024-11-12,1,28,20,Yes
4302,2024-10-20,9,18,19,No
3796,2024-06-22,3,15,3,No
2950,2025-01-08,5,17,4,No
4925,2024-05-04,3,52,24,Yes
1961,2024-10-22,9,18,7,No
1471,2024-05-19,5,10,12,Yes
1605,2024-08-03,4,57,14,No
1442,2024-09-05,9,46,18,No
3665,2024-07-17,1,24,18,No
681,2024-07-27,2,49,10,No
2150,2024-03-08,2,7,7,Yes
1930,2024-07-27,6,20,2,No
3625,2024-04-02,4,36,21,No
2153,2024-05-07,2,9,1,No
3229,2024-06-16,7,52,20,No
1209,2024-12-25,1,56,15,No
2932,2025-01-23,6,26,4,No
518,2024-10-22,6,28,15,Yes
143,2024-07-11,1,9,6,Yes
2875,2024-01-02,1,34,3,Yes
2109,2024-07-05,6,19,23,No
935,2024-04-28,8,27,2,No
1381,2024-01-07,2,20,3,Yes
3921,2024-03-11,7,48,14,Yes
4639,2025-01-18,1,22,15,Yes
3772,2024-07-15,7,52,11,Yes
2571,2024-02-07,8,53,14,No
2014,2025-01-13,2,5,2,Yes
1420,2024-09-30,3,33,12,No
2219,2024-06-03,2,33,18,Yes
645,2024-01-09,3,24,22,No
1962,2024-03-07,6,5,2,Yes
1746,2024-07-10,9,8,16,Yes
4706,2024-09-05,6,35,19,No
460,2024-10-11,5,39,16,No
3313,2024-08-17,1,59,2,No
4969,2024-01-04,3,51,2,No
445,2024-04-20,5,56,17,No
4285,2024-07-17,9,42,22,No
3852,2024-09-21,2,1,9,Yes
2273,2024-07-24,8,29,20,No
2409,2024-01-25,4,22,8,No
241,2024-06-18,9,41,12,Yes
620,2024-01-27,9,22,1,Yes
2582,2024-07-20,2,50,23,No
3661,2024-05-01,4,4,23,No
1690,2024-01-22,2,12,9,Yes
257,2024-07-21,9,40,5,Yes
4717,2024-07-21,3,4,23,No
3648,2024-05-02,1,15,10,Yes
1069,2024-08-10,4,50,15,No
2126,2024-01-05,1,53,4,Yes
3307,2024-07-08,3,10,9,No
2794,2024-01-23,1,43,11,No
2881,2024-03-07,3,18,1,Yes
3008,2025-01-09,1,10,2,No
1998,2024-09-28,3,26,18,No
3554,2024-11-24,3,43,19,No
2755,2024-02-14,8,41,10,No
3653,2024-11-27,8,43,18,No
952,2024-11-20,8,18,22,Yes
3490,2024-08-07,4,53,12,Yes
4516,2024-05-16,2,23,21,Yes
267,2024-01-05,9,29,17,No
3549,2024-11-15,9,27,5,No
3769,2024-10-06,6,55,3,Yes
4706,2024-10-27,9,55,14,No
4995,2024-03-02,1,44,10,No
2417,2024-01-06,9,37,12,Yes
1904,2024-04-20,3,56,3,Yes
3945,2024-10-27,3,40,2,Yes
526,2024-01-23,7,7,6,No
4801,2024-10-30,3,6,22,Yes
3236,2024-03-01,6,41,15,No
949,2024-03-25,7,35,2,No
4020,2024-01-31,8,43,13,No
4524,2025-01-14,5,11,4,No
4115,2024-05-01,3,3,14,No
442,2024-11-23,8,53,23,No
1590,2024-01-15,6,15,16,No
927,2024-03-14,8,28,5,No
3122,2024-07-05,2,12,22,No
2392,2024-03-10,5,51,18,No
1585,2024-01-12,7,36,21,No
1944,2024-11-07,1,25,19,Yes
1114,2024-05-14,6,40,11,Yes
1011,2024-06-22,7,46,9,Yes
4923,2024-03-21,1,33,10,No
4076,2024-12-18,9,58,6,No
1548,2024-04-12,8,33,14,Yes
4579,2025-01-27,6,21,14,Yes
4133,2024-08-23,8,10,15,Yes
2793,2025-01-22,3,48,20,Yes
2488,2024-07-08,7,58,22,No
3068,2024-10-18,3,37,6,No
338,2024-08-27,7,23,19,No
3627,2024-12-22,4,33,7,No
1096,2024-11-01,7,13,11,No
4700,2024-07-06,4,11,15,Yes
1591,2024-04-28,8,54,14,No
3879,2024-02-27,1,24,24,No
151,2024-10-21,1,36,24,No
2356,2024-11-28,7,13,6,No
516,2024-04-05,5,1,8,Yes
1770,2024-07-19,3,52,8,No
2094,2024-01-22,3,11,13,No
4854,2024-01-26,8,35,7,No
4300,2024-11-15,3,13,12,Yes
4191,2025-01-01,9,53,24,No
4878,2024-09-30,3,53,6,No
913,2024-08-08,9,15,17,Yes
827,2024-01-23,1,55,4,No
4034,2024-03-09,7,19,10,No
2304,2024-08-25,6,31,3,No
500,2024-06-27,7,51,4,No
4545,2024-09-09,1,9,20,No
108,2024-05-31,5,11,19,Yes
915,2024-12-04,8,45,5,No
3515,2024-06-13,6,4,15,No
1320,2024-05-11,1,23,18,Yes
2096,2024-05-19,2,18,19,No
2738,2024-11-18,3,44,23,No
689,2024-10-29,4,59,13,No
2066,2024-03-11,3,44,4,Yes
3656,2024-01-23,9,42,11,Yes
2210,2024-06-12,2,22,1,No
2349,2024-05-26,2,4,11,Yes
1780,2025-01-17,8,11,11,No
3346,2024-10-12,1,30,15,No
2440,2024-11-05,3,45,1,No
4273,2024-05-24,4,54,14,No
4134,2024-12-21,6,41,4,Yes
1415,2024-05-26,5,16,13,Yes
1285,2024-06-17,7,38,10,No
833,2024-04-25,8,37,14,Yes
2971,2024-09-20,6,19,12,No
4503,2024-02-16,9,11,8,No
4684,2024-03-04,3,39,19,No
2645,2024-10-12,1,23,22,Yes
2009,2024-01-09,8,1,6,Yes
1370,2024-11-18,9,3,13,No
1448,2024-10-14,3,57,9,No
3378,2024-03-02,9,21,1,Yes
2926,2025-01-02,6,15,11,Yes
2954,2024-10-07,6,1,8,No
539,2024-10-31,3,23,3,Yes
235,2024-07-18,9,39,11,No
66,2024-06-27,4,44,17,Yes
2149,2024-11-18,5,19,11,Yes
3822,2024-06-28,6,14,3,Yes
844,2024-09-28,4,56,2,No
1911,2024-04-18,9,58,19,No
10,2024-05-25,1,5,19,No
1349,2024-05-24,7,18,1,Yes
4179,2025-01-25,6,47,20,No
4938,2024-06-18,2,22,7,No
819,2024-07-22,1,37,8,No
3400,2024-07-26,9,24,20,No
350,2024-03-21,2,5,3,Yes
3357,2024-03-26,2,34,11,No
3944,2024-11-01,5,43,20,No
3987,2024-12-17,1,26,15,No
1405,2024-07-08,4,5,15,No
204,2024-03-17,7,4,18,No
1894,2024-03-04,4,15,16,No
4387,2024-09-09,3,45,24,No
2463,2024-11-11,8,42,16,No
3183,2024-09-10,1,36,5,No
2952,2024-01-27,3,52,9,Yes
1935,2024-06-10,8,56,15,No
1184,2024-12-24,7,41,2,Yes
2968,2024-07-27,5,9,12,No
2545,2024-07-13,2,32,21,No
4077,2024-01-07,4,55,9,No
4398,2024-04-30,7,53,24,No
3971,2024-07-28,5,30,18,No
4976,2024-02-22,1,21,14,Yes
3251,2024-08-03,9,19,19,No
4981,2024-03-12,3,58,18,No
1997,2024-06-07,7,3,24,Yes
2249,2024-10-04,1,21,13,No
3399,2024-08-04,4,14,21,No
4605,2024-01-16,4,47,20,Yes
4049,2024-08-17,4,17,13,No
2076,2024-01-06,1,16,23,No
4391,2024-05-31,8,44,9,Yes
2843,2024-08-17,8,40,14,Yes
2418,2024-11-23,3,25,14,Yes
4387,2024-03-19,4,51,19,Yes
1731,2025-01-22,2,13,5,Yes
1307,2024-08-03,3,37,19,No
3129,2024-07-26,9,37,3,No
117,2024-01-09,4,20,20,No
2684,2024-03-08,2,42,9,No
1488,2024-04-10,3,55,1,No
3486,2024-06-29,6,13,9,No
992,2024-02-02,9,25,20,No
2030,2024-07-06,9,48,6,Yes
1287,2024-09-15,7,56,6,Yes
2596,2024-07-05,4,16,5,Yes
2930,2024-01-14,1,47,24,No
4829,2024-02-06,5,19,11,Yes
3792,2024-07-10,9,38,12,Yes
470,2024-04-11,2,34,24,No
240,2024-12-14,8,48,15,No
781,2024-01-03,9,35,3,Yes
3230,2024-02-04,1,33,10,Yes
1846,2024-08-13,9,10,6,Yes
2900,2024-04-27,8,4,16,Yes
871,2024-12-13,6,59,11,No
1469,2025-01-06,4,52,1,No
1426,2024-11-21,9,4,24,Yes
4924,2024-02-16,4,43,19,Yes
3347,2024-08-04,4,26,7,No
1285,2024-09-11,9,13,6,Yes
4547,2024-02-18,7,12,10,No
2077,2024-06-10,8,48,4,No
3421,2024-08-04,4,46,4,Yes
4766,2024-01-28,4,8,19,No
2950,2024-06-26,3,39,20,No
4181,2024-09-26,1,29,12,No
2839,2024-08-13,7,57,11,No
4195,2024-10-19,7,10,17,No
4242,2024-02-01,9,7,3,No
4847,2024-07-10,5,4,16,No
1731,2024-03-07,2,34,15,Yes
1259,2024-04-01,7,24,19,No
1301,2024-05-10,9,46,3,No
834,2024-06-03,9,17,10,Yes
1275,2024-02-08,7,42,13,No
3347,2024-04-17,1,30,15,No
434,2024-05-05,7,57,13,No
2192,2024-10-29,4,34,21,No
398,2024-06-16,9,29,9,No
4307,2024-06-06,9,47,4,No
2788,2024-08-14,5,52,10,Yes
2875,2024-10-17,7,47,10,No
2903,2024-05-15,3,52,3,No
4184,2024-01-29,8,42,15,Yes
4878,2024-12-29,3,13,19,No
394,2024-07-11,9,56,10,No
3711,2024-05-15,5,17,3,No
3518,2025-01-09,4,14,10,No
1913,2025-01-16,2,46,16,Yes
1972,2024-07-06,6,30,10,No
1332,2024-04-19,9,8,17,No
4298,2024-02-19,7,19,22,No
1283,2024-12-14,6,55,1,No
292,2024-06-12,3,40,15,No
2370,2024-12-21,3,45,9,No
1570,2024-08-27,3,5,4,No
3850,2024-10-25,4,6,24,No
4627,2024-01-28,9,24,23,Yes
3249,2024-06-12,4,24,11,No
316,2025-01-05,6,6,15,No
1666,2024-08-23,2,49,4,No
1331,2024-03-04,6,49,18,No
4260,2024-10-20,8,6,5,No
2103,2025-01-11,7,17,23,No
1468,2024-02-10,9,9,11,No
4372,2025-01-23,7,31,9,No
520,2024-11-25,9,37,21,Yes
2089,2024-09-25,5,43,9,Yes
2160,2024-11-22,9,38,4,No
2486,2024-10-21,1,9,9,No
4222,2024-09-29,7,21,9,No
4396,2024-07-22,4,41,11,No
2716,2024-08-10,7,24,18,Yes
1382,2025-01-15,8,43,9,Yes
2275,2024-06-02,7,25,15,Yes
132,2025-01-02,4,3,11,No
2551,2024-07-26,3,35,22,No
4308,2024-10-24,8,22,1,Yes
960,2024-04-19,3,56,4,Yes
3014,2024-08-07,7,48,12,No
2656,2024-06-18,3,35,9,Yes
3312,2024-07-17,5,11,20,No
3918,2024-03-04,2,15,14,Yes
4023,2024-10-10,4,28,12,Yes
501,2024-04-30,7,25,1,Yes
417,2024-04-09,2,42,13,No
4642,2024-06-14,6,33,9,No
2394,2024-12-31,1,37,24,No
3967,2024-11-06,1,33,10,No
2861,2024-09-10,3,48,12,No
408,2024-05-15,1,42,21,Yes
3758,2024-11-17,6,3,23,Yes
2619,2024-12-09,2,30,22,No
560,2024-10-13,5,47,4,Yes
3024,2024-08-23,5,36,3,No
4991,2024-07-21,2,21,9,No
1199,2024-10-07,2,38,18,No
1679,2024-01-04,2,30,6,Yes
3674,2024-07-10,2,18,1,No
3823,2024-12-17,5,30,21,No
3210,2024-08-27,6,20,22,Yes
2061,2024-01-26,6,38,1,Yes
889,2025-01-30,7,20,24,Yes
296,2024-04-05,5,25,1,No
819,2024-05-04,1,20,22,No
764,2025-01-16,4,13,23,Yes
1344,2024-12-21,2,55,24,No
2427,2024-09-01,8,2,24,No
819,2024-08-30,8,2,14,Yes
524,2025-01-09,1,42,16,No
2193,2024-02-15,6,56,4,No
861,2024-10-04,9,26,19,Yes
1775,2024-05-15,8,23,2,No
409,2024-05-05,3,38,15,No
2084,2024-01-04,8,31,7,No
3268,2024-11-24,5,5,11,Yes
4145,2024-02-21,1,4,24,No
1311,2024-10-15,5,26,3,No
2764,2024-04-05,2,57,3,No
4429,2024-03-24,5,23,24,Yes
4008,2024-01-14,7,21,6,No
2381,2024-11-04,1,9,5,No
3535,2024-07-03,3,11,20,No
1770,2024-08-09,8,4,16,No
4540,2024-09-07,6,43,2,No
4878,2024-05-03,8,25,10,Yes
791,2024-04-21,7,18,21,No
601,2024-04-07,2,14,18,No
4684,2024-03-14,2,47,11,No
616,2024-12-19,1,47,3,Yes
39,2024-12-27,4,30,4,No
4583,2024-11-05,4,32,8,Yes
4757,2024-12-23,1,57,17,No
4862,2024-09-02,5,31,17,No
78,2024-04-18,4,17,14,No
3057,2024-12-15,9,54,4,Yes
1768,2024-03-09,8,43,21,No
3309,2024-04-17,7,46,14,No
3948,2024-10-16,2,18,16,No
1146,2024-07-26,6,53,12,Yes
4445,2024-05-28,4,3,1,No
4768,2024-05-12,1,2,7,No
2107,2024-01-21,4,13,7,Yes
4075,2024-04-05,7,37,3,No
3218,2024-10-14,8,43,2,No
589,2024-03-09,8,4,18,Yes
546,2024-06-13,8,42,14,Yes
176,2024-05-02,8,54,17,No
2121,2025-01-25,8,30,9,No
3960,2024-03-24,1,15,9,No
1163,2024-07-21,4,10,16,Yes
4626,2024-08-23,9,6,15,Yes
100,2024-07-11,8,31,8,No
11,2024-11-12,1,32,2,Yes
4980,2024-10-30,1,42,15,Yes
4657,2024-11-30,1,49,16,No
355,2024-04-05,8,18,18,No
1970,2024-05-12,5,54,17,No
68,2024-03-25,6,13,12,Yes
4112,2024-08-12,7,9,12,No
2625,2024-08-30,1,30,24,No
4145,2024-05-01,1,25,4,No
1654,2024-11-14,6,51,23,No
998,2024-12-29,8,57,11,Yes
1277,2024-03-22,4,35,10,Yes
2655,2024-04-24,9,58,16,Yes
4502,2025-01-04,1,16,16,No
1176,2024-09-30,8,16,22,Yes
1457,2024-06-22,3,14,21,No
2037,2024-11-29,3,28,11,Yes
1375,2024-03-13,8,27,15,No
1650,2024-01-24,4,36,10,Yes
3129,2024-03-10,4,44,3,No
1680,2024-05-02,4,47,13,Yes
102,2024-12-17,8,53,2,No
722,2024-04-03,5,18,7,Yes
1678,2024-01-12,3,30,5,No
996,2024-10-21,6,29,4,Yes
3021,2024-02-18,9,53,18,Yes
234,2024-05-08,4,15,6,No
3365,2024-12-18,4,1,24,No
355,2024-01-01,5,37,24,No
3730,2024-02-03,4,56,21,No
3538,2024-08-04,9,7,1,No
2225,2024-11-11,4,21,23,No
4178,2024-04-06,5,24,24,Yes
2843,2024-04-26,7,38,17,No
2311,2025-01-24,3,25,2,No
4001,2024-03-30,7,26,17,No
1812,2024-09-21,8,4,3,No
1516,2024-05-22,4,14,10,No
858,2024-05-30,9,45,14,No
3599,2024-03-11,9,31,24,No
1345,2024-04-18,5,16,17,No
2604,2024-06-01,7,43,24,Yes
2237,2024-09-10,1,50,19,No
2075,2024-12-03,9,40,2,No
4603,2024-02-06,8,12,23,Yes
3007,2024-11-05,1,4,23,No
3576,2024-10-29,7,36,17,Yes
922,2024-09-25,7,19,15,No
2961,2024-03-17,7,28,4,No
526,2024-11-07,7,2,17,Yes
2528,2024-01-05,9,51,17,No
4076,2024-12-10,8,8,19,Yes
4357,2024-09-04,8,53,3,No
4382,2024-06-18,6,55,24,Yes
4752,2024-06-13,8,44,2,No
387,2024-02-13,4,49,11,No
2470,2024-06-17,5,38,20,Yes
2425,2024-05-17,7,37,15,No
3192,2024-12-19,1,56,20,No
2861,2024-06-24,6,19,12,No
4546,2024-03-05,1,8,13,No
1858,2024-07-18,7,15,1,Yes
4668,2024-01-30,8,38,9,No
3635,2024-08-14,2,33,10,No
2955,2024-06-14,5,13,16,No
525,2024-08-11,5,21,12,Yes
1,2024-10-18,2,46,5,No
2680,2024-12-19,1,1,4,Yes
4320,2024-11-07,7,1,10,No
1699,2024-11-14,9,21,9,No
1965,2024-02-05,3,31,18,No
1013,2024-04-13,7,40,13,No
4361,2024-10-09,5,26,20,No
2788,2024-04-23,1,56,21,Yes
3675,2024-03-04,3,13,23,Yes
2121,2024-01-16,9,25,11,No
2167,2024-01-02,8,17,23,No
2823,2025-01-01,2,42,10,No
4385,2024-07-20,4,58,2,No
694,2024-05-25,2,29,8,Yes
2637,2024-05-05,2,59,18,No
3120,2024-04-19,3,30,11,No
1068,2024-12-10,3,6,8,No
3718,2024-03-20,3,48,5,No
88,2024-04-04,2,56,17,No
1235,2025-01-31,1,11,18,No
1038,2025-01-23,8,22,10,Yes
1814,2024-08-09,2,14,11,No
2204,2024-11-16,5,52,5,No
4330,2025-01-06,8,25,12,No
4599,2024-03-18,4,3,1,No
2201,2024-03-06,8,51,10,No
984,2024-09-09,5,13,1,No
209,2024-08-18,3,17,21,No
4805,2024-08-27,5,14,17,Yes
3322,2024-08-27,7,38,4,No
4492,2024-04-21,1,30,23,No
164,2024-04-14,3,31,23,No
3519,2024-02-08,7,13,20,Yes
1068,2024-07-31,7,10,11,No
2556,2025-01-06,1,8,2,Yes
2990,2024-09-16,5,40,20,Yes
1404,2024-12-24,3,6,10,Yes
659,2024-01-18,7,50,11,Yes
359,2024-07-22,3,35,6,No
3280,2024-07-24,1,19,7,Yes
4485,2024-06-01,9,39,8,Yes
4237,2025-01-08,4,51,19,Yes
3405,2024-09-01,7,1,23,Yes
1569,2024-01-15,6,45,22,Yes
574,2024-08-14,5,59,1,No
1288,2024-01-02,4,29,23,No
1101,2024-04-16,8,3,12,No
2216,2024-10-12,8,30,10,No
1088,2024-07-04,9,50,19,No
2752,2024-01-27,4,46,8,No
420,2024-05-01,9,44,22,No
4691,2024-07-12,5,30,22,No
3144,2024-01-18,9,47,15,No
3542,2024-06-20,1,53,8,No
513,2024-11-10,6,1,20,No
3555,2024-06-09,1,7,11,Yes
2439,2024-03-27,8,45,13,No
3606,2024-11-15,3,24,6,Yes
4905,2024-09-14,1,10,9,No
4342,2024-06-04,2,4,6,No
1337,2024-03-10,4,15,4,Yes
967,2024-11-18,2,3,6,No
4178,2024-05-27,9,16,8,No
3404,2024-02-13,3,33,19,No
2491,2025-01-07,4,9,6,No
4415,2024-01-20,1,2,7,No
477,2024-11-23,3,5,11,No
1384,2024-08-30,4,19,22,Yes
4668,2024-12-28,9,39,21,Yes
2598,2024-06-01,6,4,7,No
2223,2025-01-07,3,39,2,Yes
2078,2024-01-28,3,49,10,No
559,2024-03-08,1,2,11,No
3576,2024-09-10,4,16,3,Yes
4578,2024-05-18,4,40,5,No
79,2024-01-10,9,31,22,Yes
3533,2024-12-11,7,53,24,No
407,2024-11-27,3,39,4,No
734,2024-08-10,9,3,1,Yes
1963,2024-08-30,4,53,3,No
2015,2025-01-23,6,23,23,No
3168,2024-07-06,6,52,9,No
4942,2024-09-16,2,9,9,No
2229,2024-03-26,2,26,3,Yes
2147,2024-08-07,2,38,19,No
4146,2024-08-20,1,32,1,No
3657,2024-08-03,4,3,19,No
4931,2024-03-11,3,38,22,No
3119,2024-07-09,7,14,7,No
3163,2024-10-18,9,36,24,No
2086,2024-01-02,2,16,6,No
2809,2024-08-08,7,29,12,No
4875,2024-03-22,8,55,24,No
2418,2024-01-08,3,41,20,No
1494,2024-01-21,6,50,16,No
1384,2024-05-05,8,10,20,No
1414,2024-12-27,4,6,19,Yes
672,2024-07-26,7,32,3,No
1340,2024-04-07,5,39,7,Yes
4916,2024-09-17,5,40,12,Yes
2639,2024-12-05,1,9,19,Yes
640,2024-07-01,6,9,14,No
556,2024-11-20,4,15,16,Yes
1892,2024-07-25,1,43,19,Yes
3168,2024-05-14,1,10,17,No
1207,2024-07-29,6,42,8,Yes
3749,2025-01-08,4,33,18,No
3219,2024-02-06,3,3,15,No
2653,2024-05-24,7,39,14,No
420,2024-10-20,4,21,13,No
1022,2024-08-17,3,43,18,Yes
58,2024-05-16,7,56,7,Yes
3813,2024-06-10,4,56,21,No
2202,2024-10-31,4,48,10,No
3925,2024-09-05,4,23,23,Yes
3985,2024-11-26,7,52,23,Yes
3180,2024-10-27,7,58,7,No
273,2024-04-16,6,38,24,No
3777,2024-02-23,7,58,1,No
2974,2024-09-24,1,11,20,No
4463,2024-04-21,8,2,6,Yes
4329,2024-10-27,1,31,11,Yes
5000,2024-12-23,4,12,4,No
1004,2025-01-29,7,30,4,No
4796,2024-10-19,5,16,16,No
3372,2024-12-13,3,49,1,No
2647,2024-09-05,3,6,18,No
4076,2025-01-18,2,21,6,No
1702,2024-10-21,5,10,19,No
1306,2024-10-04,4,4,3,Yes
2110,2024-12-28,4,30,21,Yes
1847,2024-05-22,6,2,17,No
486,2024-11-02,4,25,6,No
4473,2024-02-09,2,47,21,Yes
4571,2024-05-11,2,20,14,Yes
896,2024-11-02,7,15,14,No
342,2024-12-27,2,11,11,Yes
4830,2024-09-16,8,59,18,No
4962,2024-08-06,2,35,15,Yes
445,2024-01-18,2,29,13,Yes
4057,2024-10-28,7,32,12,No
4770,2025-01-13,5,39,14,No
46,2024-11-13,7,31,10,Yes
4400,2024-06-10,5,30,12,No
4509,2024-06-09,5,39,19,No
657,2024-01-08,4,5,22,No
1121,2024-05-24,5,30,22,No
913,2024-11-01,2,45,11,Yes
3273,2024-12-25,5,19,17,Yes
472,2024-12-04,7,46,16,Yes
1916,2024-04-16,6,31,22,No
4501,2024-03-14,9,49,23,Yes
2329,2024-08-01,3,26,19,No
2274,2025-01-31,8,36,2,No
4206,2024-08-11,4,15,9,Yes
652,2024-05-31,2,6,19,No
4472,2024-04-20,1,39,15,Yes
2838,2024-03-06,9,42,9,No
3301,2024-03-08,3,54,17,Yes
1209,2025-01-16,4,34,5,No
652,2024-04-23,2,29,6,No
4305,2024-10-29,5,15,14,Yes
1632,2024-05-11,8,32,16,Yes
3914,2024-07-14,3,20,21,Yes
948,2024-02-21,6,22,5,No
2973,2024-03-07,7,51,22,Yes
2682,2024-02-21,7,4,24,No
2452,2024-03-21,8,36,12,Yes
289,2025-01-02,5,8,13,Yes
289,2024-10-07,4,3,6,No
4123,2024-10-26,4,16,8,Yes
167,2024-12-26,8,53,1,No
3675,2024-09-30,3,1,15,Yes
1344,2024-11-29,3,22,11,Yes
2155,2024-02-08,9,39,16,No
3030,2024-12-04,3,57,2,No
4668,2024-02-23,1,2,13,No
3323,2024-06-17,6,12,16,Yes
933,2024-11-11,1,39,7,No
1877,2024-05-27,9,40,4,No
3730,2024-10-14,8,23,6,Yes
2906,2024-06-22,8,22,20,No
1460,2024-04-26,6,10,1,No
108,2024-05-08,8,21,18,Yes
4143,2024-01-09,9,59,16,Yes
2539,2024-01-03,8,34,12,No
2886,2024-12-24,9,33,7,No
3762,2024-02-07,8,31,19,No
492,2024-04-03,9,22,11,Yes
2575,2024-12-16,8,11,23,No
2326,2024-08-18,7,35,16,No
4437,2024-08-11,2,5,15,No
3957,2025-01-14,8,53,20,No
4028,2024-12-23,2,4,2,No
60,2024-03-24,9,34,6,No
3574,2024-03-11,6,32,1,No
4002,2024-04-08,4,39,5,Yes
4441,2024-10-29,5,42,14,No
4757,2024-09-28,1,9,19,Yes
4832,2024-12-26,2,6,12,Yes
4882,2024-06-04,4,59,21,No
2760,2024-09-11,4,12,13,Yes
633,2024-06-02,2,30,17,No
1039,2024-03-29,5,41,10,Yes
3852,2024-11-22,9,21,24,No
4505,2024-03-23,2,28,12,No
1334,2024-06-23,3,28,24,No
1075,2024-07-22,1,4,9,No
3081,2025-01-01,1,51,17,Yes
2282,2024-08-24,1,45,21,No
877,2025-01-17,1,24,5,No
1526,2024-09-15,3,45,6,Yes
4024,2024-12-22,5,17,22,Yes
4442,2024-09-08,1,53,4,No
644,2024-02-02,5,35,3,Yes
1951,2024-09-19,3,19,12,No
200,2025-01-31,3,41,18,Yes
1542,2024-09-13,1,5,5,No
2428,2024-09-26,5,31,19,Yes
3170,2024-03-13,1,3,23,Yes
449,2024-03-06,2,1,2,No
3862,2024-04-14,2,25,4,No
3414,2024-08-18,5,21,14,No
1281,2024-09-26,7,2,21,No
3085,2024-11-25,2,45,15,No
1718,2024-10-06,4,43,23,No
1000,2024-11-28,8,55,9,No
2036,2024-09-04,2,1,19,Yes
4505,2024-01-30,1,11,19,No
3396,2024-06-17,3,5,1,No
3358,2024-12-02,5,21,15,No
2590,2024-10-06,1,19,7,No
4083,2024-05-28,9,42,21,No
2719,2024-02-04,8,29,7,Yes
1542,2024-07-17,5,8,7,Yes
1915,2024-09-24,7,40,13,No
1279,2024-01-26,4,33,20,No
3414,2024-07-15,4,18,6,Yes
4922,2024-12-23,7,12,17,Yes
3196,2024-02-09,3,52,5,No
4595,2025-01-09,6,29,2,No
2017,2024-04-12,9,57,19,No
922,2024-12-23,8,13,13,Yes
3981,2025-01-05,5,33,17,Yes
1028,2024-05-10,9,43,3,Yes
3678,2024-10-21,1,26,12,No
4505,2024-11-24,4,16,15,Yes
3318,2024-07-08,8,5,1,Yes
4557,2024-07-24,1,34,13,No
3428,2024-06-05,2,32,12,No
2264,2024-08-27,8,42,22,Yes
443,2025-01-17,5,26,7,Yes
828,2024-10-21,4,15,1,Yes
2702,2024-11-02,7,25,20,Yes
598,2024-10-01,6,41,21,No
2057,2024-05-18,3,42,9,No
4781,2024-07-19,6,9,17,No
3309,2024-01-13,6,39,17,Yes
3446,2025-01-20,3,52,8,No
4359,2024-12-13,7,47,16,No
3948,2024-06-15,9,7,1,Yes
758,2024-09-20,3,36,15,Yes
2462,2024-08-07,1,16,9,No
172,2024-12-17,1,54,13,No
1320,2024-08-15,6,5,10,No
1664,2024-11-15,1,21,3,Yes
542,2024-05-17,8,47,12,Yes
4199,2024-10-17,1,21,7,Yes
4106,2025-01-31,6,19,15,No
1803,2024-07-17,1,55,4,No
884,2024-04-08,8,5,7,No
4788,2024-12-13,3,24,1,No
3704,2024-10-04,5,29,9,No
197,2024-05-03,8,50,14,No
2088,2024-01-02,9,20,24,Yes
940,2024-11-13,2,56,16,No
4734,2024-08-15,7,55,23,No
3386,2024-03-19,2,27,16,No
3323,2024-04-13,6,41,5,Yes
2044,2024-07-21,4,15,1,Yes
2803,2024-03-02,9,34,19,No
206,2024-01-26,1,35,15,No
350,2024-10-05,2,25,15,No
2006,2024-01-31,2,34,17,No
1406,2024-10-20,7,29,24,Yes
1042,2024-03-13,3,59,10,Yes
500,2024-08-01,1,28,12,No
2226,2024-02-12,4,7,14,No
3984,2024-07-15,6,5,2,Yes
1572,2024-07-24,7,55,22,Yes
2736,2024-03-08,1,27,20,No
4858,2024-01-04,6,34,14,Yes
934,2024-02-20,1,10,3,No
3669,2024-08-02,2,18,12,No
3022,2024-06-14,5,51,20,Yes
2782,2024-07-01,3,32,15,No
2204,2024-06-12,8,57,10,Yes
3805,2025-01-10,8,59,19,Yes
1626,2024-08-18,8,37,17,No
3838,2024-12-16,2,23,22,No
428,2024-09-16,9,5,14,Yes
2080,2024-07-27,7,23,10,Yes
280,2024-05-22,3,46,11,No
4360,2024-06-18,4,27,23,No
3990,2024-09-12,9,58,16,No
3650,2024-12-06,1,46,21,No
2063,2024-09-24,6,19,8,Yes
2944,2024-07-23,4,5,3,Yes
4725,2024-06-14,2,34,3,Yes
1037,2024-06-16,6,22,8,No
4214,2025-01-19,1,31,19,No
2984,2025-01-23,9,10,21,No
88,2024-07-02,5,54,8,No
4077,2024-09-09,3,25,18,Yes
3402,2024-06-29,1,18,23,Yes
1773,2024-02-21,9,25,18,No
4045,2024-03-29,3,57,14,No
1653,2024-05-10,8,9,16,No
2542,2024-08-28,1,14,20,No
981,2024-08-08,8,18,14,Yes
2675,2024-05-20,9,17,23,No
1486,2024-01-03,7,28,4,No
1172,2024-01-04,2,39,22,Yes
761,2024-01-27,8,25,20,Yes
2396,2024-07-16,9,48,7,Yes
1528,2024-09-25,8,59,21,Yes
3634,2024-08-16,7,23,6,Yes
3693,2024-06-21,8,43,24,Yes
4195,2024-09-23,4,26,6,Yes
3595,2024-07-31,1,1,4,No
3181,2024-09-28,4,21,6,Yes
2449,2024-03-08,2,51,23,No
3112,2024-05-29,3,2,9,Yes
4538,2024-12-15,2,15,22,No
449,2024-01-30,5,19,6,No
840,2024-07-01,6,13,12,Yes
3275,2024-02-06,1,32,20,Yes
3500,2024-07-31,6,4,17,Yes
2705,2024-07-14,8,28,18,Yes
3359,2024-06-29,6,43,12,No
4151,2024-05-10,2,49,20,No
740,2024-06-15,3,7,19,No
2739,2024-02-24,4,57,19,Yes
229,2024-03-19,8,14,10,Yes
3290,2024-03-30,9,29,13,No
2924,2024-05-11,2,28,10,Yes
4939,2024-06-03,9,22,13,Yes
271,2024-05-13,8,51,6,Yes
1709,2024-02-05,5,29,3,Yes
817,2025-01-29,1,41,10,No
583,2024-09-19,4,55,10,No
3385,2024-10-28,4,45,16,No
2060,2024-11-09,7,45,14,Yes
1817,2024-08-29,8,38,20,Yes
2214,2024-05-31,5,7,18,No
3335,2024-01-03,8,49,12,Yes
3353,2024-03-14,8,53,8,Yes
4899,2024-04-13,5,47,5,No
2265,2024-04-13,7,57,3,Yes
656,2024-09-27,9,59,23,No
1724,2024-07-27,8,30,18,No
4998,2024-09-30,5,59,4,No
789,2024-08-06,6,47,19,No
3399,2024-01-09,2,54,4,No
27,2024-09-19,8,38,1,Yes
1467,2024-04-29,6,8,8,No
4922,2024-06-11,9,32,15,No
2545,2024-08-28,6,5,14,No
2862,2024-01-22,5,13,21,Yes
1409,2025-01-08,8,59,2,No
4373,2024-02-02,2,48,15,Yes
1450,2024-08-19,5,32,17,Yes
300,2024-01-11,7,17,9,No
3213,2024-05-05,4,54,8,Yes
2475,2024-07-28,5,15,23,Yes
1387,2024-04-09,3,42,23,No
3874,2024-01-24,5,7,18,Yes
3278,2024-11-14,4,13,24,Yes
1791,2024-06-01,5,43,19,No
3241,2024-05-17,4,56,11,No
4687,2024-03-19,2,50,4,No
3059,2024-04-18,7,24,21,No
1273,2024-09-19,2,18,8,Yes
3101,2024-11-25,2,31,3,No
3395,2024-07-29,9,55,24,Yes
1286,2024-02-01,6,22,22,No
202,2024-03-29,3,13,1,Yes
2629,2024-01-24,3,11,24,Yes
599,2024-12-21,5,21,7,Yes
109,2024-06-19,9,52,1,No
2006,2025-01-09,6,52,2,No
3371,2024-01-25,5,55,11,No
4279,2024-10-03,8,18,19,No
4848,2024-11-09,5,1,7,Yes
400,2025-01-11,9,41,17,No
2501,2024-09-30,6,46,15,No
4078,2024-04-24,7,36,21,No
262,2024-01-16,3,5,4,Yes
3851,2024-11-07,7,9,7,No
3536,2024-05-22,4,55,14,No
2958,2025-01-17,8,55,9,No
976,2024-02-05,1,7,12,No
3751,2024-04-18,3,6,14,No
4276,2024-05-17,7,25,13,No
3079,2024-12-08,3,17,8,Yes
3820,2024-10-23,5,55,4,No
3330,2024-01-07,9,51,24,No
1961,2024-10-25,5,38,11,No
1713,2025-01-29,5,1,20,Yes
3333,2024-08-09,9,51,23,No
102,2024-11-22,1,4,10,No
4272,2024-02-03,8,33,20,Yes
3066,2024-11-06,7,56,8,No
2274,2024-08-31,6,27,13,Yes
2696,2024-11-01,8,58,6,No
2364,2024-09-05,3,6,2,No
2400,2024-10-21,9,30,8,Yes
2548,2024-09-06,5,37,18,No
1389,2024-03-10,8,35,17,Yes
4600,2024-05-19,4,59,19,No
970,2024-06-21,7,4,8,No
1669,2024-03-19,8,57,8,Yes
3849,2024-10-11,5,49,19,No
1427,2024-05-17,3,52,5,No
1645,2024-02-26,8,24,11,No
2409,2024-04-17,7,36,19,Yes
4369,2024-07-04,4,37,21,No
3013,2024-07-18,2,28,2,Yes
3419,2024-11-08,1,12,8,Yes
1170,2024-05-18,9,51,5,Yes
4509,2024-09-26,1,37,1,No
299,2024-01-07,9,13,3,Yes
1782,2024-06-01,9,55,3,No
1358,2024-06-11,6,58,22,Yes
1537,2024-01-22,4,21,20,No
1144,2024-08-25,2,47,3,No
2994,2024-04-14,8,50,15,No
847,2024-06-30,5,26,15,No
3754,2025-01-20,6,34,12,No
1990,2025-01-29,6,36,14,No
4084,2024-07-12,5,42,20,No
4377,2025-01-19,7,9,21,Yes
1082,2024-12-19,9,53,18,Yes
1828,2024-09-08,1,43,14,Yes
68,2024-06-02,3,11,8,No
2745,2024-09-17,2,55,20,No
3850,2024-01-08,6,18,15,No
1538,2024-10-20,4,28,21,Yes
4908,2024-06-13,4,26,24,Yes
4973,2024-09-12,9,26,22,Yes
243,2024-11-23,6,54,23,No
3959,2024-11-23,1,7,6,No
3262,2024-04-24,8,24,13,No
4182,2024-10-20,2,25,23,No
3824,2024-05-08,4,19,13,No
1493,2024-12-12,1,33,22,Yes
4917,2024-01-10,8,45,16,Yes
986,2024-06-21,6,26,19,No
3860,2024-10-26,7,56,1,No
2826,2024-11-17,6,17,24,Yes
4286,2025-01-24,9,28,22,No
3157,2024-10-07,6,56,9,No
1558,2024-01-24,7,18,22,Yes
4846,2024-03-12,3,25,22,Yes
3952,2024-12-02,9,11,24,Yes
1539,2024-08-09,5,2,1,No
2380,2024-01-01,7,19,5,No
627,2024-03-27,8,38,10,Yes
727,2025-01-02,2,37,12,Yes
2762,2024-11-11,3,47,1,No
2721,2024-05-08,2,2,24,No
2851,2024-05-18,1,32,8,Yes
818,2024-03-16,3,48,16,No
372,2024-11-29,9,37,19,Yes
3456,2024-01-23,7,3,18,Yes
1952,2024-04-29,1,30,9,No
1824,2024-02-16,3,43,22,No
984,2024-06-30,2,21,9,No
2139,2024-09-28,5,46,1,No
4359,2024-11-03,7,47,8,Yes
909,2025-01-25,7,33,2,Yes
3751,2024-03-12,4,5,12,Yes
2234,2024-06-19,4,5,12,No
2482,2024-09-23,9,51,9,Yes
4921,2024-05-23,9,32,16,Yes
4996,2024-11-08,9,36,23,No
3721,2024-01-09,3,11,2,No
4638,2024-08-27,6,52,20,No
2423,2024-04-07,8,30,20,No
855,2024-06-08,8,17,10,Yes
2389,2024-03-19,9,45,10,No
4653,2024-01-21,3,59,22,Yes
2681,2024-04-26,3,53,1,Yes
881,2024-02-19,8,38,4,No
2216,2024-10-15,3,21,19,No
2089,2025-01-15,9,17,5,Yes
2837,2024-08-13,9,22,22,Yes
2124,2024-12-06,5,1,3,No
79,2024-08-23,6,14,5,Yes
837,2024-08-29,3,42,14,No
4212,2024-05-26,9,16,11,No
3392,2024-09-29,9,8,10,No
2126,2024-08-11,4,18,21,Yes
719,2024-08-23,4,4,21,No
402,2024-07-04,4,43,13,No
4276,2024-11-08,4,8,1,Yes
2410,2024-07-06,9,4,21,No
2151,2024-02-28,7,23,18,Yes
2672,2024-12-02,9,11,17,Yes
1332,2024-06-07,6,53,20,No
4602,2024-02-04,7,51,12,No
4761,2024-09-19,5,36,3,No
1839,2024-08-05,6,29,13,Yes
117,2025-01-12,6,58,13,No
1543,2024-05-16,2,18,6,Yes
1068,2024-12-17,3,42,21,No
1860,2024-09-24,2,1,24,Yes
4093,2025-01-04,6,28,6,No
2718,2024-03-22,7,58,6,No
1408,2024-04-13,6,49,19,No
4492,2024-01-02,8,59,11,Yes
1665,2024-09-13,4,9,21,No
2926,2024-09-24,3,24,4,Yes
2765,2025-01-21,2,9,5,No
3666,2025-01-05,7,55,1,No
3018,2024-03-07,7,18,6,No
992,2024-11-06,2,20,19,Yes
4578,2024-06-12,5,42,8,Yes
1169,2024-11-24,4,19,5,Yes
2178,2024-09-23,9,14,9,Yes
4197,2024-07-21,3,46,9,Yes
2478,2024-12-22,3,10,7,No
4000,2024-09-20,7,30,9,No
226,2024-05-21,2,25,13,No
588,2024-02-24,4,36,8,Yes
4622,2024-10-19,9,30,17,Yes
3414,2024-08-03,9,6,21,Yes
2269,2024-03-22,9,16,1,No
3699,2024-05-05,2,9,20,Yes
4673,2024-11-27,1,8,7,No
2985,2025-01-27,1,26,10,Yes
3707,2024-04-22,5,49,4,No
447,2024-03-27,8,12,22,Yes
2815,2024-08-07,1,26,16,No
3252,2024-01-16,6,36,2,Yes
272,2025-01-12,3,55,17,No
478,2024-11-25,3,35,3,No
4156,2024-07-03,8,48,4,Yes
4843,2025-01-04,7,49,7,No
2720,2024-10-07,7,22,10,No
4635,2024-07-11,6,29,16,No
2829,2025-01-01,3,24,2,No
4442,2024-11-14,3,34,7,Yes
2094,2025-01-22,9,28,23,No
1557,2024-05-23,9,9,21,No
1823,2024-03-25,6,25,18,Yes
781,2024-08-23,8,54,8,No
705,2024-08-03,4,28,23,No
4864,2024-09-03,3,46,6,No
479,2024-05-29,5,51,5,Yes
4179,2024-09-21,1,8,12,Yes
4032,2024-04-17,9,57,2,Yes
2435,2024-02-20,8,34,20,No
1582,2024-08-15,4,40,6,No
129,2024-04-08,1,50,10,No
4804,2024-12-24,2,9,10,No
2380,2024-01-02,6,49,5,No
1230,2024-07-15,9,45,5,No
4256,2024-07-25,3,36,12,Yes
1846,2024-04-03,6,5,9,No
548,2024-10-29,4,4,17,No
4710,2024-04-19,2,44,15,Yes
3369,2024-12-02,7,42,11,Yes
4936,2024-11-24,4,28,24,No
4555,2024-12-14,3,12,20,Yes
4739,2024-02-14,7,41,10,No
3846,2024-07-09,5,25,7,No
25,2024-02-17,7,26,5,No
1029,2024-09-28,6,19,24,Yes
2978,2025-01-26,6,27,10,Yes
2348,2024-02-16,7,33,4,No
3461,2024-08-27,9,2,5,Yes
1961,2024-10-03,3,41,21,Yes
2015,2024-09-13,2,46,6,No
1441,2024-03-17,9,49,1,Yes
3524,2024-05-30,1,28,16,Yes
1020,2024-03-16,3,45,18,No
969,2024-07-14,3,12,16,Yes
1220,2024-07-04,8,35,12,No
8,2024-06-23,8,44,14,No
1190,2024-10-15,7,52,20,Yes
424,2024-06-08,9,33,1,No
3991,2024-07-31,5,1,6,Yes
2097,2024-11-14,6,22,17,Yes
2263,2024-10-07,5,42,1,Yes
2530,2024-10-30,3,49,15,No
3542,2024-01-12,3,56,11,Yes
2335,2024-08-03,9,21,5,No
676,2024-03-19,9,19,12,No
2475,2024-04-30,5,30,24,Yes
177,2024-03-09,5,52,4,Yes
1955,2024-08-23,6,32,5,No
59,2025-01-06,5,31,21,Yes
1480,2024-03-14,5,54,1,No
138,2024-04-22,7,56,17,Yes
4416,2024-11-30,4,41,15,Yes
1594,2024-08-30,7,53,10,No
1116,2024-03-01,4,53,18,Yes
38,2024-08-18,2,7,8,No
4682,2024-11-15,4,52,24,Yes
2215,2024-09-14,7,49,9,Yes
423,2024-10-23,4,50,17,Yes
4514,2024-01-14,4,25,10,No
1861,2024-03-18,1,30,2,No
913,2024-03-28,6,41,16,Yes
2283,2024-04-26,7,30,7,Yes
2799,2024-08-29,9,43,4,No
924,2024-12-13,1,16,2,No
3535,2024-10-20,4,16,15,No
3605,2024-01-29,9,58,2,Yes
1181,2024-01-19,2,33,14,Yes
836,2024-12-28,5,10,23,No
2266,2025-01-25,3,36,2,Yes
717,2024-08-07,9,19,6,No
3093,2024-06-10,8,11,7,No
498,2024-05-19,7,46,23,Yes
261,2024-12-31,9,20,17,No
1554,2024-10-04,3,22,19,No
1461,2024-11-17,5,29,1,No
2482,2024-11-22,9,56,17,Yes
4697,2024-08-17,9,2,10,Yes
2408,2024-01-29,7,55,11,Yes
652,2024-12-09,2,58,8,No
1297,2024-10-09,3,24,5,Yes
2685,2024-05-23,2,9,16,No
3581,2024-08-26,3,39,22,No
4284,2024-08-16,8,23,4,No
149,2024-10-24,7,2,20,No
2755,2024-06-14,4,59,19,Yes
1591,2024-12-26,9,1,20,No
3929,2024-05-12,6,50,18,No
2668,2024-02-06,4,13,24,No
1890,2024-11-17,9,41,17,No
419,2024-08-15,8,17,17,No
171,2024-08-03,2,43,12,Yes
470,2024-09-11,2,50,6,No
1095,2024-06-09,9,10,5,Yes
583,2024-06-09,8,14,10,Yes
3187,2024-04-13,6,19,1,No
3964,2024-10-30,4,3,5,Yes
4945,2024-09-25,7,34,2,Yes
1848,2024-02-09,4,38,8,No
679,2024-10-05,7,33,16,No
1737,2024-10-03,9,52,20,Yes
4012,2024-11-15,9,19,4,Yes
3870,2024-12-16,3,34,9,No
4302,2024-01-21,8,21,22,Yes
1830,2024-08-19,4,24,12,No
1352,2025-01-18,4,59,2,No
230,2024-04-17,5,37,21,No
1546,2024-08-24,9,21,9,No
2736,2024-09-20,9,10,21,Yes
3084,2024-02-03,7,44,15,No
216,2024-06-29,4,34,1,No
2293,2024-10-25,1,17,4,No
4213,2024-02-03,5,7,8,No
1027,2024-06-13,1,58,20,No
3361,2024-09-09,1,46,15,Yes
1788,2024-11-04,7,1,3,Yes
3794,2024-01-30,5,3,2,Yes
2395,2024-10-12,6,33,14,No
690,2024-10-24,1,23,5,No
3561,2024-06-03,3,38,7,No
1749,2024-07-08,6,52,19,No
3325,2024-09-18,8,1,2,Yes
3371,2024-11-07,7,37,13,No
241,2025-01-25,9,13,4,No
4431,2024-12-30,1,7,15,No
1580,2024-11-17,6,34,24,No
319,2024-07-18,9,48,8,No
537,2024-03-26,3,55,1,Yes
548,2024-07-26,5,57,4,Yes
4472,2024-10-08,4,27,9,No
1112,2024-04-17,6,25,8,Yes
2813,2024-09-15,8,55,1,No
3405,2024-05-14,7,15,22,Yes
2653,2024-10-08,7,59,13,Yes
1202,2024-09-19,4,16,12,No
4634,2024-08-14,5,29,24,No
2945,2024-07-29,1,53,6,No
1245,2024-04-15,6,31,10,No
3847,2024-09-25,8,56,21,Yes
2345,2024-01-12,4,54,17,No
1732,2024-03-20,7,3,21,Yes
2477,2024-01-09,1,25,19,No
4305,2024-12-16,5,11,5,No
3503,2024-09-02,5,40,22,No
1709,2024-07-23,4,53,22,No
422,2024-02-10,6,42,4,No
4514,2024-03-18,6,29,1,No
2807,2024-05-01,3,54,23,No
2602,2024-10-30,9,39,8,Yes
359,2024-07-23,3,1,20,No
881,2024-12-14,9,47,6,Yes
1069,2024-02-25,8,58,10,No
250,2024-04-02,9,18,13,Yes
2178,2024-02-28,1,9,20,Yes
2033,2024-11-19,3,3,14,No
4630,2024-12-07,8,15,8,Yes
644,2024-11-04,4,11,22,No
3617,2024-01-15,9,5,13,No
4458,2024-11-19,4,59,2,Yes
3534,2024-06-19,1,13,8,Yes
1749,2025-01-12,8,39,19,No
3275,2024-02-15,2,3,17,No
4590,2024-10-07,3,30,6,No
1682,2024-10-06,5,37,16,No
574,2024-02-21,3,22,1,Yes
3075,2024-03-20,1,39,14,Yes
4664,2024-10-17,9,45,4,Yes
670,2024-11-27,7,58,11,Yes
4042,2024-10-03,5,6,20,No
1458,2024-09-24,4,47,20,No
1904,2024-11-25,2,11,9,Yes
1532,2024-07-17,4,42,9,Yes
1521,2024-12-01,7,45,7,No
3014,2025-01-25,2,39,14,No
1657,2024-02-20,6,13,20,No
3629,2024-09-18,5,9,22,Yes
4267,2025-01-27,5,12,15,No
4689,2024-03-09,3,22,24,No
1668,2024-01-14,3,28,8,Yes
2582,2024-11-28,1,26,12,Yes
850,2024-09-07,4,32,15,No
864,2024-01-04,1,54,21,Yes
1073,2024-07-24,2,32,12,Yes
2900,2024-07-17,4,23,18,Yes
4775,2025-01-01,5,40,1,No
4356,2025-01-24,5,44,19,No
637,2024-11-01,7,9,10,Yes
5,2024-01-19,8,24,5,No
231,2024-03-01,9,46,21,Yes
1006,2024-01-25,6,5,13,No
3486,2024-08-20,8,33,1,Yes
3305,2024-10-27,2,38,15,Yes
1583,2024-03-08,4,19,2,No
3320,2024-04-22,2,30,7,No
4704,2024-09-03,3,16,3,Yes
280,2024-03-16,3,55,1,No
3448,2024-10-28,3,53,21,No
1873,2024-10-11,9,30,20,Yes
3516,2024-03-14,3,20,3,No
1999,2024-07-17,8,33,24,Yes
4867,2024-10-10,1,2,17,No
1536,2024-11-06,4,41,10,No
2971,2024-04-28,9,35,4,Yes
940,2024-04-24,2,4,23,No
3913,2024-05-20,8,59,23,Yes
4356,2024-12-27,9,12,8,Yes
3170,2024-09-18,8,57,13,No
1667,2024-12-05,5,50,20,Yes
3295,2024-08-11,6,57,4,No
3556,2024-12-04,8,43,23,No
3836,2024-06-04,7,18,12,No
1595,2024-11-07,1,7,13,No
594,2024-08-20,3,51,20,No
3121,2024-01-24,7,54,5,Yes
4402,2024-05-04,5,43,9,Yes
2455,2024-12-31,5,39,7,Yes
2406,2024-06-10,6,13,1,No
2091,2024-01-23,3,57,14,No
936,2024-08-03,9,16,1,Yes
2743,2024-09-08,3,59,23,No
2532,2024-06-16,7,8,7,No
1396,2024-08-23,9,58,18,No
2376,2024-09-18,5,42,1,No
2579,2024-11-10,2,44,21,No
2181,2024-07-30,6,11,4,Yes
3626,2024-09-22,4,57,5,Yes
2352,2025-01-08,5,32,14,Yes
1769,2024-04-25,1,48,7,No
4315,2024-04-07,3,41,12,Yes
1803,2024-06-22,1,16,11,No
2724,2024-06-30,6,33,19,Yes
4167,2024-12-19,2,36,7,No
2868,2024-08-16,9,26,17,No
3214,2024-01-07,2,11,20,No
4419,2024-09-06,2,10,8,No
988,2024-08-14,1,36,21,Yes
2483,2024-04-30,7,13,1,Yes
938,2025-01-13,4,57,9,No
341,2024-02-21,3,49,22,Yes
4535,2025-01-27,2,30,11,Yes
3404,2024-03-28,3,55,21,No
2538,2024-12-02,5,21,16,Yes
1837,2024-04-21,6,52,10,No
1233,2024-02-21,9,14,5,Yes
1386,2024-06-14,4,51,5,Yes
1765,2024-06-17,1,25,2,No
2280,2024-06-23,6,46,17,Yes
1610,2024-11-19,6,23,23,Yes
1683,2024-01-22,6,37,7,Yes
3980,2024-12-14,7,23,18,Yes
3671,2025-01-28,5,24,6,No
2942,2024-06-11,8,56,4,Yes
3928,2024-08-13,9,38,6,Yes
1568,2024-12-12,8,39,22,Yes
2872,2024-01-17,2,42,21,Yes
4821,2024-07-02,7,2,16,No
1982,2024-03-06,7,20,24,Yes
436,2024-11-25,1,52,9,No
4453,2024-02-17,5,9,24,Yes
3158,2024-09-25,1,5,15,No
545,2024-09-01,1,34,18,Yes
3115,2024-11-12,6,21,1,No
2891,2024-11-04,8,9,4,No
180,2024-12-11,7,37,22,Yes
2350,2025-01-13,2,20,6,No
2439,2024-04-23,2,51,21,No
275,2024-09-21,4,41,17,Yes
2112,2024-05-20,5,57,11,No
3121,2024-12-29,7,23,16,Yes
2476,2024-05-23,8,24,3,No
1183,2024-05-14,6,37,15,No
2000,2024-01-23,2,51,24,Yes
2705,2024-06-08,5,34,17,No
4790,2024-07-07,8,9,24,No
188,2024-09-17,2,22,17,No
2989,2024-10-02,1,27,2,Yes
200,2024-04-17,3,51,21,No
2551,2024-02-23,7,32,22,No
3259,2024-02-09,8,50,5,No
4568,2024-06-08,9,35,16,No
285,2024-02-02,6,56,24,No
2464,2024-06-06,1,32,13,Yes
1294,2024-09-04,3,47,8,No
3669,2024-01-27,7,30,13,Yes
4500,2024-11-29,1,17,22,No
1825,2024-12-25,7,8,23,No
3731,2024-02-22,7,58,11,Yes
213,2025-01-20,1,26,2,No
3458,2024-03-19,6,22,6,No
3342,2024-04-26,5,28,13,Yes
4872,2024-11-27,4,53,5,Yes
4344,2024-06-14,9,2,13,Yes
46,2024-01-26,7,1,13,No
3979,2024-04-11,5,35,17,Yes
4316,2024-07-24,3,40,19,Yes
801,2024-10-01,2,20,5,No
3931,2024-08-15,7,21,19,No
4484,2024-02-28,3,37,19,No
3657,2024-06-15,9,50,8,No
775,2024-11-17,1,5,2,Yes
1848,2025-01-19,4,4,5,Yes
3810,2024-07-20,4,1,20,No
4442,2024-09-30,8,52,14,No
3942,2024-11-04,5,12,23,Yes
1411,2024-02-08,2,40,14,No
4444,2025-01-15,1,15,24,No
3958,2024-01-20,8,25,11,No
3105,2024-10-25,3,57,19,No
1717,2024-11-23,2,51,12,No
4005,2024-08-12,5,46,15,No
4182,2024-08-18,3,27,10,No
3729,2024-11-12,6,22,7,Yes
4628,2024-08-16,9,59,12,No
4700,2024-10-02,6,39,21,Yes
3292,2024-01-28,1,4,9,No
151,2024-03-13,7,25,17,No
2791,2024-04-28,9,8,19,No
4829,2024-11-23,7,5,2,Yes
3249,2024-06-03,5,8,7,No
3980,2024-11-17,8,48,9,No
3004,2024-05-16,9,9,3,No
3374,2024-07-01,7,50,2,No
2066,2024-08-06,5,44,24,No
964,2024-09-19,6,7,2,No
2561,2024-05-29,8,20,19,Yes
344,2024-05-14,7,31,16,No
1281,2024-07-29,8,15,6,No
1491,2024-08-30,1,33,12,No
3208,2024-10-21,5,35,22,No
3888,2024-05-30,8,48,16,No
2803,2024-01-13,7,9,22,No
146,2025-01-24,1,7,18,No
3815,2024-04-28,5,46,19,Yes
3690,2025-01-30,5,12,12,No
1535,2024-08-04,1,17,16,Yes
2015,2025-01-06,6,19,10,No
2262,2024-08-06,4,3,2,No
1631,2024-06-01,6,40,3,No
735,2024-01-12,9,13,13,Yes
1574,2024-02-03,7,28,19,Yes
1411,2024-08-09,1,29,7,No
4122,2024-04-21,3,38,10,Yes
2000,2024-03-09,5,41,22,No
2900,2024-11-09,9,30,21,No
814,2024-06-12,4,55,14,No
1495,2024-09-02,9,25,10,No
1059,2024-04-21,8,37,16,No
2973,2025-01-23,8,23,24,No
3686,2024-09-12,4,30,6,No
4103,2024-09-16,9,19,5,No
2375,2024-12-04,1,51,11,No
791,2024-04-16,8,50,6,No
1583,2024-03-01,8,16,1,No
4303,2024-06-30,9,57,12,Yes
18,2024-10-25,1,12,9,No
1262,2024-09-12,4,52,8,No
1869,2024-07-06,4,51,8,Yes
1423,2024-08-19,2,29,17,No
543,2024-12-27,3,15,19,No
3824,2024-03-23,3,23,11,Yes
4604,2024-11-03,2,26,22,No
1457,2024-12-26,7,28,7,Yes
3815,2024-12-08,4,30,18,No
2503,2024-03-16,4,40,24,No
3838,2024-12-05,1,12,22,Yes
4974,2024-08-12,9,59,12,No
2621,2024-04-29,7,55,12,Yes
3936,2024-02-23,5,53,9,No
4257,2024-09-17,9,30,24,Yes
4247,2024-07-20,2,16,11,Yes
4246,2024-10-13,1,10,3,No
4618,2025-01-31,3,6,5,Yes
2144,2025-01-15,2,37,1,No
1614,2024-04-16,2,6,2,Yes
3907,2024-12-29,5,48,19,No
427,2024-01-20,6,39,5,Yes
188,2024-03-10,1,17,10,Yes
3425,2024-10-16,7,50,1,No
2447,2024-02-15,8,58,6,Yes
1571,2024-06-18,6,27,10,No
3330,2024-10-13,5,2,11,Yes
4059,2024-07-07,3,15,13,Yes
4743,2024-12-27,6,32,14,No
1580,2024-12-04,2,28,9,No
1269,2024-06-04,3,40,17,No
4459,2024-11-24,7,14,2,Yes
1520,2024-03-24,7,49,12,Yes
314,2024-04-26,4,36,15,Yes
2567,2024-04-26,8,11,5,No
4038,2024-03-30,5,47,22,Yes
1615,2024-06-02,8,56,24,No
4983,2024-02-16,8,46,7,No
621,2024-07-11,1,30,17,No
646,2025-01-12,8,1,6,Yes
1522,2024-07-09,9,45,3,Yes
1642,2024-02-05,6,7,7,No
4525,2024-10-08,3,57,16,Yes
75,2024-06-26,7,14,11,No
3155,2024-11-16,7,47,17,No
3221,2025-01-13,4,48,8,Yes
598,2024-05-10,1,44,17,No
947,2024-10-02,5,47,9,No
2358,2024-05-06,1,19,5,No
74,2024-10-25,7,46,12,No
3286,2024-08-09,9,36,10,No
3585,2024-07-18,3,7,14,Yes
551,2024-01-13,9,29,8,No
4715,2024-08-26,9,38,8,Yes
4497,2024-04-16,6,2,24,No
835,2024-06-02,8,18,8,Yes
4881,2024-05-29,1,28,7,No
4272,2024-07-15,4,47,2,No
578,2024-08-29,5,30,12,No
2950,2024-12-29,6,18,6,Yes
993,2024-05-10,9,3,23,No
3231,2024-07-18,6,34,12,No
3539,2024-03-31,4,30,9,No
4165,2025-01-07,2,22,8,Yes
4498,2024-03-03,4,56,7,No
440,2024-06-25,7,33,4,Yes
2138,2025-01-15,9,28,24,No
4792,2024-11-19,3,20,15,Yes
1075,2024-10-20,6,26,5,Yes
4470,2024-07-01,7,11,21,Yes
3884,2024-10-05,7,40,3,No
2939,2024-05-25,1,9,5,Yes
1674,2024-11-28,3,46,1,No
1769,2024-02-12,3,35,20,Yes
276,2024-11-17,7,29,16,Yes
1303,2024-09-06,2,9,18,Yes
1388,2024-05-17,7,4,20,Yes
4639,2025-01-14,9,5,13,Yes
3052,2024-11-08,4,4,16,No
1612,2024-02-28,1,15,23,No
3799,2024-08-05,1,30,4,No
3532,2024-02-02,4,5,6,Yes
793,2024-08-14,3,48,18,No
3732,2024-01-02,8,7,5,No
525,2024-06-21,7,2,21,No
4227,2024-01-07,3,34,13,Yes
3266,2024-03-23,2,33,6,Yes
2182,2024-03-25,4,31,3,No
2430,2024-02-09,3,27,4,No
4680,2024-09-19,5,32,4,Yes
3209,2024-12-06,3,32,10,No
1202,2024-02-18,4,1,6,Yes
2612,2024-07-26,8,17,22,Yes
2049,2024-10-16,9,52,7,No
3689,2024-10-09,6,4,19,No
2994,2024-02-06,9,36,9,Yes
2280,2024-11-26,3,1,10,Yes
3825,2024-05-26,7,33,8,No
4377,2024-02-20,4,13,1,No
244,2024-04-26,2,45,8,Yes
2352,2025-01-25,5,9,11,No
232,2024-06-02,6,20,11,Yes
319,2024-05-20,6,32,3,No
3865,2024-12-07,3,55,21,Yes
2892,2024-09-02,9,32,24,No
2768,2024-07-16,2,52,2,No
3538,2024-12-23,5,34,9,Yes
3189,2024-01-30,8,53,17,Yes
4812,2024-12-27,6,29,10,Yes
95,2024-10-29,7,25,17,No
3319,2024-05-10,5,56,19,Yes
4953,2024-10-14,4,19,10,No
1171,2024-04-14,4,29,22,No
2172,2024-12-21,3,56,22,Yes
1092,2024-09-06,7,23,4,No
2936,2024-08-18,1,8,2,No
1995,2024-05-27,3,58,13,No
3920,2024-01-14,9,43,6,No
3430,2025-01-11,2,11,11,Yes
4242,2024-03-06,3,52,21,No
3408,2024-10-29,1,55,2,No
1958,2025-01-03,6,9,18,No
4911,2024-03-05,5,33,14,Yes
1868,2024-10-01,3,23,18,No
2932,2024-07-26,6,50,2,No
25,2024-05-27,9,4,20,No
1681,2024-12-06,6,39,10,No
4520,2024-11-22,3,36,13,Yes
627,2024-05-03,5,19,16,No
4627,2024-04-13,8,1,10,No
2237,2025-01-29,6,28,16,Yes
1742,2024-01-15,7,40,3,Yes
2123,2024-03-18,7,36,8,Yes
620,2024-08-05,5,21,23,Yes
55,2024-11-20,5,35,2,Yes
1765,2024-06-27,4,17,3,No
3432,2025-01-18,1,23,20,No
1372,2024-01-16,6,25,14,Yes
2728,2024-10-21,3,4,22,No
3606,2025-01-06,9,50,24,Yes
3497,2024-11-26,8,20,20,Yes
4301,2024-10-26,7,31,24,Yes
4975,2024-07-15,2,29,23,No
3128,2024-12-28,7,24,20,No
2507,2024-04-05,8,37,15,No
4424,2024-02-29,9,34,16,Yes
1097,2024-10-12,6,26,10,Yes
4182,2024-04-06,7,41,9,No
1968,2024-07-31,1,46,5,Yes
4949,2024-07-12,5,3,10,Yes
2176,2024-08-19,9,53,23,Yes
509,2024-08-23,7,4,7,Yes
4926,2024-03-04,2,49,19,No
505,2024-11-03,9,42,11,Yes
956,2025-01-17,9,6,11,No
4511,2024-07-12,7,19,16,Yes
3270,2024-07-31,4,42,19,No
2630,2024-07-30,3,26,24,No
2090,2024-08-10,8,46,10,Yes
4411,2024-02-09,8,39,23,Yes
3475,2024-01-01,2,19,13,No
4941,2024-03-12,1,37,10,No
2455,2024-06-09,4,33,1,No
3193,2025-01-17,3,48,8,No
2080,2024-07-20,5,24,4,Yes
3127,2024-05-03,4,10,1,Yes
4874,2024-05-22,6,47,23,No
2845,2024-03-30,7,41,13,No
1773,2024-01-17,9,48,9,No
4257,2024-03-09,4,5,8,Yes
625,2024-03-06,3,33,17,No
2357,2024-03-09,5,42,16,Yes
4397,2024-12-14,1,52,18,Yes
4688,2024-12-23,6,38,7,No
3629,2024-04-22,5,11,10,No
2834,2024-05-17,9,18,16,No
786,2024-11-10,1,3,4,No
236,2024-10-28,5,2,11,No
4996,2024-10-05,2,31,16,No
4132,2024-01-21,1,52,19,Yes
1209,2024-02-07,8,48,6,Yes
1881,2024-04-16,3,54,14,No
408,2025-01-06,3,49,22,No
3386,2024-08-12,4,15,9,Yes
1466,2024-08-04,6,40,20,No
834,2024-10-10,8,39,21,No
1265,2024-04-23,5,58,20,No
3610,2024-08-03,7,41,21,Yes
1702,2024-09-06,8,20,1,Yes
1536,2024-07-02,8,48,7,Yes
2607,2024-11-12,7,16,9,No
4541,2025-01-14,1,19,14,No
1256,2024-01-09,5,4,13,Yes
3545,2024-02-18,2,12,7,No
3232,2024-08-30,8,42,12,No
4347,2024-08-19,8,10,1,No
3945,2024-11-10,2,55,22,Yes
1108,2024-02-06,6,15,21,Yes
3276,2024-06-16,4,30,13,No
4084,2024-03-17,3,14,20,No
4390,2024-11-21,1,10,8,No
4080,2024-06-04,7,7,11,Yes
4138,2024-05-21,7,38,23,No
3048,2024-07-25,2,46,16,No
810,2024-03-02,2,57,3,No
3605,2024-05-20,6,16,1,No
2913,2024-05-30,2,57,20,Yes
4188,2024-01-14,6,35,20,No
4776,2024-11-11,7,53,7,No
344,2024-03-25,4,57,24,No
2335,2024-04-18,2,34,20,Yes
2143,2024-05-05,8,24,18,No
214,2024-06-28,1,40,7,No
4813,2024-02-02,9,16,16,No
2387,2024-08-22,8,33,2,No
3250,2024-06-04,3,26,22,Yes
97,2024-07-21,2,42,20,No
2676,2024-07-03,4,26,4,No
922,2024-08-10,8,52,11,Yes
3435,2024-06-06,2,23,2,Yes
2801,2024-03-12,3,29,10,No
2422,2024-07-11,7,37,6,No
1720,2024-01-27,4,13,4,No
3527,2024-02-26,6,51,5,No
3975,2024-10-08,4,30,6,No
1878,2024-07-15,9,10,8,No
3876,2024-05-06,9,14,19,No
623,2024-09-07,7,20,19,Yes
4416,2025-01-19,1,7,23,Yes
4970,2024-03-06,9,55,7,No
3597,2024-07-13,3,42,16,No
476,2024-04-21,5,57,10,No
3838,2024-02-04,9,29,21,No
3060,2024-10-17,1,46,5,No
4010,2024-10-26,1,57,21,No
3783,2025-01-19,1,6,1,No
2143,2024-07-01,4,32,20,Yes
834,2025-01-11,6,58,23,Yes
1023,2024-11-25,4,39,5,Yes
4366,2024-07-14,2,28,14,No
3541,2024-11-09,4,6,13,No
791,2024-11-20,5,42,12,Yes
2738,2024-06-20,5,44,18,No
542,2024-07-01,6,3,22,Yes
4564,2024-10-25,9,39,18,No
4400,2025-01-23,1,48,3,No
4970,2024-03-21,2,28,24,Yes
1856,2024-11-23,3,13,19,No
3535,2024-04-03,3,46,19,No
3010,2024-09-05,7,41,23,Yes
2642,2024-12-16,3,40,17,No
2859,2024-08-12,8,44,6,Yes
4560,2024-07-11,5,47,10,Yes
3516,2024-05-14,1,13,6,No
173,2024-02-17,8,41,21,Yes
1374,2024-06-01,1,42,15,No
2569,2024-11-07,4,7,4,Yes
1991,2024-01-24,9,34,9,No
3491,2024-01-14,3,9,17,No
974,2024-04-20,8,50,2,No
2963,2024-10-07,1,16,13,No
334,2024-06-14,8,51,12,No
1093,2024-01-02,2,12,5,Yes
410,2024-04-01,8,4,12,No
4501,2025-01-15,6,22,13,No
1730,2024-06-20,3,1,12,Yes
711,2024-06-24,8,19,5,Yes
3392,2024-02-02,7,15,11,No
1670,2025-01-08,5,34,8,No
2943,2025-01-04,1,30,7,No
3759,2024-04-16,2,48,23,No
3304,2024-05-18,6,53,5,No
747,2024-05-27,6,14,19,No
2750,2024-12-15,3,3,17,No
183,2024-05-10,5,16,9,Yes
520,2024-10-08,8,59,18,Yes
1530,2024-07-23,2,23,11,No
4732,2024-09-03,9,27,11,No
1800,2024-03-13,6,59,18,Yes
2376,2024-04-02,2,16,23,Yes
2898,2024-09-30,4,48,2,No
2989,2024-10-01,1,27,24,Yes
3640,2024-04-27,1,42,12,No
2150,2024-10-20,8,50,23,No
2323,2024-01-01,4,12,19,No
2772,2024-06-02,5,12,19,No
1606,2024-08-28,6,44,8,No
2302,2025-01-21,9,33,4,Yes
4802,2024-05-03,7,4,3,Yes
3424,2024-04-29,3,49,10,Yes
4823,2024-02-03,4,3,12,Yes
4248,2024-05-09,1,26,3,No
2953,2024-07-03,7,37,3,No
4083,2024-05-21,8,36,5,Yes
2633,2024-07-12,3,47,4,No
1117,2025-01-09,1,29,8,Yes
4522,2025-01-13,6,48,19,Yes
3637,2024-12-22,3,24,7,No
789,2024-02-12,4,40,17,No
3990,2024-07-10,4,50,10,No
2551,2024-12-17,2,41,1,No
2183,2024-09-03,9,16,24,No
2018,2024-05-29,9,23,4,No
4180,2024-10-24,2,13,9,No
1985,2024-04-11,6,23,5,Yes
2795,2024-03-17,4,57,14,Yes
3137,2024-07-02,5,47,22,No
3324,2024-02-17,4,17,17,No
967,2024-02-28,3,20,19,No
4449,2024-05-13,4,50,6,No
1906,2024-12-22,9,58,13,No
478,2024-10-28,2,12,4,Yes
2093,2024-08-22,2,57,17,No
2553,2024-09-26,7,20,2,Yes
2947,2024-09-21,2,58,7,No
1998,2024-08-26,5,56,4,No
1178,2024-10-28,4,31,7,No
4657,2024-06-11,9,50,23,No
3226,2024-04-19,1,20,24,No
3919,2024-02-02,4,36,11,Yes
4588,2024-03-09,6,34,17,Yes
1766,2024-12-18,1,48,19,Yes
1567,2024-01-05,1,24,7,No
3255,2024-05-28,1,4,11,No
4723,2024-01-08,9,46,17,No
1972,2024-10-25,8,11,8,Yes
3164,2024-06-13,2,33,13,No
1039,2024-05-26,3,25,5,Yes
2461,2024-05-04,9,12,23,Yes
2476,2024-08-13,5,56,17,Yes
3764,2024-09-10,6,32,16,No
460,2024-11-29,8,53,22,No
553,2024-08-10,4,7,24,No
317,2024-08-05,3,27,6,No
1374,2024-02-18,9,29,14,No
2676,2024-09-20,1,55,3,Yes
2243,2024-04-09,8,27,4,Yes
4543,2024-01-27,1,45,20,Yes
148,2024-12-23,2,31,20,Yes
3895,2024-09-27,2,11,15,No
3819,2024-07-10,6,58,2,No
3542,2024-09-14,4,51,13,No
3085,2024-01-27,2,45,19,Yes
4610,2024-01-31,2,39,13,No
212,2024-02-21,1,21,19,No
576,2025-01-05,9,49,24,Yes
1249,2024-12-22,1,33,13,No
420,2024-10-01,4,49,8,No
1178,2024-09-02,4,12,10,No
3576,2024-05-04,2,6,15,No
4554,2024-02-13,3,57,22,No
3170,2024-06-08,4,46,6,No
4842,2024-04-15,1,42,7,No
4334,2024-10-25,6,23,1,No
2087,2024-02-13,6,35,22,No
2831,2024-06-15,6,37,13,Yes
135,2024-02-17,6,13,17,Yes
3341,2024-02-03,5,54,15,Yes
1144,2024-05-08,5,10,11,Yes
3685,2024-04-27,5,4,11,Yes
1738,2024-08-09,7,51,3,No
1530,2024-09-03,5,37,10,No
4196,2024-09-30,3,48,10,Yes
3878,2024-07-30,8,50,15,Yes
2633,2024-03-28,4,18,5,Yes
897,2024-11-19,9,35,4,Yes
1338,2024-02-23,1,41,11,No
998,2024-01-08,9,59,7,No
4655,2024-09-05,3,38,24,Yes
3567,2024-10-07,6,51,8,Yes
3607,2024-02-09,3,22,7,No
4176,2024-10-07,3,56,14,No
3213,2024-08-21,8,37,1,No
973,2024-02-19,6,50,14,No
2735,2024-01-24,9,1,3,Yes
384,2024-11-10,7,46,17,Yes
3170,2024-12-09,4,36,12,No
1695,2024-07-26,1,1,23,No
292,2024-11-19,8,10,4,Yes
2277,2024-09-25,7,44,10,No
442,2024-06-12,5,41,2,No
4412,2024-08-04,2,25,19,Yes
1926,2024-06-03,5,59,17,Yes
751,2024-03-06,3,47,9,No
2922,2024-06-18,1,34,18,Yes
642,2025-01-24,3,41,4,No
2186,2024-08-20,1,16,24,No
34,2024-01-28,9,8,15,Yes
4485,2024-07-27,1,16,23,No
3463,2024-11-24,5,12,10,No
4797,2024-10-07,4,29,9,No
941,2024-11-29,9,1,24,Yes
3635,2024-01-02,3,35,8,No
4255,2024-03-14,6,19,5,No
225,2024-08-07,8,51,18,No
3906,2024-10-23,1,17,13,No
2063,2024-12-02,4,49,14,No
3485,2024-04-11,6,38,2,No
2083,2024-05-05,5,40,16,No
2114,2025-01-04,6,35,16,No
3321,2024-02-06,6,33,11,Yes
4166,2024-07-09,3,19,2,No
4818,2024-05-14,6,36,18,Yes
741,2024-04-01,9,40,13,No
4323,2024-12-27,8,54,24,No
3253,2025-01-15,7,7,5,No
1525,2024-04-10,4,31,5,No
3225,2024-01-07,8,41,16,No
4464,2024-07-25,9,55,22,No
4754,2024-01-18,1,16,1,No
1737,2024-01-28,9,20,2,Yes
4848,2024-04-04,2,8,12,No
3251,2024-04-09,5,16,3,No
4320,2024-01-28,7,29,8,No
3012,2024-04-04,8,12,23,Yes
2657,2024-09-14,4,39,21,No
3802,2024-08-09,6,33,11,Yes
3343,2024-06-20,3,33,23,Yes
171,2024-11-27,8,20,19,No
3538,2024-12-19,5,38,15,Yes
1363,2024-06-20,8,47,4,No
188,2024-12-22,8,25,11,No
2413,2024-01-10,6,1,1,No
573,2024-12-11,3,40,1,Yes
1636,2024-06-16,2,59,8,Yes
3194,2024-03-11,3,46,16,No
4426,2024-03-27,9,50,7,No
2017,2024-05-27,5,48,4,Yes
1190,2025-01-14,9,15,1,Yes
4754,2024-02-18,4,27,8,No
2092,2024-02-19,8,3,19,Yes
1398,2024-05-28,3,56,11,No
4561,2024-03-19,7,23,5,No
4972,2024-01-14,4,10,4,No
1339,2024-07-25,7,47,6,Yes
2482,2024-07-28,4,15,4,No
1409,2024-09-02,2,10,3,No
3370,2024-01-19,4,12,11,No
2363,2024-02-22,5,24,7,No
2171,2024-06-10,7,15,13,Yes
2036,2024-02-08,2,42,5,No
4140,2024-05-11,2,30,8,No
1529,2024-06-12,2,16,13,No
4739,2025-01-13,5,3,11,No
4844,2024-10-28,8,29,3,No
1936,2024-10-16,3,46,18,Yes
3450,2024-03-13,9,1,12,Yes
1075,2024-01-10,7,54,24,Yes
3512,2024-02-18,9,31,7,Yes
409,2024-07-24,4,41,5,No
1321,2024-08-05,6,17,9,No
3915,2024-05-07,8,17,5,No
3625,2024-04-15,3,50,7,No
2066,2025-01-13,7,41,3,Yes
684,2024-09-22,7,29,17,Yes
1508,2024-03-13,7,17,17,Yes
4151,2024-03-06,8,47,11,Yes
3314,2024-03-10,4,17,17,No
1663,2024-03-10,5,44,13,No
3720,2024-05-22,8,13,8,No
1904,2024-01-20,6,49,6,No
1179,2024-01-17,4,23,20,Yes
2694,2024-06-12,5,40,11,No
937,2024-04-28,3,48,18,Yes
2378,2024-10-27,4,35,7,Yes
2377,2024-03-07,1,13,22,No
2601,2024-04-04,3,16,22,No
903,2024-12-06,2,49,19,No
2585,2024-03-31,8,1,14,No
490,2024-01-25,2,33,7,Yes
412,2024-07-09,4,2,2,No
1835,2024-07-12,3,43,17,Yes
1128,2024-03-12,7,16,10,No
1280,2024-12-01,9,37,3,No
2300,2024-01-15,2,26,12,Yes
4098,2024-02-18,2,31,15,No
4856,2024-12-05,5,25,3,Yes
1687,2025-01-13,8,19,8,Yes
3711,2024-11-10,5,35,17,Yes
281,2025-01-22,2,44,23,No
1618,2024-01-24,2,31,6,Yes
4008,2024-02-08,4,43,16,No
1525,2024-02-28,1,12,9,Yes
3980,2025-01-23,7,50,13,Yes
234,2024-04-16,5,10,3,Yes
3811,2024-05-11,6,29,6,No
97,2024-09-30,8,13,16,Yes
1772,2024-06-06,6,14,22,Yes
2116,2024-04-17,2,16,14,No
4435,2024-04-24,3,4,18,Yes
3534,2024-10-21,2,53,1,No
2574,2024-02-21,3,13,10,No
3406,2024-04-08,5,26,13,Yes
2291,2024-04-26,1,51,1,Yes
1959,2024-11-24,6,40,22,Yes
3089,2024-03-30,4,16,11,No
4341,2024-07-05,7,6,8,No
3587,2024-04-02,9,38,8,No
1649,2024-09-21,8,35,12,No
3566,2024-07-12,6,48,12,No
2176,2024-02-29,4,26,16,No
2271,2024-04-19,1,31,13,Yes
931,2024-03-22,4,14,10,No
4294,2024-05-04,3,47,20,Yes
1250,2025-01-10,1,45,14,No
3680,2024-11-02,4,23,16,Yes
1321,2024-05-10,3,28,2,No
4892,2024-06-20,1,47,1,No
3097,2024-07-29,8,1,8,Yes
3384,2024-12-13,2,15,11,Yes
4131,2024-05-25,9,24,23,Yes
2167,2024-06-19,4,12,11,No
4823,2024-03-05,7,36,8,No
877,2024-04-20,7,16,10,Yes
1870,2024-06-04,5,52,14,No
2081,2024-04-05,3,45,5,Yes
2740,2024-09-13,2,11,15,No
679,2024-07-23,2,16,24,No
4071,2024-06-01,6,6,3,Yes
2967,2025-01-30,2,46,13,Yes
3991,2024-06-01,7,18,11,No
4286,2024-11-08,1,26,17,Yes
1025,2024-08-14,9,31,19,Yes
1390,2024-08-07,2,14,4,No
4970,2024-01-03,9,40,1,Yes
2901,2024-03-29,2,57,13,No
4450,2024-05-15,9,36,23,No
3113,2024-10-25,7,57,23,No
4600,2024-09-19,4,41,24,No
98,2024-08-08,4,57,4,No
4365,2024-08-07,5,38,16,No
2546,2024-04-08,6,7,22,Yes
4298,2024-05-17,5,11,24,No
1591,2024-03-30,2,21,17,No
2303,2025-01-16,3,32,5,No
1673,2024-01-28,1,17,9,Yes
4482,2025-01-08,8,16,20,No
1160,2024-10-25,5,50,5,Yes
1574,2024-07-01,5,23,13,Yes
4855,2024-05-06,4,36,2,Yes
3234,2024-08-11,5,25,24,Yes
131,2025-01-19,8,43,8,Yes
3197,2024-08-20,9,49,4,Yes
530,2024-11-21,7,5,17,No
2888,2024-12-09,8,20,24,Yes
347,2024-08-30,1,49,2,No
736,2024-11-16,2,52,12,Yes
1709,2024-05-04,4,2,8,Yes
3670,2024-05-21,6,29,2,Yes
87,2024-12-04,9,7,9,No
3202,2024-10-20,6,59,4,No
2668,2024-10-08,3,3,9,No
3608,2024-11-22,4,15,3,Yes
2068,2024-11-16,1,24,5,Yes
3532,2024-07-03,2,54,10,No
3825,2024-03-31,5,52,21,Yes
760,2024-11-14,7,40,4,Yes
1939,2024-08-29,4,35,10,No
878,2024-04-28,5,59,1,Yes
2748,2024-07-01,6,36,6,No
3831,2024-07-26,4,58,18,No
439,2025-01-31,4,19,13,No
2797,2024-02-17,7,10,13,No
231,2024-06-20,6,32,23,No
3280,2024-12-18,5,14,11,Yes
613,2024-03-31,2,28,1,Yes
4336,2024-07-15,1,3,20,No
200,2024-07-25,7,57,21,No
3448,2024-07-08,1,11,1,No
1015,2024-06-19,9,12,9,Yes
530,2024-10-15,4,39,22,No
3537,2024-02-03,8,1,8,No
1486,2024-05-16,5,28,8,No
548,2024-09-06,5,50,3,No
3622,2025-01-26,1,52,9,No
3030,2024-07-18,3,58,6,Yes
3504,2024-03-21,2,57,21,Yes
3086,2024-07-08,6,22,18,No
5,2024-05-06,5,17,23,Yes
3020,2024-11-23,4,32,2,No
416,2024-09-18,3,38,11,No
3567,2024-02-01,2,49,8,Yes
940,2024-11-13,7,20,15,No
4305,2024-08-01,7,46,9,No
622,2024-08-01,4,47,14,No
735,2024-06-02,8,31,11,No
2324,2024-02-23,7,57,8,No
2318,2024-05-16,6,6,19,No
4808,2024-08-30,8,28,5,No
2484,2024-07-08,4,10,12,Yes
4465,2024-04-22,7,48,12,No
2972,2024-05-07,1,10,4,No
2072,2024-07-26,8,54,17,Yes
2620,2024-10-24,4,8,24,No
1191,2024-12-23,5,16,20,Yes
2502,2024-07-08,6,28,22,Yes
6,2024-03-22,4,13,8,No
3971,2024-05-27,9,4,6,No
246,2024-08-14,4,39,9,Yes
3872,2024-05-18,8,49,15,Yes
1926,2025-01-26,8,42,7,No
1625,2024-07-20,2,13,14,No
1524,2024-08-10,2,36,7,No
4191,2025-01-03,3,20,15,Yes
63,2024-06-11,4,37,23,No
3885,2024-12-07,2,1,24,No
748,2024-04-29,5,20,8,No
4784,2024-06-22,8,12,7,Yes
2490,2024-04-16,3,38,10,No
2525,2024-10-14,1,2,3,No
4202,2024-10-24,5,17,12,No
66,2024-12-23,3,48,1,No
912,2024-12-18,6,23,2,Yes
2734,2024-12-24,8,20,1,No
4692,2024-07-27,4,37,11,Yes
1469,2024-03-06,4,1,5,Yes
2529,2025-01-25,9,13,24,No
4930,2024-11-20,4,28,15,Yes
3514,2025-01-27,2,51,11,No
46,2024-10-22,2,45,23,No
4284,2024-10-09,6,30,7,Yes
651,2024-06-22,2,57,7,Yes
1802,2025-01-17,9,55,17,No
682,2024-05-07,1,2,18,Yes
2711,2024-03-19,1,56,7,No
3319,2024-05-28,1,27,9,No
3093,2024-04-13,1,7,18,No
1264,2024-12-28,3,36,5,No
1487,2025-01-21,6,56,20,Yes
2842,2024-07-17,6,40,11,Yes
4147,2024-09-09,8,18,10,Yes
3863,2024-10-30,8,39,4,No
2437,2024-03-18,3,51,2,No
3423,2024-06-01,4,25,11,Yes
47,2024-02-22,6,26,19,Yes
3561,2024-06-22,3,8,4,Yes
618,2024-08-31,4,22,21,Yes
2274,2024-02-11,4,5,22,No
448,2024-03-21,5,55,24,No
3901,2024-11-24,2,1,21,No
1062,2024-08-22,9,21,8,No
1148,2024-11-26,1,7,13,No
4440,2024-12-23,5,24,6,No
1065,2024-08-02,9,58,5,Yes
3010,2024-04-10,7,56,23,Yes
3500,2025-01-16,8,46,24,No
3474,2024-11-16,1,13,10,Yes
4908,2024-10-07,4,11,6,Yes
1890,2024-04-24,2,14,23,Yes
2136,2024-06-14,9,33,10,No
4167,2024-05-18,1,45,7,No
1920,2024-04-18,6,1,9,No
3772,2024-12-03,5,14,14,No
3414,2024-05-26,4,32,15,No
4089,2024-07-29,8,4,24,Yes
1076,2024-10-07,5,48,3,No
4796,2024-06-17,7,53,18,Yes
160,2024-09-13,6,28,24,Yes
1509,2025-01-18,7,21,23,No
821,2024-08-07,4,23,9,No
4524,2024-05-06,6,48,5,Yes
4645,2024-12-08,2,16,2,Yes
4468,2024-10-22,5,23,3,No
3811,2024-01-14,5,12,4,No
3099,2024-07-30,9,32,20,Yes
3241,2024-02-21,4,56,15,Yes
3723,2024-07-20,4,15,2,Yes
1588,2025-01-09,6,10,11,No
842,2024-10-02,3,12,17,No
2277,2024-03-16,8,39,3,Yes
2955,2024-05-31,1,29,3,Yes
456,2024-10-16,1,16,13,Yes
1255,2024-08-28,3,2,20,Yes
3927,2024-10-29,9,16,17,No
2820,2024-11-23,2,29,20,Yes
2081,2024-05-01,6,37,5,No
1830,2024-11-11,1,12,8,No
1665,2024-11-07,3,37,24,Yes
3645,2025-01-20,3,18,5,Yes
942,2025-01-23,9,46,6,Yes
3528,2024-10-06,6,40,5,No
4295,2024-12-02,7,42,6,Yes
4613,2024-02-09,2,27,14,No
4041,2024-07-31,4,55,5,No
4416,2024-02-19,5,32,22,Yes
1377,2024-06-30,1,3,23,No
591,2024-04-24,9,33,24,No
109,2024-12-10,3,47,14,Yes
64,2024-09-13,4,41,11,No
4437,2024-02-12,4,59,8,Yes
1919,2024-02-21,5,39,2,No
4744,2024-07-20,5,5,22,Yes
3321,2024-09-20,4,17,7,Yes
3266,2024-12-01,4,54,24,No
99,2024-04-10,5,18,23,No
912,2024-12-21,1,18,21,No
4356,2024-08-24,8,35,15,Yes
3454,2024-02-15,2,49,17,Yes
4937,2024-01-15,8,39,20,Yes
3300,2024-05-05,6,34,15,No
3358,2024-01-12,3,55,18,No
2296,2024-09-11,6,4,23,Yes
1236,2024-04-16,6,29,19,Yes
3238,2024-08-30,6,56,16,No
3103,2024-03-07,1,26,13,No
471,2024-07-13,9,14,13,No
2021,2024-01-31,6,29,20,No
2289,2024-08-29,4,47,1,No
1724,2024-12-19,7,53,4,No
4125,2024-03-26,3,26,2,No
3306,2025-01-31,8,6,21,Yes
557,2025-01-30,7,2,16,No
1499,2024-01-03,5,57,4,Yes
3057,2024-02-18,4,47,13,Yes
4446,2024-05-20,8,2,22,No
3829,2024-10-01,7,19,19,No
1214,2024-11-10,2,58,10,Yes
1593,2024-08-04,4,26,4,Yes
3592,2024-09-03,7,9,21,Yes
3060,2024-10-10,2,12,23,No
2789,2024-12-30,2,3,5,No
2358,2024-01-10,4,47,6,No
4420,2024-10-11,5,15,7,No
3961,2024-03-12,4,4,6,Yes
1328,2024-07-16,8,22,18,No
707,2025-01-09,7,1,24,Yes
2243,2024-05-20,8,1,19,Yes
4082,2024-10-20,6,59,18,Yes
1808,2024-04-16,2,4,22,No
4397,2024-03-01,6,14,14,Yes
3052,2024-03-08,6,2,16,Yes
2705,2024-03-03,5,5,7,No
1016,2024-05-26,2,45,14,Yes
2924,2024-07-22,1,35,7,No
698,2024-04-10,9,32,11,No
1825,2024-10-30,4,18,6,Yes
820,2025-01-28,9,38,24,Yes
4729,2024-06-01,1,18,16,No
1480,2025-01-30,6,22,23,No
2716,2024-08-14,4,20,15,Yes
3025,2024-07-22,2,48,18,Yes
2709,2024-04-04,4,20,23,Yes
4232,2024-06-14,6,1,5,Yes
4458,2024-11-24,3,5,18,Yes
1031,2024-05-22,3,15,14,Yes
1934,2024-03-14,2,9,2,No
991,2025-01-18,9,15,12,Yes
2897,2024-10-23,9,1,23,Yes
4647,2024-11-20,1,43,18,No
1728,2024-03-25,5,20,11,No
2199,2024-07-17,4,10,9,Yes
268,2024-12-25,4,34,3,Yes
4414,2024-05-31,4,10,17,No
2906,2024-06-25,2,23,9,No
3000,2025-01-19,8,56,18,No
4300,2024-07-26,8,53,13,No
1215,2024-04-15,1,48,9,Yes
1014,2024-04-07,9,7,10,No
282,2024-11-02,1,30,11,No
594,2024-02-25,6,58,7,No
1093,2024-08-23,7,12,4,Yes
2100,2024-03-12,5,49,2,No
2246,2025-01-18,6,18,9,Yes
1652,2024-10-26,4,33,23,Yes
3143,2024-10-28,4,11,13,No
361,2024-11-18,5,12,6,Yes
2266,2024-06-02,3,6,21,Yes
2540,2024-01-06,9,34,21,Yes
3813,2024-04-20,2,15,2,No
4275,2024-07-21,3,23,14,No
4266,2024-10-20,6,55,4,No
1460,2024-05-14,6,43,23,No
949,2024-09-15,4,27,2,Yes
1804,2024-12-06,9,20,17,No
4761,2024-02-10,3,6,9,No
2662,2024-12-07,2,43,12,No
261,2024-02-26,2,18,23,No
1118,2024-04-02,7,59,5,Yes
104,2024-11-24,9,48,11,No
3406,2024-07-30,1,32,1,Yes
1811,2024-12-25,5,14,16,No
2185,2024-07-15,7,32,8,Yes
141,2025-01-02,6,48,9,No
4181,2024-05-29,5,16,22,Yes
2998,2024-10-17,5,52,2,No
2732,2024-08-23,2,5,17,Yes
4565,2024-02-15,5,16,11,No
2742,2024-11-13,8,17,23,No
102,2024-07-28,4,32,17,No
1664,2024-08-19,8,25,11,No
3101,2024-12-10,8,21,12,Yes
4278,2024-01-14,5,26,11,No
575,2024-07-29,8,49,19,No
4576,2024-12-15,2,14,14,No
1480,2024-10-08,7,51,18,Yes
2875,2024-04-24,6,29,5,Yes
3594,2024-04-21,7,22,2,No
540,2024-06-17,8,42,23,Yes
4975,2024-04-22,4,45,1,No
2732,2024-11-03,8,39,14,Yes
3372,2024-02-26,5,4,22,No
3593,2024-01-17,5,5,23,No
1042,2024-02-23,6,32,10,No
4424,2024-07-18,4,2,18,No
2749,2024-02-25,2,33,10,No
4005,2024-03-27,9,54,12,No
3199,2024-06-28,4,35,1,No
2479,2025-01-30,5,11,9,Yes
1729,2024-10-19,8,3,20,No
4031,2024-01-15,6,24,16,Yes
3019,2024-02-28,3,18,2,Yes
3702,2024-07-24,3,40,2,No
3946,2025-01-02,2,41,7,No
4222,2024-05-06,2,21,2,No
2717,2024-10-17,6,39,16,No
3168,2024-11-04,5,51,1,No
1946,2024-05-19,8,53,17,No
2818,2025-01-09,4,15,24,No
4276,2024-10-26,3,2,24,No
2590,2024-01-18,8,24,18,Yes
4093,2025-01-24,1,36,3,Yes
4115,2025-01-21,6,41,10,No
4663,2024-02-11,4,17,24,No
4484,2024-04-09,6,2,20,Yes
488,2024-04-25,1,5,5,No
3224,2024-04-28,2,42,10,Yes
477,2024-05-19,8,49,10,No
2644,2024-05-19,5,8,16,No
1397,2024-04-20,7,45,3,No
4112,2024-08-31,4,1,19,Yes
3568,2024-12-06,2,8,8,No
4181,2024-08-02,3,19,14,No
43,2024-09-03,9,50,19,No
52,2024-12-02,4,11,14,No
2692,2024-04-15,2,57,22,Yes
1008,2024-12-17,9,32,17,Yes
4690,2024-05-20,1,9,3,No
4332,2024-09-30,4,49,16,Yes
844,2024-02-21,5,33,6,No
4807,2024-05-24,7,37,8,Yes
3811,2024-01-24,1,53,22,Yes
1299,2024-10-15,8,28,23,No
2224,2024-10-06,2,28,7,Yes
2793,2024-12-19,4,29,11,No
3955,2024-05-15,9,11,17,Yes
3422,2024-02-15,8,35,6,No
896,2025-01-07,5,18,13,Yes
2750,2024-02-01,3,7,5,Yes
1812,2024-02-06,3,55,9,Yes
4333,2024-08-10,2,42,13,No
774,2024-09-09,3,35,17,Yes
980,2024-11-03,3,33,19,No
3052,2024-04-20,3,49,17,No
1908,2024-01-20,5,59,24,No
3186,2024-02-07,9,34,19,No
4402,2024-05-08,5,56,8,Yes
3353,2024-10-05,2,28,1,No
3009,2024-02-16,3,38,13,No
3290,2024-02-23,6,26,2,No
931,2024-07-24,1,51,18,No
2344,2024-01-06,4,26,18,Yes
2669,2024-05-24,1,58,12,No
1855,2024-10-23,1,22,5,No
4073,2024-12-01,2,56,16,No
4678,2024-12-29,2,18,5,No
1978,2024-10-29,1,38,7,No
2147,2024-12-05,7,9,24,No
1212,2024-12-02,3,18,22,No
4126,2024-02-12,6,5,24,No
2050,2025-01-30,2,27,14,Yes
3001,2024-01-13,6,45,3,Yes
175,2024-01-25,5,59,11,No
1664,2024-06-08,1,47,17,No
2545,2024-12-01,9,49,5,No
3690,2024-03-23,6,10,14,No
2137,2024-01-20,7,50,14,No
2836,2024-03-18,6,9,2,Yes
3661,2024-09-28,9,14,9,Yes
3625,2024-10-14,5,53,12,No
4318,2024-08-01,2,17,23,No
3512,2024-08-01,2,1,17,No
2780,2024-03-01,7,48,3,No
4195,2024-07-25,7,38,22,No
3491,2024-10-05,8,4,3,No
4630,2024-01-17,5,44,7,Yes
3008,2025-01-17,8,39,7,Yes
3293,2024-02-07,7,26,3,No
2077,2024-11-13,4,52,16,No
1616,2024-11-04,5,8,16,No
4124,2024-01-21,3,40,1,Yes
653,2024-05-06,4,10,1,No
1146,2024-05-29,9,29,24,Yes
3884,2024-03-14,7,30,10,Yes
1211,2024-03-03,6,16,9,No
2282,2025-01-29,5,43,11,No
1536,2024-04-12,6,33,20,No
1384,2024-05-12,4,52,19,No
2029,2024-09-13,8,9,13,Yes
2051,2025-01-15,2,19,20,No
2577,2024-06-17,5,19,14,Yes
220,2024-06-03,1,7,17,Yes
1021,2024-10-10,7,13,3,No
1104,2024-05-13,9,6,10,Yes
3876,2024-03-20,4,16,20,No
428,2024-01-31,9,32,20,No
3624,2024-04-17,7,31,16,No
2761,2024-06-12,5,31,14,No
4469,2024-04-11,8,44,23,Yes
736,2024-02-08,5,24,8,No
1535,2024-08-05,1,21,11,Yes
3029,2024-02-01,3,9,3,No
129,2024-12-22,1,20,18,No
859,2024-09-01,9,2,19,No
154,2024-10-16,4,35,8,No
2337,2024-12-09,1,34,19,No
3064,2024-02-19,8,37,12,Yes
705,2024-09-05,1,5,24,Yes
2158,2024-10-29,8,22,5,No
1478,2024-02-21,5,38,1,Yes
1009,2024-04-15,8,20,3,Yes
2121,2024-10-05,9,40,19,No
4800,2024-07-14,6,25,16,No
4289,2024-01-31,7,10,24,No
1230,2024-02-10,2,23,1,No
2294,2024-06-14,9,14,10,No
1922,2024-09-03,6,1,1,Yes
3424,2024-02-20,8,23,21,Yes
1071,2024-12-25,3,25,1,Yes
222,2024-02-14,2,16,7,Yes
1499,2024-09-10,3,39,13,Yes
1997,2024-02-29,4,40,5,No
2667,2024-04-14,5,52,21,No
497,2024-03-10,2,26,13,Yes
107,2024-12-27,6,34,23,Yes
3184,2024-02-20,4,51,24,No
2325,2024-10-25,5,24,14,Yes
2046,2024-12-15,4,56,22,No
1845,2024-06-07,4,25,22,No
1725,2024-01-09,4,45,19,Yes
1656,2024-03-10,1,12,17,No
1136,2024-06-04,6,36,24,Yes
120,2024-08-25,8,10,19,No
560,2024-12-08,8,32,3,No
2757,2024-01-03,4,44,19,No
4535,2024-03-23,4,44,7,Yes
4890,2024-09-23,1,43,2,Yes
3546,2024-10-11,6,52,13,No
4056,2024-12-01,9,39,19,No
1743,2024-02-15,4,4,22,No
388,2024-05-28,2,51,13,No
2456,2024-02-17,1,41,21,No
877,2024-03-02,9,57,15,Yes
1078,2024-03-08,8,40,4,No
115,2024-09-30,6,51,16,Yes
3079,2024-08-23,3,53,5,Yes
436,2024-11-19,1,54,6,No
1162,2024-06-02,8,7,12,No
617,2024-06-11,5,51,24,Yes
212,2024-03-10,2,27,3,No
1729,2024-09-05,2,38,4,No
2334,2024-12-22,6,30,18,No
3320,2024-02-08,9,39,5,No
4467,2025-01-30,2,9,21,Yes
3156,2024-11-07,2,12,16,Yes
4436,2024-04-19,3,2,20,No
1014,2024-08-11,1,53,24,No
4571,2024-08-31,8,7,17,No
3450,2024-09-18,3,20,9,No
4237,2024-07-07,9,36,2,No
2049,2024-09-08,4,16,7,Yes
2987,2024-07-13,9,38,5,No
1752,2024-05-30,6,6,18,No
2798,2024-08-07,1,51,19,Yes
4907,2024-04-06,5,41,20,Yes
1450,2024-11-05,4,49,24,No
2794,2024-02-06,4,17,20,No
3154,2024-05-02,4,8,7,Yes
906,2024-10-10,9,10,17,No
3081,2024-02-10,4,51,20,No
2805,2024-01-20,1,43,20,No
688,2024-11-22,5,38,11,Yes
2940,2024-09-12,1,16,19,Yes
3385,2024-06-03,6,11,23,Yes
1458,2024-11-10,2,59,14,No
1601,2024-02-26,7,28,17,No
4381,2024-12-02,5,25,6,Yes
818,2024-07-13,8,25,1,Yes
1351,2024-03-03,8,13,8,Yes
2778,2024-10-22,9,40,10,Yes
3143,2024-05-26,3,59,20,Yes
3072,2024-03-27,3,29,21,Yes
3732,2024-05-07,2,1,13,No
4128,2024-11-24,3,18,2,No
3258,2024-03-18,3,29,7,Yes
2464,2024-03-01,7,59,18,Yes
1804,2024-06-27,9,58,24,No
1744,2024-05-25,9,19,10,Yes
1424,2024-01-25,2,44,11,Yes
3265,2024-02-08,2,55,16,Yes
522,2024-12-29,7,36,19,Yes
288,2024-05-01,9,47,9,No
925,2024-02-12,1,17,13,Yes
451,2024-06-20,6,3,22,No
3702,2024-04-21,4,44,1,No
4820,2024-06-18,6,36,18,Yes
2698,2024-01-27,8,23,23,No
3619,2024-07-29,5,28,1,Yes
4501,2024-11-01,6,29,16,No
3925,2024-12-05,2,12,22,No
25,2024-08-09,3,57,3,No
118,2024-12-04,4,57,18,No
1709,2024-04-04,9,25,12,Yes
1013,2024-07-17,2,15,11,Yes
3928,2024-02-04,4,45,20,No
3146,2024-07-27,8,34,12,Yes
3267,2024-10-07,5,6,8,No
4170,2024-05-09,7,54,15,No
3186,2024-06-25,8,8,13,Yes
4952,2024-06-21,1,33,22,No
4180,2024-03-26,4,47,24,No
2249,2024-06-14,6,55,2,Yes
3996,2024-03-30,6,37,16,No
3068,2025-01-22,9,44,24,Yes
3841,2024-12-01,6,48,21,Yes
3226,2024-09-11,3,7,15,No
2324,2025-01-13,2,12,11,Yes
946,2024-06-08,1,59,7,Yes
4484,2024-02-08,1,57,3,No
3517,2024-01-02,9,26,21,Yes
331,2024-03-12,3,16,20,No
1841,2024-11-20,8,28,2,No
2058,2024-07-05,2,25,16,Yes
4229,2024-05-24,2,35,4,Yes
2432,2024-09-06,5,5,8,No
1242,2025-01-03,6,25,24,No
1749,2024-02-03,1,8,17,No
1831,2024-12-28,4,26,7,No
586,2024-08-26,9,6,17,No
4665,2024-10-25,3,10,19,No
4327,2024-10-04,6,40,3,No
2072,2024-11-01,2,25,15,Yes
2562,2024-12-26,9,26,4,Yes
1562,2024-11-10,9,53,15,No
2822,2024-05-21,2,53,20,No
2244,2024-09-23,6,57,1,No
1576,2024-09-26,2,48,15,Yes
514,2024-07-02,8,58,13,No
4506,2024-08-06,8,31,12,Yes
3422,2024-07-18,5,20,13,No
4065,2024-11-05,6,58,7,Yes
3175,2024-05-24,8,56,2,No
480,2024-09-16,9,10,2,Yes
2602,2024-10-18,8,4,11,No
685,2024-11-02,6,26,21,No
530,2024-04-23,5,49,4,No
3855,2024-01-30,7,42,16,Yes
396,2024-01-16,6,50,6,No
2169,2024-07-08,3,40,7,No
4060,2024-02-24,1,33,3,Yes
3551,2024-10-29,6,50,13,Yes
1490,2024-11-17,7,36,12,No
2837,2024-12-24,8,30,4,No
2868,2025-01-09,2,29,1,No
2606,2024-06-23,5,44,5,No
3986,2024-08-09,2,37,2,No
3307,2024-08-19,3,40,16,No
2847,2024-06-27,6,4,1,No
834,2024-12-05,7,18,11,Yes
1404,2024-07-24,7,41,2,Yes
2846,2024-04-16,2,46,11,No
769,2024-07-06,5,9,5,No
3200,2024-07-05,3,58,13,No
1655,2024-09-15,6,58,17,No
1357,2024-05-31,7,7,5,No
3718,2024-03-15,8,6,2,Yes
3657,2024-04-04,1,42,5,No
3103,2024-08-17,1,16,11,No
4853,2024-11-22,8,24,7,Yes
546,2025-01-05,6,36,24,No
4480,2024-02-14,4,50,20,No
2325,2024-08-21,4,3,24,Yes
2509,2024-03-20,7,17,3,Yes
4837,2024-07-18,3,6,23,Yes
4517,2024-07-25,2,38,4,Yes
3121,2024-03-09,9,51,5,Yes
4857,2025-01-24,2,42,9,No
132,2024-11-30,5,52,21,Yes
35,2024-07-04,7,48,18,No
1183,2024-07-26,4,16,24,Yes
2358,2024-07-06,5,51,12,No
73,2024-01-14,3,24,3,No
2219,2024-05-12,2,36,11,Yes
673,2024-07-14,7,21,16,No
4789,2024-01-05,1,2,20,No
2934,2024-08-31,9,48,5,No
626,2024-01-12,1,34,13,Yes
3475,2024-12-05,7,57,10,Yes
778,2024-01-22,6,23,3,No
2362,2024-02-12,3,56,19,No
740,2024-05-30,3,40,2,No
1468,2024-11-30,8,40,20,Yes
531,2024-05-20,1,36,8,No
124,2024-02-26,6,53,6,No
3593,2024-04-23,3,9,15,No
4789,2024-01-03,1,52,20,Yes
129,2024-07-12,3,26,4,No
4713,2024-09-17,6,20,17,No
1842,2024-11-27,3,40,11,No
3541,2024-08-03,6,33,23,No
4529,2024-04-02,9,58,6,Yes
3650,2024-05-13,2,24,5,No
2677,2024-01-21,8,19,18,Yes
528,2024-12-24,4,10,11,Yes
79,2024-09-19,2,59,11,No
1611,2024-08-15,2,14,13,Yes
4817,2024-02-22,7,54,11,Yes
935,2024-01-03,6,44,22,No
4499,2024-01-02,9,53,21,Yes
2583,2024-11-22,8,21,22,Yes
469,2024-07-29,8,24,7,No
4619,2024-07-28,5,11,20,No
4611,2024-10-04,7,53,18,No
1438,2024-11-02,3,24,13,No
2872,2024-01-31,3,35,4,No
4258,2024-12-10,9,27,11,Yes
3441,2024-05-19,3,31,20,No
3014,2025-01-23,2,8,9,No
677,2024-02-21,1,32,9,Yes
2809,2024-09-05,8,54,23,No
4846,2024-03-10,1,49,16,No
2327,2024-10-01,7,33,24,No
955,2024-03-13,3,59,20,No
795,2024-01-04,1,24,1,No
651,2024-08-29,7,19,22,Yes
569,2024-07-27,7,46,5,No
28,2024-03-27,8,24,1,No
398,2024-04-08,9,5,21,No
1639,2024-09-13,8,42,6,Yes
257,2025-01-03,8,52,21,No
3017,2024-02-26,6,44,6,Yes
4073,2024-03-03,3,59,1,Yes
2418,2024-06-28,2,31,22,No
1610,2024-12-03,6,12,15,Yes
4542,2024-03-23,2,40,5,No
4335,2024-03-12,9,25,8,No
3718,2024-04-27,2,59,19,No
3880,2024-03-14,6,5,14,Yes
760,2024-10-09,3,56,14,No
4372,2024-03-16,6,48,22,No
886,2024-04-02,1,11,22,No
4578,2024-03-30,8,53,21,No
2163,2024-10-11,8,48,24,Yes
479,2024-03-20,2,10,2,No
170,2024-05-25,2,59,15,No
2510,2024-01-07,4,7,2,No
2829,2024-10-01,1,47,9,No
4702,2024-05-22,8,19,5,Yes
3480,2024-08-29,6,22,11,No
2384,2024-06-16,4,28,11,Yes
8,2024-03-20,2,49,21,No
4187,2024-09-26,3,18,20,Yes
1187,2024-04-08,6,38,19,No
793,2024-07-02,5,57,20,No
428,2024-11-06,5,11,1,No
655,2024-10-29,6,53,14,Yes
3857,2024-10-31,4,48,19,No
699,2024-06-01,8,1,15,No
1698,2024-01-17,5,6,2,Yes
4075,2024-01-01,5,34,8,No
2591,2024-05-19,8,22,9,Yes
4464,2024-02-17,4,32,12,No
4133,2024-01-20,2,25,20,No
3298,2025-01-06,6,21,21,No
1427,2025-01-19,4,19,8,No
3447,2024-10-10,7,5,17,Yes
1437,2024-05-17,6,19,7,Yes
3067,2024-08-19,7,8,19,No
1395,2024-11-05,2,14,5,Yes
1951,2024-02-29,7,37,18,No
1598,2024-04-26,7,12,23,No
2148,2024-07-09,3,49,2,Yes
4398,2024-02-22,3,19,10,No
3447,2024-12-26,9,2,6,Yes
287,2024-02-29,5,38,22,No
1044,2024-05-06,4,24,8,Yes
1494,2024-06-26,3,28,4,Yes
3431,2024-12-07,6,8,19,Yes
2756,2024-01-16,5,49,24,Yes
1970,2025-01-31,9,50,24,Yes
3484,2024-06-09,7,20,22,Yes
4991,2024-04-09,9,55,16,Yes
3632,2024-06-12,4,36,11,Yes
1143,2024-08-14,3,51,20,Yes
4529,2024-03-15,7,46,21,Yes
1984,2024-03-25,1,49,3,No
3638,2025-01-27,6,9,3,No
435,2024-11-25,4,10,17,No
370,2024-09-28,1,32,8,Yes
4187,2024-10-30,1,26,6,No
4843,2024-03-08,1,50,20,No
1176,2024-01-04,4,23,1,Yes
4819,2024-08-11,8,4,17,No
4735,2024-05-28,6,39,10,No
456,2024-03-01,9,41,10,Yes
377,2024-11-23,4,38,13,Yes
2826,2024-12-24,2,17,4,No
3280,2024-12-06,7,35,19,Yes
3526,2024-07-03,2,59,16,No
88,2024-09-07,2,50,22,Yes
3015,2024-10-11,9,57,9,No
4726,2024-01-21,9,19,2,Yes
3612,2024-11-02,9,21,11,No
1795,2025-01-23,7,53,10,Yes
3815,2024-08-25,9,56,3,No
2784,2024-09-25,4,8,23,Yes
1386,2024-05-03,6,7,9,No
4183,2024-01-15,6,44,7,Yes
4140,2024-03-06,8,24,14,Yes
2778,2024-10-03,3,38,2,Yes
4645,2024-01-09,7,58,18,Yes
1672,2024-02-07,8,23,14,No
1538,2024-01-13,7,52,6,No
3539,2024-06-02,4,42,8,No
2935,2024-02-22,9,55,23,Yes
3129,2024-11-14,3,23,15,No
4730,2024-05-27,3,22,21,No
2093,2024-12-30,9,4,7,Yes
1302,2024-06-17,9,11,5,No
4680,2024-05-04,4,50,10,Yes
2778,2024-06-03,9,13,2,No
3065,2024-02-09,1,14,13,No
4428,2024-11-09,9,6,19,Yes
349,2024-06-19,5,41,16,Yes
2323,2025-01-23,1,29,11,Yes
1978,2024-03-05,4,26,10,Yes
1141,2025-01-25,7,21,10,No
2012,2024-09-18,9,25,6,Yes
4542,2025-01-24,4,59,8,No
2824,2024-02-18,9,33,22,Yes
1381,2024-12-01,6,37,9,No
2098,2024-05-14,5,49,21,No
4610,2024-05-27,4,4,3,No
2283,2024-08-28,2,59,20,No
3425,2024-10-11,4,36,4,No
693,2024-07-28,1,51,15,Yes
986,2024-08-20,2,45,8,No
4676,2024-05-27,7,12,8,No
1747,2025-01-10,9,14,5,No
4331,2024-11-17,1,35,4,Yes
2030,2024-03-06,7,14,24,Yes
3883,2024-10-08,2,30,8,No
4021,2024-01-19,7,56,13,Yes
3633,2024-03-30,5,45,15,Yes
3554,2024-02-13,2,7,15,No
3087,2024-11-24,6,56,3,No
4230,2024-09-18,7,45,7,No
2430,2024-12-11,5,25,8,Yes
2651,2024-10-11,1,31,7,No
651,2024-11-08,7,29,24,Yes
4723,2024-04-24,5,9,12,No
4448,2024-01-12,5,46,24,No
1955,2024-07-16,2,15,23,Yes
3428,2024-04-23,6,55,14,Yes
939,2025-01-22,6,29,13,No
1159,2024-06-25,4,51,14,No
4803,2024-09-11,2,18,6,Yes
1769,2024-10-13,2,22,11,No
3202,2024-11-24,5,21,18,No
3221,2024-12-29,9,9,1,No
3885,2024-01-13,2,2,24,Yes
2892,2024-12-10,1,51,1,Yes
1769,2024-04-26,3,57,7,Yes
1565,2024-08-25,4,54,24,No
1663,2024-10-12,3,54,8,Yes
2927,2024-10-26,2,55,10,No
4051,2025-01-30,1,27,10,No
596,2024-02-29,7,56,21,No
4269,2024-12-07,8,54,19,Yes
1165,2024-03-15,7,23,23,No
3219,2024-02-19,4,1,1,No
2107,2024-04-23,3,48,7,Yes
244,2024-12-04,7,35,4,No
3009,2024-11-13,5,53,9,No
3864,2025-01-06,3,31,15,Yes
2240,2025-01-02,7,39,11,Yes
4151,2024-08-15,1,20,16,Yes
225,2024-05-08,9,27,13,Yes
1226,2024-05-02,6,11,14,No
3276,2025-01-03,1,45,12,No
614,2024-07-25,4,15,10,Yes
4657,2024-11-01,7,14,5,Yes
2433,2024-10-21,6,23,16,No
4565,2024-01-08,3,28,6,No
1493,2024-06-12,7,14,5,No
109,2024-06-18,6,40,19,No
1635,2024-10-09,2,6,1,No
1434,2024-06-14,2,49,5,Yes
4224,2024-06-25,7,43,5,Yes
1217,2024-09-09,3,52,19,No
3050,2024-07-09,2,26,14,No
4881,2024-10-30,6,33,14,Yes
2723,2024-10-19,6,32,10,No
1903,2024-06-05,7,1,24,No
382,2024-12-23,8,47,4,No
2085,2025-01-28,4,3,6,No
3598,2024-01-11,9,17,11,No
2727,2024-10-05,9,17,10,Yes
4605,2025-01-23,6,46,19,Yes
2245,2024-05-22,7,52,9,Yes
985,2024-04-05,5,5,17,Yes
1860,2024-10-21,7,50,14,No
3818,2025-01-12,7,56,17,Yes
2221,2024-01-01,7,5,13,No
516,2024-08-02,1,38,3,Yes
2730,2024-11-04,7,33,21,No
2797,2024-08-08,8,1,17,Yes
4436,2024-10-17,2,35,23,No
1266,2024-11-22,8,21,20,No
4625,2024-01-26,6,6,13,No
4793,2024-12-19,6,20,10,No
3283,2024-06-01,4,45,14,Yes
2281,2024-07-02,5,14,1,No
855,2024-03-19,5,11,1,No
622,2024-09-23,9,21,4,No
4600,2024-11-07,5,27,20,No
847,2024-10-05,7,2,16,Yes
913,2024-08-07,3,9,2,No
3364,2024-01-08,5,3,22,No
1882,2024-07-12,1,13,8,Yes
483,2024-02-04,1,14,21,Yes
2526,2025-01-07,5,8,21,No
3364,2024-01-25,4,21,6,No
686,2024-07-17,8,7,22,No
4226,2024-06-18,2,51,9,No
3627,2024-08-03,7,38,12,Yes
1049,2024-08-23,6,3,24,Yes
2913,2024-05-03,7,18,10,No
26,2024-04-29,4,11,9,No
3234,2024-08-19,1,52,3,No
2634,2025-01-22,8,41,5,Yes
4868,2024-05-19,7,55,2,No
2465,2024-07-09,9,52,19,Yes
4222,2024-08-15,2,49,23,No
2207,2024-01-23,3,30,8,Yes
3639,2024-02-12,5,13,8,No
1400,2024-07-23,8,16,16,No
3663,2024-06-11,7,22,4,Yes
4853,2024-03-14,6,34,8,No
4948,2024-08-15,6,22,22,Yes
699,2024-07-31,5,3,11,Yes
4805,2024-02-17,7,14,15,Yes
1955,2024-04-24,6,33,22,Yes
4398,2024-08-02,3,55,3,No
3439,2024-12-05,5,4,18,Yes
861,2024-10-13,9,3,11,No
2555,2024-02-05,8,28,11,Yes
2718,2024-06-02,4,29,6,No
2218,2024-10-27,7,5,19,No
544,2024-10-09,3,42,14,Yes
3561,2024-01-30,1,4,15,No
649,2024-03-12,3,6,18,No
118,2024-07-02,9,16,11,No
4749,2024-04-22,2,44,21,No
3882,2024-11-21,7,14,23,Yes
3234,2024-01-11,1,3,23,No
1204,2024-09-19,4,16,18,No
4870,2024-05-23,3,43,21,No
4395,2024-04-09,1,29,21,No
4167,2024-09-02,4,36,3,No
4920,2025-01-05,6,25,7,Yes
1004,2024-07-23,7,42,24,No
2435,2024-11-11,8,4,14,No
2347,2024-11-10,5,51,14,Yes
1070,2024-03-23,3,1,12,No
4248,2024-11-23,7,56,17,No
1924,2024-11-09,4,21,23,No
2563,2024-07-22,2,17,9,No
4762,2024-05-31,1,15,20,Yes
3038,2024-05-17,6,39,18,No
4453,2024-06-03,2,59,11,No
2813,2024-08-23,2,17,4,Yes
3035,2025-01-31,2,29,18,No
2370,2024-09-12,2,33,8,No
1123,2024-04-02,6,54,24,Yes
4486,2024-06-14,1,7,4,No
712,2024-01-05,9,52,17,No
2037,2024-09-29,3,44,7,No
857,2024-05-24,2,30,14,No
1513,2024-12-11,4,46,10,No
3219,2024-04-04,1,38,12,Yes
1508,2024-05-03,5,16,10,Yes
3025,2025-01-15,4,26,14,No
712,2024-03-13,9,51,20,Yes
1412,2024-05-08,6,30,11,No
4343,2024-03-30,9,8,22,Yes
3809,2024-04-18,9,29,3,No
1452,2024-06-03,7,2,4,Yes
4119,2024-09-19,1,34,2,No
2840,2024-01-03,1,3,13,Yes
2565,2025-01-27,3,32,2,No
3781,2024-01-17,6,52,13,Yes
2212,2024-05-20,9,27,19,No
4861,2024-02-10,6,40,18,No
4127,2024-08-20,5,13,19,No
3842,2024-12-29,1,11,5,Yes
1392,2024-03-05,5,28,5,Yes
4092,2024-06-06,2,40,17,No
1528,2024-02-26,4,52,13,No
1238,2025-01-03,8,12,9,Yes
4672,2024-06-18,8,19,10,No
2275,2024-06-24,8,40,9,No
4897,2024-05-06,4,48,20,No
4837,2024-07-22,9,51,15,Yes
2743,2024-11-03,8,9,13,No
2350,2024-02-25,5,47,11,Yes
678,2024-06-16,3,50,9,Yes
4353,2024-09-30,3,28,17,No
4923,2024-06-22,9,26,4,No
2103,2024-06-10,6,41,1,No
380,2024-08-22,2,6,5,Yes
4013,2024-05-24,7,10,10,No
2540,2024-10-26,1,38,23,Yes
3298,2024-01-15,3,59,22,No
3438,2024-07-15,1,28,8,No
1086,2024-03-30,1,32,12,No
4901,2024-09-12,8,59,8,Yes
127,2024-10-15,1,57,24,Yes
3697,2024-07-12,6,9,4,Yes
4325,2024-01-08,9,32,22,Yes
1523,2024-03-24,9,8,23,No
2865,2024-05-22,2,10,8,Yes
4917,2024-03-25,5,37,14,Yes
4206,2024-07-07,8,29,19,No
2235,2024-08-19,1,41,14,Yes
4748,2024-02-01,7,17,9,No
3313,2024-05-02,7,15,21,No
3011,2025-01-25,2,32,5,No
3017,2024-04-19,2,8,6,Yes
4480,2024-04-23,9,58,11,Yes
1322,2024-12-02,5,54,2,No
2417,2024-03-14,1,7,7,Yes
804,2024-11-13,1,44,17,No
4199,2024-06-22,4,41,17,No
3079,2024-12-11,9,22,14,Yes
604,2024-11-03,5,12,9,No
2179,2024-05-29,2,37,13,No
1206,2024-07-02,9,31,3,No
179,2024-04-02,4,15,1,No
1429,2024-04-23,5,43,8,Yes
43,2024-02-12,5,16,21,No
1174,2024-06-13,2,44,23,Yes
1405,2024-11-23,7,51,14,No
2861,2024-10-02,7,8,17,No
3075,2024-03-12,4,1,1,Yes
3927,2024-09-25,4,3,3,Yes
1193,2024-07-17,9,45,10,No
4784,2024-04-25,8,18,5,Yes
2139,2024-01-24,9,32,4,No
2452,2024-05-23,5,49,20,No
515,2024-01-11,6,15,4,Yes
4433,2024-03-12,4,29,16,Yes
2293,2024-11-05,6,8,23,Yes
3430,2024-08-10,1,22,7,No
4771,2024-07-19,7,33,12,Yes
4685,2024-04-04,1,42,6,No
1178,2024-12-19,2,18,5,Yes
540,2024-11-12,7,10,19,Yes
1580,2024-11-03,4,36,5,Yes
416,2024-02-16,4,26,9,Yes
1434,2024-08-14,8,57,17,No
3601,2024-03-21,3,59,14,No
2964,2024-02-20,6,55,10,No
4968,2024-09-05,4,2,20,Yes
4275,2024-05-31,3,49,15,No
3607,2024-03-21,7,25,3,No
3446,2024-11-03,1,25,10,No
2910,2024-03-12,1,10,4,No
4865,2024-03-08,3,49,24,No
1522,2024-01-14,6,1,17,Yes
831,2024-06-03,8,16,7,Yes
3058,2024-02-14,1,57,1,Yes
3319,2024-07-27,7,13,2,Yes
4614,2024-08-25,9,44,16,Yes
2399,2024-10-04,8,56,13,No
2655,2025-01-28,2,4,15,No
3238,2024-03-31,8,38,11,No
4763,2024-03-02,7,55,24,Yes
3863,2024-07-02,4,34,20,Yes
2847,2024-12-16,7,10,9,No
191,2024-05-03,6,7,14,No
370,2024-10-29,1,1,13,Yes
3316,2024-03-31,3,29,13,No
4962,2024-07-26,5,44,14,No
2642,2024-07-14,4,30,9,No
160,2024-11-05,2,46,14,No
2652,2024-04-17,5,58,20,Yes
4650,2024-08-31,8,6,23,No
4161,2024-01-03,4,21,24,No
3623,2024-07-21,2,46,14,No
1767,2024-04-23,7,12,17,Yes
2840,2024-03-05,6,56,11,Yes
3348,2024-06-30,4,49,4,No
1562,2025-01-19,6,18,10,Yes
3102,2024-01-17,3,21,4,Yes
3076,2024-04-20,7,2,15,No
3381,2024-03-03,2,22,2,Yes
1293,2024-04-28,6,57,7,Yes
2440,2024-10-27,9,31,18,No
3156,2024-03-21,1,52,18,No
936,2024-09-13,2,51,16,No
647,2024-01-24,8,39,3,No
5000,2024-06-03,8,47,14,Yes
4978,2024-09-29,1,1,17,Yes
3550,2024-07-02,8,15,6,No
4360,2024-01-04,7,56,17,Yes
2586,2024-04-04,6,58,14,No
3118,2024-03-18,5,38,11,No
1347,2024-01-24,2,44,2,No
4630,2024-08-02,1,39,19,No
1651,2024-02-18,1,3,4,Yes
4719,2024-12-09,6,27,5,Yes
2398,2024-10-26,5,2,5,Yes
2812,2024-01-25,1,42,2,No
4925,2024-02-24,3,22,7,No
391,2024-10-22,8,50,5,Yes
4702,2024-05-02,3,1,23,No
4091,2024-11-25,4,8,10,No
1058,2024-05-04,6,58,7,No
369,2024-04-18,9,37,5,No
4864,2024-07-10,3,9,2,No
501,2024-11-12,5,39,1,No
1431,2024-04-25,1,55,4,No
4066,2024-09-07,5,14,12,No
111,2024-11-05,4,56,2,Yes
479,2024-09-06,9,36,17,Yes
2913,2024-02-13,5,21,10,Yes
4747,2024-11-05,8,42,13,No
4778,2024-02-01,4,39,7,Yes
2556,2024-01-02,4,45,15,Yes
2363,2024-01-30,6,52,14,No
2301,2024-11-26,2,36,2,Yes
3863,2024-01-12,9,6,10,Yes
1417,2024-04-04,2,56,14,Yes
3025,2024-12-28,9,53,14,No
430,2024-10-24,4,41,13,No
3835,2024-11-27,3,22,24,Yes
3320,2024-06-23,7,30,3,No
631,2024-08-08,4,57,2,Yes
2200,2024-02-20,1,19,1,No
2006,2024-07-11,1,57,18,No
3381,2024-03-15,8,1,15,Yes
3277,2024-04-04,3,28,10,No
729,2024-06-23,3,19,13,No
298,2024-07-11,3,30,8,No
3387,2025-01-01,5,10,6,No
918,2025-01-02,6,52,12,Yes
4219,2024-12-12,7,25,2,Yes
3777,2024-05-23,4,15,13,Yes
1342,2024-12-24,6,18,3,No
1639,2024-09-09,7,10,17,No
2088,2024-02-02,6,12,23,No
175,2024-09-20,3,9,7,No
3433,2025-01-13,7,14,15,No
1314,2024-07-07,8,28,10,No
4093,2024-06-30,2,7,6,Yes
588,2024-11-03,8,21,20,Yes
1630,2024-06-07,5,7,16,Yes
1213,2024-01-02,1,3,21,No
297,2025-01-07,4,14,1,No
4608,2024-08-18,7,50,5,Yes
4747,2024-10-23,1,59,23,No
2079,2024-11-14,4,20,10,No
4908,2024-03-14,5,23,15,Yes
282,2024-04-26,3,37,21,No
4626,2024-01-01,7,54,20,Yes
2292,2024-05-26,6,28,5,No
475,2024-06-25,2,27,12,No
2580,2025-01-07,1,48,19,Yes
3271,2024-04-21,6,43,4,No
211,2024-03-10,2,41,11,No
214,2025-01-15,4,8,4,Yes
2869,2024-04-29,9,31,14,No
174,2024-02-12,5,1,19,Yes
2908,2024-07-16,6,5,10,Yes
4223,2024-11-29,3,23,11,Yes
1771,2024-11-17,8,44,22,No
2715,2024-08-27,9,53,3,No
4232,2024-08-26,2,31,14,No
4079,2024-09-30,4,20,8,No
642,2025-01-28,7,19,12,No
2126,2024-02-08,2,35,18,No
2358,2024-05-25,8,35,21,No
1068,2024-06-18,4,20,7,No
67,2024-07-11,4,25,7,Yes
701,2024-05-28,9,55,2,Yes
4249,2024-08-13,3,17,1,Yes
4031,2025-01-10,8,45,23,Yes
1647,2024-05-27,9,21,21,No
262,2024-05-05,6,20,6,No
978,2024-08-15,4,8,16,No
1435,2024-01-07,3,47,3,No
2613,2025-01-13,4,36,20,No
1836,2024-03-01,7,37,3,No
3275,2024-11-10,4,19,3,Yes
4285,2024-05-31,8,2,1,Yes
959,2025-01-22,3,46,9,No
4543,2024-06-29,8,36,1,Yes
393,2024-04-10,6,17,15,No
1354,2024-12-12,8,24,8,No
1393,2024-11-10,9,50,13,No
2599,2024-12-24,1,14,10,No
328,2024-02-23,6,13,7,Yes
4234,2024-02-11,2,10,1,Yes
4993,2024-12-09,1,59,1,No
3787,2024-08-19,7,38,1,No
753,2024-09-12,8,16,16,Yes
883,2024-08-07,2,9,20,No
674,2024-08-03,2,14,19,Yes
1589,2024-12-30,3,53,19,No
1618,2024-08-07,3,34,7,Yes
910,2024-06-23,3,11,14,No
965,2024-01-30,5,45,15,Yes
3279,2024-06-25,2,24,15,Yes
3025,2024-03-31,6,13,21,Yes
4138,2024-12-03,1,34,16,No
68,2024-08-29,3,7,13,Yes
4512,2024-11-27,5,14,7,No
2166,2025-01-23,7,36,15,No
2408,2024-08-02,9,17,9,No
2695,2024-02-04,1,10,15,No
374,2024-03-05,5,37,18,No
1431,2024-01-14,2,37,20,No
1345,2024-10-21,3,1,18,Yes
3831,2024-03-22,5,35,23,No
3644,2024-10-10,2,40,20,No
361,2024-02-14,6,8,7,No
770,2024-12-24,1,47,15,No
2365,2024-11-27,2,9,19,No
1869,2024-06-13,9,33,13,No
3470,2024-09-01,4,18,23,No
1489,2024-10-07,4,12,15,No
4966,2024-01-29,8,8,20,No
4885,2024-07-27,9,34,11,No
2610,2024-12-05,2,44,2,Yes
1315,2024-02-07,2,13,8,No
2964,2025-01-04,3,22,8,No
3903,2024-11-15,2,32,8,Yes
461,2024-01-31,2,53,8,No
1703,2024-03-20,5,22,12,Yes
2006,2024-03-08,5,30,14,No
1514,2024-05-05,4,30,14,Yes
3227,2024-02-05,3,13,14,No
3890,2024-12-11,4,45,3,Yes
2056,2024-02-28,6,12,21,No
2443,2024-07-19,7,34,8,No
216,2024-09-01,4,42,3,No
1599,2024-11-16,8,35,10,Yes
4058,2024-10-07,5,21,23,Yes
1849,2024-12-14,8,59,21,Yes
1334,2024-08-14,8,38,21,No
4258,2024-01-13,2,59,6,No
464,2024-07-16,7,39,11,Yes
4594,2024-11-18,7,42,20,No
1370,2024-09-01,8,12,24,No
677,2024-11-19,1,24,1,Yes
1397,2024-08-06,9,54,15,No
1641,2024-04-14,9,4,3,No
1812,2024-06-20,9,53,7,No
1225,2024-05-05,9,46,10,No
402,2024-03-10,6,28,3,Yes
2600,2024-03-18,4,58,3,Yes
3497,2024-04-11,6,24,17,Yes
105,2024-12-16,7,15,24,No
4533,2024-09-05,8,6,1,Yes
4147,2024-03-04,3,17,20,No
2889,2024-10-03,6,18,8,No
168,2024-07-01,6,4,23,No
1537,2024-10-26,1,15,18,No
650,2024-03-20,5,5,20,No
4726,2024-02-06,5,34,22,No
2773,2024-03-11,2,29,16,Yes
4349,2024-07-12,9,41,18,No
903,2024-11-21,8,44,18,Yes
3438,2024-09-21,7,37,16,Yes
1917,2025-01-03,7,9,21,No
3166,2024-05-25,2,58,2,No
1949,2024-11-27,7,42,9,Yes
4725,2024-09-19,4,7,14,Yes
1751,2024-07-07,6,16,16,No
603,2024-07-31,5,52,5,No
1421,2024-04-22,8,23,16,Yes
1875,2024-09-11,3,19,5,No
4121,2024-02-12,2,43,4,Yes
292,2024-02-12,6,22,3,Yes
1923,2024-05-26,3,37,18,Yes
1764,2024-03-18,4,2,12,No
1937,2024-11-06,2,42,22,Yes
304,2024-06-08,3,57,16,Yes
1406,2024-04-08,8,55,4,Yes
619,2024-01-12,1,35,18,No
1962,2024-01-21,6,36,10,No
4966,2024-01-15,1,6,24,Yes
4147,2025-01-17,3,59,6,No
1467,2024-05-05,2,4,19,No
1185,2024-08-20,5,19,6,No
3294,2024-06-21,5,22,21,No
3274,2025-01-30,3,46,2,Yes
249,2024-05-05,9,13,19,Yes
1894,2024-10-18,2,54,14,Yes
4969,2025-01-20,9,2,16,No
2110,2024-10-02,3,59,19,Yes
114,2024-10-16,8,47,16,No
101,2024-12-22,3,28,5,No
768,2024-03-17,7,10,13,No
2763,2024-05-04,4,57,4,No
4708,2024-12-25,8,57,22,No
2738,2024-12-23,8,7,10,No
1297,2024-02-07,2,59,22,Yes
4022,2024-04-16,9,8,2,No
4384,2024-03-14,4,57,23,No
3549,2024-05-12,4,27,7,Yes
2173,2024-08-11,4,19,18,Yes
3991,2024-06-25,7,50,22,No
1032,2024-11-02,2,45,23,No
4935,2024-12-03,4,30,5,Yes
3167,2024-11-16,8,39,14,No
1347,2024-09-14,7,21,16,No
1894,2024-07-13,1,12,18,No
4493,2024-07-13,7,8,23,No
4239,2024-11-09,7,30,22,No
1072,2024-04-16,7,33,2,No
2119,2024-03-05,3,47,8,No
4121,2024-09-02,8,5,16,Yes
3981,2025-01-21,9,49,16,Yes
4399,2024-10-01,3,48,8,No
2139,2024-12-31,1,23,20,No
2974,2024-05-12,1,51,4,No
1869,2024-02-22,8,7,13,No
1437,2024-09-08,1,50,10,No
2695,2024-12-03,8,25,8,No
3354,2024-10-10,4,41,23,No
4899,2024-04-13,4,8,7,No
1561,2024-12-15,7,17,17,No
4941,2024-09-11,9,25,5,Yes
4938,2024-07-30,5,37,5,No
1692,2024-06-24,7,14,17,No
2054,2024-10-18,7,28,19,No
1911,2024-02-06,2,30,1,No
3868,2024-06-23,9,3,6,Yes
261,2024-04-17,3,4,3,No
2138,2024-09-25,7,54,20,No
3038,2024-03-12,5,50,10,Yes
1550,2024-01-22,8,1,17,Yes
4262,2024-02-18,2,56,1,No
136,2024-02-20,1,52,16,Yes
432,2024-05-20,6,2,22,Yes
3607,2024-12-07,8,20,5,No
3010,2024-01-16,3,30,12,No
2233,2024-07-17,1,13,19,No
692,2024-06-29,7,45,3,Yes
2910,2024-03-24,8,40,18,Yes
70,2024-12-24,6,40,16,No
2985,2024-08-07,4,16,17,Yes
1236,2024-07-20,9,13,13,Yes
988,2024-05-29,3,29,19,Yes
4299,2024-04-04,9,19,3,Yes
2333,2024-08-08,2,13,15,No
4911,2024-08-15,2,18,2,Yes
2303,2024-04-22,1,4,18,No
104,2024-07-07,2,36,21,No
512,2024-02-02,2,12,12,Yes
2489,2024-03-14,4,46,13,Yes
2018,2024-09-06,9,21,12,No
180,2024-04-03,8,28,10,No
3405,2024-05-23,5,42,2,No
2082,2024-06-10,9,24,18,Yes
1267,2024-06-25,7,30,13,No
1141,2024-04-22,8,40,23,No
401,2024-05-07,6,31,3,No
478,2024-09-07,7,43,9,Yes
821,2024-07-06,9,28,5,No
818,2024-12-10,8,55,23,No
638,2024-07-19,1,44,20,No
4927,2024-06-09,9,6,23,No
764,2025-01-19,8,6,15,No
3959,2024-07-16,3,52,4,No
410,2024-11-10,9,33,9,No
3277,2024-08-28,9,7,6,Yes
1298,2024-07-29,4,23,12,Yes
2011,2024-05-13,6,56,2,No
1986,2024-09-27,1,15,2,Yes
653,2024-08-13,3,56,23,Yes
682,2024-09-18,2,32,3,Yes
3115,2024-05-30,4,52,22,No
3776,2024-10-28,6,33,3,Yes
2850,2024-08-06,1,35,1,Yes
3482,2024-03-22,4,50,2,Yes
978,2024-03-25,6,6,23,No
4025,2024-05-22,7,31,16,Yes
1302,2024-10-22,5,20,14,Yes
4003,2024-05-27,6,37,13,Yes
1218,2024-12-28,1,32,4,No
1726,2024-07-07,8,46,15,No
4344,2024-03-02,9,1,9,Yes
3240,2024-01-12,9,26,23,Yes
3441,2024-06-06,6,27,3,Yes
63,2024-07-27,9,51,11,Yes
2304,2024-11-16,5,42,23,No
3423,2024-03-11,2,56,14,Yes
2067,2024-06-10,3,31,9,Yes
4189,2024-01-03,7,8,20,No
1805,2024-07-30,5,34,22,No
1546,2024-10-23,9,27,12,No
2050,2024-03-07,4,35,20,Yes
1379,2024-10-17,6,53,13,Yes
2252,2024-08-02,3,38,23,No
3249,2024-06-16,6,35,19,No
3367,2024-07-15,8,4,6,No
483,2024-09-30,2,33,12,No
2686,2024-06-19,3,27,10,Yes
3676,2024-02-26,3,10,14,No
4319,2024-03-14,1,6,16,Yes
2380,2024-12-10,8,7,23,No
3170,2024-01-28,2,15,7,Yes
1375,2024-08-03,4,58,24,No
638,2025-01-27,5,18,10,Yes
4213,2024-03-05,6,49,20,Yes
4989,2025-01-19,4,18,21,Yes
319,2024-08-17,4,14,21,No
442,2024-08-01,7,10,8,Yes
321,2024-12-30,3,2,19,No
4131,2024-09-09,7,56,1,Yes
4906,2024-04-01,3,35,14,Yes
3066,2024-11-01,5,18,11,No
3550,2024-04-28,8,6,12,No
3011,2025-01-13,2,31,10,No
594,2024-06-12,3,44,12,Yes
4151,2024-12-25,2,30,11,Yes
3442,2024-01-12,4,57,7,No
1069,2024-11-10,5,55,14,No
3250,2024-08-13,4,48,14,No
1916,2024-10-26,7,54,9,No
1992,2024-04-20,3,20,10,No
1427,2024-05-11,7,10,16,No
2791,2024-12-16,2,30,4,No
3823,2024-05-17,2,5,10,No
2114,2024-03-11,5,55,16,Yes
3171,2024-02-07,8,31,5,No
1141,2024-03-08,8,37,11,Yes
1,2024-10-21,5,27,15,Yes
4040,2024-02-26,2,7,23,No
4753,2024-06-03,2,25,12,Yes
351,2024-08-11,3,47,17,Yes
908,2024-12-02,3,32,1,Yes
425,2024-07-09,7,1,13,Yes
2694,2024-01-03,7,56,23,No
4638,2024-04-05,2,21,7,Yes
1325,2024-03-16,3,48,10,Yes
2853,2024-04-10,6,46,17,No
698,2024-05-29,2,26,19,Yes
4138,2024-09-09,8,40,1,No
1081,2024-08-24,9,7,16,No
2588,2024-10-08,3,41,3,No
2864,2024-12-19,3,6,4,No
391,2024-12-24,9,37,8,Yes
2350,2024-12-08,4,26,12,Yes
3079,2025-01-08,4,1,9,No
4125,2024-12-23,4,1,13,No
771,2024-01-04,3,38,13,Yes
2392,2024-05-26,9,5,9,No
66,2024-06-25,2,32,11,No
3072,2024-09-09,6,34,17,No
1915,2025-01-05,6,18,22,No
4894,2024-10-17,8,58,15,No
4668,2024-08-25,3,50,21,No
1876,2024-03-11,7,5,24,No
3874,2024-07-10,4,48,12,No
2335,2024-02-29,4,59,12,No
738,2024-09-23,4,15,23,No
1444,2024-05-29,3,8,13,No
3154,2024-12-23,3,36,3,No
4942,2024-12-01,7,50,11,No
2509,2024-01-27,9,43,17,No
2564,2024-08-22,9,15,13,No
117,2024-01-13,7,41,20,Yes
2712,2024-04-14,1,34,15,Yes
103,2024-04-27,1,43,3,No
1587,2024-11-28,6,34,11,Yes
1553,2024-11-08,5,19,7,Yes
1019,2024-09-28,2,26,21,Yes
2869,2024-03-09,6,14,10,Yes
1108,2024-02-17,8,57,9,Yes
4955,2024-05-29,1,9,17,No
923,2024-08-19,9,56,6,No
4652,2024-10-11,9,27,20,Yes
3449,2024-12-14,6,59,23,Yes
3714,2024-03-14,2,52,8,No
1109,2025-01-31,5,36,21,Yes
601,2024-05-04,8,18,21,No
595,2024-04-08,3,52,10,Yes
1536,2024-08-15,2,2,7,Yes
743,2024-11-26,1,2,19,No
1316,2025-01-09,4,47,6,Yes
4092,2024-03-20,3,44,18,Yes
3673,2024-12-21,5,49,16,No
419,2024-01-29,1,56,3,Yes
4093,2024-10-17,3,43,23,No
1479,2024-12-23,6,8,15,No
1970,2024-12-26,8,7,1,No
4731,2024-05-18,7,46,17,No
4764,2024-06-11,8,35,3,No
1993,2024-02-02,8,31,2,No
2472,2025-01-02,4,33,9,Yes
4418,2024-07-21,3,37,18,Yes
4989,2024-09-06,4,42,12,No
2968,2024-07-23,2,59,16,Yes
1876,2025-01-27,5,55,18,Yes
4577,2025-01-08,4,5,2,Yes
4478,2024-08-15,1,12,5,Yes
105,2024-01-07,6,20,8,No
3740,2024-07-21,6,48,13,No
3797,2024-04-10,2,52,10,No
3084,2024-07-27,7,34,16,No
4329,2024-11-18,5,33,8,No
1765,2024-04-22,9,49,6,No
2363,2024-12-09,7,20,7,No
1268,2024-03-12,2,6,7,No
407,2024-09-23,7,25,9,No
4651,2024-08-06,3,29,17,No
491,2024-04-12,9,10,10,Yes
2012,2024-01-03,3,8,1,No
4186,2024-02-27,4,18,7,Yes
1363,2024-02-04,3,5,14,No
4098,2024-03-11,5,35,9,Yes
166,2024-03-18,8,14,17,Yes
2733,2024-01-14,3,28,3,No
4337,2024-01-26,4,32,19,No
1131,2025-01-03,3,28,2,No
1949,2024-12-12,4,32,18,Yes
3097,2024-09-22,9,52,19,No
587,2024-05-29,9,57,16,No
1727,2024-09-14,6,1,15,No
721,2024-05-17,8,12,8,Yes
2828,2024-03-05,1,52,5,Yes
3044,2024-07-17,9,59,17,Yes
1914,2024-05-09,1,27,23,Yes
2056,2025-01-30,5,2,22,Yes
4133,2024-10-05,2,3,22,No
1824,2024-04-14,1,55,20,No
3043,2024-04-14,9,21,15,No
321,2025-01-20,3,57,22,No
1989,2024-04-18,7,13,10,Yes
582,2024-08-04,5,38,11,No
4603,2024-08-19,9,16,13,No
978,2024-12-11,7,7,10,Yes
305,2024-10-22,1,13,7,No
99,2024-07-14,1,9,3,Yes
1405,2024-01-12,3,13,14,Yes
3658,2024-09-17,7,20,2,No
835,2024-03-26,6,46,23,No
4296,2024-12-19,9,5,5,No
4532,2024-10-03,2,28,15,Yes
1427,2024-11-05,5,43,3,No
32,2024-07-26,1,16,2,No
104,2024-09-12,8,27,6,No
3937,2025-01-05,6,37,14,Yes
758,2025-01-13,4,14,17,Yes
1234,2024-11-22,5,26,22,Yes
3558,2024-02-13,5,2,8,Yes
960,2024-12-23,9,32,13,Yes
2259,2024-04-15,7,59,2,No
4529,2024-07-14,1,46,8,No
2759,2024-01-05,2,4,15,Yes
710,2024-06-20,4,49,16,No
2154,2024-11-23,7,7,13,Yes
4693,2024-12-12,4,27,17,Yes
136,2024-05-09,3,18,5,Yes
4500,2024-11-06,1,54,23,No
4012,2024-05-26,6,51,9,Yes
3507,2024-08-10,3,18,3,Yes
4859,2024-11-02,3,21,21,No
575,2024-03-09,7,37,9,Yes
3004,2024-01-13,8,24,5,Yes
2696,2024-10-14,8,54,2,No
355,2024-07-08,6,3,15,Yes
3090,2024-08-02,9,37,5,Yes
1886,2024-05-23,8,3,8,No
156,2024-10-17,2,44,19,No
2951,2025-01-01,4,47,14,No
3496,2024-01-27,2,34,10,Yes
4365,2024-02-28,8,22,21,Yes
419,2024-04-06,9,19,1,Yes
2743,2024-03-15,6,2,7,Yes
3670,2024-05-13,6,30,21,Yes
2258,2024-11-14,5,31,19,No
3302,2024-07-08,9,56,18,Yes
3079,2025-01-25,2,39,16,Yes
1917,2024-02-17,4,8,12,No
2197,2024-10-15,9,9,9,Yes
665,2024-04-20,2,4,12,Yes
1937,2024-07-10,1,2,4,No
23,2024-01-26,4,5,8,Yes
908,2024-11-30,9,26,22,No
939,2024-01-01,4,39,16,Yes
3832,2024-02-09,6,31,11,Yes
1363,2024-02-25,6,35,15,No
2372,2024-06-18,4,8,6,No
985,2024-05-29,5,23,21,No
3690,2024-07-19,7,54,8,Yes
4006,2024-02-26,8,25,4,No
4471,2024-08-31,5,16,18,No
3326,2024-06-25,8,33,4,No
629,2024-09-28,8,19,13,No
2818,2025-01-01,5,24,20,Yes
793,2024-12-19,7,39,5,No
4306,2024-12-28,5,44,22,No
985,2024-11-24,8,53,12,Yes
2812,2024-01-31,2,58,23,No
2544,2024-10-03,2,39,3,No
2552,2024-01-25,3,11,9,No
3126,2024-04-20,8,49,17,Yes
1033,2024-09-25,6,9,7,No
4418,2025-01-10,7,21,16,No
2056,2024-09-17,4,5,3,No
4645,2024-10-22,1,27,3,No
499,2024-11-23,3,46,8,Yes
1527,2025-01-22,6,31,5,Yes
4498,2025-01-07,8,14,19,Yes
926,2025-01-11,4,4,12,Yes
2145,2024-01-19,8,38,6,Yes
780,2024-05-26,6,7,19,Yes
2623,2024-05-10,4,41,8,No
4403,2024-11-22,3,41,14,No
1582,2024-02-04,5,55,20,No
2093,2024-02-01,6,9,9,No
651,2024-05-24,3,49,24,No
4329,2024-02-01,3,2,10,No
1490,2024-05-19,3,55,19,No
3596,2024-05-03,2,28,24,Yes
2666,2024-02-02,8,33,14,No
3075,2024-06-27,4,49,10,Yes
3053,2024-07-26,8,4,18,No
4050,2024-07-16,3,6,21,No
3899,2024-09-17,8,42,9,Yes
4216,2024-06-23,3,20,18,No
4249,2024-02-08,8,40,22,No
2667,2024-12-17,7,6,11,No
4478,2024-04-19,5,26,18,No
1097,2024-06-18,4,20,21,No
4129,2024-04-07,2,36,4,Yes
2772,2024-09-24,9,52,5,No
910,2024-11-20,8,29,18,Yes
4290,2024-12-01,7,34,22,No
3520,2024-02-22,6,3,22,No
2435,2024-05-20,6,17,10,Yes
4616,2024-09-20,3,40,10,No
788,2024-11-26,2,23,14,No
4826,2024-04-21,4,47,14,No
176,2024-09-01,3,41,22,Yes
1101,2024-06-07,4,45,14,No
1710,2024-08-22,7,44,2,No
2195,2024-06-12,6,41,19,Yes
4981,2024-06-29,4,7,1,No
3531,2024-09-15,2,52,24,Yes
866,2024-01-26,6,49,23,No
2508,2024-04-10,5,10,4,No
3496,2024-01-22,2,2,7,Yes
3542,2024-11-15,7,11,22,Yes
1649,2024-11-23,1,1,10,No
2943,2024-01-07,8,44,4,No
2434,2024-02-22,5,45,9,Yes
2628,2024-07-25,8,29,2,Yes
4741,2024-09-21,5,40,9,No
2108,2024-06-11,8,20,19,Yes
4915,2024-07-14,1,54,3,No
47,2024-05-24,9,40,10,No
447,2024-08-17,7,56,21,No
2671,2024-02-26,2,29,15,Yes
1370,2024-09-06,1,29,13,No
1212,2024-08-18,3,13,22,No
4214,2024-10-08,6,57,22,No
4067,2024-05-14,2,22,22,No
2068,2024-01-19,8,22,3,Yes
3100,2024-02-16,1,30,3,Yes
4260,2024-11-07,4,3,17,Yes
3913,2024-01-20,2,47,7,Yes
2106,2024-03-20,2,54,16,No
1918,2024-08-24,8,55,15,Yes
4723,2024-12-02,1,50,3,No
2266,2024-02-22,2,59,21,No
4092,2024-07-26,1,53,8,No
3815,2024-11-06,3,5,21,No
507,2024-09-26,9,14,24,No
192,2024-12-21,5,44,6,Yes
4072,2024-10-13,1,5,13,Yes
1640,2024-11-26,3,36,22,Yes
2546,2024-12-26,4,19,6,No
793,2024-04-14,8,27,22,No
4877,2024-09-04,5,45,15,No
2214,2024-12-25,3,47,18,No
3231,2024-02-22,8,24,12,No
300,2024-08-11,5,19,11,No
294,2024-02-17,4,8,10,Yes
3634,2024-02-24,1,47,16,No
3935,2024-07-06,4,8,2,Yes
1169,2024-09-21,1,30,12,No
2655,2024-07-18,6,53,3,No
508,2024-08-05,4,4,4,Yes
2138,2024-09-21,2,3,7,No
944,2024-08-04,6,12,15,No
3205,2024-02-27,4,15,16,No
3031,2024-02-13,6,14,2,No
3999,2024-10-18,7,1,10,Yes
3695,2024-10-19,7,24,14,Yes
2305,2024-08-28,3,39,23,No
1269,2024-07-16,4,41,22,No
2577,2024-08-12,8,21,8,Yes
2585,2024-07-01,5,46,2,No
1482,2024-10-23,4,33,20,No
3443,2025-01-11,8,24,3,No
4203,2024-12-30,7,59,16,No
3162,2024-09-23,6,42,24,No
3965,2024-04-13,6,20,2,Yes
3707,2024-12-05,9,14,9,Yes
3316,2024-04-11,6,53,9,No
1191,2024-03-22,2,23,22,No
4362,2024-07-30,3,10,19,No
2095,2024-02-03,4,30,17,No
3104,2024-08-31,2,53,9,No
1825,2024-01-22,6,14,13,No
3419,2025-01-03,7,1,24,Yes
992,2024-06-13,7,26,1,No
275,2024-01-15,9,31,5,No
340,2024-06-19,9,5,20,Yes
539,2024-10-01,2,57,2,Yes
619,2024-04-16,5,22,16,No
1297,2024-07-10,9,51,10,Yes
3780,2024-04-07,7,32,20,No
138,2024-05-10,4,12,14,No
4574,2024-07-01,1,10,14,Yes
1717,2024-11-25,8,59,24,No
2220,2024-10-03,1,8,8,Yes
2847,2024-02-04,9,5,1,Yes
1330,2024-10-28,3,44,15,No
2535,2024-06-27,9,14,21,Yes
2958,2024-08-04,6,43,4,No
594,2024-06-16,8,54,12,No
3701,2024-08-13,9,16,18,No
1227,2024-12-27,9,35,10,No
1180,2024-03-17,6,2,24,No
481,2024-10-06,2,50,16,No
1533,2024-07-08,7,49,14,Yes
3380,2024-05-06,2,29,2,Yes
3694,2024-07-05,8,17,6,No
2997,2024-05-02,2,2,10,No
928,2024-05-06,8,44,5,No
3113,2024-10-23,9,15,8,No
521,2024-12-01,1,33,7,Yes
4393,2024-10-30,5,28,20,Yes
2920,2025-01-29,3,29,8,Yes
2974,2025-01-24,7,48,24,No
950,2024-09-17,7,19,7,No
4090,2024-03-24,3,34,9,No
4989,2024-05-24,4,33,8,No
2453,2024-03-22,4,27,24,Yes
15,2024-07-17,5,44,1,Yes
1783,2024-07-23,1,41,3,Yes
790,2024-12-03,1,14,17,Yes
1563,2024-03-13,2,35,21,No
4350,2024-02-18,9,38,7,Yes
3537,2024-08-27,3,15,11,No
3881,2024-12-24,9,57,19,No
702,2024-09-03,2,38,12,No
3776,2024-06-20,8,55,3,Yes
1573,2024-10-13,8,28,5,No
3222,2024-01-23,1,57,15,Yes
1266,2024-02-04,6,11,3,No
1311,2024-12-14,8,12,15,No
2386,2024-06-18,1,23,5,No
2670,2024-10-03,9,24,23,No
1430,2024-05-17,7,2,22,No
603,2024-08-05,6,33,14,No
835,2024-08-07,6,1,18,Yes
3887,2024-10-07,5,49,2,No
2624,2024-09-05,6,37,14,Yes
958,2024-11-05,4,29,6,No
3942,2024-04-16,2,38,14,No
1310,2024-01-03,3,37,3,Yes
1307,2024-04-13,2,22,5,No
3178,2024-01-04,2,5,8,No
3046,2024-03-18,1,6,8,Yes
717,2024-09-20,2,30,11,No
1665,2024-06-23,4,11,22,No
3837,2024-04-14,1,1,13,No
3350,2024-03-21,1,51,3,No
993,2024-08-24,9,52,3,No
3393,2024-04-01,3,11,6,No
4215,2024-09-02,6,27,11,No
3259,2025-01-21,7,26,9,Yes
1118,2024-07-15,4,19,11,No
2032,2024-08-08,1,31,21,No
1282,2024-10-30,5,5,21,Yes
3304,2024-10-13,6,49,13,Yes
4122,2024-11-27,4,35,3,No
4514,2024-04-23,3,10,2,Yes
3829,2024-05-10,4,49,2,No
3214,2024-06-11,5,33,22,Yes
1245,2024-02-05,3,45,12,Yes
2300,2024-11-22,5,34,21,No
362,2024-07-08,5,4,12,No
4908,2025-01-13,7,26,8,No
2620,2024-12-29,4,33,5,No
4213,2024-02-01,7,7,13,No
3103,2024-03-25,5,41,20,Yes
3973,2024-06-12,4,29,14,No
4479,2024-03-05,3,23,1,No
1925,2024-09-22,9,38,24,No
889,2024-07-08,8,34,1,No
3943,2024-06-02,3,32,18,No
1433,2024-08-06,4,37,9,No
3479,2024-02-24,8,20,22,No
712,2024-05-02,5,4,2,No
979,2024-01-03,7,7,12,No
1739,2024-10-05,9,19,3,No
957,2024-08-27,2,30,12,Yes
4129,2024-04-07,6,19,3,No
4415,2024-01-04,2,48,14,No
1139,2024-10-01,2,30,5,No
3642,2024-10-15,4,41,9,No
2912,2024-08-29,9,28,3,Yes
1618,2024-03-05,9,14,14,Yes
1368,2025-01-04,8,35,10,Yes
3566,2024-01-05,1,4,2,No
3163,2024-11-23,8,32,15,No
560,2024-08-21,9,39,13,No
1941,2025-01-26,9,6,4,Yes
2161,2024-04-24,8,51,22,Yes
3088,2024-10-11,3,57,10,No
235,2025-01-01,7,33,21,Yes
4994,2024-03-26,3,34,14,No
787,2024-09-04,6,19,17,No
2182,2024-08-31,2,33,21,Yes
973,2024-08-28,1,53,6,No
4012,2024-08-21,6,39,5,Yes
3129,2025-01-17,9,32,10,No
1929,2025-01-21,5,39,4,No
44,2024-02-29,6,21,19,No
3201,2024-03-02,8,8,6,No
3867,2025-01-24,1,30,13,Yes
2927,2024-09-13,8,48,5,Yes
1523,2024-05-29,2,22,17,No
115,2024-03-12,6,21,21,Yes
890,2024-06-12,3,13,9,Yes
2932,2024-03-06,9,16,1,No
515,2024-12-20,1,57,24,No
560,2025-01-10,5,12,6,Yes
4595,2024-09-03,3,29,20,No
1739,2024-11-30,4,52,10,Yes
1750,2024-09-15,1,1,16,No
665,2024-07-18,6,12,12,No
3482,2024-04-11,6,15,15,No
88,2024-01-01,3,59,4,No
3737,2024-11-04,7,40,9,No
3622,2024-02-01,8,9,23,No
439,2024-01-05,4,25,1,Yes
4927,2024-08-14,3,43,21,No
373,2024-02-12,2,53,2,Yes
804,2024-03-15,9,3,22,No
3698,2024-02-07,4,6,17,No
721,2024-01-25,2,19,23,No
934,2024-03-13,9,10,1,No
3309,2025-01-01,1,4,19,Yes
4393,2024-05-22,6,20,14,No
4509,2024-03-13,9,15,9,No
632,2024-04-09,7,13,5,Yes
1620,2024-05-31,9,55,22,No
3273,2024-12-11,8,23,22,No
539,2024-05-28,4,13,15,No
2755,2024-09-07,1,27,8,No
2523,2024-04-20,6,30,8,No
2285,2024-12-13,2,49,22,No
2483,2024-01-27,2,17,11,Yes
2434,2024-06-27,4,3,4,No
650,2025-01-13,6,24,22,No
3653,2024-12-03,6,41,4,No
1709,2024-09-04,7,44,9,Yes
3156,2024-12-20,3,53,7,Yes
4583,2024-12-05,4,30,2,No
1771,2024-08-16,9,32,13,No
3916,2024-08-28,7,18,13,No
4622,2024-02-18,9,1,17,Yes
565,2025-01-22,3,20,11,No
2111,2024-11-12,9,24,4,Yes
4956,2024-12-30,1,51,16,No
2432,2024-08-06,3,47,23,No
3960,2024-03-02,4,53,12,No
1913,2024-12-13,3,6,11,No
641,2024-10-23,1,47,4,No
4549,2024-10-25,4,55,24,No
72,2024-11-19,1,48,13,Yes
473,2024-08-31,3,19,13,No
3363,2024-02-25,1,10,3,Yes
2993,2024-07-11,9,47,15,Yes
3711,2024-07-05,9,47,6,Yes
3385,2024-12-29,1,55,21,No
4668,2024-11-08,8,18,1,No
4843,2024-08-10,1,12,21,No
1230,2024-06-28,4,24,18,No
3339,2025-01-30,7,49,24,No
748,2024-07-23,7,7,16,No
1042,2024-07-25,5,54,3,Yes
1169,2025-01-29,2,57,9,Yes
934,2024-08-21,1,18,16,No
4277,2024-07-27,9,46,16,Yes
3139,2024-05-31,4,23,18,No
3913,2024-01-21,2,19,5,No
75,2024-11-06,9,39,1,No
4325,2024-11-08,9,52,10,No
386,2025-01-05,6,46,3,Yes
1101,2024-12-14,7,41,3,No
2814,2024-07-12,4,56,23,Yes
3870,2024-09-25,2,12,11,No
4566,2024-04-30,4,52,24,Yes
238,2024-04-09,8,55,23,No
2156,2024-05-27,6,56,19,Yes
4088,2024-05-16,1,53,7,No
2658,2024-01-09,5,43,24,No
2050,2024-01-09,8,57,14,No
3223,2024-11-10,2,30,9,Yes
4134,2024-12-31,5,35,10,Yes
4712,2024-07-06,2,34,1,No
4009,2024-03-18,9,45,11,Yes
4034,2024-03-23,4,46,17,No
2405,2024-05-24,3,56,7,No
4154,2024-03-11,3,22,4,No
3389,2024-12-11,4,59,14,No
1625,2024-07-13,9,6,14,Yes
2093,2024-12-15,3,39,15,Yes
1310,2024-12-30,9,2,18,No
503,2024-07-05,7,53,12,Yes
1758,2024-04-10,8,14,11,Yes
2308,2024-08-22,6,47,7,No
2400,2024-11-15,4,57,6,No
1632,2024-04-12,1,16,10,No
2059,2024-12-21,5,37,13,Yes
2368,2024-04-03,4,6,20,Yes
4819,2024-03-06,5,30,5,No
117,2024-02-15,8,15,14,No
399,2024-10-23,3,39,23,Yes
883,2024-02-08,3,43,14,No
384,2025-01-24,4,10,5,Yes
4508,2024-05-12,3,15,10,No
4654,2024-05-04,3,41,21,No
3743,2024-11-15,3,50,13,Yes
1679,2024-12-26,1,20,20,No
3909,2024-01-07,6,3,17,Yes
179,2024-08-22,3,33,23,No
1792,2024-01-11,6,21,5,Yes
4688,2024-07-04,3,57,7,No
4229,2024-12-20,2,8,16,No
2468,2024-05-25,4,19,16,No
2836,2024-09-01,9,24,7,Yes
4805,2024-12-09,9,10,14,No
2800,2024-05-04,8,41,6,No
2740,2024-08-03,4,2,18,No
1220,2024-01-26,8,56,15,No
3263,2025-01-25,6,6,7,Yes
3379,2024-02-28,1,22,23,Yes
2169,2024-06-20,6,52,21,No
899,2024-09-09,6,39,6,No
3559,2024-11-23,6,2,7,Yes
186,2024-10-27,5,34,12,No
13,2024-02-28,9,16,19,No
4954,2024-02-12,9,50,15,Yes
292,2024-06-17,6,36,3,Yes
4490,2024-01-20,1,10,3,Yes
4884,2025-01-16,3,16,18,Yes
4714,2024-12-25,2,32,7,No
2384,2024-02-19,6,27,24,No
3906,2024-01-23,3,14,14,Yes
3910,2024-02-05,3,18,24,No
2165,2024-07-22,5,37,1,No
3887,2024-12-28,2,20,3,Yes
434,2024-03-18,2,1,2,No
588,2024-08-02,8,28,17,No
4106,2024-01-05,2,45,10,No
837,2024-01-16,6,52,16,No
2392,2024-09-15,6,58,20,Yes
4783,2024-01-17,4,31,8,No
2020,2024-03-09,7,36,13,Yes
3034,2024-07-24,4,42,21,Yes
4499,2024-06-27,3,20,11,No
3565,2024-10-13,4,21,7,Yes
198,2024-10-19,8,44,19,Yes
2864,2025-01-02,2,33,6,No
1496,2024-04-16,1,25,4,Yes
972,2024-12-08,6,55,20,Yes
452,2024-05-13,1,36,9,Yes
1243,2024-08-27,2,38,18,Yes
2152,2024-06-21,7,56,20,Yes
229,2024-11-02,1,31,8,No
3566,2024-08-21,3,46,23,Yes
1560,2024-10-11,1,30,6,Yes
1149,2024-04-14,1,13,20,No
2446,2024-04-22,6,10,14,Yes
1712,2024-06-12,8,46,8,Yes
977,2024-05-27,3,6,4,No
4678,2024-09-16,9,29,8,No
791,2024-09-13,7,19,6,Yes
3804,2024-12-31,6,21,22,No
3115,2024-04-15,9,46,2,Yes
3408,2024-07-02,4,15,10,Yes
2574,2024-09-08,1,35,15,Yes
2669,2024-02-15,3,54,16,No
4271,2024-11-03,9,27,9,No
1022,2024-04-05,3,55,14,No
1134,2024-02-25,7,23,3,No
4722,2024-05-25,8,43,1,No
821,2024-10-19,4,47,23,Yes
1790,2024-07-25,3,17,8,Yes
914,2024-08-29,7,7,12,No
2879,2024-10-18,2,40,4,Yes
1931,2024-02-16,4,22,17,Yes
1548,2024-05-09,1,2,3,No
1050,2024-07-15,8,55,23,No
1003,2024-05-04,3,35,6,No
4244,2024-12-29,1,34,14,Yes
1405,2024-09-15,6,42,20,No
4989,2024-07-30,3,54,6,Yes
3185,2024-11-20,3,23,21,No
2518,2024-07-17,6,31,3,Yes
1250,2024-05-25,7,15,4,No
2332,2024-12-13,9,9,24,Yes
4931,2024-05-02,6,57,15,No
1186,2024-03-20,6,53,15,Yes
4023,2024-01-12,3,50,18,Yes
854,2024-04-16,7,54,7,No
111,2024-02-16,4,18,16,Yes
753,2024-09-10,3,57,11,No
2904,2024-12-20,2,59,6,No
4947,2024-03-12,6,27,1,No
2857,2024-12-02,1,26,21,Yes
4882,2024-07-27,3,11,18,Yes
1875,2024-08-04,1,42,9,Yes
4707,2024-07-05,4,20,17,Yes
2037,2024-03-15,1,44,14,No
801,2024-09-22,7,4,22,Yes
3013,2024-03-13,6,13,11,Yes
919,2024-06-07,4,7,22,No
3687,2024-07-20,7,13,21,No
2270,2024-10-02,1,12,16,Yes
2960,2024-06-19,8,45,24,No
1152,2024-05-15,1,57,9,No
3337,2024-10-30,6,33,17,No
292,2024-03-26,6,56,1,No
3588,2025-01-03,9,30,2,No
2033,2024-09-12,5,37,9,No
3039,2024-12-08,5,9,22,Yes
1956,2024-03-06,9,43,16,No
1672,2024-05-28,3,31,1,No
1329,2024-01-02,6,17,11,Yes
2949,2024-01-21,4,3,9,No
2754,2024-01-18,6,15,10,Yes
4165,2024-12-18,9,52,2,No
4068,2025-01-11,8,57,1,No
394,2024-12-11,6,24,5,Yes
4234,2024-12-02,5,14,14,No
1342,2024-03-13,7,39,7,No
162,2024-01-11,5,22,21,No
320,2024-10-06,9,40,18,Yes
816,2024-07-19,1,21,24,No
1838,2024-12-06,4,48,1,No
4877,2024-01-26,1,51,22,No
221,2024-02-14,9,32,2,No
2130,2024-06-04,9,42,20,Yes
4057,2024-12-07,7,58,11,No
1188,2025-01-17,7,42,14,No
3972,2024-07-12,6,46,22,Yes
325,2024-01-09,5,18,21,No
671,2024-06-12,2,37,16,No
3449,2024-02-14,6,25,8,Yes
4031,2024-10-28,6,40,10,Yes
2129,2024-01-13,1,16,15,No
1446,2024-10-13,2,57,7,No
292,2025-01-27,9,9,7,No
242,2024-06-22,8,22,4,No
3061,2024-05-23,1,30,6,Yes
1804,2024-04-16,6,28,20,Yes
2076,2024-03-14,3,7,9,Yes
1579,2024-09-10,8,58,24,No
312,2024-02-28,9,49,22,No
2991,2024-07-24,4,24,15,No
1672,2024-11-29,7,4,10,Yes
1865,2024-04-13,5,48,12,Yes
869,2025-01-08,8,28,11,Yes
2390,2024-01-30,5,36,2,Yes
2213,2024-11-26,6,20,12,Yes
537,2024-12-22,3,38,22,No
3501,2025-01-06,5,51,13,No
3704,2024-04-11,6,5,2,No
3694,2024-04-30,5,23,6,No
1740,2024-06-12,5,33,7,No
1209,2024-08-03,4,10,12,No
546,2024-12-01,2,22,6,Yes
2829,2024-04-21,6,2,11,Yes
3344,2024-07-14,2,21,15,No
687,2024-11-02,9,14,3,No
4245,2024-12-30,6,6,5,No
4305,2025-01-25,5,24,20,No
1944,2024-04-12,8,38,12,No
2572,2024-01-07,4,24,16,No
2201,2024-02-15,1,57,17,Yes
4316,2024-01-30,1,5,6,No
532,2024-01-30,7,12,11,No
1033,2025-01-04,1,17,16,No
886,2024-01-20,9,52,21,No
4291,2024-10-28,7,25,12,No
1488,2024-01-27,3,17,21,Yes
1968,2024-09-26,2,54,16,Yes
149,2024-10-31,2,11,3,Yes
4613,2024-10-28,9,44,20,Yes
1913,2024-04-30,3,19,11,Yes
4581,2024-02-03,7,46,24,No
4327,2024-10-10,1,25,13,No
2694,2024-08-15,8,13,14,No
2306,2024-09-23,9,42,11,No
630,2024-02-28,4,16,6,No
1129,2025-01-07,6,33,2,No
1903,2024-01-02,2,43,16,Yes
4683,2024-06-07,6,25,6,Yes
1182,2024-09-29,7,18,1,No
4458,2024-01-23,6,37,17,Yes
174,2024-03-29,8,27,5,No
4668,2024-09-26,5,55,15,No
2109,2024-11-25,5,43,9,No
2358,2024-04-28,3,40,7,Yes
4653,2024-06-20,4,30,4,No
949,2024-12-23,9,55,17,No
2736,2024-05-22,9,12,7,No
4605,2024-02-03,2,25,22,Yes
3266,2024-06-20,9,9,23,No
807,2024-10-05,5,35,6,Yes
439,2024-11-03,7,29,14,Yes
3341,2025-01-22,8,2,15,No
979,2024-04-02,8,45,16,Yes
4394,2024-11-15,7,51,17,Yes
56,2024-12-15,3,46,10,No
427,2024-01-26,2,59,2,No
4657,2024-11-14,9,13,5,Yes
4865,2025-01-13,1,9,15,Yes
312,2024-04-27,1,52,24,Yes
3801,2024-01-26,7,27,18,No
2378,2024-05-14,7,55,14,Yes
3376,2024-12-27,2,36,8,Yes
4889,2024-04-22,8,29,19,No
1733,2024-11-20,2,35,14,No
4522,2024-08-15,1,46,19,No
936,2024-08-01,2,55,16,No
2516,2024-08-05,8,25,24,No
4375,2024-02-15,3,59,22,Yes
1499,2024-05-04,3,26,17,No
4968,2025-01-29,8,23,21,No
1807,2024-08-01,9,3,17,Yes
2098,2024-07-20,4,10,9,Yes
1274,2024-03-28,9,24,19,No
4793,2024-09-30,6,35,14,No
2747,2024-11-25,8,17,18,No
1555,2024-01-13,1,14,2,Yes
2282,2024-09-19,1,56,17,Yes
4165,2024-02-12,5,31,12,No
4958,2024-03-12,3,13,9,Yes
805,2024-03-11,1,5,21,No
1243,2024-12-11,7,56,21,No
1913,2024-11-21,4,20,23,Yes
4701,2024-08-07,4,37,19,Yes
1547,2024-09-23,7,24,9,Yes
421,2024-02-04,8,20,8,Yes
2407,2024-06-27,9,2,6,Yes
4127,2025-01-24,5,26,2,No
2624,2024-10-19,9,36,2,No
1039,2024-06-04,3,38,17,Yes
1990,2024-08-22,7,39,15,No
4848,2024-12-23,1,1,1,Yes
4445,2024-05-11,2,49,12,No
2836,2025-01-28,1,38,9,Yes
2572,2024-08-22,2,15,3,Yes
868,2024-01-02,3,31,23,No
2793,2024-06-26,8,56,22,No
3896,2025-01-02,5,7,14,Yes
1325,2024-04-22,4,54,15,Yes
273,2024-02-07,5,31,2,Yes
524,2024-02-15,9,35,8,No
120,2024-01-19,2,5,6,No
3444,2024-06-27,9,38,1,Yes
4123,2024-12-14,6,44,23,No
1638,2024-10-07,9,41,22,Yes
3043,2024-04-18,3,22,24,Yes
4799,2024-12-11,9,19,12,Yes
4015,2025-01-14,4,31,24,Yes
3078,2024-05-05,8,23,24,Yes
3547,2024-01-05,9,17,9,No
1230,2024-11-09,9,37,17,No
2793,2024-08-09,9,49,1,Yes
2541,2024-09-11,5,52,23,No
2907,2024-04-13,2,24,3,No
1285,2024-11-05,4,38,4,Yes
553,2024-08-17,1,52,14,No
3809,2024-11-12,3,24,15,Yes
1866,2024-09-14,2,27,20,No
2823,2024-05-28,1,6,11,Yes
3136,2024-03-12,5,49,18,Yes
1840,2024-02-18,9,3,23,Yes
1146,2024-10-12,1,12,15,No
3757,2024-10-26,9,10,21,No
2704,2024-03-04,7,59,13,No
372,2025-01-17,9,20,20,No
4104,2024-06-06,8,34,12,Yes
2713,2024-03-12,3,14,12,No
935,2024-12-07,6,48,16,No
4117,2024-08-04,5,15,24,Yes
341,2024-11-06,2,11,12,No
1833,2024-04-29,5,2,18,No
3599,2024-08-30,6,11,21,No
3116,2024-07-27,2,56,19,Yes
893,2025-01-10,4,36,11,No
4174,2024-07-01,5,15,3,No
287,2024-11-27,3,9,13,No
4106,2024-01-15,5,47,23,No
4898,2025-01-22,4,58,11,No
560,2025-01-07,2,1,4,No
413,2024-02-23,4,46,15,No
2349,2024-07-26,8,12,8,Yes
873,2024-09-05,8,41,20,Yes
2986,2024-08-06,5,44,1,No
117,2024-09-02,6,21,18,No
413,2024-12-19,7,26,1,No
1266,2024-02-20,8,10,18,Yes
1661,2024-09-17,5,58,24,Yes
317,2024-09-10,4,23,9,Yes
2068,2024-09-02,5,18,21,No
4439,2024-07-22,7,42,14,No
1675,2024-03-05,5,57,1,No
4445,2024-12-02,3,54,2,No
1468,2024-09-28,1,45,16,No
18,2024-10-04,9,52,18,No
4241,2024-04-20,5,39,15,No
218,2024-07-28,7,45,24,No
3495,2024-04-30,5,23,19,Yes
1542,2024-08-09,4,27,18,No
996,2024-10-05,2,39,19,No
1538,2024-09-26,8,1,4,Yes
2124,2024-12-06,4,34,14,No
162,2024-12-07,2,37,22,No
3165,2024-07-02,3,41,3,No
685,2024-01-13,6,34,7,No
393,2024-02-14,5,17,1,Yes
1298,2025-01-08,4,45,6,No
1145,2024-12-01,2,57,5,No
2546,2024-07-22,4,6,19,No
4683,2024-11-23,2,29,3,No
1539,2024-03-23,4,28,19,No
3358,2024-08-23,6,34,23,Yes
3968,2024-07-24,7,28,24,Yes
3699,2024-03-29,2,29,24,Yes
1955,2024-10-30,6,34,11,Yes
461,2024-03-22,7,18,2,No
4716,2024-04-04,1,55,10,No
1495,2024-08-05,4,19,18,No
616,2024-08-09,4,22,21,No
4472,2024-08-10,6,8,22,Yes
4396,2024-08-15,5,52,7,Yes
2775,2024-09-20,8,16,21,Yes
682,2024-12-19,5,43,23,No
4119,2024-09-20,8,12,14,No
4702,2024-01-06,8,3,1,Yes
693,2024-10-18,9,38,11,No
3223,2024-12-24,2,13,18,Yes
817,2024-12-18,4,27,17,No
334,2024-04-09,6,55,1,No
3550,2024-08-17,7,4,18,No
4655,2024-11-25,5,47,5,Yes
1168,2024-07-22,1,3,22,Yes
4275,2024-02-13,6,25,24,No
2074,2024-07-21,3,2,22,No
4683,2024-06-15,2,16,9,No
4121,2024-03-27,8,53,24,No
3413,2024-04-05,8,8,7,Yes
2432,2024-10-08,6,31,1,No
3541,2024-11-24,3,9,14,No
4622,2024-11-04,2,43,17,No
2449,2024-12-12,5,43,15,Yes
2194,2024-12-31,8,44,13,No
2931,2024-10-02,2,43,3,No
1224,2024-11-07,4,58,24,No
951,2024-01-01,5,21,17,Yes
4773,2024-08-25,4,18,21,Yes
3756,2024-05-29,3,35,18,No
233,2024-10-24,5,50,7,No
1112,2024-10-25,1,3,4,Yes
1508,2024-05-03,5,2,23,No
2248,2024-06-11,1,39,22,Yes
3936,2024-10-16,9,59,21,No
2297,2024-10-01,6,39,7,Yes
1421,2024-02-24,9,8,5,No
1713,2024-03-10,7,22,12,No
2335,2024-06-14,3,17,16,Yes
2316,2024-06-23,1,46,12,Yes
677,2024-11-14,1,50,20,No
3038,2024-09-01,4,28,15,No
3260,2024-09-02,6,26,3,No
1050,2024-08-26,2,27,7,No
704,2024-03-18,3,56,15,Yes
2221,2024-08-10,3,2,10,Yes
4871,2024-06-14,9,16,21,Yes
1730,2024-11-04,7,40,10,No
665,2024-09-10,9,32,16,Yes
475,2024-07-13,2,49,16,No
4897,2024-05-31,7,11,13,Yes
2209,2024-01-13,5,34,12,No
3940,2024-10-08,5,9,24,Yes
3830,2024-04-06,1,24,19,No
4109,2024-10-12,8,8,24,Yes
665,2024-07-08,3,47,24,Yes
3133,2025-01-14,8,19,5,No
2440,2024-09-29,2,46,19,No
2880,2024-01-13,2,57,13,Yes
4942,2024-06-11,9,55,6,Yes
3660,2024-01-16,4,34,19,No
4903,2024-02-07,4,18,15,No
926,2024-12-29,1,30,6,No
866,2024-05-28,9,9,1,No
4452,2024-03-04,9,33,7,No
1487,2025-01-30,4,36,16,No
4954,2024-08-13,7,2,5,No
3215,2024-02-25,9,28,11,No
2353,2024-07-17,9,23,6,No
2428,2024-06-17,5,27,22,Yes
4189,2024-09-04,8,55,11,No
4610,2024-10-09,2,37,8,Yes
350,2024-10-25,1,40,3,No
3330,2024-04-06,8,19,8,No
2401,2024-10-19,9,20,21,Yes
768,2024-02-05,5,47,18,Yes
4453,2024-03-12,7,24,20,No
3778,2024-10-29,3,9,21,No
1992,2024-06-29,2,17,19,Yes
2448,2024-07-21,4,3,23,No
2421,2024-06-28,8,20,8,Yes
4968,2024-02-17,8,20,11,Yes
985,2024-09-30,7,1,13,No
3946,2024-09-29,5,54,24,No
29,2024-08-13,3,10,7,No
2065,2024-02-11,6,53,11,No
2410,2024-11-27,7,43,5,No
1141,2024-02-28,4,21,18,No
2952,2024-06-06,5,34,2,No
2609,2024-09-26,4,59,20,Yes
700,2024-08-07,5,55,11,Yes
2484,2024-01-21,5,6,7,Yes
2129,2024-01-29,5,23,8,No
1340,2024-11-29,3,13,4,Yes
2053,2024-07-03,7,5,19,No
3439,2025-01-31,4,58,4,No
4938,2024-01-23,3,11,23,No
3488,2024-01-03,9,18,7,No
1719,2025-01-02,5,41,23,Yes
2703,2024-11-04,1,54,5,Yes
1174,2024-04-04,8,44,20,No
1078,2024-05-14,3,17,3,No
3607,2024-05-18,1,32,11,Yes
4080,2024-10-31,7,26,19,Yes
2375,2024-12-26,4,10,16,Yes
4082,2024-11-22,7,32,1,Yes
2710,2024-04-02,8,14,15,No
4076,2024-09-24,8,52,14,No
292,2024-08-16,4,38,17,No
1217,2024-10-14,4,18,23,Yes
1931,2024-09-08,2,11,2,Yes
66,2024-06-27,9,24,19,Yes
1233,2024-11-23,5,51,12,Yes
2921,2024-08-25,8,57,22,Yes
3519,2024-01-26,4,33,12,Yes
1810,2024-11-16,9,16,10,Yes
1715,2024-04-29,1,36,9,Yes
4859,2024-11-24,4,36,13,Yes
4007,2024-01-09,7,56,13,No
51,2025-01-31,5,51,16,No
483,2024-03-13,3,52,17,Yes
1880,2024-10-28,7,15,11,No
2977,2024-04-10,6,6,19,No
222,2024-01-10,9,36,3,No
2948,2024-03-04,9,21,23,Yes
1114,2024-02-22,7,39,15,No
3722,2025-01-09,9,16,23,No
3263,2024-03-17,8,44,13,Yes
4790,2024-06-23,5,26,21,No
1893,2024-11-20,1,28,21,No
1803,2024-01-07,9,51,4,Yes
167,2024-02-02,7,43,2,Yes
328,2024-11-25,8,26,12,No
4756,2024-09-16,5,10,19,No
3131,2024-07-19,6,28,3,No
2711,2024-11-16,8,33,10,Yes
2289,2024-01-19,8,58,4,No
4164,2024-09-09,6,49,15,Yes
2313,2024-05-20,4,25,18,No
4947,2024-03-28,5,11,12,No
1085,2024-10-19,3,36,7,No
3409,2025-01-21,6,31,12,Yes
4071,2024-01-12,2,23,15,No
90,2024-07-24,2,58,12,No
2806,2024-12-04,9,28,18,No
1218,2024-11-25,5,34,18,Yes
730,2024-11-03,5,58,16,No
1014,2024-06-25,5,58,21,No
4558,2024-03-17,6,37,1,Yes
423,2024-04-02,7,1,3,No
4889,2024-03-23,3,26,21,No
1849,2024-04-26,4,14,8,No
2815,2024-04-06,5,30,13,Yes
4739,2024-07-27,2,57,10,No
3883,2024-11-05,5,45,15,Yes
4968,2024-04-17,8,22,8,No
4563,2024-03-01,5,58,22,Yes
3293,2024-11-20,1,53,13,Yes
445,2024-10-14,8,35,11,No
1438,2024-01-09,9,42,13,No
2574,2024-07-15,8,18,3,Yes
2121,2024-03-27,3,41,9,Yes
574,2024-01-22,5,30,11,Yes
1445,2024-01-07,4,43,2,No
3710,2024-09-12,7,52,24,Yes
4147,2024-11-23,2,1,19,No
4129,2024-04-10,5,28,11,Yes
1515,2024-01-11,2,26,5,Yes
3684,2024-03-10,7,57,24,Yes
4597,2024-05-13,2,57,15,Yes
4384,2024-03-29,2,23,20,No
4592,2024-07-16,3,4,24,No
1824,2024-11-29,4,55,15,No
431,2024-12-29,6,12,8,No
3594,2024-08-04,8,8,24,No
1448,2024-03-12,2,46,5,Yes
3939,2024-05-12,6,4,19,Yes
2150,2024-12-25,9,20,7,No
207,2024-10-20,3,23,18,No
3752,2024-08-19,9,18,10,No
4282,2024-07-05,4,21,2,No
4497,2024-05-02,7,17,18,No
508,2024-08-28,3,30,22,Yes
2487,2025-01-11,9,17,18,No
241,2024-11-21,7,19,12,No
745,2024-05-27,3,8,17,Yes
2542,2024-01-13,8,35,19,Yes
2374,2024-12-23,1,21,1,Yes
649,2024-06-16,1,12,24,Yes
3801,2024-09-10,4,27,12,Yes
99,2024-12-19,4,16,2,No
271,2024-02-17,3,1,12,Yes
3181,2024-11-24,4,20,14,Yes
3860,2025-01-25,1,6,9,Yes
2937,2024-05-21,6,28,16,No
2654,2024-06-05,4,48,19,Yes
476,2024-07-19,5,2,19,No
858,2024-12-05,8,27,16,Yes
1256,2024-11-01,1,52,20,No
3149,2024-07-07,8,41,14,Yes
3372,2024-07-27,3,13,15,No
1508,2024-12-13,3,57,16,No
1674,2024-09-10,4,38,10,No
1218,2024-05-10,2,10,15,No
3309,2024-01-26,8,31,4,No
2642,2025-01-03,9,19,10,No
2107,2024-07-13,8,41,9,No
3346,2024-10-04,1,40,4,Yes
1311,2024-09-09,5,32,5,Yes
3465,2024-04-16,9,32,3,No
1691,2024-07-04,4,9,5,Yes
3223,2024-11-26,7,7,6,Yes
2486,2024-06-04,9,23,13,No
1047,2024-05-09,7,47,20,No
657,2024-07-09,8,48,7,Yes
1075,2024-04-22,2,49,14,Yes
86,2024-05-10,9,34,9,No
2733,2024-06-18,2,41,10,No
221,2025-01-05,9,43,13,No
2805,2024-02-03,1,46,15,No
3634,2024-05-23,8,2,9,No
4663,2024-07-13,1,7,13,No
2215,2024-12-01,7,16,2,Yes
4561,2024-08-07,7,32,3,Yes
4671,2024-10-08,9,43,6,No
2091,2024-10-01,6,35,14,No
2005,2024-12-05,3,54,24,No
2912,2024-08-02,9,33,8,Yes
4405,2024-06-30,2,52,17,No
3032,2024-09-20,4,29,1,Yes
3634,2024-04-11,8,38,16,No
2782,2024-12-07,3,45,2,No
4168,2025-01-17,1,25,7,Yes
4283,2024-05-17,3,6,14,Yes
1850,2024-09-16,3,19,7,No
3782,2024-04-11,2,17,9,Yes
1920,2024-05-31,4,55,5,Yes
436,2024-10-14,6,50,24,Yes
3833,2025-01-14,7,11,16,No
1682,2024-04-27,3,26,16,No
393,2024-12-04,6,54,18,Yes
1388,2024-06-29,1,41,24,Yes
923,2024-12-01,5,59,10,No
1175,2024-10-07,7,15,6,No
4026,2024-08-07,8,28,22,Yes
80,2024-11-18,6,7,21,No
2301,2024-03-22,4,6,5,Yes
247,2024-08-01,6,36,5,Yes
223,2024-09-10,8,37,15,No
2620,2024-04-20,4,4,11,Yes
2363,2024-08-10,4,4,9,No
3733,2024-07-19,9,35,22,No
3672,2024-06-02,6,56,21,Yes
1675,2024-09-22,8,18,10,Yes
1690,2024-06-09,6,7,10,No
438,2024-05-03,5,21,13,No
1475,2024-03-19,5,9,4,Yes
2640,2024-01-16,9,5,22,Yes
3558,2024-12-05,4,48,7,No
237,2024-08-23,5,21,10,No
1197,2024-08-30,1,19,7,Yes
450,2024-07-05,1,15,21,Yes
601,2024-09-25,3,39,19,No
3848,2024-08-29,2,11,18,No
1319,2024-01-03,9,15,6,Yes
1065,2024-09-17,4,54,13,No
3855,2024-11-07,2,54,23,No
2581,2024-05-28,7,17,21,No
3112,2024-05-04,3,10,12,No
1118,2024-03-22,2,32,22,No
2479,2025-01-30,7,50,11,No
4180,2024-11-29,9,30,8,Yes
2384,2024-07-28,7,40,23,No
3188,2025-01-29,8,42,13,No
3968,2024-11-08,8,33,17,No
1292,2024-10-14,9,6,3,No
1202,2024-04-21,4,25,11,No
4899,2024-12-02,3,7,10,Yes
4851,2024-11-28,3,20,7,No
3818,2024-05-08,7,32,2,Yes
12,2024-06-02,4,23,13,No
2224,2024-05-04,1,22,13,No
1949,2025-01-08,1,26,11,Yes
1886,2024-08-08,7,39,4,Yes
4965,2024-11-01,6,59,14,Yes
4675,2024-12-19,2,15,4,No
4903,2024-06-21,3,57,6,No
1184,2024-10-01,2,59,22,No
2875,2024-01-17,8,35,22,Yes
2092,2024-07-01,6,57,4,No
1818,2024-01-13,2,32,14,Yes
3758,2025-01-25,7,8,18,Yes
2364,2025-01-05,1,46,7,Yes
4835,2024-06-05,8,50,8,Yes
3340,2024-06-12,3,10,22,No
2080,2024-01-31,3,19,17,No
3063,2024-07-03,8,40,9,No
2838,2025-01-04,4,42,1,No
1453,2024-01-17,2,25,24,Yes
4821,2024-11-01,7,56,14,Yes
4188,2024-03-30,8,18,13,No
2765,2024-09-29,3,49,14,Yes
3634,2024-05-17,7,1,14,Yes
4080,2024-07-24,4,59,24,No
3393,2024-08-25,1,23,6,No
2839,2024-03-25,3,22,6,No
760,2025-01-10,3,32,20,No
2967,2024-01-05,4,51,19,No
3732,2024-01-27,8,36,9,No
928,2024-08-22,6,57,18,Yes
4093,2024-04-10,8,37,14,No
1852,2024-05-23,9,22,1,No
4218,2024-03-29,1,22,24,No
4630,2025-01-23,6,14,13,No
2147,2024-11-04,8,16,21,Yes
4895,2025-01-23,1,56,7,No
348,2024-04-10,9,16,11,No
842,2024-10-17,1,15,14,No
1956,2024-01-24,7,19,15,Yes
436,2024-12-22,4,11,15,No
3051,2024-08-27,4,33,4,No
3849,2024-08-16,6,1,21,Yes
488,2024-04-26,2,26,23,No
3975,2025-01-13,2,43,10,No
1289,2024-09-07,1,53,18,No
1025,2024-03-13,6,58,1,No
2642,2024-10-29,3,16,18,No
1399,2024-06-10,3,41,11,Yes
1404,2024-05-18,3,45,16,Yes
3632,2024-11-21,3,52,11,Yes
3238,2024-06-25,5,16,14,No
3746,2024-12-07,1,41,20,No
3498,2024-11-17,3,17,3,No
4299,2024-12-17,7,23,20,Yes
649,2024-01-03,8,34,4,No
1520,2024-05-03,2,2,11,No
506,2024-10-14,9,35,11,Yes
2252,2024-01-15,2,3,16,No
3353,2024-02-02,2,30,6,No
2089,2024-08-03,5,49,12,Yes
295,2024-03-11,7,28,7,No
1316,2024-06-20,5,18,22,No
4475,2024-10-13,6,14,2,No
3427,2024-06-28,6,1,9,Yes
283,2024-02-26,7,53,4,Yes
3534,2024-06-30,5,53,1,No
4667,2024-01-20,1,4,10,No
1077,2024-12-12,4,2,14,No
1817,2024-03-08,1,39,22,No
2807,2024-12-18,3,52,14,No
2332,2024-12-22,8,19,17,No
4472,2024-11-21,1,25,17,No
2029,2024-01-03,8,55,17,Yes
3160,2024-06-02,2,23,21,Yes
2440,2024-06-24,6,6,11,No
4255,2024-01-12,6,38,18,Yes
947,2024-12-02,2,13,14,Yes
2844,2024-04-04,8,30,22,No
2849,2024-10-14,8,33,12,No
838,2024-02-18,9,44,20,No
3330,2024-06-08,6,19,19,Yes
121,2024-04-17,6,4,19,No
908,2024-06-24,3,39,3,Yes
3816,2024-04-26,4,11,22,No
2977,2024-02-03,2,20,1,No
2985,2024-03-12,2,12,2,No
2373,2024-08-25,5,59,15,No
787,2024-11-01,5,37,22,Yes
1227,2024-05-15,7,46,10,No
2532,2025-01-30,9,26,7,Yes
2258,2024-12-16,9,54,13,Yes
3609,2024-12-17,6,48,12,No
1418,2024-12-10,5,2,20,No
2772,2024-12-16,5,37,10,Yes
1365,2024-04-29,7,3,18,No
4313,2024-04-24,4,12,2,No
4006,2025-01-19,4,49,3,Yes
372,2024-09-08,3,57,15,No
4434,2024-11-13,4,2,6,No
4078,2025-01-23,1,47,9,Yes
2049,2024-06-18,6,10,3,No
2875,2024-04-06,3,27,20,No
1657,2024-02-10,1,40,2,Yes
1864,2025-01-04,7,25,23,No
3192,2025-01-06,5,19,22,No
4923,2024-02-21,7,43,1,Yes
856,2024-02-27,4,24,21,Yes
3842,2024-03-13,2,54,21,No
1364,2024-05-02,5,58,21,Yes
1209,2024-12-02,6,28,19,Yes
4422,2024-06-29,3,45,6,No
304,2024-10-21,5,20,4,No
407,2024-01-15,4,48,14,No
2358,2024-05-20,4,43,19,No
4793,2024-03-26,3,24,6,Yes
2504,2024-07-24,7,10,21,No
3246,2024-07-02,6,41,16,No
1809,2024-04-04,5,59,10,No
3252,2024-08-23,4,1,1,No
549,2024-05-15,8,32,16,No
3280,2024-03-17,2,23,7,No
1540,2024-10-09,6,44,9,No
1306,2024-08-10,2,3,2,Yes
121,2024-12-11,7,9,14,No
288,2024-07-13,3,29,6,Yes
2847,2024-04-03,8,1,18,No
4232,2024-12-07,5,57,1,Yes
599,2024-06-25,3,4,20,No
810,2024-02-26,9,49,16,Yes
1074,2024-12-20,3,18,20,No
1843,2024-01-27,6,18,6,No
4477,2024-09-25,4,15,8,Yes
4445,2024-07-05,8,53,3,No
3866,2024-09-10,8,6,21,Yes
1004,2024-04-24,8,15,16,No
2807,2024-09-27,9,56,15,No
1904,2024-04-08,8,19,15,No
3415,2024-10-10,6,5,16,Yes
3550,2025-01-01,3,24,18,Yes
3800,2024-12-12,2,11,1,Yes
3569,2024-06-28,3,27,2,No
2966,2024-06-27,6,57,4,No
1947,2024-05-29,1,36,21,Yes
2858,2024-06-24,1,48,5,Yes
899,2024-02-11,8,50,2,No
3369,2024-05-12,8,46,6,Yes
4149,2024-11-19,2,33,12,No
2285,2025-01-22,7,21,15,No
2246,2024-08-08,9,34,16,No
3787,2024-01-21,8,48,9,No
4668,2024-11-05,8,11,17,No
1535,2024-11-16,5,39,3,No
1032,2024-02-11,2,26,9,No
2642,2024-10-26,5,36,23,Yes
3868,2024-04-28,4,56,2,No
3824,2024-06-14,9,48,23,No
3937,2024-02-18,1,43,14,No
2195,2024-02-10,8,29,3,No
1077,2024-09-01,2,20,7,Yes
2222,2024-12-06,2,24,22,Yes
960,2024-06-04,2,37,2,Yes
3136,2024-06-25,9,6,15,Yes
3320,2024-07-02,1,36,11,Yes
3240,2024-06-09,1,16,21,No
3510,2025-01-21,9,16,19,No
1821,2024-12-16,7,52,1,No
1637,2024-04-22,4,31,13,No
2769,2024-12-18,2,46,15,No
1924,2024-08-20,3,12,11,No
1574,2024-12-23,1,51,12,Yes
3378,2024-01-17,7,10,15,No
3189,2025-01-26,8,35,21,Yes
306,2024-08-01,3,12,23,No
4399,2024-03-10,6,38,10,No
2507,2024-08-30,1,3,9,Yes
3686,2024-04-05,2,12,8,Yes
425,2024-10-05,6,55,10,No
1479,2024-02-25,5,28,10,No
2565,2024-07-31,5,21,16,No
3228,2024-08-21,7,1,21,No
750,2024-04-12,7,17,16,Yes
4953,2024-05-06,1,19,5,Yes
2576,2024-08-14,4,4,14,Yes
1843,2024-05-08,2,38,18,No
34,2024-07-16,7,56,9,Yes
2637,2024-02-18,8,30,24,No
4858,2024-03-12,2,40,21,No
3962,2024-02-14,8,12,22,No
219,2024-12-07,2,43,19,Yes
4237,2024-06-11,1,32,10,No
2676,2024-08-31,4,15,12,No
3438,2024-07-10,2,56,6,Yes
4439,2024-08-04,6,42,8,No
2172,2025-01-03,2,50,17,Yes
3803,2025-01-04,2,2,10,No
175,2025-01-25,5,41,24,No
3502,2025-01-17,1,5,10,No
3540,2024-03-26,1,30,6,No
4571,2025-01-24,2,7,24,Yes
4674,2024-08-05,1,10,13,No
4044,2024-05-11,2,2,9,No
636,2024-02-21,9,44,18,No
372,2024-03-29,4,50,7,No
4560,2025-01-20,2,11,23,No
3437,2024-08-05,8,41,16,No
4731,2024-01-15,8,23,6,Yes
1498,2024-09-20,4,47,23,No
1920,2024-05-11,7,49,18,No
814,2024-09-26,9,50,8,No
2180,2024-03-01,9,59,4,No
1240,2024-09-18,8,15,24,No
2310,2024-12-01,6,51,22,No
558,2024-08-14,5,44,12,Yes
2836,2024-07-19,2,17,16,No
2598,2024-03-22,3,18,16,No
3084,2024-01-08,6,11,5,Yes
3195,2024-10-28,8,39,10,No
2423,2024-11-14,4,11,2,Yes
2934,2024-01-31,1,42,1,No
3507,2024-08-05,6,47,20,No
667,2024-10-19,3,38,1,Yes
2885,2024-04-29,4,32,4,No
4177,2024-02-12,2,25,14,Yes
3572,2024-11-04,6,8,6,Yes
4424,2024-08-08,5,39,8,Yes
4759,2024-05-03,9,30,2,No
2809,2024-01-11,4,57,23,No
76,2024-04-30,4,36,7,No
3787,2024-11-12,8,43,5,No
3395,2024-11-02,7,55,8,No
2290,2024-06-21,6,47,18,No
129,2024-02-07,4,14,19,No
1062,2024-08-11,2,49,11,No
1640,2025-01-16,2,49,23,Yes
3408,2024-09-09,9,35,3,Yes
3684,2024-01-31,4,26,1,Yes
2981,2024-06-08,5,19,13,Yes
2789,2024-06-20,5,3,21,No
1002,2024-01-17,6,32,9,No
3312,2024-12-30,5,6,22,No
3652,2024-06-17,1,39,12,No
1533,2025-01-04,8,21,4,Yes
3191,2024-11-11,8,46,6,Yes
3767,2024-10-29,4,45,24,Yes
2805,2024-10-03,7,35,24,Yes
4512,2024-03-14,7,13,22,No
4019,2024-03-05,9,55,5,No
3068,2024-12-12,2,36,14,No
4232,2024-12-26,7,26,20,Yes
76,2025-01-05,3,47,24,Yes
1186,2024-08-02,2,37,19,Yes
3474,2024-08-13,6,6,18,Yes
664,2024-04-26,7,14,17,No
3952,2024-12-12,9,3,4,Yes
1807,2024-02-21,8,43,23,No
1642,2024-03-29,8,49,15,No
2005,2025-01-24,5,13,23,No
710,2024-04-20,1,56,18,Yes
41,2024-05-23,5,46,22,No
3572,2024-04-27,3,49,21,No
3551,2024-09-28,8,15,16,Yes
2447,2024-10-11,3,21,8,Yes
4783,2024-09-28,8,46,13,Yes
3012,2024-01-20,7,10,5,No
3093,2024-06-06,7,51,20,Yes
1022,2024-09-14,2,58,17,Yes
4986,2024-06-25,7,36,10,Yes
4817,2024-02-16,6,1,6,Yes
2178,2024-12-02,8,34,12,No
1753,2024-05-29,2,34,6,No
580,2024-11-28,1,20,19,No
3935,2024-03-18,1,8,14,No
111,2024-01-30,1,1,2,No
3720,2024-03-15,1,4,20,No
2813,2024-07-08,2,28,7,Yes
2396,2024-11-07,5,13,18,No
1776,2024-05-04,4,48,18,No
901,2024-07-24,6,25,24,No
1812,2024-06-01,4,8,17,No
3417,2024-07-06,7,51,18,No
4170,2024-01-24,8,58,9,No
1134,2024-12-13,6,2,9,No
1883,2024-03-15,4,56,5,Yes
1359,2024-10-10,5,55,20,Yes
124,2024-03-30,1,20,14,No
3769,2025-01-04,1,50,19,No
1199,2024-05-01,6,21,4,Yes
344,2024-02-24,9,48,24,Yes
2182,2024-05-06,2,25,11,No
861,2024-05-10,1,36,16,No
4402,2024-03-08,4,15,11,No
4101,2024-08-29,8,48,8,Yes
1099,2024-07-04,3,18,15,No
285,2025-01-27,6,6,24,No
4598,2024-07-08,5,21,22,No
4774,2024-08-14,3,38,10,No
1052,2024-07-12,3,2,22,Yes
4332,2024-08-26,6,8,1,No
1000,2024-04-04,4,57,21,Yes
2022,2024-11-06,5,3,12,No
4994,2024-11-08,6,3,12,Yes
3367,2024-02-02,5,47,8,Yes
1876,2024-02-26,1,56,2,Yes
3688,2025-01-02,5,50,3,No
2487,2024-06-18,6,57,17,Yes
3976,2024-05-29,9,49,23,No
3483,2024-10-29,2,28,19,No
2942,2024-01-13,8,21,19,Yes
1252,2025-01-18,8,28,23,Yes
3979,2024-05-26,6,2,6,No
1941,2024-11-17,7,19,21,No
877,2024-05-12,6,38,24,No
3576,2024-04-09,5,35,14,No
332,2024-02-13,9,7,8,Yes
4013,2024-09-23,8,34,11,Yes
742,2024-12-28,2,4,9,No
1544,2024-04-13,9,51,3,Yes
2785,2024-11-27,9,13,1,Yes
884,2024-06-02,4,8,22,Yes
343,2024-05-07,4,34,16,Yes
4100,2024-08-11,8,50,2,Yes
4642,2024-11-10,1,32,17,No
4841,2024-07-09,8,3,17,No
3161,2024-04-25,4,36,10,No
975,2024-02-13,3,29,24,No
984,2024-01-20,9,5,15,No
3964,2024-12-17,1,48,24,Yes
1532,2024-11-30,9,36,11,No
3163,2024-03-21,9,10,8,Yes
4205,2024-12-06,1,26,2,No
4280,2024-10-26,3,18,3,No
2284,2024-09-04,8,40,13,Yes
1126,2024-09-04,1,45,24,Yes
666,2024-03-01,4,51,1,Yes
3131,2024-12-13,8,37,10,Yes
674,2024-11-24,9,9,3,Yes
2404,2024-02-24,7,10,9,No
2786,2024-06-13,6,15,7,Yes
2215,2024-01-09,6,8,6,No
1352,2024-07-27,8,11,20,Yes
1486,2024-03-16,1,14,23,No
4588,2024-12-15,5,14,10,No
2525,2024-10-26,1,15,6,Yes
3753,2024-02-28,1,46,17,No
993,2024-12-10,2,7,8,Yes
3287,2024-08-27,2,17,23,No
561,2024-11-05,6,58,5,No
3549,2024-03-05,1,7,23,Yes
1465,2024-07-18,6,58,14,No
402,2024-06-22,4,45,8,No
3293,2024-02-02,6,40,19,No
2706,2024-08-19,8,5,6,No
729,2024-04-19,9,8,23,Yes
220,2024-03-23,1,41,3,No
2202,2024-09-17,8,25,10,No
1749,2024-02-27,4,28,22,Yes
4102,2024-08-06,2,59,10,Yes
3670,2024-03-13,6,23,4,No
4380,2024-12-16,7,9,5,No
2087,2024-11-10,3,13,13,No
127,2024-02-12,6,16,21,No
1477,2025-01-15,2,58,10,No
4570,2024-01-28,3,5,10,Yes
2173,2025-01-09,1,35,18,No
3006,2024-09-14,5,23,3,Yes
1594,2024-09-07,8,26,15,Yes
4571,2024-04-27,2,25,3,No
3918,2024-11-12,6,43,7,No
3580,2024-03-20,6,34,7,No
3471,2024-03-21,2,33,19,Yes
4007,2024-02-20,6,34,16,Yes
33,2024-10-30,9,29,21,No
1766,2024-10-08,1,3,15,No
4137,2024-05-06,4,44,4,Yes
206,2024-07-22,7,16,7,Yes
3920,2024-10-17,4,29,7,Yes
2746,2024-02-08,7,24,8,Yes
2665,2024-06-13,8,37,12,No
4586,2024-08-14,1,1,20,No
1827,2024-04-21,1,10,6,No
1743,2024-12-13,6,5,7,No
3978,2024-08-23,6,17,15,Yes
3253,2024-08-10,4,30,23,No
1742,2024-09-04,8,31,23,No
1699,2024-02-28,5,42,5,No
628,2025-01-30,5,8,22,No
2242,2024-01-14,1,53,2,No
2273,2024-07-02,2,45,20,Yes
4509,2024-03-11,4,23,10,Yes
2220,2024-10-16,5,1,18,Yes
581,2024-09-20,7,26,11,No
2020,2024-12-15,6,44,10,Yes
2350,2024-08-19,6,14,5,No
538,2024-09-06,2,8,17,Yes
4345,2024-01-01,6,27,21,Yes
1003,2024-08-14,2,49,17,No
4372,2024-11-25,7,19,14,No
3423,2024-05-29,2,19,21,Yes
1971,2024-06-26,7,53,2,Yes
4193,2024-10-31,1,16,11,Yes
1089,2025-01-14,8,51,20,No
1026,2024-11-12,8,53,11,Yes
4803,2025-01-08,5,37,4,No
4190,2024-02-11,1,3,4,Yes
3457,2024-07-10,2,5,5,No
3563,2024-04-10,6,32,3,No
4913,2024-01-29,5,33,8,Yes
4743,2024-05-10,9,19,4,No
3795,2024-05-20,4,19,10,No
2615,2024-06-11,3,27,14,No
1876,2024-01-27,1,40,15,Yes
653,2024-01-06,8,19,11,No
4561,2024-03-31,7,8,12,No
3827,2024-01-04,5,4,9,No
1895,2024-03-08,7,21,18,Yes
874,2024-11-26,3,20,10,Yes
3794,2024-07-12,7,15,9,No
3378,2025-01-15,8,59,21,Yes
1784,2024-09-23,7,47,4,No
2778,2024-05-04,4,2,18,No
2280,2024-10-13,6,55,5,No
1233,2024-09-10,3,18,9,Yes
198,2024-10-11,6,44,5,Yes
142,2024-11-09,9,28,17,No
4829,2024-01-18,2,36,14,No
718,2024-04-19,9,27,18,No
3301,2025-01-16,6,33,3,Yes
2500,2024-06-07,5,52,23,No
3378,2024-11-22,4,50,21,Yes
4604,2024-06-26,5,48,10,No
40,2024-01-29,9,48,4,Yes
1581,2024-03-28,6,33,16,No
66,2024-10-31,2,31,18,No
3586,2024-06-10,5,2,4,Yes
2173,2024-09-14,4,33,18,Yes
795,2024-07-23,8,17,13,No
3227,2024-08-19,1,39,5,Yes
3757,2025-01-24,4,37,12,Yes
291,2024-07-22,2,14,22,Yes
4603,2024-01-25,2,10,20,No
4563,2024-05-01,7,39,3,Yes
3539,2024-11-28,7,1,7,No
874,2024-01-25,3,28,2,No
3083,2024-05-19,9,44,9,No
206,2024-01-05,7,19,22,Yes
503,2024-11-05,5,44,11,No
1962,2025-01-03,3,47,6,Yes
83,2024-04-15,9,42,17,No
1091,2024-05-19,4,5,1,No
4377,2024-07-27,6,56,22,Yes
3370,2024-12-16,4,1,7,No
2288,2024-12-19,6,54,7,No
4536,2024-08-23,8,1,20,Yes
4159,2024-12-13,7,25,14,Yes
553,2024-06-27,3,7,21,No
500,2024-06-01,6,16,20,Yes
3366,2024-11-16,4,16,14,Yes
4583,2024-02-05,8,30,19,No
1249,2024-10-01,9,11,22,Yes
947,2024-12-30,6,50,18,No
3703,2025-01-05,8,57,16,No
2595,2024-03-15,1,20,4,Yes
2255,2024-05-02,5,8,13,No
3061,2024-08-05,3,3,9,Yes
2178,2024-10-04,7,11,6,No
464,2024-09-15,4,30,11,Yes
1567,2024-02-19,1,22,13,Yes
998,2024-01-23,2,8,10,Yes
3231,2024-02-08,6,23,16,No
3145,2024-05-04,3,12,1,No
3508,2024-10-08,9,3,1,Yes
420,2024-12-06,8,7,10,No
2329,2024-03-08,6,48,1,No
3136,2024-08-16,4,12,24,Yes
1579,2024-03-29,3,43,18,Yes
2283,2024-02-06,2,57,18,Yes
1223,2024-01-25,4,22,11,Yes
2046,2025-01-19,4,40,11,No
561,2024-06-09,5,59,4,Yes
2146,2024-02-21,3,42,1,No
3536,2024-05-04,7,52,14,Yes
563,2024-05-05,4,14,3,Yes
3198,2024-05-23,5,7,13,No
2117,2024-07-11,1,59,17,Yes
2833,2024-01-31,3,20,12,Yes
2657,2024-02-21,3,37,13,Yes
4304,2024-10-06,2,45,15,Yes
2590,2024-06-07,6,14,9,No
4655,2024-03-22,2,18,2,Yes
4631,2024-03-17,5,35,24,Yes
2545,2024-01-02,4,14,17,Yes
3772,2024-02-20,5,15,14,No
3935,2024-04-30,2,59,1,No
3610,2024-10-01,3,3,18,Yes
1551,2024-12-02,6,16,15,Yes
3180,2024-10-07,5,56,17,No
4353,2024-03-27,6,26,1,No
2102,2024-07-04,6,45,20,No
504,2024-04-30,5,16,22,No
1846,2024-03-29,4,46,2,No
2550,2024-01-17,2,29,10,Yes
3300,2025-01-29,2,37,13,No
1892,2024-10-08,3,5,22,No
100,2025-01-13,8,35,6,No
4120,2024-04-10,6,42,4,Yes
1270,2024-12-16,4,56,23,Yes
4603,2025-01-09,8,26,6,No
2914,2024-02-09,5,17,23,Yes
421,2025-01-20,3,58,3,Yes
691,2024-12-10,3,51,4,No
4482,2024-07-17,8,10,1,Yes
4094,2024-09-24,2,56,20,Yes
1401,2024-03-03,9,9,11,Yes
4821,2025-01-05,2,34,14,No
3036,2024-11-22,4,37,20,No
3007,2024-07-29,6,10,21,No
2265,2024-04-23,1,52,9,No
1075,2024-07-31,2,40,11,Yes
217,2024-01-05,1,23,6,Yes
1864,2024-05-01,8,34,12,Yes
1663,2024-10-02,5,1,6,No
2012,2024-10-16,6,37,9,No
3332,2024-12-12,5,2,12,Yes
1549,2024-12-07,6,39,8,Yes
4082,2024-12-14,7,53,22,No
788,2024-02-14,9,38,13,No
1046,2024-11-28,5,33,9,No
2078,2024-12-25,7,47,15,No
2492,2024-09-02,1,59,11,No
1219,2024-05-05,8,50,7,No
1916,2025-01-12,3,51,13,Yes
1382,2024-07-13,8,41,11,No
1042,2024-11-03,3,21,10,No
2785,2024-01-07,7,22,18,Yes
2266,2024-08-26,2,17,14,Yes
1808,2025-01-18,7,49,9,No
5000,2024-09-18,1,13,5,Yes
4623,2024-10-30,6,9,23,No
3437,2024-12-27,8,41,10,No
3371,2024-06-05,2,7,20,Yes
1777,2024-11-27,9,24,20,Yes
3351,2024-09-05,4,50,1,No
3469,2024-08-07,2,33,18,No
1771,2024-09-03,6,53,19,No
1220,2024-04-04,9,7,23,Yes
3154,2024-01-24,3,23,2,No
3904,2024-01-22,2,23,22,Yes
2704,2024-01-12,8,32,7,No
44,2024-06-30,9,59,6,No
3488,2024-03-07,2,31,16,Yes
1597,2024-02-11,4,46,16,No
2052,2024-05-11,2,1,14,No
4334,2024-12-23,9,16,13,No
3033,2025-01-02,9,27,16,No
1010,2024-02-21,8,2,3,No
2951,2024-01-26,7,55,14,Yes
3557,2024-08-30,1,13,20,Yes
2078,2024-01-05,7,3,20,No
1855,2024-08-21,6,13,22,No
2418,2024-02-28,8,52,9,Yes
2909,2024-08-10,2,41,16,No
478,2024-05-03,3,20,12,No
372,2024-05-17,2,10,22,No
2634,2024-10-14,4,32,24,Yes
626,2024-07-05,4,57,17,No
3682,2024-01-15,5,52,2,No
1990,2024-11-30,4,44,4,No
2967,2024-12-09,5,26,14,Yes
4464,2024-09-29,4,33,17,Yes
4764,2024-11-06,6,34,18,No
4948,2024-06-13,1,35,7,No
907,2024-02-23,5,58,19,Yes
2384,2024-04-02,3,5,16,No
4237,2024-04-20,5,9,20,No
2934,2024-08-22,9,38,9,Yes
843,2024-01-04,7,56,11,No
898,2024-09-27,5,33,5,Yes
3125,2024-07-09,3,23,17,Yes
506,2024-02-11,3,50,2,No
1410,2025-01-26,3,58,19,No
1779,2024-02-26,6,4,20,No
2213,2024-10-26,9,9,10,No
2560,2025-01-20,1,49,19,Yes
3339,2024-02-11,1,6,19,No
3278,2024-11-14,7,31,14,Yes
1433,2024-05-15,4,9,11,Yes
3066,2024-11-25,8,16,21,Yes
1512,2024-06-04,7,57,19,Yes
2163,2024-07-04,1,46,12,Yes
4956,2024-05-12,9,43,19,Yes
4985,2024-07-05,9,21,15,Yes
1768,2024-08-03,2,45,19,Yes
4174,2024-11-06,4,5,22,Yes
4624,2024-08-29,6,21,14,No
659,2024-03-13,1,58,5,Yes
4585,2024-11-11,3,20,5,Yes
3341,2024-07-21,2,59,9,Yes
2189,2024-06-25,1,10,10,No
1431,2024-06-22,8,33,13,Yes
4660,2024-07-18,6,49,1,No
2605,2024-02-28,8,24,19,Yes
2631,2024-11-03,9,43,20,Yes
2065,2024-04-05,5,22,11,No
86,2024-08-20,8,1,2,No
1648,2024-08-07,1,51,5,Yes
297,2024-09-12,9,49,16,No
1790,2024-02-10,2,56,3,No
2693,2024-04-30,6,11,19,Yes
1957,2024-08-12,4,16,8,Yes
3979,2024-08-16,5,8,12,Yes
2103,2025-01-10,9,53,2,Yes
3374,2024-12-16,8,25,24,Yes
193,2024-02-29,9,53,21,Yes
4216,2024-12-18,8,21,15,No
1072,2025-01-21,5,40,23,No
1063,2024-12-11,5,44,24,Yes
2811,2024-09-13,3,5,11,Yes
926,2024-09-13,2,47,7,No
1840,2024-07-31,4,49,1,No
3199,2025-01-19,1,25,24,No
2909,2024-03-13,9,15,16,No
2160,2024-08-05,1,33,16,No
4633,2024-05-03,1,40,14,Yes
1361,2024-10-26,1,8,16,Yes
398,2024-06-30,9,23,23,Yes
2798,2024-07-24,1,32,18,No
1436,2024-02-24,9,16,5,Yes
915,2024-03-09,8,25,20,Yes
573,2025-01-14,6,21,15,Yes
4515,2024-07-24,6,12,7,No
1528,2025-01-26,4,38,10,Yes
3509,2024-07-14,9,45,18,No
4619,2024-08-13,5,32,13,Yes
1692,2024-10-05,7,16,9,Yes
3956,2024-04-22,7,38,10,Yes
4549,2024-01-13,6,19,3,Yes
4018,2024-07-09,7,56,19,No
1068,2024-07-05,8,35,8,Yes
4114,2024-09-10,1,47,1,No
2982,2024-04-16,6,42,5,Yes
3188,2024-08-22,5,23,22,Yes
3225,2024-02-20,5,43,23,No
4966,2024-04-10,6,30,20,Yes
755,2024-10-05,7,14,13,No
996,2024-09-25,5,20,15,No
3987,2024-09-01,8,47,17,No
1087,2025-01-17,3,24,20,Yes
829,2024-05-26,2,48,22,No
1335,2024-01-24,2,28,13,No
3643,2024-03-25,1,35,5,No
4177,2025-01-08,1,45,11,Yes
3856,2024-03-12,7,34,3,No
3296,2024-04-21,4,16,4,Yes
4968,2024-12-17,8,20,18,No
4888,2024-12-01,7,15,13,No
3976,2025-01-02,8,32,15,No
3282,2025-01-24,6,48,10,No
4548,2024-05-27,8,3,1,No
2854,2024-12-07,7,31,8,No
2305,2024-07-13,6,3,16,No
4679,2024-02-05,7,25,4,Yes
2921,2024-06-03,2,46,23,No
523,2024-06-01,2,53,18,No
3969,2024-07-19,8,47,24,Yes
989,2024-07-14,7,2,9,No
627,2024-03-31,7,58,5,Yes
213,2024-09-10,5,6,18,No
3509,2024-08-05,1,26,3,Yes
1382,2024-04-14,5,51,7,No
2539,2025-01-07,5,1,12,No
662,2024-04-21,8,45,9,Yes
4081,2024-01-01,9,17,8,No
1201,2024-05-31,7,55,11,No
4249,2024-12-14,6,41,19,No
4954,2024-02-26,2,40,2,No
4460,2024-02-06,7,55,2,No
544,2024-08-22,8,35,13,Yes
1513,2024-08-01,2,49,15,No
3041,2024-02-19,5,10,19,No
3870,2024-12-16,5,8,13,Yes
2552,2024-06-01,7,7,19,No
2340,2024-03-30,1,3,8,No
2709,2024-11-16,5,38,2,No
3137,2024-12-09,2,2,11,Yes
2391,2024-02-22,9,27,13,Yes
3413,2024-07-10,7,26,21,No
4767,2024-04-05,9,59,18,No
1800,2024-05-31,5,10,10,No
646,2024-09-18,6,20,8,Yes
980,2024-04-26,1,32,18,Yes
2753,2024-02-27,7,22,11,No
3782,2024-11-03,6,52,16,No
3962,2024-07-22,4,42,8,No
661,2024-09-29,5,28,4,No
2742,2025-01-12,6,53,10,Yes
2645,2024-08-03,5,6,21,No
2396,2024-04-16,7,18,18,Yes
4752,2024-07-31,6,19,18,Yes
2696,2024-05-14,9,42,9,Yes
4642,2024-09-02,8,57,8,Yes
4533,2024-01-14,9,25,2,No
4365,2024-05-08,8,14,17,No
2283,2024-07-17,2,16,6,No
3055,2024-06-09,2,39,21,Yes
1362,2024-07-12,6,30,20,No
3418,2024-10-02,2,39,3,Yes
4413,2024-10-16,9,8,1,Yes
3855,2024-07-17,4,27,16,No
1794,2024-10-30,2,59,20,No
679,2024-09-18,6,52,8,No
664,2024-09-04,9,53,3,No
412,2024-01-12,9,18,5,Yes
2022,2024-04-20,8,35,23,Yes
1839,2024-07-12,5,44,1,No
3420,2024-10-09,7,18,20,Yes
4308,2024-10-13,5,48,21,Yes
2203,2024-04-28,7,29,24,No
2225,2024-01-02,1,5,7,No
1839,2024-01-15,3,52,5,Yes
1075,2024-05-22,8,5,7,No
3014,2024-10-04,9,50,9,Yes
2729,2024-04-22,8,49,14,Yes
258,2024-09-06,5,34,9,No
3979,2024-12-15,9,23,13,Yes
3321,2024-11-04,5,40,18,No
4900,2024-11-24,9,1,6,No
1784,2024-04-26,6,57,1,No
554,2024-07-24,5,50,24,Yes
3569,2025-01-08,1,30,6,No
4300,2024-04-26,6,20,11,Yes
3243,2024-12-19,8,44,20,No
3813,2024-02-10,9,37,6,Yes
492,2025-01-26,5,5,7,Yes
1582,2024-06-25,5,6,14,Yes
4741,2024-10-22,1,34,18,No
1082,2024-04-02,9,17,19,No
462,2025-01-17,3,17,2,Yes
1921,2024-03-15,1,55,8,No
1267,2024-12-27,8,47,7,No
4940,2024-10-31,2,31,22,No
1083,2024-02-28,2,1,17,No
2177,2024-12-04,5,47,21,No
2174,2024-11-25,3,1,3,No
3578,2024-03-26,8,45,9,No
2830,2024-09-04,1,39,8,Yes
1241,2024-01-30,1,14,20,No
3053,2024-07-15,8,27,7,Yes
886,2024-06-17,4,12,1,No
4831,2024-11-02,6,56,3,No
1632,2024-04-24,7,10,4,No
1636,2024-05-23,5,3,21,No
633,2024-02-02,1,51,1,No
3428,2024-01-23,2,36,15,No
1635,2024-05-15,9,53,7,Yes
4180,2024-01-26,7,32,18,No
1405,2024-07-12,3,10,17,Yes
1101,2025-01-15,7,34,7,No
3032,2024-12-17,7,41,21,No
3315,2024-03-15,5,42,5,Yes
612,2024-10-23,2,48,14,No
3416,2024-02-18,3,21,8,Yes
3042,2024-02-11,6,57,11,Yes
182,2024-10-05,1,43,3,Yes
4800,2024-08-19,2,42,4,No
546,2024-03-28,9,6,22,No
4440,2024-03-06,6,40,10,No
3998,2024-09-19,9,32,4,Yes
4799,2024-03-21,2,12,7,No
1143,2024-05-23,6,26,3,Yes
3068,2024-09-02,5,23,21,No
2194,2024-03-04,2,18,22,Yes
4709,2024-09-22,1,38,24,No
2658,2024-04-08,2,9,2,No
106,2024-01-11,9,32,4,No
988,2024-02-14,9,56,2,No
4936,2024-10-01,5,5,5,No
1095,2024-02-28,7,54,5,Yes
1426,2024-08-16,6,40,5,No
1197,2024-12-22,4,16,6,Yes
4283,2024-10-25,5,53,5,No
4399,2025-01-30,6,1,16,Yes
2951,2024-07-24,6,25,20,No
2641,2024-11-29,8,25,12,Yes
915,2024-01-28,8,14,6,Yes
2695,2024-09-02,4,30,5,Yes
1296,2024-06-20,1,31,5,No
3839,2024-12-12,4,39,14,No
3780,2024-08-17,7,7,3,Yes
3017,2024-09-26,5,20,5,Yes
3077,2024-11-09,4,49,1,Yes
3507,2025-01-08,6,6,19,Yes
860,2025-01-07,9,33,12,No
1871,2024-09-23,7,12,24,No
890,2024-12-01,4,53,16,No
2954,2024-05-09,4,32,8,Yes
231,2024-10-22,5,52,2,Yes
1266,2024-09-01,9,2,23,No
3899,2024-05-25,7,31,5,Yes
3262,2024-10-24,8,48,10,No
4120,2024-11-10,2,57,18,Yes
1641,2024-08-17,1,43,21,Yes
1129,2024-11-15,9,47,24,No
3652,2024-11-03,7,50,22,Yes
3029,2024-01-30,5,57,21,No
1958,2024-06-10,1,18,17,Yes
3021,2024-03-23,1,9,15,Yes
1415,2024-03-10,1,43,19,No
2074,2024-02-24,1,47,22,No
3695,2024-09-08,1,11,15,Yes
1935,2024-03-04,9,8,16,Yes
3149,2024-02-26,8,58,15,Yes
2889,2024-05-22,9,33,14,No
2460,2024-10-06,5,20,5,Yes
3166,2024-07-28,4,12,7,Yes
2141,2024-06-20,2,54,2,No
3767,2024-08-01,7,56,15,Yes
973,2024-07-01,6,10,18,Yes
2753,2024-09-21,5,38,20,Yes
2037,2025-01-12,4,19,20,No
961,2024-02-18,5,59,9,Yes
1268,2024-10-10,2,4,1,Yes
768,2024-11-13,6,1,12,Yes
4817,2024-09-30,5,5,18,No
197,2024-12-05,8,25,15,Yes
3551,2024-02-22,1,11,20,No
2267,2024-01-05,2,32,12,Yes
3304,2024-08-09,7,39,10,No
76,2024-02-09,5,50,21,No
1512,2024-09-09,1,45,24,Yes
895,2024-04-18,7,28,6,Yes
4549,2024-11-19,8,3,20,No
2194,2024-12-16,6,31,12,No
2201,2024-12-27,9,14,7,No
2885,2024-06-09,6,2,6,No
4505,2024-07-27,7,19,10,Yes
4769,2024-05-04,3,22,18,Yes
3916,2024-02-18,9,27,1,Yes
8,2024-07-27,6,25,20,Yes
3844,2024-04-12,4,37,2,Yes
1873,2024-02-18,5,6,18,No
4466,2024-03-27,4,13,3,No
3239,2024-11-01,4,34,11,No
4539,2024-08-24,1,3,12,No
3206,2024-07-06,9,35,21,Yes
2199,2024-06-29,7,14,20,Yes
4597,2024-08-17,2,5,23,Yes
1016,2024-04-01,7,7,17,Yes
67,2025-01-16,9,55,19,No
3080,2025-01-20,6,44,15,Yes
2817,2024-07-31,1,44,1,No
618,2024-02-22,8,18,19,No
2712,2024-08-02,6,19,11,Yes
1814,2024-11-01,4,20,1,No
218,2024-06-05,4,21,23,Yes
3010,2024-11-07,7,20,18,No
4296,2024-07-29,5,25,3,Yes
1758,2024-04-21,7,58,20,No
957,2024-09-06,5,17,10,No
1979,2024-10-14,8,52,14,No
1345,2024-09-16,3,51,20,No
955,2024-02-06,8,54,1,Yes
4185,2024-02-15,7,31,3,Yes
3423,2024-10-20,5,31,12,Yes
1192,2024-04-18,8,30,12,No
4116,2024-09-26,8,27,18,No
725,2024-12-19,7,53,16,No
3242,2024-12-29,6,9,16,No
937,2024-10-29,7,10,20,Yes
4365,2024-11-27,3,42,8,No
1564,2024-10-24,9,29,11,No
19,2024-10-26,9,9,17,No
3880,2024-01-28,5,58,4,No
2491,2024-07-19,6,56,11,No
1788,2024-09-28,7,58,20,Yes
2140,2024-03-26,6,35,4,No
1105,2024-12-23,5,26,22,No
4242,2024-01-25,6,45,2,No
1774,2024-02-28,5,10,1,No
3633,2025-01-25,1,23,18,No
290,2024-04-16,7,3,22,Yes
1560,2024-11-25,7,9,19,Yes
4896,2024-01-07,1,56,1,No
4244,2024-09-12,4,18,10,No
3984,2024-02-09,8,29,14,No
1751,2024-08-06,2,53,11,No
7,2024-09-09,6,55,16,No
3997,2024-06-27,7,27,6,No
2661,2024-04-06,3,16,10,No
1526,2024-12-15,5,4,22,No
1468,2024-12-22,8,24,24,No
435,2024-03-28,4,44,13,Yes
4769,2024-02-28,2,25,21,No
4622,2024-07-18,9,27,8,Yes
1351,2024-04-23,4,37,4,Yes
4116,2024-12-19,9,11,5,Yes
2005,2024-04-09,5,33,24,No
2238,2024-08-03,7,19,19,Yes
4806,2024-03-02,5,46,8,No
4803,2024-05-03,5,37,22,No
3354,2024-02-09,8,50,13,No
2351,2024-08-28,2,27,13,Yes
1026,2024-11-10,5,57,20,Yes
302,2024-09-26,4,43,12,No
4405,2024-06-17,2,37,17,No
1168,2024-05-17,4,46,20,No
4473,2024-10-23,8,23,7,No
4743,2024-01-19,2,34,3,Yes
2944,2025-01-21,1,2,1,Yes
4177,2024-01-24,3,50,20,No
4958,2024-06-07,8,33,5,No
1865,2024-12-18,9,28,13,No
1059,2024-11-04,6,1,14,No
2197,2024-01-29,9,10,9,Yes
4963,2024-05-04,1,57,1,No
2632,2024-08-31,3,42,21,Yes
311,2024-12-10,6,31,8,No
3177,2024-03-24,4,34,10,No
3160,2024-11-03,8,45,22,Yes
4609,2024-07-01,7,51,1,Yes
1171,2025-01-18,9,27,2,No
4048,2024-05-31,2,12,14,No
4303,2024-07-09,3,4,21,Yes
4626,2024-09-21,8,24,4,No
2992,2024-06-19,3,53,2,No
2499,2024-09-14,3,39,12,Yes
3227,2024-04-25,1,15,16,No
1688,2024-06-23,5,22,22,No
753,2024-12-21,8,38,15,Yes
1246,2024-08-03,4,21,7,Yes
1622,2024-04-30,4,32,17,No
199,2024-12-14,7,29,11,No
3444,2024-11-02,3,22,10,No
2064,2024-10-27,2,59,1,Yes
1522,2024-10-07,4,22,9,No
3702,2025-01-23,9,20,2,No
4416,2024-03-04,2,22,19,No
2860,2024-03-19,1,14,15,No
2077,2024-09-03,9,28,2,No
1816,2024-05-22,9,33,24,No
965,2025-01-10,4,2,3,No
4789,2024-04-21,7,36,24,No
2635,2024-11-05,6,16,11,Yes
4589,2024-11-19,6,44,10,Yes
2983,2024-03-19,7,20,24,No
671,2024-03-15,4,48,7,No
887,2024-06-13,6,18,12,Yes
3318,2024-06-24,5,13,16,No
537,2024-02-24,3,33,17,Yes
792,2024-08-12,4,49,7,No
285,2024-05-19,4,42,19,Yes
2211,2024-02-05,7,40,6,No
2091,2024-11-03,9,25,13,No
1110,2024-12-24,1,51,17,No
347,2025-01-13,4,7,13,No
1847,2024-04-04,7,47,11,No
594,2024-06-14,3,10,18,Yes
2438,2024-10-12,2,19,22,Yes
1752,2024-02-04,2,57,5,Yes
3728,2024-11-18,4,11,13,Yes
2967,2025-01-13,3,22,16,Yes
3218,2024-05-10,4,32,15,Yes
2694,2024-09-09,9,56,9,No
2198,2024-08-03,7,9,24,Yes
1287,2024-04-01,8,37,15,No
3592,2024-02-24,5,18,4,Yes
4037,2024-12-26,7,7,15,No
4274,2024-04-03,4,59,6,No
660,2024-12-27,2,44,10,Yes
2613,2024-04-06,9,31,18,Yes
2102,2024-07-26,2,32,5,Yes
203,2024-01-20,5,23,19,Yes
1397,2024-03-03,9,6,5,Yes
1778,2024-12-22,4,2,20,No
2762,2024-10-04,4,14,23,No
5,2024-07-21,6,54,17,No
3472,2024-04-29,6,35,12,Yes
3302,2024-10-19,2,4,10,No
203,2024-11-02,2,44,2,No
1118,2024-05-13,5,9,8,No
2283,2024-07-02,2,11,19,Yes
2614,2024-05-12,7,34,16,Yes
4966,2024-02-20,8,46,7,Yes
805,2024-04-16,5,2,3,No
2594,2025-01-05,1,12,4,No
4710,2025-01-30,4,52,21,No
796,2024-10-11,9,38,21,No
737,2024-05-08,2,54,23,Yes
3118,2024-06-11,1,22,15,No
2063,2024-04-29,8,13,17,No
2466,2024-02-18,5,44,5,No
3793,2024-06-09,8,16,13,Yes
2908,2024-07-18,1,52,7,No
3181,2024-04-21,4,32,2,No
3318,2024-01-27,2,46,23,No
889,2024-11-04,6,51,11,Yes
713,2024-05-04,3,45,3,No
2440,2024-01-05,5,27,4,No
4878,2025-01-30,1,35,18,No
1574,2024-08-28,2,1,2,Yes
1267,2024-11-02,7,57,20,No
704,2024-07-23,5,14,14,No
4572,2024-09-23,2,49,2,No
524,2024-12-04,5,30,17,No
434,2025-01-12,9,44,18,No
1839,2024-06-21,4,10,6,No
3712,2025-01-31,4,16,16,Yes
4121,2024-11-14,2,31,3,Yes
2319,2024-01-24,9,40,2,No
2377,2024-11-29,1,58,12,No
2860,2024-10-27,1,19,8,No
1069,2024-08-07,8,58,2,Yes
4984,2024-12-22,9,18,3,No
4962,2024-12-04,2,12,23,No
1289,2024-06-05,8,43,8,No
2640,2024-07-04,8,25,6,Yes
819,2024-10-23,2,32,4,No
3638,2024-10-02,3,41,8,No
1238,2024-08-25,5,17,8,Yes
1968,2024-03-10,7,9,15,No
3507,2024-11-18,9,34,21,No
4778,2024-05-22,4,29,15,No
502,2025-01-08,1,55,14,No
4164,2024-01-17,6,57,23,No
3659,2024-10-14,4,21,21,Yes
3645,2025-01-18,6,7,4,Yes
666,2024-11-08,4,3,17,No
2632,2024-11-05,2,15,11,No
4275,2024-03-31,5,51,15,Yes
3029,2024-12-25,8,19,7,No
1305,2024-02-25,1,51,10,No
1033,2024-08-23,1,55,13,Yes
2358,2024-09-04,8,23,1,No
675,2024-11-21,1,49,24,No
2667,2024-04-06,5,54,8,No
3303,2024-06-17,6,40,7,Yes
3259,2024-11-29,4,45,4,No
172,2025-01-24,7,46,15,Yes
2244,2024-02-17,9,58,22,No
699,2024-08-02,1,37,15,No
347,2024-07-24,9,1,15,No
1569,2024-09-17,3,47,1,No
396,2024-02-02,4,56,18,No
4322,2024-02-04,1,21,6,No
4654,2024-04-15,3,38,16,No
2012,2024-04-20,5,55,15,No
925,2024-11-14,1,51,12,Yes
500,2024-08-28,1,35,1,Yes
1744,2024-04-08,2,27,19,No
5,2024-08-07,8,36,3,No
2727,2024-08-19,3,41,5,Yes
379,2024-01-15,1,14,1,Yes
2629,2024-09-01,7,27,9,Yes
1828,2024-12-20,9,27,3,No
2807,2024-03-10,1,15,3,Yes
161,2024-03-02,4,37,18,No
4911,2024-09-02,4,56,4,Yes
1722,2024-12-02,8,39,1,No
4957,2024-04-25,3,59,14,Yes
4331,2024-12-27,8,36,3,No
3523,2024-05-30,3,22,10,Yes
349,2024-01-06,9,10,18,No
101,2024-12-27,4,54,9,No
2374,2024-04-02,2,2,24,No
3405,2024-06-05,6,47,7,No
212,2024-03-08,3,15,10,No
421,2024-11-29,5,19,16,No
3566,2024-03-28,2,17,14,Yes
2575,2024-11-26,6,34,23,No
1779,2024-03-28,7,36,17,No
1600,2025-01-11,7,28,17,Yes
2305,2024-05-18,3,42,19,No
4760,2024-02-18,7,52,6,No
2880,2024-12-18,2,24,3,Yes
1808,2024-11-11,5,49,17,Yes
3693,2024-09-25,6,32,9,No
4309,2025-01-04,6,51,3,Yes
167,2024-04-27,5,12,2,Yes
3872,2024-02-01,5,43,15,No
3105,2024-07-29,3,40,21,Yes
2484,2024-12-10,5,24,6,No
3288,2024-05-05,2,26,13,Yes
1554,2024-04-04,3,47,8,No
4933,2025-01-10,7,40,10,No
3652,2024-04-30,4,20,10,Yes
4600,2024-08-10,6,50,10,Yes
113,2024-06-09,2,27,10,No
4618,2024-06-06,9,7,4,No
3136,2024-01-08,5,4,8,No
1937,2024-02-18,8,17,3,Yes
4368,2024-10-05,3,13,4,Yes
4568,2024-02-21,1,1,16,Yes
2407,2024-11-28,4,52,19,No
2333,2024-06-07,5,45,5,No
57,2024-05-28,8,43,1,Yes
1553,2024-05-17,5,42,11,No
4198,2024-03-27,7,43,19,No
112,2024-05-31,1,55,22,Yes
4887,2025-01-24,7,41,16,No
2670,2024-10-10,8,59,17,No
2143,2024-05-18,2,20,12,No
79,2024-03-20,3,53,5,Yes
2811,2024-12-08,2,35,6,Yes
4108,2024-12-08,8,25,24,Yes
4488,2024-01-16,1,40,7,No
4860,2024-03-21,3,5,6,Yes
39,2024-12-20,8,44,5,No
3775,2024-05-23,2,7,2,No
548,2024-05-05,7,4,19,No
2129,2025-01-21,5,32,5,Yes
3308,2024-07-07,3,24,15,No
2733,2024-01-04,2,55,20,Yes
891,2024-12-23,5,36,16,No
4867,2024-11-03,5,5,17,No
1168,2024-06-06,7,42,5,No
3860,2024-08-12,9,35,15,Yes
3486,2024-07-29,9,35,12,No
4502,2024-06-28,6,33,17,No
3819,2024-12-25,2,20,20,No
3121,2024-02-16,3,25,3,No
1689,2024-03-01,8,58,2,No
1645,2024-12-08,7,56,23,Yes
3412,2025-01-11,9,50,12,No
2125,2024-09-20,5,48,3,No
1495,2024-08-06,4,57,7,No
957,2024-12-02,1,45,6,No
2142,2024-02-03,6,37,23,Yes
1713,2024-06-21,2,54,19,No
1420,2024-08-01,8,50,20,No
2680,2024-05-20,9,52,19,Yes
799,2024-01-05,5,44,24,No
4043,2024-11-09,7,24,6,Yes
4662,2024-10-21,6,22,5,No
4714,2024-05-25,4,15,18,Yes
1009,2024-02-22,1,6,21,No
259,2024-06-07,9,52,24,No
4528,2024-09-10,5,31,19,No
4278,2024-06-28,3,32,22,No
2110,2024-04-08,1,45,18,No
3030,2024-11-13,8,33,2,No
3294,2024-10-03,5,19,6,No
1450,2024-11-13,7,51,15,Yes
3991,2024-12-27,5,55,20,No
4461,2024-02-03,7,24,5,Yes
3008,2024-04-08,6,8,9,No
2459,2024-08-27,8,12,11,Yes
4481,2024-01-20,8,39,19,Yes
1377,2024-06-12,2,5,10,No
3518,2024-06-08,3,19,7,No
1214,2024-11-21,2,46,21,Yes
3871,2024-03-09,8,41,17,No
3852,2024-06-02,7,19,9,No
4728,2024-06-15,7,38,2,No
1193,2024-02-17,4,26,7,Yes
2072,2024-12-16,4,50,12,Yes
3997,2024-11-20,3,38,24,Yes
2220,2024-11-15,1,31,3,Yes
594,2024-01-29,4,20,8,Yes
3451,2024-09-17,3,36,6,No
4726,2024-04-01,2,9,24,Yes
3859,2024-07-16,3,34,3,No
3137,2024-02-08,3,35,1,Yes
2897,2024-12-07,5,36,1,Yes
3636,2024-02-06,8,4,23,Yes
3907,2024-01-14,3,42,23,Yes
447,2024-11-25,1,56,2,No
1259,2024-04-12,1,3,10,Yes
4464,2024-06-11,2,39,23,No
3983,2024-07-15,7,8,16,No
3837,2024-06-12,5,43,16,No
3647,2024-11-11,3,44,3,Yes
2712,2024-05-16,1,46,3,No
4026,2024-04-02,8,32,17,Yes
3509,2025-01-18,4,46,12,Yes
1060,2024-10-22,3,29,18,No
384,2024-10-30,4,3,7,Yes
3089,2024-03-30,9,2,17,Yes
1321,2024-01-19,5,15,23,Yes
1873,2024-11-20,5,24,18,No
4216,2024-03-30,1,53,8,No
362,2024-05-03,6,53,4,No
2040,2024-09-02,4,57,9,No
1968,2024-07-14,7,53,14,Yes
1813,2024-12-30,4,31,10,No
4739,2024-07-14,4,57,15,Yes
3582,2024-08-09,2,19,2,Yes
1169,2024-10-25,3,29,8,No
4573,2024-12-05,7,2,19,No
3851,2024-08-04,9,3,10,Yes
555,2024-11-03,7,13,13,No
1182,2024-03-29,4,13,2,No
4530,2025-01-31,7,16,23,Yes
3861,2024-03-26,5,4,20,No
1442,2024-10-18,1,39,13,Yes
3597,2024-06-26,9,40,1,No
4099,2024-04-29,5,38,14,No
686,2024-04-28,5,6,15,Yes
2559,2024-10-02,1,24,14,No
3732,2024-07-15,9,40,12,No
2627,2024-02-17,3,39,7,Yes
2611,2024-10-18,7,37,11,Yes
1151,2024-05-08,6,31,10,Yes
2072,2024-02-17,4,14,20,No
115,2024-02-03,3,16,24,No
1693,2024-11-16,4,49,4,Yes
2100,2024-10-04,8,24,23,Yes
1042,2025-01-21,9,55,7,No
4587,2024-04-08,3,16,13,Yes
3714,2024-11-07,7,49,20,No
752,2024-12-12,6,46,9,Yes
2696,2024-01-09,8,14,1,No
1814,2024-11-14,2,15,11,Yes
2409,2024-04-28,3,15,3,Yes
3232,2024-06-05,1,51,9,Yes
497,2024-03-05,5,19,16,No
814,2024-05-23,1,14,11,No
1331,2024-11-30,7,50,13,No
949,2024-11-19,9,49,5,No
583,2024-03-17,5,44,10,No
4417,2024-05-30,6,12,21,No
4971,2024-01-02,5,14,12,Yes
1437,2024-07-12,3,49,14,No
3290,2024-08-05,8,18,18,No
19,2024-12-10,9,15,12,No
835,2024-03-31,5,20,22,No
4988,2024-09-19,6,44,13,No
938,2025-01-16,3,25,12,Yes
4551,2024-04-06,6,30,21,No
859,2024-05-18,8,4,17,No
368,2024-07-28,2,53,5,No
258,2024-04-07,9,41,21,Yes
2086,2024-04-13,1,38,16,Yes
1519,2024-06-02,6,52,24,No
508,2024-12-11,6,37,2,No
4310,2024-09-21,4,44,8,No
261,2024-10-02,3,29,8,No
1628,2024-11-05,7,7,8,No
3238,2024-04-27,2,7,10,No
3859,2024-05-01,3,13,7,No
4200,2024-05-11,7,21,15,Yes
2927,2024-04-16,8,40,4,No
3893,2024-08-29,5,57,2,Yes
1503,2024-07-08,7,45,22,Yes
184,2024-02-22,9,19,24,Yes
1184,2025-01-12,7,19,9,No
4966,2024-09-26,6,26,22,Yes
4274,2024-07-14,2,52,12,No
3144,2024-08-11,9,16,8,Yes
3083,2024-11-09,6,1,23,No
4359,2024-05-10,5,45,2,No
194,2025-01-09,9,55,5,No
1399,2024-01-20,7,54,4,Yes
2143,2024-09-16,7,15,20,No
856,2024-08-10,1,11,23,No
568,2024-07-04,7,15,4,Yes
1004,2024-05-27,1,33,19,Yes
3207,2024-03-30,2,4,9,Yes
633,2024-05-25,4,34,23,No
4031,2024-05-07,3,34,2,No
2624,2025-01-07,9,25,8,No
2313,2024-10-14,3,28,23,No
2721,2024-03-31,5,49,12,No
1424,2024-07-15,8,39,2,No
528,2024-11-13,2,1,23,No
3938,2024-03-09,9,44,10,Yes
2389,2024-10-10,9,41,2,No
2646,2024-06-17,4,49,1,No
252,2024-06-24,1,6,5,Yes
2965,2024-01-11,4,47,6,No
3179,2024-08-18,4,24,13,No
3288,2024-05-17,3,16,17,Yes
4300,2024-04-14,1,26,11,Yes
315,2024-06-23,8,43,10,No
2753,2024-01-12,8,27,12,No
4482,2024-10-22,5,29,17,Yes
4731,2024-06-26,4,31,22,Yes
4466,2024-03-24,5,14,1,No
3005,2025-01-23,2,59,9,No
3922,2024-10-13,2,21,5,Yes
2311,2024-11-20,7,38,22,Yes
1090,2024-09-24,6,33,24,Yes
3849,2024-11-14,6,57,19,No
1769,2024-07-10,8,45,2,No
2244,2024-11-07,5,25,10,Yes
3691,2024-05-19,6,57,22,No
2184,2024-09-02,9,43,7,Yes
695,2024-11-19,6,23,3,Yes
1269,2024-01-05,8,40,23,No
3011,2024-05-07,5,19,19,No
1033,2024-10-18,6,32,20,No
2510,2024-08-06,7,28,9,Yes
2489,2024-11-05,1,36,24,Yes
230,2024-08-04,5,58,20,Yes
2585,2024-05-25,6,59,9,Yes
4707,2024-06-16,1,7,10,Yes
612,2024-04-17,9,6,1,No
62,2024-06-14,1,49,17,Yes
1253,2024-11-03,6,19,22,No
471,2024-02-19,8,24,18,Yes
2623,2024-08-28,5,58,21,Yes
2252,2024-07-26,7,29,22,No
897,2024-06-17,9,42,5,Yes
3886,2024-01-23,2,43,13,No
3938,2024-05-12,6,44,13,Yes
2522,2024-08-22,7,36,21,Yes
417,2024-03-04,2,1,12,No
2920,2024-10-08,3,2,14,No
3927,2024-09-24,5,1,9,No
4666,2024-04-13,9,30,3,Yes
4281,2024-01-03,1,27,12,No
2954,2024-01-20,3,42,15,Yes
961,2025-01-25,2,55,5,No
3776,2024-10-30,5,15,9,No
3205,2024-10-28,7,13,12,No
1353,2024-06-23,4,35,11,Yes
2588,2024-05-20,3,17,1,No
4964,2024-03-10,3,59,15,Yes
496,2024-10-08,9,3,8,No
4439,2024-09-17,2,12,20,No
3984,2024-08-21,2,36,7,Yes
301,2024-04-18,2,44,17,No
1899,2024-05-20,5,6,21,Yes
1646,2024-05-25,3,24,17,No
4255,2025-01-13,4,23,13,No
1359,2025-01-08,3,31,23,Yes
3597,2024-11-08,7,1,7,No
2566,2024-11-26,2,49,11,Yes
1048,2024-07-24,7,45,13,No
2921,2024-12-07,8,42,9,Yes
903,2024-07-12,1,21,14,No
3892,2024-09-21,4,11,1,No
4314,2024-08-10,1,37,15,No
2412,2024-08-08,4,23,4,No
902,2024-08-18,7,25,4,No
3175,2024-10-28,7,24,9,No
397,2024-10-02,5,27,24,No
2315,2024-11-08,1,33,17,Yes
1060,2024-10-23,9,49,5,Yes
2924,2024-05-12,8,42,1,Yes
2721,2024-08-21,8,50,12,Yes
1898,2024-01-09,5,37,1,No
577,2024-07-28,7,13,13,Yes
227,2024-12-24,7,47,21,Yes
1531,2024-02-24,5,48,6,No
410,2024-08-22,2,56,14,No
927,2024-12-24,5,53,10,Yes
1879,2024-11-24,3,6,13,Yes
575,2024-01-12,4,14,3,No
397,2024-08-09,5,31,17,No
1471,2024-10-26,1,55,5,No
935,2024-01-27,7,55,10,No
325,2024-02-13,2,30,8,No
1731,2024-05-13,9,21,19,Yes
3598,2024-11-14,9,24,4,Yes
2083,2024-08-13,3,49,15,No
3816,2024-02-12,5,9,11,No
4500,2024-02-11,3,14,1,No
3127,2024-01-14,8,55,22,No
1066,2025-01-23,4,16,1,Yes
267,2024-04-20,4,39,21,No
2668,2024-09-25,8,57,9,Yes
470,2024-05-13,5,15,14,Yes
621,2025-01-01,3,15,18,No
2873,2024-08-17,7,25,19,Yes
1495,2024-02-22,4,11,24,No
1972,2024-06-21,2,10,15,Yes
2832,2024-07-19,5,16,18,Yes
4513,2024-09-02,3,14,12,No
1354,2024-07-02,6,47,16,Yes
906,2024-08-02,8,20,12,Yes
1310,2024-08-09,2,2,12,Yes
4425,2025-01-07,1,23,3,Yes
3507,2024-06-15,6,50,10,No
837,2024-01-01,6,31,23,Yes
253,2024-11-30,1,13,16,No
2648,2024-06-22,5,49,6,No
3314,2024-02-09,6,12,16,Yes
4278,2024-10-04,4,12,9,Yes
3499,2025-01-07,2,47,18,No
4787,2024-09-15,7,57,4,No
2592,2024-08-04,3,53,4,Yes
768,2024-01-11,4,31,6,Yes
3100,2024-12-17,8,12,21,No
4633,2024-02-19,8,30,1,No
3632,2024-07-15,2,5,3,Yes
3239,2024-09-08,1,38,10,No
4995,2024-12-05,3,30,10,No
4852,2024-05-29,3,29,17,No
2697,2024-05-13,2,34,19,No
615,2024-10-15,3,37,4,No
734,2025-01-05,9,5,22,Yes
4700,2024-12-15,4,31,2,Yes
216,2024-04-02,3,6,11,No
2696,2024-04-14,6,3,5,No
889,2024-05-25,5,51,18,Yes
1634,2024-12-21,1,59,24,No
22,2024-04-16,2,53,6,No
3123,2024-07-07,3,47,1,Yes
2910,2024-11-08,8,48,14,Yes
1714,2024-11-23,8,18,12,No
996,2024-08-10,5,41,14,Yes
1676,2024-10-21,8,3,1,No
4687,2024-09-21,7,1,9,No
1093,2024-06-16,4,17,16,No
974,2024-01-10,6,58,6,No
896,2024-05-22,2,31,3,Yes
98,2024-06-14,5,29,21,No
1870,2025-01-23,7,39,22,Yes
4916,2024-01-09,7,29,10,No
1893,2024-11-26,1,12,16,Yes
2460,2024-06-20,7,33,8,No
436,2024-07-28,8,37,20,No
3718,2024-07-28,8,55,5,Yes
1858,2024-12-28,5,52,8,No
45,2024-10-22,2,51,15,Yes
1404,2024-04-27,2,4,22,No
2270,2024-09-05,6,57,13,Yes
2831,2024-06-24,1,23,5,No
482,2024-06-08,3,36,3,No
3967,2024-01-24,9,5,3,Yes
211,2024-03-10,1,49,14,No
1098,2024-12-30,9,17,14,Yes
1769,2025-01-18,9,53,2,Yes
4011,2024-05-15,4,11,11,No
3676,2024-04-01,7,9,13,Yes
1206,2024-10-14,1,35,11,No
372,2024-08-10,5,50,16,Yes
4717,2024-02-06,1,15,1,Yes
604,2024-08-29,3,27,12,No
1578,2024-12-25,7,25,3,No
2053,2024-10-01,9,34,5,No
4277,2024-10-27,5,18,1,No
4558,2024-03-26,5,56,7,No
2807,2024-06-18,7,25,14,No
243,2024-08-16,3,17,23,No
993,2024-03-04,1,19,20,No
123,2024-06-02,1,59,4,No
3000,2024-01-18,1,32,22,No
919,2024-03-07,8,39,24,No
4826,2024-06-18,2,5,24,No
1585,2024-01-29,3,20,9,Yes
4415,2024-12-15,2,41,5,No
2783,2024-05-03,9,14,21,Yes
4199,2024-10-02,7,38,21,Yes
3724,2024-06-14,1,21,2,No
917,2024-12-27,7,35,2,No
1900,2024-09-08,6,24,20,Yes
159,2024-08-07,3,38,7,No
2826,2025-01-16,7,15,22,No
3107,2024-03-29,3,11,23,No
1767,2025-01-21,8,22,6,Yes
976,2024-07-11,4,51,8,Yes
4374,2024-06-03,4,20,17,No
4083,2024-09-20,1,41,21,Yes
3273,2024-02-06,8,2,23,Yes
1476,2024-11-18,2,33,3,No
1596,2024-07-29,6,21,15,Yes
4338,2025-01-24,1,5,19,Yes
3864,2025-01-22,3,19,17,No
2489,2024-05-07,6,10,20,No
2378,2024-09-21,7,23,6,No
4638,2024-11-27,6,23,19,Yes
4409,2024-05-27,2,28,10,No
3425,2024-10-20,5,38,1,No
1614,2024-05-05,2,59,20,Yes
1217,2025-01-23,8,55,18,No
2639,2025-01-18,1,59,19,Yes
2952,2024-07-27,3,9,10,Yes
36,2024-10-13,6,9,24,Yes
3563,2024-01-27,8,4,10,Yes
3587,2024-12-09,7,20,8,No
1635,2024-07-16,3,40,11,Yes
2812,2024-04-10,2,3,22,Yes
4583,2024-06-14,5,23,9,No
4516,2024-09-19,3,5,20,Yes
2814,2024-06-28,3,11,17,No
4211,2024-04-23,3,42,21,No
4240,2024-01-10,3,45,7,No
4610,2025-01-03,9,49,10,Yes
1215,2024-02-13,3,24,24,Yes
1034,2024-01-12,6,55,5,No
3415,2025-01-29,7,28,12,Yes
3952,2024-02-10,6,54,9,Yes
2602,2025-01-26,6,2,20,No
2197,2024-03-13,7,28,7,Yes
4865,2024-08-12,3,1,5,No
2440,2024-10-08,7,31,7,No
34,2024-10-22,4,39,16,Yes
579,2024-07-12,6,18,17,No
3102,2024-11-03,1,56,9,No
1195,2024-06-19,6,8,14,No
1855,2024-02-13,6,29,3,Yes
641,2024-11-08,8,2,20,No
2618,2024-11-28,3,44,11,No
507,2024-04-16,6,31,19,No
3426,2024-01-01,8,31,11,Yes
1676,2025-01-23,9,45,3,No
59,2024-05-30,3,44,7,No
3888,2024-11-25,8,54,6,No
102,2024-09-14,6,43,9,Yes
3124,2024-07-07,9,4,1,No
206,2024-03-16,6,53,8,Yes
4391,2024-12-28,7,24,8,No
3090,2024-09-07,2,56,10,Yes
812,2024-08-23,6,21,15,Yes
1257,2024-06-28,3,39,14,No
571,2024-09-25,7,18,5,No
4070,2024-07-11,2,49,12,No
3155,2025-01-23,3,53,18,No
1578,2024-08-31,4,37,17,No
3019,2024-01-25,6,26,23,No
2670,2024-04-20,7,55,19,Yes
109,2024-07-17,8,6,22,No
4223,2024-06-16,5,55,21,No
205,2024-07-31,5,11,4,No
1580,2024-03-16,6,23,9,No
1538,2024-01-27,7,40,4,No
2930,2024-04-09,8,39,11,No
1500,2025-01-17,3,52,7,No
3138,2024-08-04,4,55,10,No
1890,2024-04-20,8,10,5,Yes
305,2024-05-09,9,52,2,Yes
4135,2024-06-04,6,46,20,Yes
1576,2024-12-14,3,13,24,No
3453,2024-05-24,9,33,17,No
1673,2024-04-18,2,33,11,Yes
1787,2024-11-17,2,5,15,Yes
4534,2024-10-31,1,50,11,Yes
2187,2024-05-12,6,43,14,No
4953,2024-07-25,6,34,18,No
1754,2024-09-17,3,9,24,No
2103,2024-11-02,7,16,2,No
4095,2024-07-12,6,1,3,Yes
281,2025-01-17,9,27,8,No
4200,2025-01-13,5,22,8,No
2127,2025-01-02,3,46,18,No
808,2024-05-05,9,25,4,No
2603,2024-04-29,4,3,21,Yes
3150,2024-02-23,1,54,20,No
763,2024-10-02,2,21,23,Yes
2769,2024-02-06,4,7,6,No
259,2024-12-11,2,45,22,Yes
4314,2024-03-18,5,33,22,Yes
3124,2024-04-10,1,15,19,No
1073,2024-04-23,3,20,11,No
3254,2024-07-08,1,40,8,No
4022,2024-08-13,1,46,18,No
4832,2024-12-13,7,11,21,Yes
3675,2024-08-03,7,29,11,Yes
4740,2024-02-15,5,58,3,Yes
716,2024-09-01,8,37,20,Yes
1013,2024-12-31,1,30,14,Yes
649,2025-01-15,3,13,19,Yes
4032,2024-01-25,1,4,22,Yes
2758,2024-08-17,5,27,23,No
4845,2024-04-22,1,59,21,No
3019,2024-03-04,8,40,6,Yes
2992,2024-08-16,1,6,4,Yes
4690,2024-06-03,9,53,14,No
3984,2024-05-23,5,3,21,Yes
1329,2024-07-01,2,42,23,Yes
3758,2024-08-24,7,37,20,No
320,2024-08-24,1,27,4,No
4799,2024-08-07,4,36,16,No
2529,2024-03-29,8,13,24,No
2617,2024-12-11,3,12,23,Yes
3029,2024-07-30,4,13,20,No
2385,2024-03-10,3,6,18,Yes
4114,2024-07-17,5,8,24,Yes
1182,2024-05-05,5,1,15,No
4864,2024-07-19,9,49,4,No
772,2024-08-15,1,37,22,Yes
3156,2024-10-02,3,48,13,No
4740,2024-06-09,3,6,8,No
890,2024-12-22,2,50,14,No
1499,2024-01-22,1,27,12,Yes
4259,2024-09-17,8,47,19,No
2385,2024-11-10,7,36,18,Yes
4905,2024-10-10,5,35,23,No
1803,2024-11-05,9,44,2,Yes
1793,2024-09-07,3,16,20,No
455,2024-09-10,4,54,18,No
4203,2024-05-15,1,30,21,No
3415,2024-09-10,5,18,2,No
427,2025-01-30,6,32,16,Yes
791,2024-07-10,5,43,15,Yes
4589,2024-11-09,2,8,8,No
4903,2024-05-19,8,38,7,Yes
2502,2024-12-16,2,43,23,Yes
4575,2024-05-26,3,54,14,No
3988,2024-11-28,5,33,24,No
3055,2024-05-02,1,4,12,Yes
1913,2024-05-26,8,46,23,No
2302,2024-09-14,7,6,19,No
564,2024-12-30,6,13,1,Yes
231,2024-06-20,5,45,3,No
4524,2024-03-11,5,10,15,No
1614,2024-10-27,5,37,2,Yes
3023,2024-06-30,6,14,4,Yes
4292,2024-04-07,6,42,24,No
458,2024-08-16,3,39,9,No
2145,2025-01-18,6,44,22,Yes
319,2024-08-23,4,51,15,No
2594,2024-05-09,4,56,11,No
2492,2024-01-15,3,15,15,No
2132,2025-01-20,6,10,15,Yes
69,2024-05-02,1,55,19,No
3684,2024-08-31,6,8,12,Yes
2040,2024-07-18,8,33,5,Yes
3124,2024-08-26,8,17,1,Yes
1265,2024-08-02,3,51,5,No
3567,2024-10-12,2,27,10,Yes
4864,2024-08-31,2,35,5,No
696,2024-05-24,1,9,6,No
723,2024-01-13,7,44,19,Yes
4867,2024-05-15,7,50,19,No
631,2024-03-17,5,16,4,Yes
4712,2024-01-12,6,56,7,Yes
2535,2024-09-02,1,30,7,Yes
3491,2024-08-03,9,44,13,Yes
2117,2024-08-27,1,46,11,Yes
4058,2024-06-30,3,36,20,Yes
1328,2024-02-11,4,58,3,Yes
402,2024-06-06,8,51,10,No
3873,2024-11-01,5,24,1,No
2546,2024-08-15,5,41,9,No
2187,2024-06-28,7,29,14,Yes
2441,2024-04-12,3,32,18,No
1974,2024-06-01,4,37,9,No
1346,2024-02-15,6,13,14,Yes
170,2024-02-08,3,59,17,No
1332,2024-06-11,3,56,16,No
2507,2025-01-21,9,56,3,No
4889,2024-08-29,7,34,2,Yes
3792,2025-01-27,4,40,22,Yes
1185,2024-04-16,4,8,1,No
1641,2024-11-29,4,11,15,Yes
2019,2024-04-16,2,40,14,No
1152,2024-01-31,5,38,12,Yes
4488,2024-11-14,5,28,7,Yes
525,2024-10-28,3,26,15,No
3836,2024-01-30,6,46,5,Yes
3132,2024-01-17,4,35,3,Yes
3970,2024-11-25,6,36,21,No
3923,2025-01-02,2,40,5,No
2727,2024-01-24,8,54,23,No
3414,2024-10-19,3,25,4,No
2934,2024-05-22,6,8,14,No
1511,2025-01-13,6,59,22,No
1001,2024-01-18,2,42,1,No
537,2024-07-28,9,44,11,No
174,2024-07-09,5,59,19,No
2419,2024-07-22,7,17,16,Yes
2159,2024-07-01,4,43,8,Yes
109,2025-01-06,7,35,2,No
3275,2024-09-16,9,53,2,Yes
3628,2024-03-17,5,31,17,Yes
23,2024-05-03,2,10,14,No
4796,2025-01-16,4,16,9,Yes
4296,2024-05-28,5,6,5,Yes
1770,2025-01-04,6,6,16,No
697,2024-05-14,5,2,21,No
2605,2024-06-24,4,35,7,Yes
1129,2024-05-05,1,57,2,No
2920,2024-09-25,2,53,20,No
3773,2024-06-19,4,30,15,No
1301,2024-12-01,4,24,21,Yes
3142,2024-12-02,5,42,17,No
2402,2024-08-04,6,38,12,No
2407,2024-07-06,4,34,11,No
3295,2024-05-05,1,58,21,No
3804,2024-06-24,4,18,22,No
2494,2024-04-02,4,52,7,Yes
4235,2024-04-12,1,35,18,No
386,2024-12-12,2,26,15,No
4586,2024-03-07,2,51,14,No
4204,2024-07-29,6,59,1,Yes
1052,2024-08-08,4,13,9,No
1993,2024-01-17,8,35,22,No
4100,2024-11-19,9,37,8,Yes
131,2024-12-15,5,39,5,No
4330,2024-12-09,2,14,4,Yes
3251,2025-01-25,8,8,7,No
3928,2024-01-07,9,6,3,No
4740,2024-01-19,4,1,6,Yes
1476,2024-05-13,3,17,13,No
592,2024-08-26,3,36,16,Yes
585,2024-01-15,9,32,22,Yes
4622,2024-10-19,9,22,13,No
4503,2025-01-12,5,18,15,No
4332,2024-02-10,9,6,8,No
3565,2024-02-05,2,54,19,Yes
1123,2024-01-31,6,50,19,No
1839,2025-01-11,4,32,17,Yes
241,2024-05-05,4,57,9,No
4463,2024-06-06,4,18,19,No
4317,2024-10-26,8,47,3,No
702,2025-01-20,8,12,10,No
4194,2024-12-06,6,36,13,No
2192,2024-07-04,4,55,2,No
3567,2024-08-03,8,15,22,Yes
1604,2024-02-09,3,10,23,No
3277,2024-02-10,2,27,2,Yes
2257,2024-11-03,7,34,6,No
3928,2024-12-18,8,7,12,No
1671,2025-01-26,8,49,17,No
1692,2024-11-02,4,17,21,Yes
3329,2024-09-13,6,25,6,Yes
1711,2024-10-17,9,15,13,No
1925,2024-10-29,7,12,19,No
4688,2025-01-11,4,24,8,No
1299,2024-07-23,6,37,1,No
221,2024-06-09,5,9,21,No
1505,2024-02-11,8,10,5,Yes
1257,2024-02-14,2,7,11,No
1985,2024-10-07,7,30,10,Yes
2100,2024-02-22,1,23,14,Yes
3372,2024-12-15,6,33,3,Yes
1010,2024-06-11,3,51,23,No
491,2024-09-14,2,1,8,No
3141,2024-04-20,8,43,7,No
1895,2025-01-18,3,19,22,No
3818,2024-08-17,9,37,18,No
2364,2024-05-21,2,30,2,No
868,2024-07-24,4,29,6,No
47,2024-08-06,3,49,5,Yes
2383,2024-02-09,9,28,23,No
2648,2024-06-08,9,38,4,No
1946,2025-01-08,8,59,19,No
2607,2024-06-05,3,6,4,Yes
2314,2024-08-28,5,30,14,No
585,2024-08-17,5,15,9,No
3781,2024-08-05,6,29,11,No
1354,2024-02-17,3,34,8,No
4728,2024-09-18,4,35,4,No
2918,2024-11-25,4,19,22,No
4627,2025-01-26,7,43,20,Yes
4961,2024-11-27,5,7,4,Yes
4125,2024-07-28,3,34,14,No
1954,2024-09-18,6,22,23,Yes
4428,2024-09-06,6,11,3,No
990,2024-12-08,1,51,18,No
4809,2024-01-01,8,43,17,No
4172,2024-05-23,7,23,9,No
1133,2025-01-03,7,59,3,Yes
3132,2024-08-24,4,39,9,No
2626,2025-01-10,6,57,14,Yes
3778,2024-10-25,1,18,8,No
1933,2024-07-29,3,15,20,No
575,2024-07-23,4,26,16,No
637,2024-12-09,3,24,19,Yes
4879,2024-11-29,5,22,18,Yes
3956,2024-07-15,1,5,2,Yes
1318,2024-10-07,1,13,13,Yes
3432,2024-03-16,1,18,4,Yes
2476,2024-12-28,7,5,21,No
345,2024-11-10,7,50,22,No
2206,2024-01-09,3,55,5,Yes
1309,2025-01-14,4,39,23,No
1919,2024-07-09,9,40,1,Yes
4,2024-12-30,6,45,22,No
4934,2024-03-09,9,29,23,No
3184,2024-07-07,4,43,2,Yes
4988,2024-07-25,8,39,3,No
4473,2024-06-24,3,46,24,No
4510,2024-11-03,7,53,3,No
3738,2024-10-27,5,36,14,Yes
450,2024-07-10,2,12,23,Yes
996,2024-01-09,2,44,21,No
1880,2024-09-26,5,19,9,Yes
2756,2024-11-24,5,6,5,No
3950,2024-11-12,7,31,2,No
1788,2024-02-04,2,47,16,Yes
3488,2024-05-21,6,40,5,Yes
2933,2025-01-02,6,35,4,Yes
4834,2024-03-25,6,15,2,Yes
467,2024-12-25,8,12,13,Yes
1053,2024-04-29,3,44,23,Yes
290,2024-12-20,6,54,12,Yes
4171,2024-04-28,1,6,21,Yes
856,2024-01-02,9,32,21,No
496,2025-01-08,4,5,4,No
4427,2024-04-02,6,47,10,Yes
3215,2024-10-21,6,26,4,Yes
388,2024-12-26,2,7,11,No
160,2024-04-05,6,33,5,No
4605,2024-09-11,6,19,22,Yes
1035,2024-08-04,4,31,22,Yes
935,2024-05-26,8,7,21,No
3454,2024-01-09,7,25,4,No
1717,2024-06-10,2,22,2,Yes
4266,2024-05-22,8,3,9,No
3731,2024-09-03,4,55,2,No
857,2024-12-14,1,15,2,No
93,2024-05-03,5,3,20,No
2519,2024-11-15,7,22,15,Yes
4495,2024-09-30,3,48,4,Yes
1360,2024-08-04,5,12,15,No
3172,2024-03-30,2,5,8,No
4781,2024-03-20,4,56,11,No
109,2024-02-04,1,33,12,No
279,2024-05-09,3,7,6,No
4575,2024-01-29,3,15,22,No
4212,2024-06-30,5,9,1,Yes
2686,2024-02-04,5,9,9,No
2206,2024-04-20,5,4,15,No
2643,2024-02-15,9,50,22,No
512,2024-09-29,1,54,3,Yes
1132,2024-07-17,3,48,5,Yes
27,2024-07-11,9,16,9,No
952,2024-01-17,6,38,14,Yes
2007,2024-06-06,7,13,2,No
2916,2024-09-05,5,16,10,No
4369,2024-06-06,6,12,5,No
1423,2024-08-18,3,31,4,No
4252,2024-05-04,3,56,10,No
4295,2024-04-19,3,35,4,No
1966,2024-10-09,8,1,18,Yes
4059,2024-10-29,9,36,15,Yes
675,2024-02-16,2,6,6,No
1945,2024-05-09,1,25,13,Yes
352,2024-08-20,4,43,15,No
4528,2025-01-10,8,53,22,Yes
1069,2025-01-14,3,7,12,No
2045,2024-09-13,6,52,8,Yes
4765,2024-06-22,9,5,21,No
1791,2024-03-26,4,50,3,No
4508,2024-05-13,4,12,17,No
319,2024-08-21,5,50,24,No
4432,2024-06-02,6,20,6,No
4339,2024-06-03,5,42,14,No
4142,2024-03-06,1,11,8,No
3496,2024-01-02,9,10,2,Yes
4825,2024-04-06,5,36,2,No
3509,2024-06-16,8,10,13,No
4152,2024-11-06,8,56,14,No
3533,2024-05-14,2,7,10,No
1966,2024-05-24,8,52,22,Yes
199,2024-02-22,2,45,3,No
481,2024-01-09,9,15,3,Yes
1241,2025-01-17,4,22,13,No
1179,2024-12-10,3,6,20,No
880,2024-03-26,6,44,22,Yes
3107,2025-01-04,8,40,1,Yes
58,2024-04-25,8,52,16,Yes
3209,2024-09-15,8,44,16,No
4754,2024-09-03,6,31,16,Yes
4122,2024-11-26,2,16,12,No
4335,2024-04-25,4,44,15,No
2718,2024-07-01,4,51,9,No
679,2024-02-12,4,39,23,Yes
4606,2024-10-02,8,5,3,No
1921,2025-01-17,1,26,6,No
730,2024-12-15,2,31,1,No
1487,2024-12-24,9,49,10,Yes
30,2025-01-21,7,40,12,Yes
4587,2024-07-27,4,32,7,No
3276,2024-07-30,8,56,23,Yes
4230,2024-06-07,8,48,22,No
1029,2024-09-11,1,34,19,Yes
2445,2024-09-02,4,59,13,No
2555,2024-06-03,9,53,20,No
2757,2024-02-18,9,33,17,No
3386,2024-04-14,4,56,14,No
1973,2024-02-16,2,43,14,No
3244,2024-04-14,4,13,8,Yes
2451,2024-07-06,3,5,21,Yes
795,2024-02-09,5,51,1,Yes
2212,2024-09-15,1,59,13,No
4210,2024-12-11,8,10,10,No
2079,2024-04-06,2,11,5,No
4410,2024-01-05,8,20,18,Yes
3098,2024-03-13,4,28,12,No
11,2024-06-30,7,10,4,No
1743,2024-09-20,6,8,8,Yes
4853,2024-07-10,3,33,4,Yes
3619,2024-04-10,6,31,6,No
2643,2024-05-16,1,3,21,Yes
324,2024-08-02,2,48,9,No
1779,2025-01-30,3,19,18,No
4768,2024-06-11,1,2,7,No
3884,2024-09-30,5,54,10,No
953,2024-02-10,3,9,17,No
4867,2024-06-27,8,53,8,No
2822,2024-04-17,5,53,4,No
878,2024-11-14,7,4,15,Yes
2655,2024-09-26,7,59,2,Yes
4533,2024-10-02,8,19,4,Yes
3947,2024-07-05,9,24,11,Yes
2105,2024-11-22,3,6,17,No
4137,2024-03-26,7,2,11,No
1427,2024-12-21,1,53,7,No
1286,2024-03-01,6,40,5,Yes
1089,2024-09-07,1,21,2,Yes
3858,2024-10-08,1,47,10,Yes
2800,2024-11-04,9,29,4,Yes
3140,2024-06-16,9,57,5,No
4639,2024-06-24,6,16,17,No
217,2024-11-14,1,11,20,No
4406,2024-11-13,2,13,5,No
3156,2024-01-30,1,46,4,No
1967,2024-10-22,2,39,23,No
682,2024-09-24,3,2,5,Yes
2396,2024-06-04,2,35,15,No
2079,2024-12-27,3,25,16,No
4593,2024-12-12,7,39,14,No
4043,2024-02-08,6,20,17,Yes
2467,2024-03-28,2,14,15,Yes
1201,2024-10-10,7,45,15,Yes
4037,2024-07-11,5,58,21,No
2635,2024-06-18,7,53,2,No
4400,2024-07-03,1,31,11,Yes
2759,2024-09-22,2,43,11,No
1384,2024-02-26,1,3,18,Yes
616,2024-07-11,9,18,15,No
3031,2024-08-23,2,12,16,Yes
248,2024-06-25,4,1,3,No
4654,2025-01-23,2,27,15,No
1570,2024-11-13,8,59,3,No
2192,2024-04-01,5,3,19,Yes
652,2024-04-20,7,44,15,Yes
1183,2024-10-02,9,56,21,Yes
3930,2024-04-15,1,49,6,Yes
378,2024-02-19,9,59,20,Yes
3325,2024-10-27,5,57,19,No
1565,2024-04-22,7,6,12,No
3338,2024-06-08,9,50,10,Yes
325,2024-09-29,5,59,18,No
853,2025-01-25,5,16,6,No
2276,2024-10-19,3,36,22,No
1299,2024-02-16,8,49,5,No
4942,2024-10-07,9,30,5,No
2736,2025-01-01,5,55,3,Yes
2387,2025-01-26,4,56,2,Yes
4613,2024-01-22,6,37,23,No
2601,2025-01-09,5,27,9,Yes
638,2024-01-29,4,39,16,No
105,2024-04-10,8,1,6,No
3888,2024-09-29,7,47,22,No
2271,2024-02-03,6,46,18,Yes
2253,2024-05-12,6,27,17,No
3344,2024-07-16,1,7,13,No
151,2024-04-06,7,45,9,No
2894,2024-05-12,9,26,11,No
1519,2024-03-06,6,5,12,Yes
2908,2024-12-26,4,17,19,Yes
1249,2024-11-06,7,20,3,Yes
1557,2024-03-29,6,1,10,No
3886,2024-06-08,1,14,8,Yes
3460,2024-03-21,7,27,9,No
3636,2024-02-22,8,52,23,No
2085,2024-12-18,2,3,18,No
1097,2024-11-07,4,22,5,No
3388,2024-07-08,9,31,18,Yes
4748,2024-10-21,8,15,5,No
188,2024-08-25,1,17,20,No
245,2025-01-16,7,16,24,Yes
763,2024-05-03,7,46,3,Yes
755,2025-01-25,2,37,2,Yes
1812,2024-01-27,2,10,16,No
2978,2024-10-27,5,19,12,No
720,2025-01-11,2,55,15,Yes
2479,2024-02-22,9,49,18,Yes
1641,2024-03-29,1,7,16,No
1226,2024-02-02,4,5,17,Yes
2502,2024-09-20,1,40,8,Yes
1122,2024-06-09,5,9,21,Yes
2215,2024-03-20,9,13,9,Yes
3890,2024-08-29,1,5,21,No
2633,2024-04-08,9,56,21,No
625,2024-05-31,6,40,18,No
1603,2024-02-16,3,28,6,No
620,2024-02-14,4,35,8,No
4957,2024-05-31,9,42,8,No
290,2025-01-05,9,28,5,Yes
1304,2024-07-24,4,16,5,No
2597,2024-02-15,6,45,2,Yes
2611,2024-04-10,9,40,9,No
3765,2024-05-07,7,35,18,No
715,2024-02-12,9,45,8,No
821,2024-06-19,4,3,23,No
4191,2024-11-24,8,54,8,Yes
2760,2024-07-01,3,19,4,No
76,2024-07-04,8,11,18,No
2121,2024-04-10,3,50,8,No
4112,2024-01-28,4,27,22,No
2007,2024-02-02,9,46,4,No
3708,2024-06-13,2,25,7,Yes
4977,2024-04-24,2,35,13,No
2406,2024-01-20,8,27,1,No
4777,2024-04-07,5,41,7,Yes
1333,2024-01-31,4,51,6,Yes
2567,2024-06-06,7,27,10,No
3150,2024-05-31,4,13,7,Yes
2757,2024-01-06,3,41,13,Yes
4823,2024-08-18,1,46,21,Yes
99,2024-08-13,5,40,5,No
3132,2024-09-29,7,12,10,No
4912,2024-02-15,2,40,22,No
3185,2024-12-09,3,23,1,No
2932,2024-12-30,2,59,15,No
1833,2024-02-21,1,48,14,No
4359,2024-01-25,7,34,13,No
2906,2024-11-11,9,46,15,No
1400,2025-01-14,8,19,14,Yes
916,2024-07-27,5,41,16,No
324,2024-07-03,1,44,22,No
3801,2024-11-10,1,25,8,Yes
4798,2024-10-08,1,11,18,No
120,2024-06-04,5,1,10,No
1936,2024-12-05,8,38,14,No
1057,2025-01-28,7,13,21,No
904,2024-06-09,4,8,7,No
4409,2024-06-12,5,31,5,Yes
4787,2024-08-21,2,26,22,Yes
2058,2024-07-27,8,13,22,No
3491,2025-01-14,8,41,24,No
118,2024-12-28,6,51,3,Yes
2736,2024-08-09,6,44,10,No
4498,2024-05-01,5,16,1,Yes
4438,2025-01-18,6,23,18,No
298,2024-06-05,5,15,21,No
3018,2024-06-15,8,5,4,Yes
258,2024-06-04,4,22,8,No
63,2024-03-02,5,44,17,Yes
1799,2024-10-12,6,13,7,No
2001,2025-01-14,9,3,11,Yes
3808,2024-04-04,9,15,22,No
1992,2024-11-01,4,52,11,Yes
129,2024-10-29,2,34,13,No
4915,2024-02-20,1,52,24,Yes
1435,2024-03-13,3,7,10,Yes
2256,2024-07-27,8,33,20,No
1668,2024-11-10,3,9,17,Yes
275,2024-11-02,1,39,21,Yes
3447,2024-05-16,5,27,3,No
1982,2024-06-23,8,49,1,No
1660,2024-03-19,8,4,22,Yes
4298,2024-01-29,1,50,24,Yes
4094,2024-08-01,7,1,24,Yes
747,2024-06-06,9,37,1,No
2074,2024-12-16,5,15,11,No
237,2024-02-12,5,2,2,No
3146,2024-11-12,7,22,18,No
2753,2025-01-10,3,36,5,No
1564,2024-02-22,8,52,7,No
203,2024-01-12,7,58,4,No
1749,2024-08-02,9,47,6,Yes
3375,2024-02-23,6,56,22,No
813,2024-12-21,1,23,17,No
4430,2025-01-18,7,53,20,No
3996,2024-07-14,6,35,23,Yes
314,2024-11-24,2,7,1,No
4663,2024-07-13,8,27,9,No
1899,2024-12-19,3,4,17,No
2439,2024-11-11,1,36,7,Yes
733,2024-02-17,9,43,21,No
1019,2024-01-09,6,1,17,Yes
2380,2024-01-31,3,21,10,Yes
3315,2025-01-20,4,29,6,Yes
495,2024-12-25,9,24,24,No
1054,2025-01-07,2,4,17,Yes
629,2024-09-26,7,37,2,No
4891,2024-11-21,1,56,22,Yes
1340,2024-03-08,2,8,11,Yes
625,2024-03-22,1,35,3,No
436,2024-12-06,8,28,24,Yes
2109,2024-05-08,6,32,16,No
4370,2024-03-09,9,30,4,No
2484,2025-01-13,7,57,9,Yes
759,2024-03-04,1,1,18,No
1666,2024-07-26,5,31,18,Yes
2029,2024-10-01,7,40,1,Yes
1760,2024-03-13,1,2,15,No
686,2024-08-01,8,15,3,No
706,2024-09-14,9,49,23,No
3862,2024-03-05,3,12,4,Yes
4736,2024-03-18,6,38,16,No
4020,2024-12-17,7,1,17,No
252,2024-02-12,2,34,9,No
2439,2024-11-20,7,36,18,Yes
3794,2024-09-12,5,34,1,No
1728,2024-07-01,2,29,5,Yes
1236,2024-11-22,9,34,17,No
2043,2024-07-24,2,35,4,No
4498,2024-03-28,3,34,17,Yes
4978,2024-11-28,6,19,12,No
105,2024-07-14,9,13,13,No
3738,2024-11-12,8,4,15,No
385,2024-10-18,5,19,8,Yes
3172,2024-07-14,5,5,4,No
3491,2024-03-15,3,12,13,No
481,2024-01-16,8,8,18,Yes
4800,2024-09-27,3,7,10,No
4766,2024-04-09,8,1,22,No
1071,2024-11-19,2,40,23,No
2881,2024-05-18,7,29,2,Yes
1957,2024-09-11,2,1,22,No
2945,2024-10-20,5,45,3,Yes
432,2024-12-28,5,25,20,Yes
968,2024-02-14,1,10,3,Yes
4890,2025-01-16,5,12,19,Yes
2212,2024-01-02,3,55,10,No
2633,2024-01-06,4,7,1,No
3433,2024-06-25,9,53,6,No
3066,2024-10-18,8,27,6,Yes
2911,2024-04-27,3,12,3,No
2220,2024-03-12,7,12,21,No
2199,2024-12-04,4,35,14,No
528,2024-11-20,6,2,9,Yes
473,2024-11-20,9,45,12,Yes
735,2024-11-20,2,26,14,No
1009,2024-06-29,1,11,14,Yes
4560,2024-09-09,8,34,1,No
2625,2024-03-07,3,15,23,Yes
1683,2025-01-24,6,22,15,Yes
1677,2024-03-08,2,37,14,Yes
3552,2024-10-09,5,34,15,No
4734,2024-11-17,4,53,21,No
910,2024-08-21,5,27,3,No
2331,2024-01-26,6,38,22,No
1739,2024-12-26,4,50,18,No
131,2024-04-13,7,29,17,No
4383,2024-03-21,2,46,24,Yes
711,2024-03-15,4,16,15,No
1462,2024-01-16,4,21,13,Yes
4645,2024-01-24,6,45,4,No
204,2024-11-26,2,47,12,Yes
1480,2024-12-04,3,8,9,No
4481,2024-08-25,8,20,9,No
4562,2024-05-16,9,54,2,Yes
383,2024-10-13,9,55,24,No
1898,2024-06-22,8,31,16,No
4806,2024-11-11,5,42,22,No
1670,2024-09-09,7,49,15,Yes
924,2025-01-11,4,58,12,No
4931,2024-03-06,9,58,20,No
4471,2024-05-10,4,10,3,Yes
3390,2024-04-07,3,31,16,Yes
1262,2024-10-11,5,19,7,Yes
117,2024-08-25,6,13,18,Yes
3901,2024-03-03,4,33,2,No
3316,2024-03-15,7,8,20,Yes
4314,2024-11-08,8,22,20,No
3833,2024-06-28,4,52,22,No
492,2024-02-15,1,44,8,No
3163,2024-05-31,4,23,19,Yes
3680,2024-06-20,1,42,10,Yes
1854,2024-04-05,1,32,1,No
3428,2025-01-02,7,1,11,Yes
857,2024-01-23,4,23,4,No
3871,2024-06-18,4,3,18,Yes
643,2024-12-12,5,49,7,Yes
727,2024-09-19,8,38,12,No
3251,2024-11-24,9,28,20,Yes
2365,2024-01-12,7,48,17,No
2741,2024-12-27,6,59,12,No
2785,2024-03-16,1,25,6,No
1552,2024-11-19,8,7,14,No
2503,2024-09-21,7,25,13,No
1471,2024-07-23,2,33,1,Yes
4574,2024-01-09,4,18,19,No
360,2024-07-13,9,44,13,Yes
4762,2024-01-23,9,11,10,No
2645,2024-05-27,7,54,13,No
1061,2024-10-09,3,42,5,No
4967,2024-01-15,6,57,9,No
1607,2024-03-29,4,6,16,No
2613,2024-04-03,1,49,10,No
1015,2024-05-14,5,43,10,No
822,2024-01-07,4,31,3,No
1487,2024-08-02,2,37,3,Yes
4476,2024-07-02,2,24,1,No
2522,2024-06-02,3,6,16,No
1380,2024-09-01,7,51,10,No
3533,2024-05-14,9,25,19,Yes
44,2024-08-18,9,37,8,No
4145,2024-07-23,3,32,10,Yes
4312,2024-12-20,9,39,21,Yes
1209,2024-11-06,2,12,24,No
1927,2024-06-23,6,51,16,No
4478,2024-01-22,9,55,16,No
2446,2025-01-02,5,43,12,Yes
4378,2024-10-23,9,37,7,Yes
3477,2024-01-12,6,19,7,No
3585,2024-05-11,7,53,13,Yes
4505,2024-02-12,2,41,16,No
1512,2024-11-20,2,43,17,Yes
972,2024-09-14,1,58,12,Yes
2571,2025-01-08,4,30,13,No
4213,2024-10-26,1,8,8,Yes
1609,2024-09-15,6,30,11,Yes
1533,2024-06-18,3,17,8,No
4643,2024-08-11,8,57,14,No
4878,2024-07-19,2,4,18,No
1242,2024-12-18,3,44,6,No
2968,2024-05-12,5,50,11,Yes
4106,2024-04-14,9,36,5,No
1811,2024-01-19,5,9,21,No
679,2024-02-18,4,38,21,No
3024,2024-07-18,9,38,1,No
2038,2024-06-17,9,11,24,No
4068,2024-11-17,8,55,23,Yes
974,2024-06-30,4,57,22,Yes
1576,2024-08-08,6,50,11,No
4327,2024-03-09,5,29,22,No
566,2024-04-22,5,10,13,No
2334,2024-09-20,3,50,22,No
2656,2024-10-13,6,8,14,No
2117,2024-09-08,5,15,24,No
2313,2024-09-28,7,52,20,No
1055,2024-09-17,5,15,9,No
1284,2024-09-18,8,4,9,No
3406,2024-08-14,3,33,24,Yes
134,2025-01-07,8,58,2,Yes
3600,2024-07-14,2,27,14,No
3514,2024-06-26,4,41,16,No
1107,2024-08-05,6,26,24,No
4317,2024-12-22,3,29,8,Yes
4134,2024-11-10,3,10,23,Yes
3911,2024-11-15,6,35,22,No
286,2024-05-01,9,58,11,No
2088,2024-02-07,5,24,8,No
2262,2024-04-15,5,47,19,Yes
3279,2024-07-18,2,38,9,Yes
3829,2024-12-03,4,53,1,Yes
1270,2024-01-27,3,16,18,No
3459,2024-08-01,1,7,21,No
709,2024-11-27,5,16,5,No
881,2024-03-06,9,37,10,Yes
4434,2024-03-11,4,40,5,No
2434,2024-10-29,6,6,23,No
4045,2024-01-12,8,3,3,No
142,2024-02-15,5,14,8,Yes
4261,2024-02-20,7,18,2,Yes
4326,2025-01-07,4,11,5,No
791,2024-04-09,9,52,6,Yes
1730,2024-10-11,5,55,18,Yes
2032,2024-07-14,7,23,9,No
794,2024-01-05,2,9,21,No
2926,2024-05-23,1,45,7,No
4024,2024-09-03,2,39,7,No
2754,2024-10-28,8,54,9,No
2725,2024-05-21,6,11,17,No
633,2024-12-06,5,37,17,Yes
3296,2025-01-20,9,50,16,Yes
3154,2024-08-16,5,20,14,No
4423,2024-02-10,8,2,5,No
3939,2025-01-20,4,12,1,No
1742,2024-10-22,4,21,10,No
4592,2024-11-11,6,55,11,No
1503,2024-01-08,5,34,15,No
757,2024-04-19,4,2,14,No
2554,2024-09-17,9,9,7,No
1388,2024-01-09,9,39,16,Yes
1943,2024-04-16,1,25,17,No
4041,2024-06-17,9,26,24,Yes
1295,2024-03-03,8,44,7,No
4794,2025-01-24,4,49,10,No
728,2025-01-04,2,5,23,No
4998,2025-01-08,2,51,13,Yes
393,2024-05-11,4,26,4,Yes
550,2024-09-23,5,45,11,No
2899,2024-10-27,8,17,23,Yes
1307,2025-01-26,3,31,23,No
1086,2024-06-14,3,13,11,No
3178,2025-01-08,2,38,11,No
394,2024-05-05,2,49,23,No
3684,2024-10-13,4,20,10,No
3802,2024-03-27,1,52,24,Yes
1761,2025-01-02,8,38,20,Yes
41,2024-10-18,7,45,2,No
3620,2024-05-28,5,34,14,Yes
2056,2024-06-06,1,17,16,No
3760,2024-02-07,6,44,12,No
4319,2024-10-28,1,9,18,No
3988,2024-12-30,3,45,17,No
3009,2025-01-20,7,19,17,Yes
1007,2024-03-03,1,52,15,No
4600,2024-05-12,6,55,1,Yes
4880,2024-08-23,1,8,12,No
614,2024-10-15,1,36,11,Yes
1172,2025-01-09,6,3,14,No
4948,2024-01-25,8,36,6,Yes
3162,2024-07-04,9,33,9,No
4075,2024-04-29,3,56,11,No
365,2024-06-06,4,21,19,No
1730,2024-08-13,3,5,11,Yes
953,2024-03-06,4,52,5,Yes
565,2024-10-14,6,55,15,Yes
3304,2024-05-02,8,18,7,No
2681,2024-10-28,9,38,15,No
163,2024-07-02,9,22,22,No
379,2024-02-17,2,41,16,No
1849,2025-01-11,1,40,4,No
1486,2024-07-28,3,37,13,No
2600,2024-08-30,1,50,15,No
711,2024-04-20,3,6,7,No
72,2024-11-23,9,20,9,Yes
4402,2024-01-29,2,35,9,Yes
2793,2024-10-15,1,44,16,No
2871,2024-06-18,4,57,9,Yes
1577,2025-01-08,3,53,21,No
4892,2024-04-23,7,59,17,No
3835,2024-03-05,2,34,16,No
2428,2024-12-02,9,57,19,No
2907,2025-01-08,6,30,20,No
4141,2024-07-20,9,47,21,Yes
4381,2024-09-09,6,13,21,No
2142,2024-01-05,4,32,17,No
3767,2024-10-11,6,21,17,Yes
244,2024-05-10,3,34,10,Yes
4727,2024-09-18,4,51,12,No
3354,2025-01-23,7,3,22,No
3165,2024-09-21,2,23,16,No
845,2024-07-25,6,43,19,No
1200,2024-11-16,5,23,1,No
1397,2024-09-27,7,57,4,No
1109,2025-01-18,1,30,1,No
1024,2025-01-29,4,23,5,Yes
4995,2024-07-30,3,46,23,Yes
4356,2024-06-18,7,1,14,No
3852,2024-07-13,4,17,17,No
3137,2024-12-18,2,53,5,No
3602,2024-12-04,3,53,14,Yes
696,2024-03-17,8,20,1,No
4328,2024-10-30,8,35,2,Yes
2522,2024-03-26,2,50,7,No
3088,2024-07-07,4,41,1,No
306,2025-01-31,7,28,11,No
2806,2024-12-05,5,1,16,Yes
4224,2024-12-05,1,40,21,No
2929,2024-09-30,7,44,10,Yes
4835,2024-12-05,3,29,20,Yes
468,2024-04-05,6,28,3,Yes
2530,2024-03-22,2,8,24,No
4629,2024-09-26,6,52,10,No
3190,2024-03-25,9,24,20,No
4953,2025-01-02,8,30,3,No
4826,2024-10-01,8,36,15,Yes
2607,2024-01-01,3,37,15,No
1645,2025-01-24,5,55,16,No
1151,2025-01-26,4,56,20,No
1802,2024-02-26,2,24,24,No
464,2024-09-26,9,49,7,No
832,2024-04-21,9,9,8,Yes
2384,2024-03-19,8,29,15,Yes
1906,2024-05-05,9,37,14,Yes
3376,2024-07-10,5,58,17,Yes
4289,2024-04-17,5,22,20,No
1087,2024-01-22,2,35,8,No
1521,2024-08-11,2,39,3,No
4160,2024-09-18,6,55,15,Yes
2827,2024-09-20,5,31,6,No
2280,2024-06-24,9,34,15,Yes
900,2024-08-06,6,59,15,No
630,2024-10-01,7,25,9,No
4943,2025-01-07,5,2,5,No
3947,2024-06-01,6,35,10,No
2229,2024-12-14,3,54,15,No
1305,2024-08-04,5,21,18,No
3286,2024-09-05,3,26,12,Yes
1892,2024-07-28,4,21,13,No
2432,2024-11-23,9,34,13,No
3270,2024-09-10,6,16,19,No
4629,2024-09-14,4,42,21,No
1023,2024-01-10,3,58,16,No
1127,2024-11-08,1,39,15,No
1215,2024-07-23,4,11,8,No
1129,2024-05-22,5,36,17,No
4491,2024-06-14,2,1,11,Yes
4663,2024-10-09,6,53,13,No
864,2024-04-22,7,21,24,Yes
1977,2024-09-02,7,26,21,No
547,2024-05-17,6,33,2,Yes
3650,2025-01-10,3,50,23,Yes
4572,2024-05-23,1,8,5,Yes
668,2024-10-21,3,58,4,Yes
3951,2024-06-15,4,3,10,Yes
752,2024-10-21,6,41,10,No
4804,2024-08-31,9,43,12,Yes
404,2024-06-20,7,11,18,No
4798,2024-03-16,4,10,10,Yes
4394,2024-02-10,6,29,7,No
3007,2024-04-28,8,21,17,No
1807,2024-07-01,5,40,13,No
1662,2024-11-21,8,39,21,No
3353,2024-04-12,9,18,8,Yes
3578,2024-02-11,7,41,10,No
4307,2024-09-01,3,4,6,Yes
4182,2024-06-14,8,47,5,Yes
2157,2024-06-25,5,15,17,Yes
4853,2024-12-16,9,19,16,Yes
4225,2024-12-29,3,45,5,Yes
3237,2024-06-17,5,31,15,Yes
4852,2024-11-03,3,36,5,No
4799,2024-11-17,3,17,5,No
3568,2024-03-22,9,41,10,Yes
3348,2024-09-14,4,20,2,No
1789,2024-12-24,7,5,4,Yes
304,2024-11-14,7,48,18,Yes
3624,2024-09-07,1,14,3,No
1634,2024-05-20,3,2,15,Yes
344,2024-10-02,9,9,22,No
4589,2024-12-28,7,24,3,No
3508,2024-08-22,8,20,19,No
983,2024-05-21,2,6,16,No
2143,2024-02-14,7,51,6,Yes
4203,2024-12-17,3,11,1,Yes
1457,2024-02-02,8,28,10,No
2097,2024-12-27,8,45,11,No
3104,2024-11-21,1,28,9,No
3298,2024-05-29,9,53,8,No
2520,2024-09-26,7,37,19,No
1666,2024-07-16,3,41,15,No
414,2024-12-16,3,22,16,No
4200,2024-03-21,5,17,15,Yes
1432,2024-08-07,9,29,14,No
2645,2024-08-15,7,45,16,No
3012,2024-06-14,5,38,11,No
779,2025-01-24,8,39,5,No
708,2024-03-02,1,50,22,No
1988,2025-01-18,1,29,17,No
1818,2024-11-29,5,42,8,Yes
943,2024-03-01,4,55,24,No
1483,2024-11-11,4,58,9,No
3009,2024-11-12,1,30,22,No
4223,2024-09-09,3,26,1,No
1859,2024-08-05,7,36,7,No
249,2024-05-11,6,21,14,No
4838,2024-06-20,3,50,15,No
1715,2024-04-24,7,40,3,No
4577,2024-05-17,1,13,9,No
4544,2024-11-09,3,6,8,No
4224,2024-07-27,6,51,6,No
2229,2024-07-01,1,48,21,Yes
2929,2024-06-11,2,6,17,No
2855,2024-02-06,8,42,3,Yes
3728,2025-01-27,8,59,9,No
1040,2024-07-02,6,15,24,No
3839,2024-11-24,7,12,14,No
1302,2024-08-11,1,42,20,No
579,2024-06-08,1,26,1,No
2324,2024-02-27,3,23,1,No
2536,2024-11-09,4,28,11,No
4754,2024-07-25,6,56,6,No
2027,2024-08-13,4,40,6,Yes
4139,2024-09-28,2,53,14,No
1532,2024-11-02,6,8,6,No
62,2024-08-06,9,28,7,No
2190,2024-05-01,2,26,23,Yes
2966,2025-01-04,7,43,4,Yes
1509,2024-01-05,3,55,18,No
1745,2024-01-26,9,37,20,No
999,2024-10-16,8,37,22,No
3077,2024-04-15,5,51,3,Yes
91,2024-06-28,7,41,12,No
3290,2025-01-12,1,30,6,Yes
1849,2024-09-15,1,24,23,No
4064,2024-04-04,9,6,17,No
768,2024-02-01,1,20,19,No
4262,2024-02-26,6,12,16,No
625,2024-07-21,5,45,16,Yes
340,2024-04-08,6,50,15,Yes
4125,2024-01-20,3,21,5,Yes
1370,2024-02-13,6,8,9,No
2360,2025-01-23,8,26,19,No
840,2025-01-12,8,1,1,Yes
3667,2024-06-16,6,51,10,Yes
670,2024-10-21,5,9,21,No
4424,2024-08-31,5,31,12,No
513,2024-11-29,4,41,21,No
2445,2024-11-23,6,49,2,No
2204,2024-03-20,1,50,4,Yes
3020,2024-03-29,7,8,20,No
407,2024-05-23,8,48,14,No
1544,2024-03-15,2,53,17,Yes
585,2024-03-05,7,8,18,No
2880,2024-09-25,4,23,21,No
4875,2024-05-23,7,4,2,No
4820,2025-01-23,1,4,1,No
396,2024-10-04,7,42,10,Yes
3823,2025-01-16,7,50,2,No
1480,2024-04-20,6,7,21,No
1276,2024-06-05,5,13,12,Yes
2622,2025-01-30,8,18,20,Yes
1013,2024-12-05,6,19,8,Yes
2705,2024-11-03,1,50,18,Yes
3815,2024-03-26,4,34,21,Yes
2204,2024-09-02,7,59,22,Yes
4260,2024-07-14,1,1,18,No
1794,2024-07-29,2,20,1,No
803,2024-10-10,4,54,2,Yes
48,2024-01-25,5,31,16,Yes
2561,2024-10-17,8,4,8,Yes
1539,2024-11-17,7,25,18,No
2264,2024-09-23,5,44,24,No
1158,2025-01-27,5,23,24,Yes
3789,2024-05-10,6,34,23,No
4821,2024-08-11,1,15,13,No
3510,2024-12-01,8,51,12,Yes
4812,2024-12-21,4,56,6,Yes
488,2024-01-26,3,1,13,No
4958,2024-02-12,5,13,12,Yes
792,2024-11-20,3,30,2,No
626,2024-09-16,8,11,5,No
4842,2024-01-18,9,55,5,Yes
1022,2024-05-20,5,30,7,No
1911,2024-01-05,2,38,9,Yes
455,2024-04-14,6,8,3,No
113,2024-04-10,1,42,1,No
3682,2024-06-02,3,56,16,Yes
847,2024-10-10,8,35,15,Yes
1351,2024-01-03,3,3,8,No
2296,2024-02-06,4,40,24,No
4975,2024-06-19,1,9,17,Yes
4310,2024-04-22,1,38,11,No
1196,2024-08-12,5,47,7,Yes
4663,2025-01-17,9,1,24,No
2227,2024-05-03,7,19,23,Yes
817,2024-07-10,9,11,8,Yes
1990,2024-09-26,5,57,24,No
4142,2024-07-23,8,38,23,No
4267,2024-07-23,9,58,22,No
728,2025-01-17,2,53,13,Yes
2025,2024-09-05,1,12,4,Yes
4797,2024-02-23,8,5,20,No
3211,2024-06-26,8,38,23,No
1965,2024-06-16,6,51,22,No
2341,2024-05-13,6,15,10,Yes
2664,2024-05-19,4,28,3,Yes
4238,2024-08-01,3,33,18,Yes
3588,2024-01-09,8,29,24,Yes
4014,2024-06-25,8,29,9,Yes
3527,2024-05-05,4,41,11,No
815,2024-10-26,6,46,24,No
2560,2024-03-19,9,48,10,No
4328,2024-07-20,9,49,19,No
1575,2024-01-21,5,53,23,No
2233,2024-11-10,4,12,14,No
1056,2024-08-11,2,24,2,No
77,2024-09-05,8,18,20,No
2739,2024-05-16,5,47,1,No
3476,2025-01-17,4,55,19,No
1869,2024-07-25,5,3,13,Yes
528,2024-11-20,4,40,22,No
4231,2024-12-24,5,40,1,No
123,2024-03-11,7,11,24,No
4338,2024-09-10,3,57,14,Yes
2218,2024-03-10,8,2,15,Yes
3511,2024-01-25,3,15,9,Yes
518,2024-11-18,2,16,10,Yes
2964,2024-06-19,5,28,13,No
4619,2025-01-18,9,22,21,Yes
2844,2024-04-15,4,43,17,No
271,2024-07-21,9,4,20,No
3477,2024-12-22,5,40,16,No
2799,2024-06-02,6,56,17,Yes
4852,2024-11-15,4,37,22,No
1060,2024-10-20,6,15,18,No
3335,2024-02-02,6,30,9,No
1198,2024-02-24,8,20,20,Yes
3086,2024-11-02,6,34,13,Yes
3198,2024-12-19,5,18,7,No
4271,2024-03-19,3,26,16,No
3916,2024-12-29,7,7,19,Yes
2191,2024-09-28,3,1,22,No
4656,2024-06-27,1,37,23,Yes
3324,2024-07-28,5,39,12,Yes
2194,2024-08-15,1,45,10,No
4896,2025-01-13,5,29,9,No
3293,2024-11-16,6,51,15,Yes
785,2024-12-15,2,15,4,No
4442,2024-03-19,7,45,3,No
736,2024-09-13,9,35,13,No
3956,2024-07-05,5,7,5,No
3517,2025-01-12,6,45,19,Yes
1108,2024-01-22,5,25,8,Yes
1886,2024-03-28,8,54,3,No
4617,2024-02-13,7,18,7,Yes
267,2024-07-01,1,49,16,No
418,2024-06-13,5,12,5,No
3072,2025-01-04,6,49,24,No
1830,2024-11-28,5,4,20,No
4463,2024-12-02,4,51,19,No
512,2024-04-21,4,30,15,Yes
4936,2024-10-12,6,37,16,Yes
2696,2024-05-05,6,27,14,No
452,2024-01-11,3,3,6,No
2759,2024-12-10,3,11,23,Yes
2785,2024-09-11,2,15,3,No
4570,2024-08-20,1,32,15,Yes
4062,2024-06-23,2,27,23,Yes
4010,2024-06-12,1,13,7,No
2770,2024-10-08,8,58,22,No
3392,2024-03-12,5,35,23,Yes
3506,2024-02-15,8,10,19,No
3839,2024-03-22,4,3,13,Yes
3,2024-07-16,9,46,6,Yes
4974,2024-04-03,4,25,5,Yes
4531,2024-08-01,2,59,24,No
2536,2024-05-13,3,36,8,Yes
1487,2024-04-21,8,19,4,Yes
2119,2024-11-06,3,51,8,Yes
1166,2024-07-08,9,59,15,No
3745,2024-07-22,8,37,17,Yes
1574,2024-09-01,8,26,21,No
1629,2024-11-24,9,35,21,No
4342,2024-09-19,9,51,10,No
3672,2024-05-16,7,3,10,Yes
4086,2024-05-27,8,6,12,No
1371,2025-01-18,2,59,22,No
1592,2024-07-21,5,27,23,Yes
3045,2024-01-02,7,50,12,No
266,2024-08-16,6,1,6,No
4080,2024-10-14,9,53,3,Yes
773,2024-11-08,6,38,5,No
2586,2024-01-12,5,56,2,Yes
1731,2024-09-03,7,22,9,No
2816,2024-06-24,5,54,1,Yes
2209,2024-02-12,2,42,2,No
2445,2024-12-07,3,38,15,Yes
4758,2024-10-15,6,19,2,No
3929,2024-12-22,9,47,12,Yes
3540,2024-10-18,8,34,11,No
3423,2024-02-21,7,3,4,No
3694,2024-11-06,1,44,1,No
769,2024-09-15,6,13,18,Yes
2433,2024-02-03,5,23,6,No
3075,2024-08-21,7,24,9,No
2820,2024-09-04,9,55,16,No
1827,2024-07-10,4,30,12,No
4793,2024-07-08,6,7,18,No
159,2024-02-05,9,58,1,Yes
2180,2024-03-19,5,1,11,No
1362,2024-10-20,4,11,3,Yes
3316,2024-12-12,8,52,17,Yes
4431,2024-12-18,2,37,9,Yes
1996,2024-05-21,3,3,23,No
2297,2024-06-02,9,59,23,No
2395,2024-02-19,6,14,4,No
1197,2024-06-06,6,13,17,No
377,2024-11-05,1,14,17,No
1281,2024-03-25,9,2,9,Yes
18,2024-06-22,4,38,10,No
1912,2024-04-15,2,26,4,No
1208,2024-12-10,5,53,5,No
1988,2024-02-21,6,36,18,No
939,2024-08-07,4,59,3,No
3460,2024-05-21,2,43,11,No
2938,2024-11-13,5,34,24,Yes
2261,2024-10-04,6,32,2,Yes
2124,2024-04-01,2,16,13,Yes
3844,2024-09-23,7,23,6,No
2499,2025-01-23,4,57,3,Yes
233,2024-12-10,4,53,8,Yes
434,2025-01-24,8,1,14,Yes
208,2024-05-05,1,17,2,Yes
1540,2024-09-21,3,16,14,No
4007,2024-11-25,1,50,10,No
3457,2024-06-21,8,14,15,No
3544,2024-12-05,8,53,19,Yes
4892,2024-10-19,2,16,15,No
2524,2024-08-31,6,48,23,Yes
2023,2024-05-19,9,7,16,No
323,2024-08-13,9,25,13,Yes
3887,2024-08-15,3,1,19,No
3090,2024-08-10,6,12,11,No
3392,2024-06-28,1,4,17,Yes
102,2024-07-13,1,59,12,Yes
127,2024-06-12,7,38,19,No
3896,2024-10-25,7,16,6,No
1604,2024-01-19,6,19,17,No
4364,2024-09-03,3,18,8,Yes
3682,2024-01-10,5,52,11,No
1350,2024-07-04,4,52,23,Yes
2219,2024-06-15,1,22,21,No
1976,2024-06-04,1,15,13,No
4212,2025-01-06,4,48,10,No
929,2024-11-09,3,45,2,Yes
71,2024-05-14,8,23,8,No
4002,2024-11-28,2,12,15,Yes
839,2024-12-28,5,14,18,No
485,2024-04-17,5,9,21,No
195,2024-11-22,7,25,5,Yes
3508,2024-06-05,9,34,23,No
1841,2024-04-23,5,5,11,Yes
729,2025-01-27,3,46,2,No
679,2024-08-09,7,27,3,Yes
1117,2024-10-01,7,7,16,No
4772,2024-08-29,5,19,4,No
1552,2024-12-02,5,25,17,No
4735,2024-09-09,7,3,17,Yes
2075,2024-02-22,8,4,9,No
1994,2024-06-21,9,18,12,No
3337,2024-07-29,4,29,15,Yes
262,2024-10-15,9,36,19,No
1636,2024-03-30,8,53,12,No
881,2024-03-13,2,18,20,No
3562,2025-01-06,6,6,21,Yes
2953,2024-01-02,9,5,21,Yes
2160,2024-10-25,1,21,10,Yes
214,2024-05-16,7,42,14,Yes
4497,2025-01-28,4,43,15,No
2857,2024-11-09,1,25,3,No
1780,2024-01-28,1,43,5,Yes
271,2024-09-06,5,39,6,No
3853,2024-07-26,3,48,20,No
4247,2024-12-21,9,25,19,No
4698,2024-05-03,8,41,14,No
3800,2024-06-01,3,12,13,No
3243,2024-02-27,4,52,9,No
1307,2024-06-26,4,32,11,No
2902,2024-04-17,7,43,12,No
4585,2024-07-03,6,20,23,No
665,2024-10-30,1,45,21,No
1514,2024-08-25,3,32,11,Yes
2282,2024-08-26,9,36,2,No
4473,2024-03-04,6,48,8,Yes
692,2024-01-27,6,52,17,Yes
3423,2024-12-05,2,24,8,Yes
3355,2024-01-25,4,47,20,No
1654,2024-02-26,2,54,12,No
716,2024-03-04,7,59,20,Yes
3894,2024-06-19,2,4,19,Yes
1075,2024-11-25,9,1,16,No
172,2024-05-09,9,54,2,Yes
201,2024-08-24,2,40,4,No
61,2024-08-20,5,23,10,No
543,2024-04-27,8,27,14,Yes
3108,2025-01-27,7,49,10,No
993,2024-05-27,3,55,19,Yes
4231,2024-11-10,3,13,6,Yes
2863,2024-05-14,5,46,19,No
105,2024-05-03,6,16,7,No
3599,2024-12-05,4,52,13,Yes
2499,2024-02-06,3,36,20,Yes
773,2024-12-03,9,1,16,No
4885,2024-05-14,2,8,3,Yes
1596,2024-12-21,9,16,4,Yes
67,2024-10-01,2,50,3,Yes
4809,2024-09-04,3,43,19,No
3687,2024-03-09,8,49,9,No
3635,2024-03-29,6,30,23,No
178,2024-06-29,3,32,7,No
493,2024-07-06,8,15,21,No
1626,2024-08-27,2,28,5,No
3532,2024-09-13,8,22,20,No
4112,2024-06-21,1,10,4,Yes
1226,2024-07-24,6,56,22,No
3791,2024-05-10,8,25,15,No
3499,2024-02-23,9,2,2,No
1785,2024-04-24,6,30,22,Yes
2659,2024-06-24,5,37,8,No
1736,2024-05-18,9,36,22,No
4907,2024-11-27,3,5,13,Yes
1625,2025-01-09,7,50,15,No
2069,2024-11-20,9,54,12,No
840,2024-09-06,7,46,17,No
777,2024-06-07,1,27,11,No
3878,2024-02-18,6,12,9,No
1190,2024-07-20,4,29,17,No
4865,2024-09-30,2,29,10,No
2542,2024-06-17,3,49,23,Yes
2270,2024-11-28,6,22,23,No
3905,2024-07-10,1,28,5,No
2757,2024-08-27,1,4,5,No
1015,2024-04-19,6,57,15,No
736,2024-11-13,9,51,15,No
486,2024-12-06,3,55,23,Yes
169,2024-06-09,5,13,3,No
3698,2024-03-18,6,1,5,No
4491,2024-05-01,5,45,20,Yes
199,2024-03-15,9,41,19,No
127,2024-10-01,1,16,9,Yes
4641,2024-07-06,9,58,1,No
3234,2024-07-09,7,49,14,Yes
2427,2024-06-27,3,21,4,Yes
1842,2024-10-09,4,52,12,No
2991,2024-01-10,5,24,22,No
1505,2025-01-31,1,10,22,Yes
2922,2024-12-11,4,38,20,No
3544,2025-01-18,5,55,1,No
2355,2024-10-25,8,57,22,No
2186,2024-06-25,1,6,3,Yes
1427,2024-09-05,5,33,18,No
4087,2025-01-17,5,25,5,No
4106,2024-11-02,2,46,20,Yes
4131,2024-06-03,8,3,1,Yes
735,2024-09-06,9,4,24,No
2736,2024-07-04,8,42,3,Yes
2761,2024-09-13,1,53,9,No
1191,2024-02-20,1,1,18,No
4213,2024-11-30,1,35,15,No
386,2024-07-28,3,49,10,No
1685,2024-07-25,4,23,20,No
538,2024-01-23,5,18,10,Yes
3854,2024-03-20,7,49,15,No
851,2024-09-28,6,6,12,No
4526,2025-01-30,4,34,20,No
1171,2024-05-14,1,16,13,Yes
3066,2024-11-17,6,43,18,No
1147,2024-11-23,4,28,16,No
951,2024-03-01,6,44,21,Yes
1161,2024-04-09,3,18,24,Yes
1693,2024-07-29,8,36,23,No
4196,2024-03-26,6,16,5,No
491,2024-05-02,1,36,2,No
3212,2024-04-19,2,53,11,Yes
1061,2025-01-14,9,47,15,No
3597,2025-01-11,4,10,24,No
1014,2024-12-01,4,3,15,Yes
2824,2024-11-22,1,14,20,No
3195,2024-06-03,3,9,16,No
4955,2024-08-15,5,25,18,No
1556,2024-01-01,8,24,24,No
3788,2024-06-02,3,58,9,No
3079,2024-01-10,4,33,7,No
2845,2024-08-26,5,20,6,No
4028,2024-02-22,1,36,2,No
1818,2024-05-08,5,41,21,Yes
1582,2024-07-24,4,37,19,Yes
3122,2024-10-30,7,44,5,No
2131,2024-08-15,9,47,10,No
2381,2024-11-20,5,27,14,Yes
3115,2025-01-01,4,19,6,Yes
187,2024-02-19,9,31,16,No
3136,2024-05-10,8,24,23,Yes
4511,2025-01-08,3,37,14,No
842,2024-09-09,2,52,20,No
4623,2024-12-08,2,1,16,Yes
1900,2024-10-29,7,39,14,No
2829,2024-09-07,7,32,1,No
3980,2025-01-03,6,46,15,Yes
1851,2024-12-21,5,38,15,No
2869,2024-05-05,6,23,11,No
3963,2024-05-28,8,7,1,No
4304,2024-03-04,7,22,17,No
787,2024-10-11,1,56,1,Yes
1596,2024-06-27,5,49,6,No
313,2024-12-31,9,12,5,No
1851,2024-06-12,6,15,4,Yes
3374,2024-10-19,3,58,18,No
171,2024-06-23,5,16,13,No
3669,2024-01-22,2,37,1,No
1109,2024-09-22,3,36,21,No
971,2024-12-30,2,9,20,No
1594,2024-04-20,3,7,13,No
4917,2024-09-12,9,54,13,Yes
1384,2024-05-25,8,9,9,No
4458,2024-07-09,6,49,10,No
4683,2024-12-31,2,35,22,No
3825,2025-01-27,4,18,1,No
260,2024-07-25,3,24,21,No
3101,2024-01-19,7,34,13,No
4402,2024-03-03,9,55,4,Yes
4390,2024-08-24,2,35,22,No
831,2024-01-14,9,48,7,No
766,2024-04-07,1,30,19,No
4653,2024-11-07,6,1,22,Yes
2298,2024-07-17,8,30,14,No
704,2024-02-21,3,53,12,No
223,2024-01-10,6,19,13,No
1909,2024-02-09,2,59,11,No
4953,2024-08-23,5,41,22,No
271,2024-06-27,8,14,5,No
1622,2024-11-11,3,26,17,Yes
1790,2024-12-13,9,28,20,Yes
4885,2024-01-16,3,6,8,No
2945,2024-12-03,8,6,13,No
1286,2024-01-21,8,43,4,No
1930,2025-01-23,4,24,23,No
4782,2024-02-23,8,40,9,Yes
2108,2024-08-12,7,12,20,Yes
2704,2025-01-18,6,10,14,No
1121,2024-01-19,9,26,16,No
254,2024-07-15,9,30,5,Yes
1906,2024-08-23,4,42,18,Yes
4811,2024-10-20,9,2,10,Yes
801,2024-11-26,7,5,15,No
683,2024-05-18,6,13,15,No
4818,2024-10-21,7,35,10,Yes
4385,2024-01-18,7,25,7,Yes
1885,2024-09-07,9,55,5,No
428,2024-10-05,7,57,8,No
1847,2024-08-09,1,14,16,No
4702,2024-12-24,5,47,3,Yes
789,2024-11-01,3,10,21,No
1045,2024-04-01,5,2,16,No
1836,2024-09-27,7,22,16,No
1866,2024-06-09,8,13,17,No
2807,2024-06-09,9,38,5,Yes
1901,2024-12-14,9,58,12,No
365,2024-02-20,8,53,13,Yes
135,2024-07-22,1,36,9,No
3935,2024-12-26,9,45,20,Yes
1909,2024-03-20,1,21,5,Yes
451,2024-02-26,6,57,18,No
140,2025-01-18,1,7,12,Yes
4363,2024-07-05,5,48,3,No
2725,2024-10-23,4,6,9,Yes
4075,2024-05-01,7,33,22,No
2489,2024-12-06,2,15,20,Yes
978,2024-10-08,5,13,22,No
3316,2025-01-29,3,21,8,Yes
4750,2024-10-26,1,11,1,No
1285,2024-08-05,3,46,10,Yes
3085,2024-08-15,3,3,14,Yes
3612,2024-07-24,2,19,19,Yes
2964,2024-12-12,9,15,18,Yes
563,2024-05-07,5,54,1,No
1440,2024-06-29,5,5,20,Yes
4908,2024-04-11,1,44,16,No
3503,2024-08-07,6,39,22,No
610,2024-09-06,8,24,11,No
1759,2024-05-02,5,36,21,Yes
4289,2024-07-07,7,34,10,Yes
2306,2024-12-10,4,22,10,No
3700,2024-07-01,3,21,4,No
4769,2024-12-26,9,12,17,No
3379,2024-09-26,2,22,22,No
2859,2024-10-31,1,9,5,No
61,2024-07-27,2,58,18,No
1867,2024-01-24,9,54,15,Yes
869,2024-09-07,7,1,21,Yes
3187,2024-01-30,9,36,14,Yes
1967,2024-08-20,8,54,8,Yes
3559,2024-03-06,6,2,13,Yes
513,2024-03-09,6,26,8,Yes
2723,2024-09-30,2,33,24,No
4613,2024-10-02,3,37,20,Yes
2657,2024-04-19,7,25,1,Yes
877,2024-05-18,2,29,10,No
1430,2024-02-13,6,35,17,Yes
4516,2024-04-19,2,44,15,No
4981,2024-04-28,8,21,14,No
2983,2024-06-25,5,41,22,No
1070,2024-02-24,6,7,21,No
3791,2025-01-20,1,28,14,Yes
3660,2024-04-09,4,16,12,Yes
1573,2024-11-09,1,41,16,Yes
1560,2024-01-04,7,59,12,No
4270,2024-02-08,5,24,14,Yes
1065,2024-05-19,5,54,6,No
576,2024-04-07,8,8,22,No
2850,2024-01-25,1,32,5,No
2954,2024-11-05,8,41,3,Yes
4850,2024-08-27,9,37,8,Yes
4346,2024-06-07,9,53,11,Yes
3754,2024-03-25,3,50,4,Yes
1469,2024-09-09,5,18,21,No
1959,2024-11-21,4,23,7,No
3186,2024-06-07,7,54,17,Yes
4426,2024-11-10,4,12,21,Yes
4233,2024-04-26,9,7,8,Yes
1441,2024-08-09,8,15,5,No
2704,2024-07-26,6,32,9,No
300,2024-12-10,9,21,24,Yes
4793,2024-04-25,1,46,1,Yes
3488,2024-06-09,1,23,9,No
52,2024-09-02,2,2,2,No
1033,2024-12-30,3,37,14,No
3798,2025-01-30,6,53,5,No
4556,2025-01-07,8,8,21,No
1883,2024-10-17,3,33,16,No
479,2024-07-30,6,32,23,Yes
3163,2024-08-14,7,56,10,No
4233,2025-01-28,2,26,7,No
683,2024-02-02,2,21,3,No
304,2024-12-21,6,53,6,No
2377,2024-05-17,3,24,20,Yes
2792,2024-09-23,9,32,17,No
2518,2024-01-12,8,58,4,No
1554,2024-04-10,1,17,17,No
1512,2024-12-26,3,11,3,Yes
2540,2025-01-28,9,10,3,Yes
4852,2024-12-07,9,49,21,No
3073,2024-01-06,4,58,22,No
4441,2024-12-06,6,34,20,No
2526,2024-01-27,1,25,16,Yes
3420,2024-08-21,6,22,22,Yes
951,2024-12-10,8,48,18,No
2489,2025-01-04,3,26,1,No
2965,2024-04-26,5,57,22,No
1950,2024-07-05,4,34,20,No
1405,2025-01-31,5,45,7,Yes
1975,2024-11-17,5,32,8,Yes
4548,2024-08-11,5,21,4,Yes
3634,2024-07-05,5,38,21,Yes
3846,2024-10-14,7,1,11,Yes
2754,2024-03-19,5,25,1,No
4618,2024-07-18,4,51,17,Yes
426,2024-01-13,4,24,4,No
70,2024-09-19,2,23,4,Yes
3093,2024-03-30,4,19,6,No
1,2024-06-24,2,54,13,Yes
3702,2024-04-02,8,38,19,No
3212,2024-12-08,1,28,17,No
146,2024-07-31,4,17,7,Yes
1926,2024-05-01,3,57,22,Yes
2292,2025-01-08,7,36,4,No
871,2024-08-29,9,12,18,No
2132,2024-10-29,6,5,16,Yes
1376,2024-05-15,9,26,20,No
2664,2024-12-28,1,19,19,No
3949,2024-02-04,9,17,13,Yes
702,2024-03-13,7,43,19,No
1521,2024-09-16,5,6,10,No
4097,2025-01-25,7,10,11,No
4449,2024-09-24,1,48,4,No
857,2024-07-18,7,9,4,Yes
441,2024-08-07,1,13,12,Yes
2684,2024-10-25,9,43,14,Yes
1821,2024-02-23,4,56,21,No
3026,2024-02-15,2,15,12,No
2150,2024-03-05,5,30,10,Yes
2184,2024-12-10,6,56,19,No
4686,2024-03-06,4,31,14,No
3293,2024-04-10,7,14,12,Yes
4238,2024-03-26,5,19,16,No
4248,2024-02-08,7,3,19,No
3651,2024-05-15,5,45,13,Yes
4636,2024-11-16,3,52,11,No
2148,2024-12-02,1,41,13,Yes
261,2024-03-26,5,58,8,Yes
4691,2024-06-14,7,43,9,Yes
4290,2024-03-22,5,5,6,No
1712,2024-07-12,8,42,7,No
4929,2024-02-12,9,55,20,Yes
3009,2024-02-25,4,7,4,No
4636,2024-10-26,9,21,13,No
2485,2024-09-07,9,44,5,Yes
2889,2024-11-24,5,6,11,Yes
3690,2024-10-06,5,54,23,Yes
804,2024-10-17,6,26,13,No
4160,2024-03-16,1,33,2,Yes
4178,2024-06-19,8,38,4,No
3255,2024-11-12,6,44,16,Yes
27,2024-06-05,1,31,10,No
2173,2024-07-20,7,13,6,No
2685,2025-01-23,9,18,4,No
1095,2025-01-23,8,31,15,No
1362,2024-06-12,2,35,6,No
327,2024-08-19,8,37,15,No
4304,2024-05-15,3,23,17,No
335,2024-11-18,3,58,11,No
2355,2024-11-18,3,10,18,No
1642,2024-05-19,7,36,11,No
4049,2024-07-12,6,21,12,Yes
2611,2024-07-09,5,6,15,No
3475,2024-12-24,2,18,16,Yes
4299,2024-04-19,4,45,1,No
4190,2024-04-02,2,11,6,No
522,2024-07-10,6,52,11,No
1139,2024-12-17,4,27,5,No
3976,2024-06-11,8,26,5,No
395,2024-05-23,4,5,4,No
2101,2024-05-26,2,33,3,Yes
4619,2024-02-09,9,10,18,Yes
2489,2024-02-26,8,3,4,No
800,2024-09-23,5,26,4,Yes
192,2024-02-19,7,13,3,Yes
696,2025-01-30,4,55,7,Yes
3442,2024-12-18,7,15,24,No
4267,2024-09-29,2,51,14,Yes
3101,2024-12-06,5,15,11,No
2501,2025-01-26,2,8,13,No
39,2024-12-22,6,30,22,No
2207,2024-06-24,3,54,19,No
1169,2024-02-13,8,7,19,No
4103,2024-04-19,9,46,9,Yes
1733,2024-07-14,8,32,14,No
3400,2024-08-18,5,14,2,No
2352,2024-04-06,8,32,1,No
1005,2024-09-18,7,17,19,No
1544,2024-01-10,7,36,19,Yes
4217,2024-12-17,4,42,2,Yes
261,2024-06-22,4,34,11,No
489,2024-03-14,6,55,3,No
164,2024-01-30,2,22,17,No
4338,2024-04-15,8,59,20,No
2163,2024-10-09,7,33,24,No
560,2024-11-27,9,59,6,No
3722,2024-11-25,3,55,17,No
3493,2024-10-03,9,20,8,Yes
4592,2024-02-21,4,46,1,No
98,2024-12-19,2,22,3,Yes
2182,2024-10-30,7,32,7,No
4975,2024-04-20,4,37,11,No
737,2024-08-15,7,44,10,Yes
432,2025-01-04,6,8,4,No
614,2024-08-07,9,33,18,Yes
3924,2024-09-19,4,33,23,No
3398,2024-06-03,7,3,14,Yes
2023,2024-02-21,4,22,18,No
2620,2024-10-01,9,39,14,No
4839,2024-05-23,6,37,11,No
3897,2024-09-11,6,31,20,No
2325,2024-02-11,6,46,22,No
3425,2024-05-13,7,10,14,No
3930,2024-07-14,5,58,23,No
1816,2024-12-09,3,59,11,No
4380,2024-03-09,5,42,1,Yes
4339,2024-03-25,8,40,22,No
2997,2024-01-15,7,59,4,No
2660,2024-02-08,8,44,15,Yes
1758,2024-05-13,1,18,19,No
1445,2024-12-04,2,51,3,No
539,2024-09-24,6,2,13,No
4418,2024-05-04,2,31,1,Yes
435,2024-04-11,9,30,4,No
2885,2024-05-04,1,25,12,Yes
3521,2024-06-14,9,43,23,No
4367,2024-05-16,4,49,8,No
4877,2024-01-31,1,40,19,Yes
2004,2024-02-19,3,26,22,No
102,2024-02-26,5,52,1,Yes
2062,2024-04-04,4,25,7,No
2842,2024-08-14,1,21,15,No
875,2024-03-27,4,7,22,Yes
4736,2024-10-04,1,45,4,Yes
193,2024-04-16,9,3,18,No
3856,2024-07-18,1,32,24,Yes
1333,2024-01-06,3,59,6,No
310,2024-04-10,5,46,6,No
1601,2024-01-01,7,52,16,Yes
2021,2024-09-17,9,27,8,Yes
4611,2024-09-03,1,21,11,Yes
702,2024-07-21,3,3,6,No
1490,2024-05-29,7,14,8,No
2480,2024-08-27,2,45,14,No
1900,2024-09-04,7,46,8,Yes
4980,2024-01-24,4,25,13,No
2014,2025-01-09,6,36,20,No
3374,2024-10-20,6,23,4,Yes
3137,2024-01-06,6,51,8,Yes
4496,2024-08-03,2,19,24,No
443,2024-12-04,4,20,9,No
3537,2024-12-06,3,54,18,Yes
4479,2024-09-04,7,15,15,No
3517,2024-08-10,2,14,2,No
2219,2024-02-25,1,43,5,No
1892,2024-10-05,9,59,16,Yes
484,2024-05-01,4,25,17,Yes
1219,2024-08-26,8,6,9,No
2551,2024-07-12,9,38,10,No
1732,2024-03-14,4,31,15,No
3887,2025-01-14,2,24,24,Yes
1499,2024-11-05,3,43,5,No
1559,2024-07-10,6,50,7,No
100,2024-01-02,6,58,17,No
676,2024-09-04,1,26,5,Yes
3425,2024-08-03,2,55,10,No
4345,2024-11-30,7,6,9,Yes
3119,2024-09-04,2,14,17,Yes
3267,2024-12-18,4,55,21,No
4717,2024-02-03,3,42,21,No
52,2024-11-21,2,10,20,Yes
2134,2024-08-01,3,2,17,Yes
2151,2024-04-04,9,11,3,Yes
3869,2024-02-18,3,36,8,No
114,2024-09-12,2,17,8,No
2415,2024-03-16,1,50,14,Yes
2558,2024-01-22,3,24,22,Yes
604,2024-05-24,5,28,20,No
4342,2024-10-06,9,22,3,Yes
1812,2024-09-25,8,40,4,No
4938,2024-09-21,1,54,21,Yes
3350,2024-07-21,5,1,1,Yes
4393,2024-10-14,4,28,6,Yes
2136,2024-01-26,7,31,4,Yes
3833,2024-12-02,3,24,3,Yes
1255,2024-06-02,7,40,21,No
204,2024-02-22,2,41,6,No
805,2024-09-13,5,53,13,No
796,2024-07-18,6,1,3,Yes
3984,2024-10-21,3,8,7,No
4146,2024-04-23,3,54,15,No
131,2024-01-23,9,6,4,Yes
103,2024-04-25,2,45,13,Yes
4704,2024-12-09,1,14,14,No
3011,2024-03-23,3,21,2,Yes
2497,2024-07-17,5,28,15,No
2091,2024-06-01,5,53,18,Yes
2264,2024-12-01,8,23,9,No
4435,2024-06-17,5,25,10,Yes
4847,2024-07-24,9,10,6,No
1438,2024-05-11,7,23,22,Yes
4394,2024-11-10,6,5,3,Yes
257,2024-08-07,6,53,19,Yes
2924,2024-08-27,1,33,7,Yes
2073,2024-06-01,7,35,17,No
950,2024-02-25,4,37,23,Yes
4234,2024-10-28,1,57,14,Yes
2165,2024-11-09,1,30,11,No
2925,2024-02-12,8,43,19,Yes
522,2024-07-24,9,52,12,Yes
2428,2024-01-19,2,19,16,No
2745,2024-06-14,6,19,5,Yes
775,2025-01-02,6,14,14,No
4717,2024-12-16,2,44,18,No
3403,2025-01-20,3,46,3,No
2917,2024-04-28,2,55,10,Yes
3351,2024-11-07,7,47,6,Yes
4437,2024-12-15,3,33,14,Yes
1264,2024-01-11,8,50,8,No
2189,2024-07-17,7,5,16,Yes
2497,2024-05-08,9,6,21,Yes
643,2024-10-18,9,51,10,No
1777,2024-01-17,1,27,24,Yes
2858,2024-10-16,2,10,23,No
2706,2025-01-03,7,33,7,No
601,2024-12-29,5,21,19,No
3152,2025-01-19,3,30,21,Yes
634,2024-09-06,5,16,20,Yes
4464,2024-11-26,4,44,3,Yes
4718,2024-01-08,8,53,22,Yes
3884,2024-04-27,7,21,1,No
2727,2024-06-01,7,11,14,Yes
3018,2024-03-07,7,55,21,Yes
4701,2024-06-21,8,5,2,Yes
973,2024-12-04,2,45,22,Yes
2173,2024-02-28,3,26,16,Yes
4773,2024-12-27,4,40,1,Yes
3116,2024-11-01,2,49,7,Yes
238,2024-08-18,7,23,6,No
2869,2024-12-15,8,9,1,No
4131,2024-01-28,6,46,7,Yes
2893,2024-03-04,6,29,2,No
3315,2024-10-09,2,52,23,No
2029,2024-02-05,1,40,6,No
571,2025-01-12,8,10,3,No
3173,2024-07-10,4,20,24,No
3844,2024-10-13,9,11,13,No
4116,2024-10-20,5,11,18,Yes
2711,2024-02-21,9,7,6,No
510,2024-04-06,8,17,19,No
2580,2024-07-22,2,40,20,No
3398,2024-10-05,3,11,11,Yes
2893,2024-03-13,1,15,3,No
1227,2024-10-23,8,18,6,Yes
1988,2024-07-19,7,28,24,No
4807,2024-08-25,2,10,19,Yes
1726,2024-01-06,7,32,14,Yes
928,2024-08-24,8,2,1,No
333,2024-05-21,5,17,21,No
2364,2024-03-30,6,35,6,Yes
332,2024-03-01,5,31,22,No
2306,2024-06-19,5,24,18,Yes
467,2024-05-06,5,53,14,Yes
306,2024-02-04,6,9,17,No
1926,2024-11-02,3,12,16,Yes
1358,2024-05-07,1,15,11,No
4963,2024-11-22,9,38,21,Yes
1677,2024-07-22,8,26,21,Yes
4191,2025-01-08,8,51,21,No
1782,2024-03-11,2,58,3,Yes
2951,2024-06-23,8,53,17,Yes
1881,2024-03-28,7,42,2,Yes
1409,2024-07-24,6,19,18,Yes
4471,2024-01-02,7,34,17,Yes
4065,2024-03-12,7,21,16,No
2345,2024-03-30,7,39,10,No
2974,2024-02-27,3,8,4,Yes
4714,2024-08-04,7,1,6,No
2037,2024-10-19,3,50,15,Yes
2906,2025-01-11,7,28,17,Yes
2828,2025-01-22,8,3,9,No
1088,2024-01-13,6,36,16,Yes
356,2024-10-08,6,55,10,Yes
665,2024-12-28,3,48,4,No
139,2024-09-18,8,40,23,No
3551,2024-08-21,1,20,10,Yes
2747,2024-07-06,5,13,4,Yes
2518,2024-05-21,4,52,3,Yes
1565,2024-09-20,8,13,6,No
1526,2024-01-06,1,21,19,Yes
2917,2024-03-13,2,16,5,No
2451,2024-11-04,8,17,12,No
3727,2024-04-28,8,29,16,No
396,2024-04-11,2,40,24,Yes
2062,2025-01-30,3,13,24,No
525,2024-07-07,8,36,1,No
393,2024-10-06,6,6,16,No
4064,2024-04-28,2,25,13,No
2991,2025-01-22,6,7,4,No
463,2024-09-14,1,24,7,No
4519,2024-06-01,5,44,9,Yes
2394,2024-04-08,2,40,7,No
923,2024-12-15,8,43,5,No
1048,2024-11-14,4,57,7,No
203,2024-11-23,6,34,19,Yes
3128,2024-02-12,8,34,1,Yes
2461,2024-01-03,7,42,5,No
849,2024-07-28,6,21,15,No
3973,2024-07-04,1,54,7,No
2198,2024-08-17,3,2,7,Yes
3311,2024-05-02,6,34,17,No
2902,2024-06-16,5,53,22,No
3881,2024-02-13,2,46,8,No
517,2024-09-02,4,52,21,No
3946,2024-06-08,9,36,18,No
891,2024-06-22,1,24,2,Yes
582,2024-05-09,3,39,2,No
1895,2024-07-12,6,7,20,Yes
2492,2024-10-20,3,28,2,No
3893,2024-04-21,1,14,6,No
3448,2025-01-30,2,33,20,No
1481,2024-12-19,8,18,8,Yes
2836,2024-12-27,3,14,18,Yes
467,2024-06-25,7,12,15,Yes
1052,2024-03-03,3,43,6,No
1818,2024-01-14,8,46,8,No
4671,2024-03-24,7,33,18,Yes
3348,2025-01-11,3,57,11,Yes
2825,2024-02-11,8,24,11,Yes
319,2024-06-04,8,36,21,Yes
3583,2024-01-25,4,8,5,No
4832,2025-01-26,9,55,24,No
3456,2024-02-15,3,54,16,Yes
2074,2024-03-18,1,55,8,No
4573,2024-10-05,1,58,14,Yes
1043,2024-05-05,4,14,24,Yes
186,2024-04-06,8,8,20,Yes
3555,2024-02-14,9,27,22,No
1008,2024-10-19,8,14,9,Yes
3213,2024-06-18,7,44,4,Yes
3476,2024-07-07,9,16,2,Yes
4771,2024-09-19,3,47,1,Yes
4982,2024-11-21,1,35,20,No
89,2024-10-25,4,6,4,No
124,2024-12-27,2,22,23,No
4257,2024-09-03,9,29,12,No
2553,2024-10-16,5,53,4,No
2542,2024-10-23,4,18,9,No
969,2024-01-07,7,5,18,No
3856,2024-04-22,6,3,4,No
3081,2024-06-22,1,52,21,Yes
674,2025-01-23,2,15,2,Yes
4295,2024-11-04,6,48,3,No
895,2024-08-20,4,32,22,No
2257,2024-02-21,3,6,10,No
1241,2024-09-09,8,11,18,Yes
2287,2024-09-09,1,34,12,Yes
1135,2024-02-11,9,27,17,No
3379,2024-09-05,6,40,7,No
1608,2024-12-24,5,11,2,No
2136,2024-01-14,8,7,23,No
2972,2024-04-08,9,51,3,No
1315,2024-01-17,3,10,2,Yes
3371,2024-06-25,9,24,11,No
1620,2024-07-29,2,42,14,Yes
3452,2024-09-13,9,40,21,No
3671,2024-08-19,2,48,19,No
3248,2024-01-30,6,38,14,Yes
2837,2024-10-20,9,5,9,Yes
1987,2024-06-04,4,17,15,No
4890,2024-02-07,3,36,2,No
863,2024-03-07,4,56,4,No
2239,2024-05-09,8,25,23,Yes
4302,2024-12-23,5,22,8,Yes
3770,2024-07-14,4,4,15,Yes
513,2024-01-03,8,42,4,No
4852,2024-06-17,7,46,23,Yes
3860,2024-02-17,5,2,16,Yes
251,2024-07-19,8,12,21,Yes
1836,2024-05-09,2,53,17,No
4877,2024-10-03,1,8,6,No
2946,2024-04-28,4,31,21,No
4787,2025-01-24,8,32,5,Yes
4127,2024-11-20,8,48,18,No
2920,2024-11-19,4,48,8,Yes
4215,2024-10-11,9,12,13,No
4202,2024-10-29,6,23,1,No
69,2024-06-13,2,7,1,Yes
3714,2024-04-16,8,56,5,No
2088,2024-05-02,4,47,20,No
4307,2024-08-17,6,5,5,Yes
171,2024-07-16,1,52,6,No
2927,2024-10-13,7,32,1,No
784,2024-05-12,6,7,14,No
839,2024-02-29,1,38,22,Yes
1599,2025-01-22,4,37,4,No
900,2024-10-12,6,59,16,No
3300,2024-08-20,1,23,21,No
1887,2025-01-26,8,16,6,Yes
2066,2024-07-25,9,24,18,No
1605,2024-08-22,6,55,2,No
3380,2024-08-25,2,28,1,No
3957,2024-12-07,3,37,15,Yes
4480,2024-08-11,4,17,15,No
4786,2024-02-01,4,36,20,No
3870,2024-01-05,1,53,9,No
2215,2024-07-17,3,45,22,No
2339,2024-05-23,7,52,5,Yes
2804,2024-04-24,3,35,23,Yes
4012,2024-06-07,4,31,1,Yes
3897,2024-06-15,4,6,22,No
333,2024-12-01,4,15,20,Yes
1091,2024-12-31,2,40,16,Yes
4719,2024-10-27,4,15,10,Yes
4788,2025-01-01,2,30,18,No
2197,2024-08-20,8,14,3,No
4302,2024-12-12,4,49,20,No
1220,2024-11-21,5,39,24,No
486,2024-12-08,9,38,7,No
393,2024-04-29,9,7,23,No
2567,2024-02-10,8,6,22,No
1048,2024-11-23,1,48,5,Yes
4869,2025-01-25,2,16,6,No
4431,2024-08-29,1,23,13,Yes
769,2025-01-24,1,3,14,No
1333,2024-05-01,9,7,4,No
1189,2024-01-23,4,42,3,No
810,2024-04-26,1,57,4,No
582,2024-04-25,4,3,6,No
879,2024-03-31,9,28,24,No
962,2024-05-15,8,5,2,Yes
4067,2024-10-24,2,17,10,No
1368,2024-08-03,5,20,2,Yes
2165,2025-01-18,6,23,11,Yes
2503,2025-01-04,1,2,12,Yes
933,2025-01-06,2,47,5,No
1886,2024-08-19,9,55,8,No
2682,2024-06-19,1,7,14,No
458,2025-01-21,9,33,15,Yes
2765,2024-09-12,9,42,10,No
1848,2024-05-15,5,23,13,No
3846,2024-06-23,8,30,12,No
1816,2024-02-29,6,38,22,No
148,2024-01-01,1,35,11,No
131,2024-06-03,5,42,5,No
4562,2024-10-04,5,12,21,Yes
894,2024-05-23,5,21,21,No
4621,2024-09-30,8,14,1,No
461,2024-01-23,9,37,22,No
1306,2024-10-27,3,38,23,No
455,2024-06-04,9,13,11,No
733,2024-12-24,4,42,4,No
4667,2024-08-12,6,5,18,Yes
3139,2025-01-06,1,43,18,Yes
3399,2024-04-21,9,44,21,No
384,2024-02-29,6,27,18,No
1233,2024-10-04,4,54,18,No
3524,2024-02-17,4,42,2,Yes
2718,2024-06-25,6,51,14,No
2479,2024-07-17,4,35,6,No
4297,2024-01-11,8,11,17,No
27,2024-06-23,5,40,2,No
974,2024-05-28,3,18,22,No
808,2024-03-24,3,53,20,Yes
1652,2024-09-04,4,11,21,No
3199,2024-01-27,5,44,18,No
2895,2024-08-20,9,27,19,No
3530,2024-10-31,7,1,22,No
53,2024-10-25,9,2,16,No
3884,2024-07-03,3,4,15,Yes
4624,2024-10-23,1,5,23,Yes
1456,2025-01-02,6,45,24,Yes
1793,2024-06-02,6,43,23,No
196,2024-09-01,1,35,7,No
1820,2024-07-30,8,49,17,No
4149,2024-03-01,8,6,24,Yes
4104,2024-02-23,3,45,19,Yes
3335,2024-02-25,1,32,16,No
1825,2024-01-27,7,35,15,Yes
1556,2024-09-04,3,57,5,Yes
776,2024-10-21,2,37,14,No
3967,2024-08-30,4,26,11,No
572,2024-07-19,1,13,6,No
3560,2024-06-06,5,59,7,No
2865,2024-08-18,2,24,17,No
3473,2024-07-04,1,1,15,No
3850,2024-05-28,3,50,1,No
3513,2024-12-10,9,16,24,No
3128,2025-01-15,8,54,24,No
1893,2024-06-28,8,4,11,Yes
2498,2024-08-02,1,25,18,No
3574,2024-06-23,8,3,6,No
4048,2024-08-24,4,26,14,Yes
487,2024-03-17,7,36,7,Yes
2333,2024-09-19,9,28,16,No
3207,2024-10-16,1,40,13,Yes
1419,2024-08-21,3,50,11,No
2532,2024-03-18,8,5,2,Yes
2717,2024-03-26,3,27,4,No
2052,2024-07-17,1,22,21,Yes
4594,2024-12-15,2,28,11,Yes
3944,2024-10-22,7,48,6,No
73,2024-04-17,6,3,13,No
4033,2024-05-31,7,59,22,No
3517,2024-09-16,6,8,3,No
4470,2024-06-21,1,36,22,No
1756,2024-05-17,4,37,20,Yes
1985,2024-12-14,7,46,23,No
933,2024-01-13,6,59,10,Yes
1425,2025-01-23,4,18,17,No
3321,2024-04-14,3,51,4,Yes
621,2024-10-23,4,12,14,Yes
787,2024-01-06,1,2,15,No
3969,2024-11-07,7,47,15,No
4589,2024-09-16,2,37,19,No
2567,2024-05-12,7,15,24,Yes
982,2024-12-16,1,48,5,Yes
2039,2024-07-13,2,8,7,Yes
1489,2024-09-27,9,41,22,No
326,2024-06-27,3,56,3,No
2360,2025-01-14,9,17,8,Yes
2226,2024-08-01,4,10,16,Yes
1122,2024-01-06,7,6,5,No
2107,2024-08-10,7,34,15,No
519,2024-07-13,9,57,19,Yes
2580,2025-01-05,6,50,19,Yes
3250,2024-10-29,2,59,1,No
4987,2025-01-08,3,42,15,No
4264,2024-11-01,6,26,5,No
2341,2024-04-03,1,55,20,No
2456,2024-11-28,3,47,6,Yes
2114,2025-01-02,2,21,16,No
2189,2024-07-27,7,38,21,No
2511,2024-02-04,3,44,17,No
4959,2024-04-21,5,11,18,Yes
1078,2024-09-22,7,51,10,Yes
3650,2024-03-08,5,58,19,No
2863,2024-07-28,2,11,13,Yes
836,2024-10-07,2,13,20,No
1678,2024-08-31,7,51,1,Yes
802,2024-01-18,4,21,2,No
4480,2024-11-15,5,35,18,Yes
212,2025-01-27,1,25,17,No
3763,2024-08-14,4,50,17,Yes
2317,2024-08-13,5,1,14,No
885,2024-08-21,1,55,11,Yes
409,2024-08-12,6,47,19,Yes
2300,2024-11-01,7,21,24,No
2756,2024-07-10,3,52,6,Yes
4655,2024-08-27,2,2,13,No
3535,2024-01-21,3,2,1,No
1550,2025-01-22,7,19,4,Yes
2300,2024-11-30,3,43,19,No
4195,2024-04-15,8,19,23,Yes
3915,2024-10-18,3,19,8,No
48,2024-10-16,1,45,1,Yes
1145,2024-07-27,1,35,2,No
3263,2024-03-14,2,45,10,Yes
3835,2024-07-11,9,19,19,Yes
769,2024-04-24,5,2,20,No
3094,2024-09-11,9,47,3,No
4788,2024-08-27,6,3,3,No
4096,2024-10-28,7,38,18,Yes
255,2024-04-04,6,5,24,No
3147,2025-01-16,2,36,19,Yes
2441,2025-01-23,8,44,12,No
2424,2024-08-15,4,41,6,No
3027,2024-02-05,7,47,4,No
1743,2024-12-09,6,19,5,No
1768,2024-02-13,2,45,8,Yes
3025,2024-01-29,4,42,18,No
1053,2024-08-12,2,47,1,No
980,2025-01-23,8,6,5,No
4453,2024-05-02,3,10,19,No
1777,2024-07-02,7,32,14,No
2227,2024-03-04,9,53,10,No
1045,2024-03-07,2,3,15,No
2446,2024-10-10,1,56,19,No
3302,2024-11-01,4,22,13,No
1593,2024-08-02,3,16,21,No
3478,2024-03-29,4,43,4,No
774,2024-04-05,2,29,11,No
705,2024-12-04,8,42,18,No
2670,2024-01-17,6,52,24,No
3844,2024-07-27,2,35,22,No
4794,2024-10-03,6,54,12,Yes
3450,2024-11-30,6,32,3,Yes
3664,2024-03-26,6,57,18,Yes
446,2024-05-27,1,56,17,Yes
520,2024-04-13,4,29,23,No
1384,2024-03-24,7,59,8,Yes
408,2024-04-28,1,55,12,No
3051,2024-04-08,1,30,17,No
4115,2024-12-16,8,57,4,No
4585,2024-05-03,4,47,14,Yes
3554,2024-01-27,5,30,15,Yes
4637,2024-03-14,1,15,9,No
2077,2024-04-20,4,21,4,No
1808,2024-11-11,1,36,15,No
2670,2024-10-28,1,39,23,No
4287,2024-04-27,7,33,3,No
3850,2024-05-09,8,19,5,No
3203,2024-05-23,9,24,6,No
1480,2024-07-13,5,44,20,Yes
3738,2024-01-12,2,14,10,No
1199,2024-07-24,5,37,19,Yes
731,2024-12-28,7,25,6,No
4137,2024-01-15,9,9,9,Yes
4666,2024-07-12,8,30,19,Yes
1106,2024-10-16,5,44,5,No
4034,2024-05-12,2,8,11,Yes
803,2024-12-28,7,12,13,No
167,2024-04-26,8,51,9,Yes
1359,2024-12-14,9,43,15,No
1875,2024-01-02,8,50,22,No
4231,2024-07-23,6,29,3,No
993,2024-11-09,9,29,4,No
3211,2024-06-25,2,26,18,Yes
2132,2024-12-01,1,11,8,No
3960,2024-03-07,1,22,21,No
50,2024-04-07,4,53,9,No
2376,2024-06-23,9,54,17,Yes
1900,2024-08-12,5,39,15,Yes
1805,2024-10-02,5,8,17,Yes
4927,2024-07-19,2,56,18,Yes
709,2024-06-14,3,22,12,Yes
304,2024-03-12,3,46,7,No
3573,2024-11-02,3,16,1,Yes
2159,2024-06-05,7,24,17,No
104,2024-02-16,5,15,24,No
2969,2024-03-10,5,59,9,No
1929,2024-09-15,9,56,5,No
4544,2024-06-24,8,36,16,No
3413,2024-05-04,9,48,12,Yes
4168,2024-09-03,3,48,20,No
4360,2025-01-01,7,17,4,No
4201,2024-01-25,2,9,23,No
3400,2024-01-17,4,31,14,Yes
2947,2024-07-14,9,2,12,No
1743,2024-05-15,6,7,24,Yes
3606,2024-05-09,4,31,22,Yes
4259,2024-09-28,3,48,22,No
3009,2024-10-11,7,25,14,No
4470,2024-06-21,6,7,1,No
1523,2024-05-27,5,55,24,Yes
1226,2024-09-29,8,52,11,No
3635,2024-09-02,8,37,15,Yes
4350,2024-06-23,1,39,12,Yes
2355,2024-05-05,6,45,5,Yes
118,2024-02-24,7,22,23,Yes
4754,2024-02-29,7,57,21,No
3782,2024-10-23,5,2,7,Yes
679,2024-11-19,7,29,7,No
2739,2025-01-20,7,13,19,No
3530,2025-01-26,6,35,4,Yes
4398,2024-09-23,9,26,21,No
2037,2024-01-06,8,41,22,No
3812,2024-05-11,9,5,11,No
8,2024-03-26,8,37,3,No
4294,2024-07-04,1,49,5,No
731,2024-06-28,6,17,9,Yes
4052,2024-06-08,2,59,17,Yes
1144,2024-03-14,1,31,7,No
947,2024-09-28,9,17,9,No
2816,2024-01-04,8,29,18,No
4575,2024-06-14,8,20,10,No
4381,2024-05-06,4,5,6,No
1562,2024-08-15,4,43,18,Yes
3838,2024-07-29,1,51,18,No
3085,2025-01-24,8,13,4,Yes
4855,2024-06-03,6,42,4,Yes
87,2024-03-08,8,32,16,No
3644,2024-07-05,9,27,4,No
291,2024-06-19,7,16,1,No
1748,2024-01-16,2,37,17,No
2419,2024-09-02,7,22,21,No
4673,2024-10-12,5,34,3,Yes
2436,2024-08-05,1,25,21,Yes
2412,2024-10-08,1,42,1,Yes
1686,2024-09-28,6,51,6,Yes
3285,2024-11-22,6,47,16,No
4037,2024-08-16,3,54,14,No
745,2024-10-05,3,51,7,No
1681,2024-07-22,7,18,14,No
4473,2024-01-15,1,3,6,Yes
846,2024-12-13,6,13,12,No
2768,2024-04-02,6,47,18,No
2420,2024-01-22,7,35,19,No
525,2024-04-27,5,1,22,No
3111,2025-01-04,2,41,22,No
3211,2024-10-29,9,34,15,No
1358,2024-03-07,6,13,12,Yes
1630,2024-03-27,7,52,6,Yes
133,2024-03-03,4,23,17,Yes
3481,2024-05-07,8,24,12,No
3345,2024-02-08,8,3,15,Yes
449,2024-09-03,5,2,9,No
585,2024-01-18,8,22,4,No
3165,2024-02-17,8,20,15,Yes
691,2024-11-14,5,28,14,Yes
3437,2025-01-02,8,29,7,Yes
4604,2024-06-15,1,41,14,No
4891,2024-10-13,1,28,22,No
1539,2024-07-24,4,25,13,No
4803,2024-07-31,9,12,15,Yes
2496,2024-04-16,5,2,3,Yes
2283,2024-10-30,1,22,5,No
1052,2024-10-22,3,51,8,Yes
1903,2024-12-04,5,45,2,No
1663,2024-03-08,1,45,6,No
206,2024-10-03,5,25,20,No
1284,2024-08-29,6,13,2,No
814,2024-10-16,9,52,9,Yes
1347,2024-09-25,1,34,18,No
1432,2024-09-04,5,51,20,Yes
3867,2024-03-22,5,37,24,Yes
3410,2024-09-22,2,55,20,Yes
437,2024-09-11,2,37,21,Yes
2185,2024-04-13,8,51,19,No
4798,2024-12-24,9,53,17,No
4057,2024-02-09,2,52,10,No
2160,2024-05-08,6,43,10,No
708,2024-03-21,8,11,21,No
394,2024-06-07,4,9,7,Yes
2618,2024-10-17,9,56,10,No
1968,2024-07-04,4,16,12,No
4395,2024-07-28,5,10,20,No
2744,2024-03-29,9,26,11,No
3881,2024-10-22,9,23,23,No
988,2024-02-27,9,8,23,Yes
1676,2024-08-30,8,12,13,No
4274,2024-12-07,9,28,6,Yes
1667,2024-10-22,9,41,10,No
4410,2024-07-19,9,58,11,Yes
1849,2024-06-07,1,6,22,Yes
182,2024-06-02,1,59,21,No
773,2024-02-28,1,46,23,No
4065,2024-08-06,9,46,12,No
1510,2024-01-05,4,41,7,No
1239,2024-04-30,7,31,15,No
4321,2024-04-09,4,2,20,No
2851,2025-01-24,9,33,5,Yes
3981,2024-04-03,3,58,23,Yes
4666,2024-10-04,8,16,7,No
2769,2024-10-12,9,32,18,Yes
1650,2024-09-16,7,1,11,No
2882,2024-01-04,3,52,7,No
4435,2024-08-29,5,58,5,No
2649,2024-01-03,2,43,22,No
4184,2024-01-10,6,25,16,No
2172,2024-06-14,8,25,21,No
653,2024-02-10,5,4,22,Yes
2765,2024-12-25,5,56,19,No
836,2024-01-22,4,45,6,Yes
2335,2024-04-01,9,50,24,Yes
4550,2024-09-26,1,59,16,Yes
2877,2024-09-06,2,3,11,No
3300,2024-06-08,4,1,12,Yes
334,2024-06-22,9,14,11,No
2606,2024-12-16,5,54,14,Yes
2835,2024-02-10,8,10,8,No
816,2024-03-17,7,42,1,No
873,2024-01-11,7,42,17,No
1132,2024-03-16,7,17,15,No
1146,2024-12-14,3,31,6,No
1072,2024-03-22,9,58,10,No
2147,2025-01-09,3,28,18,Yes
2543,2024-12-26,1,30,23,Yes
28,2024-12-01,2,48,23,No
1181,2025-01-20,1,2,11,No
335,2024-01-02,3,6,9,Yes
4583,2024-02-12,9,38,11,No
3115,2025-01-05,1,18,22,Yes
1696,2024-09-07,7,45,11,Yes
2561,2024-07-03,9,32,22,No
3017,2024-06-01,2,22,3,No
1458,2024-07-06,7,40,23,Yes
3467,2024-05-19,8,30,3,Yes
206,2024-02-04,1,10,18,No
1804,2024-07-22,4,37,8,No
4835,2024-05-21,4,34,8,No
2779,2024-09-28,6,20,7,No
2486,2024-09-12,5,8,24,Yes
2968,2024-11-13,9,20,9,No
488,2024-03-11,5,6,3,No
1636,2024-12-03,4,30,11,No
3176,2024-12-22,6,25,23,No
4248,2024-02-04,1,27,12,Yes
3466,2024-01-29,6,23,16,No
2856,2024-05-17,6,14,12,Yes
964,2024-07-26,3,52,12,No
2508,2024-07-31,4,36,3,No
2575,2024-03-08,1,20,9,Yes
2266,2024-08-26,2,38,15,No
2986,2024-06-12,4,44,21,No
4722,2024-11-28,8,43,16,No
307,2025-01-13,3,12,15,No
503,2024-01-10,2,52,13,Yes
2008,2024-02-20,3,10,9,No
4267,2024-07-01,2,38,4,No
1973,2024-03-28,2,30,18,No
3889,2024-07-26,4,17,20,No
2116,2024-12-14,6,53,2,Yes
4199,2024-12-14,8,56,7,No
3774,2024-10-19,7,41,3,Yes
4161,2024-08-17,9,7,22,No
4874,2024-05-09,8,43,14,No
2705,2024-05-21,7,4,10,No
1987,2024-03-28,2,49,23,No
3959,2024-01-27,5,59,19,No
4852,2024-04-27,2,36,13,No
1169,2025-01-04,3,10,10,Yes
2883,2024-07-22,2,27,10,No
4876,2024-01-29,6,35,24,No
2373,2024-09-03,9,43,23,No
421,2024-09-30,4,5,10,No
4447,2025-01-27,2,16,4,Yes
461,2024-06-23,8,16,6,Yes
4894,2024-05-29,6,52,17,Yes
4939,2025-01-11,2,14,24,No
1437,2024-10-04,6,38,21,Yes
3449,2024-04-06,8,43,13,No
1554,2024-04-13,3,37,5,No
3953,2024-01-07,6,17,7,No
387,2024-10-20,7,15,22,Yes
4072,2024-07-09,5,39,12,No
3061,2024-09-16,2,30,6,No
4740,2024-09-09,2,32,9,No
1420,2024-03-13,7,44,20,No
2413,2024-05-01,4,29,17,No
4261,2024-12-18,3,58,13,No
3931,2024-10-11,2,35,2,Yes
1686,2024-04-20,3,43,24,Yes
4823,2024-07-22,9,10,9,No
3048,2024-09-30,2,9,24,Yes
3920,2024-12-28,6,42,14,No
1370,2024-11-25,6,46,3,Yes
595,2024-01-06,5,8,24,Yes
4103,2024-08-06,3,30,21,No
184,2024-01-26,1,8,20,Yes
3874,2024-02-15,4,21,14,No
725,2024-05-12,4,12,19,No
3664,2024-06-20,5,11,1,No
2219,2024-08-16,4,52,14,No
3948,2024-10-31,9,36,13,Yes
1112,2024-03-19,5,14,17,No
3498,2024-04-27,7,1,11,Yes
4144,2024-03-09,6,49,20,No
2197,2024-07-24,4,6,21,No
1558,2024-09-05,3,36,15,No
51,2024-02-08,8,4,10,No
1541,2024-05-17,8,48,15,No
4549,2025-01-14,6,51,19,No
3477,2024-12-05,1,10,1,No
2760,2024-09-29,4,31,18,Yes
3777,2024-06-24,9,50,21,Yes
2379,2024-09-13,6,40,2,No
4900,2024-12-26,2,57,18,Yes
139,2024-02-21,2,53,13,No
3053,2024-11-13,7,38,1,Yes
1100,2024-11-20,9,7,14,No
828,2024-08-23,7,31,22,No
2985,2024-01-04,4,18,22,Yes
1415,2024-02-18,2,26,6,Yes
111,2024-07-05,3,48,13,No
2264,2024-01-23,2,7,2,No
3305,2025-01-04,6,25,16,No
3533,2024-02-24,1,6,23,No
574,2024-10-16,5,4,21,No
533,2024-08-09,5,39,10,No
3421,2024-09-11,1,43,3,Yes
715,2024-11-07,5,52,2,Yes
320,2024-09-04,2,35,5,No
4451,2024-12-08,2,44,3,Yes
2330,2024-03-08,1,28,23,Yes
1872,2024-01-15,6,55,9,No
1606,2024-11-12,1,9,10,Yes
2300,2024-03-07,4,13,3,Yes
2282,2024-06-28,8,15,8,Yes
4327,2024-02-07,5,18,13,No
336,2024-10-19,4,11,15,No
3738,2024-03-07,8,12,2,No
3210,2024-01-24,3,40,9,Yes
402,2024-03-02,5,57,1,Yes
4522,2024-10-14,5,22,6,No
2771,2024-03-20,2,2,20,No
4158,2024-10-08,1,45,14,No
4965,2025-01-05,5,54,17,Yes
501,2025-01-04,4,42,9,No
1942,2024-06-29,9,35,16,Yes
4687,2024-03-05,7,24,16,No
1603,2024-05-01,6,31,23,Yes
2835,2024-04-26,6,13,24,No
668,2024-12-26,5,18,1,No
237,2024-03-17,8,51,4,No
212,2024-10-16,3,42,13,Yes
2045,2024-08-18,1,11,22,No
3062,2024-01-02,3,35,3,No
4455,2024-05-17,7,35,20,No
1293,2024-10-21,9,32,13,No
1029,2024-11-27,4,52,13,No
1618,2024-04-11,9,30,19,No
316,2025-01-21,3,51,5,Yes
906,2024-09-01,8,23,16,No
2774,2024-10-26,8,41,2,No
3372,2024-06-23,7,1,19,No
3026,2024-09-15,5,5,6,No
1744,2024-03-23,2,22,21,Yes
3484,2024-10-30,2,53,15,Yes
3659,2024-02-22,7,51,17,No
2932,2024-06-24,5,2,19,No
4654,2024-10-01,7,45,8,Yes
695,2024-11-19,7,55,19,No
2652,2024-07-09,2,48,17,No
1228,2024-06-14,4,49,14,Yes
4032,2024-03-04,2,3,16,Yes
597,2024-02-09,8,36,9,No
3590,2024-08-07,1,50,8,Yes
4219,2024-04-18,8,10,24,Yes
2896,2024-11-05,3,8,16,No
2812,2024-11-26,6,26,24,No
1363,2024-08-15,6,1,5,No
341,2024-02-12,4,15,7,No
1626,2024-05-24,3,7,13,No
1461,2024-11-03,1,25,17,Yes
2988,2024-03-25,6,26,1,No
1773,2024-01-10,3,48,15,Yes
1772,2024-08-26,8,56,13,Yes
1221,2024-06-20,5,25,12,No
2221,2024-08-23,3,55,13,Yes
1816,2024-06-03,8,27,1,No
780,2024-12-22,9,12,9,No
3467,2024-02-26,1,51,7,No
4873,2024-06-07,9,6,23,Yes
812,2024-04-03,4,36,20,No
2002,2024-06-02,4,46,14,Yes
1315,2024-10-14,6,3,4,No
2996,2024-08-27,6,40,7,No
1883,2024-05-01,2,20,6,No
4184,2024-10-25,2,5,24,No
3655,2024-07-29,6,1,24,No
1873,2024-03-22,6,32,1,No
3551,2024-07-16,3,20,5,No
1099,2024-03-07,7,11,20,No
3229,2024-06-26,2,17,8,No
63,2024-11-03,3,2,13,No
71,2024-02-10,5,8,15,No
1348,2024-09-21,2,17,2,No
1125,2024-10-06,4,37,21,Yes
4605,2024-05-01,5,50,24,Yes
1506,2024-12-20,1,58,3,Yes
1352,2024-02-05,5,19,23,Yes
1871,2024-04-01,7,31,12,Yes
4799,2024-06-02,4,32,20,Yes
2142,2024-11-30,5,36,1,No
93,2024-10-21,5,27,6,Yes
4060,2024-08-28,5,59,16,No
3112,2025-01-07,6,24,11,No
3249,2024-08-18,5,49,11,No
1453,2024-04-30,1,22,6,No
4033,2025-01-23,5,10,5,No
4209,2024-11-26,8,52,3,No
3840,2024-08-10,5,30,19,Yes
3978,2024-12-28,9,23,11,No
427,2024-08-24,8,37,8,No
22,2024-09-02,3,11,14,Yes
4751,2024-03-28,3,16,15,No
3466,2025-01-19,4,39,9,No
4773,2024-05-12,7,51,3,Yes
1699,2024-06-01,8,20,13,No
3037,2024-04-07,1,15,3,Yes
1315,2024-11-21,1,3,21,Yes
1829,2024-06-05,8,10,20,No
1051,2024-04-11,5,27,14,Yes
3552,2024-11-18,5,5,4,No
4648,2024-06-24,3,1,22,No
1421,2024-06-04,4,31,8,No
4159,2024-11-14,8,8,4,Yes
3251,2024-08-24,6,34,14,No
2756,2024-09-22,4,6,3,No
4862,2024-09-10,5,13,23,Yes
4742,2024-03-25,2,1,5,No
1872,2024-11-05,5,58,14,Yes
2017,2024-07-11,2,32,5,Yes
1159,2024-07-04,6,20,16,No
2832,2024-08-31,9,15,15,No
86,2024-02-26,3,12,13,Yes
2212,2024-06-21,8,25,10,Yes
1780,2024-07-26,6,23,23,No
1393,2025-01-20,6,35,24,No
1673,2024-12-30,5,20,13,No
1139,2024-06-06,2,50,17,Yes
4593,2024-04-24,6,45,14,Yes
2937,2024-09-22,6,50,9,No
676,2024-12-12,5,2,1,Yes
3767,2024-11-27,4,54,13,No
1804,2024-01-23,6,33,17,No
291,2024-03-21,6,27,24,No
2484,2024-11-10,5,14,5,No
4635,2024-10-19,3,53,3,No
3016,2024-01-25,1,36,10,No
8,2025-01-25,1,50,4,No
2097,2024-04-25,2,58,11,No
1937,2024-05-18,8,46,17,Yes
1218,2024-09-30,2,22,21,No
4612,2024-11-27,2,34,12,No
2472,2024-01-10,7,34,23,No
4127,2024-11-24,8,33,19,No
3774,2024-05-31,2,17,23,No
3284,2024-03-05,5,13,6,No
4057,2024-05-30,8,49,8,No
4287,2024-08-29,5,46,8,Yes
3901,2024-10-24,5,19,21,No
2985,2024-08-02,7,26,4,Yes
3393,2024-01-26,5,27,10,Yes
3495,2024-11-16,3,9,1,No
4733,2024-01-16,2,48,9,No
4472,2025-01-04,8,17,6,Yes
3420,2024-01-26,8,12,19,Yes
4911,2024-10-17,4,9,10,No
2916,2024-05-26,9,4,12,Yes
4069,2024-01-05,9,53,15,No
4089,2024-11-03,4,50,1,No
2037,2024-02-03,1,32,4,No
847,2024-08-02,9,20,23,No
2680,2024-12-23,5,44,21,Yes
427,2024-06-30,6,59,22,Yes
482,2024-09-04,9,46,14,No
4342,2024-04-26,7,57,13,No
2243,2024-09-01,9,11,19,No
2642,2024-07-31,1,5,11,No
1041,2024-03-06,1,45,8,No
2004,2024-05-27,1,21,10,Yes
242,2024-03-26,8,42,7,No
2625,2024-07-26,5,4,15,No
1870,2024-07-14,9,17,9,No
4759,2024-12-21,8,41,10,Yes
190,2024-12-21,7,49,20,Yes
1185,2024-03-11,5,36,14,No
1434,2024-03-05,1,5,23,No
2303,2024-07-06,4,31,24,Yes
3290,2024-05-13,9,29,5,Yes
1681,2024-10-31,1,44,6,Yes
962,2024-03-19,8,28,9,Yes
1868,2024-01-17,3,21,14,Yes
2761,2024-04-23,9,36,22,No
1493,2024-07-30,4,22,20,Yes
2870,2024-11-02,9,56,5,No
4642,2024-04-28,3,22,14,Yes
3937,2024-01-28,3,3,9,No
4006,2024-10-31,5,28,24,Yes
15,2025-01-24,9,55,9,Yes
1949,2024-02-13,8,2,3,Yes
3644,2025-01-02,8,38,18,Yes
4309,2024-05-17,9,5,10,Yes
1529,2024-11-18,5,1,13,Yes
273,2024-01-31,2,8,18,No
1401,2024-02-21,3,56,15,No
3399,2024-12-13,1,40,12,No
4041,2024-06-19,9,48,9,No
3316,2024-03-16,7,35,4,No
1347,2024-08-26,3,46,7,No
4312,2024-05-03,4,45,18,No
1362,2024-02-25,3,14,14,No
1993,2024-12-29,5,17,14,No
700,2024-02-28,7,49,24,Yes
932,2025-01-20,4,11,21,Yes
4521,2024-08-23,7,56,17,Yes
3776,2024-04-04,9,7,18,No
239,2024-04-03,3,57,23,Yes
2066,2024-07-21,3,6,5,No
1692,2024-06-08,3,28,1,Yes
522,2024-02-03,1,6,23,No
3185,2024-05-12,1,21,15,Yes
3186,2024-09-08,5,7,18,No
2334,2024-06-17,4,52,16,Yes
1315,2024-08-03,5,27,21,No
4793,2024-10-19,6,57,23,Yes
380,2024-01-07,2,59,24,No
1898,2024-01-06,1,35,12,No
1231,2024-11-20,2,13,4,Yes
2744,2024-02-03,3,40,9,No
2313,2024-09-24,7,12,13,Yes
3167,2024-05-16,2,50,2,No
916,2024-03-05,2,7,16,No
3241,2024-11-08,3,30,10,No
1660,2024-04-24,2,19,7,Yes
1038,2024-04-21,4,43,8,No
4757,2024-06-17,2,55,21,No
2132,2024-11-08,1,24,12,Yes
3886,2024-09-27,6,38,16,Yes
4337,2025-01-12,8,4,23,Yes
2428,2024-05-19,3,10,13,No
1471,2024-08-17,2,6,17,No
3218,2024-06-05,6,52,12,Yes
1082,2024-03-24,4,28,21,No
752,2024-03-21,6,16,14,No
3343,2024-10-21,3,59,8,No
793,2024-10-02,2,53,15,Yes
3341,2024-11-22,5,46,6,No
2287,2024-05-04,9,5,3,No
2471,2025-01-24,3,49,5,Yes
2788,2024-11-27,6,31,1,Yes
3685,2025-01-25,1,29,10,No
3992,2024-06-14,3,36,19,Yes
3430,2024-11-11,1,58,7,Yes
4426,2024-08-01,9,7,1,Yes
207,2024-12-16,5,43,3,Yes
151,2024-07-31,5,22,15,Yes
2699,2024-12-21,6,33,19,No
1500,2024-09-03,5,4,22,No
1279,2024-09-01,9,40,17,No
961,2024-02-12,6,12,13,No
1678,2024-06-29,9,5,3,Yes
179,2024-05-07,8,57,15,No
3606,2024-10-31,4,25,2,No
4419,2024-01-11,1,22,16,Yes
3575,2024-03-27,6,44,24,Yes
3994,2024-03-26,3,7,23,No
2995,2024-08-08,5,16,23,Yes
781,2025-01-28,8,24,5,Yes
3708,2024-03-24,8,24,13,Yes
207,2025-01-14,6,15,15,No
2098,2024-06-03,4,48,6,No
2958,2024-08-26,8,21,19,No
379,2025-01-08,3,1,10,Yes
218,2024-04-30,5,12,14,Yes
354,2024-07-25,7,39,3,No
4844,2024-06-15,9,47,22,No
3220,2024-01-06,4,47,22,Yes
1548,2024-01-22,2,56,6,No
1112,2025-01-03,9,9,2,No
4455,2024-04-13,1,55,17,No
1185,2024-03-14,1,4,23,No
1381,2024-11-05,8,34,19,Yes
107,2024-10-15,7,28,24,No
4596,2024-01-09,8,24,21,No
2427,2024-10-21,2,13,8,No
3654,2024-01-20,7,34,6,No
2554,2024-12-26,1,25,7,Yes
4027,2024-11-21,4,30,21,No
4750,2024-01-29,1,20,2,Yes
899,2024-08-09,2,23,17,No
1442,2024-06-02,5,4,10,No
1572,2024-08-20,2,15,12,No
1256,2024-07-27,4,9,13,Yes
1825,2024-02-04,9,43,6,Yes
1738,2024-11-26,6,13,4,No
612,2024-06-08,3,10,9,No
3327,2024-06-03,3,42,5,Yes
2332,2024-03-15,8,25,18,No
3410,2024-08-19,7,55,16,No
1261,2024-09-14,7,36,10,No
727,2024-09-07,3,57,22,No
3896,2024-05-07,8,43,15,No
149,2025-01-12,2,6,16,No
2992,2024-12-27,7,40,11,No
4486,2024-06-15,4,41,16,No
1341,2024-06-11,4,9,6,No
4660,2024-05-13,6,52,4,No
372,2024-12-03,9,50,7,No
1624,2024-01-27,7,42,24,Yes
840,2024-12-31,5,59,9,No
963,2024-05-25,5,40,4,Yes
3490,2024-03-31,1,11,20,Yes
1235,2024-11-24,9,57,23,No
836,2024-05-07,7,14,10,No
354,2024-03-04,3,29,1,No
3609,2024-07-24,6,24,19,No
3512,2024-11-13,4,11,1,Yes
2681,2024-09-09,7,5,5,No
3095,2024-11-02,6,3,14,No
1516,2024-03-14,6,45,13,Yes
4788,2025-01-05,3,26,1,No
1459,2024-12-27,3,27,20,Yes
1153,2025-01-18,9,7,23,Yes
1934,2024-02-01,1,26,16,No
3261,2025-01-11,4,54,2,Yes
128,2024-08-09,1,45,21,No
724,2024-08-14,5,42,20,Yes
3466,2024-07-05,5,50,21,No
3706,2024-05-17,3,7,18,No
1369,2024-10-19,3,47,9,No
1777,2024-04-25,3,51,23,No
558,2024-11-14,5,23,18,No
3488,2024-04-10,9,13,2,No
3276,2024-06-05,4,43,2,Yes
4181,2024-04-28,1,17,4,Yes
1934,2024-12-16,1,59,3,No
2023,2024-10-21,3,50,3,Yes
39,2024-07-23,9,5,2,No
1809,2024-10-27,6,8,2,No
713,2024-01-10,9,49,3,Yes
1051,2024-05-21,3,34,21,No
1178,2024-06-12,2,34,16,No
897,2024-04-18,1,7,22,No
4987,2025-01-13,6,6,4,No
2673,2024-12-09,5,26,10,No
20,2024-10-29,4,17,9,No
2514,2024-04-03,4,51,22,No
1378,2024-12-18,5,27,2,No
648,2024-06-26,5,2,19,No
4427,2024-03-30,8,48,6,No
2560,2024-09-19,6,33,16,Yes
2924,2024-08-28,6,12,22,Yes
964,2024-10-12,1,13,10,Yes
2739,2024-12-21,3,24,18,No
194,2024-04-23,6,16,16,No
3499,2024-06-20,1,40,17,No
268,2024-08-21,5,36,15,No
2056,2024-04-11,9,1,18,Yes
4506,2024-05-07,1,23,21,Yes
3762,2024-09-18,5,31,11,Yes
4097,2024-02-20,9,41,6,No
1772,2024-04-23,5,28,11,No
4336,2024-05-06,6,59,1,No
1578,2024-01-11,2,41,3,No
3572,2024-09-03,4,27,24,No
3843,2024-04-29,8,20,13,Yes
3513,2024-05-21,1,33,2,No
3077,2024-06-23,5,32,5,Yes
3661,2024-05-07,5,24,13,Yes
422,2024-11-18,1,57,3,No
3275,2024-12-13,8,41,18,No
2262,2024-04-16,2,48,1,No
4337,2024-01-26,8,42,22,No
4497,2024-04-02,8,37,3,No
2903,2024-04-27,3,52,16,Yes
4296,2024-08-04,5,18,2,Yes
667,2024-06-07,2,43,16,No
1331,2024-02-21,4,6,14,No
111,2024-04-01,8,48,4,No
3864,2024-03-19,1,53,21,Yes
2145,2024-05-30,5,16,15,No
1381,2025-01-23,6,12,3,Yes
3692,2024-08-31,5,4,7,No
1165,2024-05-09,4,16,21,No
3350,2024-01-12,8,10,21,No
1534,2024-11-20,6,40,22,No
596,2024-10-18,8,19,17,Yes
668,2024-10-02,8,16,15,No
3698,2024-07-10,4,6,23,Yes
4556,2024-04-07,8,52,18,Yes
284,2024-12-31,7,56,2,No
3837,2024-08-22,8,53,11,No
4,2024-03-21,3,1,4,Yes
3975,2024-01-29,5,45,8,No
4242,2024-05-03,6,38,11,No
1377,2024-04-27,4,10,18,No
3524,2024-06-26,1,32,3,No
2361,2024-01-23,4,37,17,No
4491,2024-06-14,3,35,24,No
3366,2024-02-07,7,25,9,Yes
171,2024-07-23,5,16,13,No
2379,2024-01-25,3,20,6,No
1576,2024-03-05,9,46,4,No
3754,2024-05-07,4,26,11,Yes
2055,2024-03-08,3,4,3,No
3292,2024-06-16,7,52,6,No
123,2024-02-19,1,56,14,Yes
494,2024-01-15,1,22,23,No
1036,2024-09-06,4,3,10,Yes
1778,2024-12-28,9,1,7,No
759,2024-02-15,1,17,14,Yes
3507,2024-07-06,7,1,17,No
551,2024-07-01,5,40,21,No
2439,2024-06-15,4,35,10,No
341,2024-09-30,1,11,3,Yes
3121,2024-09-12,3,23,10,No
3673,2024-01-28,4,58,3,Yes
3907,2024-10-27,2,52,7,No
4312,2024-05-16,6,48,3,No
4864,2024-11-20,9,44,3,No
978,2024-12-23,2,2,14,No
3841,2024-01-27,1,23,12,Yes
1398,2024-05-19,1,22,15,Yes
931,2024-03-18,4,11,13,No
177,2024-03-18,7,23,17,Yes
4437,2024-11-27,5,22,10,Yes
2687,2024-12-17,1,50,24,No
3312,2024-12-11,1,1,9,No
2948,2024-06-02,8,47,22,No
3530,2024-06-23,7,43,4,Yes
3112,2024-07-20,3,2,23,No
4036,2024-06-05,4,43,3,No
4761,2024-02-06,7,46,14,No
2910,2024-02-10,3,18,6,No
1137,2024-10-30,1,59,23,No
4271,2024-11-13,4,17,4,No
2970,2024-03-21,1,38,16,No
4379,2024-07-09,6,24,4,No
1700,2024-07-09,6,7,4,No
4383,2024-02-14,9,6,20,Yes
2779,2024-03-08,8,28,19,No
2274,2024-06-13,3,59,9,No
2815,2024-04-29,4,47,24,Yes
3715,2024-09-18,5,30,16,No
2241,2024-01-19,9,54,21,No
407,2024-09-05,7,25,4,No
2201,2025-01-29,4,4,20,Yes
1495,2024-09-21,6,4,7,No
4023,2024-02-08,4,14,21,No
2429,2024-10-27,4,30,21,No
1492,2024-02-16,9,22,21,Yes
3743,2024-05-07,8,21,7,No
4119,2025-01-10,9,56,5,No
4360,2024-06-25,8,58,15,No
2967,2024-01-11,9,33,18,Yes
3022,2024-06-27,3,53,16,No
4879,2025-01-01,1,8,10,No
454,2025-01-15,2,6,6,No
453,2024-04-24,5,45,17,No
3172,2025-01-08,2,10,17,Yes
2663,2024-12-18,4,59,14,No
33,2024-06-07,4,52,12,Yes
461,2024-11-08,3,6,14,No
478,2024-05-10,3,57,13,Yes
3642,2025-01-25,4,31,23,Yes
2254,2024-02-05,4,49,20,Yes
4215,2024-11-11,4,36,18,No
1884,2024-12-31,3,49,24,Yes
4848,2024-08-28,1,11,1,No
3926,2024-02-26,9,43,7,No
3737,2024-06-19,2,27,15,No
527,2024-12-20,6,20,6,No
1745,2024-09-11,5,7,3,No
3803,2025-01-22,7,23,17,No
234,2024-06-09,3,53,15,Yes
1,2024-07-02,3,58,3,No
3259,2024-09-11,1,44,17,No
3438,2024-03-03,9,27,4,No
1033,2024-07-19,9,41,15,No
520,2024-08-09,1,53,13,No
450,2024-04-28,4,38,18,Yes
4380,2024-03-29,5,51,23,No
209,2024-09-20,9,39,17,Yes
1195,2024-11-19,8,47,4,No
2290,2024-11-28,7,57,15,Yes
3882,2024-03-08,7,19,6,No
4383,2024-05-22,8,19,13,Yes
3756,2024-07-28,6,4,18,Yes
3810,2024-05-05,8,1,19,No
131,2024-01-09,8,2,8,No
4598,2024-08-08,3,9,15,No
291,2024-03-02,4,48,16,No
324,2025-01-16,5,41,3,No
387,2024-07-29,3,11,16,No
865,2024-03-09,4,31,9,No
4764,2024-02-08,3,37,18,No
4304,2024-12-09,7,49,14,No
2795,2024-12-08,5,29,21,No
3045,2024-10-01,5,24,3,No
1691,2024-12-02,1,16,21,No
439,2024-07-05,3,32,11,Yes
2006,2025-01-01,5,46,8,No
3509,2024-08-09,3,55,20,No
4302,2024-05-01,5,14,3,Yes
3989,2024-06-10,9,48,4,No
3957,2024-03-08,5,4,17,No
2297,2024-01-05,7,43,20,Yes
4700,2024-01-01,4,22,17,Yes
225,2024-08-22,8,38,8,Yes
26,2024-08-11,1,25,9,Yes
4057,2024-02-07,9,4,7,Yes
3481,2024-06-09,8,42,22,No
1286,2024-01-22,9,13,20,No
2453,2024-05-28,2,38,24,No
2689,2024-03-19,6,13,10,Yes
1872,2024-01-29,8,21,15,No
2066,2024-06-09,9,19,18,Yes
2357,2024-11-06,7,31,23,No
144,2024-10-14,7,44,7,No
3947,2024-12-03,5,48,18,No
871,2024-07-16,4,16,18,No
2090,2024-09-13,1,1,23,Yes
3198,2024-07-02,8,43,6,No
2180,2024-12-07,8,57,13,Yes
1469,2024-11-29,9,51,6,Yes
4215,2024-08-03,9,15,8,No
595,2024-10-31,3,28,15,Yes
4303,2024-08-16,9,19,20,No
1675,2024-08-23,9,23,21,No
1759,2024-02-09,3,46,2,Yes
1850,2024-06-05,4,37,10,No
3475,2024-04-07,1,21,10,No
752,2024-12-17,6,35,20,Yes
2120,2024-04-20,9,46,3,No
1403,2024-12-20,1,8,11,No
1936,2024-08-04,2,44,11,No
1732,2024-01-13,9,49,16,No
398,2024-09-15,4,17,22,Yes
2109,2024-01-22,7,28,10,No
4787,2025-01-16,4,44,10,Yes
1256,2025-01-26,9,24,2,No
2419,2024-10-30,7,42,21,No
1758,2024-01-20,9,28,18,No
4697,2024-02-25,9,49,12,No
3415,2024-01-23,5,5,6,Yes
4620,2024-02-10,9,45,5,No
514,2024-05-25,1,2,18,No
3789,2025-01-26,5,39,19,No
2361,2025-01-21,2,39,19,No
155,2024-08-01,6,32,16,No
4152,2025-01-10,6,43,15,Yes
3179,2024-02-19,6,28,14,No
908,2024-01-26,6,45,13,No
3023,2025-01-10,9,17,13,No
4719,2024-04-20,9,59,14,No
1704,2024-11-03,2,35,17,No
4744,2024-03-17,1,43,16,No
4766,2024-09-05,4,9,23,Yes
2700,2024-09-19,8,36,21,Yes
4509,2024-09-25,3,28,16,No
1093,2024-09-13,5,11,21,No
4558,2024-10-12,7,31,24,Yes
3963,2024-02-20,3,55,4,No
614,2024-10-02,6,49,20,No
1065,2024-10-31,8,4,3,Yes
4339,2024-04-16,4,38,24,No
3537,2024-01-20,5,30,2,No
193,2024-05-23,4,32,23,No
1716,2024-07-19,9,20,3,Yes
4937,2024-12-02,3,51,24,No
2462,2024-02-28,8,7,8,No
4112,2024-07-16,9,41,18,Yes
781,2024-05-04,1,17,23,Yes
448,2024-10-11,6,26,2,Yes
4506,2024-09-24,3,8,17,No
1647,2024-02-28,4,46,15,No
3388,2024-07-27,2,57,14,Yes
3596,2024-09-17,1,53,8,No
3000,2024-08-30,8,22,9,Yes
3024,2024-12-28,8,30,24,No
2386,2024-10-01,7,37,24,No
415,2025-01-10,1,3,9,Yes
3789,2024-06-29,9,15,18,No
1573,2024-02-15,3,2,2,Yes
1150,2024-09-27,1,43,22,No
4050,2024-12-16,7,24,16,Yes
1247,2024-06-29,1,55,1,Yes
4215,2024-08-03,5,16,16,No
4592,2024-11-01,6,51,1,Yes
4024,2024-01-24,2,52,11,Yes
2450,2024-06-28,4,31,9,Yes
3817,2024-11-17,9,47,5,No
2412,2024-01-19,8,9,18,No
1639,2024-12-04,4,13,18,No
4923,2024-10-29,5,3,5,Yes
1731,2024-07-14,7,16,22,No
1713,2024-06-20,3,7,11,No
724,2024-07-23,2,47,14,Yes
4934,2025-01-23,7,32,18,No
4877,2024-10-12,7,17,5,Yes
4310,2024-10-01,7,16,10,Yes
3201,2025-01-23,5,32,20,No
4585,2024-03-23,8,12,2,Yes
483,2024-07-13,4,26,6,Yes
3813,2024-09-02,9,12,23,Yes
4724,2024-03-31,3,44,13,No
3679,2024-09-25,7,20,17,No
3875,2024-01-18,9,45,19,No
2681,2024-01-07,7,37,15,Yes
1003,2024-09-02,4,24,9,No
2356,2024-03-20,3,52,3,Yes
4841,2024-12-31,8,39,20,No
2154,2024-09-06,6,41,19,No
2292,2024-03-21,5,58,10,Yes
699,2024-01-01,1,57,8,No
3632,2025-01-05,7,47,18,No
460,2024-11-22,5,46,14,Yes
3487,2024-10-10,1,20,23,No
3344,2024-02-27,5,31,2,No
3190,2024-12-10,7,31,21,Yes
2256,2024-12-08,2,55,11,No
4282,2024-05-28,3,59,7,No
2284,2024-08-17,1,59,19,Yes
491,2024-03-20,7,44,7,No
2966,2024-11-19,2,7,3,Yes
2584,2024-04-08,2,16,18,No
52,2024-08-22,8,25,4,No
714,2024-04-17,9,54,19,No
4412,2024-06-29,1,34,11,No
2060,2024-08-03,7,8,7,No
2804,2024-05-24,8,17,9,No
2730,2024-01-10,1,12,19,No
4791,2024-08-26,4,52,2,No
1141,2024-09-21,3,28,12,No
2353,2024-04-24,7,4,16,Yes
1258,2025-01-07,3,40,14,No
3796,2025-01-05,2,52,3,No
2105,2024-12-30,1,53,21,Yes
2661,2024-01-15,2,53,5,Yes
4479,2024-09-30,3,45,10,No
4504,2024-04-23,9,2,1,Yes
917,2024-01-26,3,7,20,Yes
3599,2025-01-28,9,54,8,Yes
3343,2024-07-23,1,12,5,Yes
4534,2024-11-05,7,56,15,No
3430,2024-08-15,6,19,9,No
1872,2024-09-23,8,11,19,No
952,2025-01-24,7,11,4,Yes
4040,2024-11-02,1,32,10,No
2996,2024-10-26,7,17,16,No
1194,2024-11-17,9,17,3,No
1519,2024-10-18,3,33,1,No
4226,2024-07-09,7,46,12,Yes
4667,2024-02-22,4,26,9,No
899,2024-11-24,5,58,10,No
2700,2024-05-10,8,34,24,No
3739,2024-06-26,4,51,15,Yes
2839,2024-05-25,7,14,19,Yes
3116,2024-11-07,6,24,7,No
3887,2024-10-07,7,26,24,No
1657,2024-04-14,8,43,11,No
4495,2024-07-29,3,3,20,No
2949,2024-08-24,1,16,13,Yes
4189,2024-02-10,1,26,1,No
2089,2024-05-13,8,2,14,Yes
887,2024-07-17,4,50,14,No
2088,2024-09-03,8,48,6,No
2258,2024-05-14,5,40,1,Yes
3305,2024-10-15,2,40,1,No
82,2024-01-19,6,8,17,Yes
3253,2024-08-10,1,36,22,Yes
2791,2024-07-13,3,47,23,Yes
4208,2024-09-26,7,44,16,No
4377,2024-09-20,5,33,24,No
4396,2025-01-05,3,39,13,No
1721,2024-08-01,8,30,4,No
3704,2024-08-18,5,26,18,No
1653,2024-07-09,2,20,13,No
1539,2024-02-05,2,39,18,Yes
678,2024-10-14,2,40,8,No
3462,2024-06-21,1,25,13,No
2691,2025-01-25,8,26,2,No
4326,2024-09-08,4,52,5,No
2216,2024-02-21,3,42,5,Yes
4893,2024-02-13,3,9,4,No
4736,2024-08-05,6,51,17,No
640,2024-06-04,1,15,11,Yes
1291,2024-06-30,9,31,13,No
2866,2024-08-08,6,46,21,No
4300,2024-01-24,9,46,21,Yes
2375,2024-06-28,6,7,1,Yes
4330,2024-12-08,4,5,8,Yes
4663,2024-11-07,8,57,23,No
3939,2024-07-06,7,57,18,Yes
4445,2024-07-24,2,26,2,No
4145,2024-04-16,6,50,15,No
3822,2024-06-04,4,25,21,Yes
4134,2024-05-07,5,36,6,No
1845,2025-01-19,8,42,15,No
2121,2024-02-15,6,44,18,Yes
2854,2024-09-14,4,25,17,Yes
4934,2024-01-25,6,21,13,No
3451,2024-11-16,7,33,7,Yes
4195,2024-12-01,6,24,20,Yes
1197,2024-08-12,8,5,23,No
4234,2024-04-17,1,46,6,Yes
3564,2024-10-28,6,37,17,No
1181,2024-03-16,4,34,20,No
3666,2024-01-09,3,33,24,Yes
1081,2025-01-03,4,18,1,Yes
4407,2024-01-17,9,15,6,No
1973,2024-03-09,2,42,8,No
3344,2024-06-27,1,40,22,Yes
616,2024-09-27,4,15,23,Yes
2014,2024-06-26,4,1,5,No
4126,2024-08-07,2,56,23,No
1393,2024-06-18,1,16,14,Yes
1244,2025-01-23,9,40,3,Yes
1322,2024-04-19,9,1,11,No
570,2024-05-02,7,53,15,No
2108,2025-01-29,3,48,17,No
2281,2024-08-28,4,5,6,Yes
2979,2024-12-26,4,40,12,No
4286,2024-09-01,8,7,23,No
3184,2024-09-03,3,52,11,No
2314,2024-05-03,1,39,3,No
3567,2024-01-10,8,55,3,Yes
1734,2024-12-12,9,7,21,No
1903,2024-04-12,7,38,3,Yes
306,2024-02-20,2,14,7,Yes
4597,2024-07-12,6,1,10,No
1418,2024-09-10,6,11,2,Yes
4691,2024-12-18,6,5,18,No
4940,2024-10-12,8,2,9,Yes
2477,2024-09-03,4,33,23,Yes
4408,2024-02-25,9,44,16,Yes
767,2024-10-30,1,4,11,No
4143,2024-03-23,7,42,19,No
4296,2024-07-31,5,42,11,Yes
4793,2024-02-25,9,36,9,Yes
3719,2024-07-09,1,44,18,No
1836,2024-05-24,8,58,17,No
3791,2024-10-07,1,9,2,No
1157,2024-09-03,4,30,19,No
190,2024-12-10,2,34,9,No
3879,2024-03-19,9,36,4,No
2322,2024-01-07,4,43,8,Yes
3302,2024-02-22,1,33,6,Yes
1684,2024-03-14,8,32,6,No
1237,2024-05-14,4,35,11,Yes
4525,2024-12-06,1,59,13,Yes
4311,2024-01-30,5,27,3,No
3626,2024-03-11,8,8,3,No
4721,2024-07-10,7,14,12,No
1185,2024-05-28,1,18,11,No
2745,2024-06-21,7,40,13,No
1158,2024-06-13,5,56,20,No
2892,2024-01-13,6,9,18,Yes
1987,2024-12-02,5,16,23,No
307,2024-01-30,9,31,19,Yes
3922,2024-06-24,8,52,17,Yes
2304,2024-05-31,3,24,14,Yes
472,2024-10-29,2,12,2,No
2747,2024-01-17,9,47,20,Yes
362,2024-09-16,6,36,7,Yes
1474,2025-01-16,8,21,14,No
534,2025-01-03,1,39,19,No
3670,2024-01-19,7,10,12,Yes
3235,2024-12-06,5,11,23,Yes
4630,2024-10-15,8,50,16,No
627,2024-10-27,3,17,21,Yes
1164,2024-10-08,1,17,2,No
235,2024-04-16,6,4,16,No
158,2024-10-17,4,49,8,No
594,2024-09-10,1,47,1,Yes
2904,2024-07-24,8,49,19,No
1645,2024-11-19,3,12,12,No
1805,2024-08-22,5,56,15,Yes
2275,2024-05-01,1,40,19,Yes
693,2024-09-23,9,3,24,No
4247,2024-09-18,7,54,13,Yes
1101,2024-09-01,4,30,23,No
2120,2024-03-10,5,16,1,Yes
1477,2024-06-07,6,10,7,Yes
3448,2024-07-12,5,51,20,Yes
1897,2024-02-19,2,53,18,No
3755,2024-07-19,9,44,23,No
221,2024-04-19,1,47,22,No
204,2024-01-07,7,47,22,No
923,2024-04-13,9,8,4,Yes
316,2025-01-30,2,51,21,No
10,2024-05-24,4,20,2,No
555,2024-05-07,2,22,17,No
2238,2024-09-26,8,54,6,Yes
4957,2024-04-22,9,42,6,No
3171,2025-01-30,6,20,22,No
1946,2024-12-09,8,40,12,Yes
2313,2024-01-31,4,48,23,No
993,2024-01-15,1,1,21,Yes
1411,2024-01-16,9,57,16,No
1387,2024-10-24,5,10,1,No
1811,2024-02-10,7,59,8,No
1239,2024-05-29,3,3,16,Yes
2478,2024-04-24,7,38,21,Yes
4548,2024-06-09,7,39,15,Yes
776,2024-03-21,9,21,9,No
1085,2024-11-10,7,33,22,No
4612,2024-06-06,8,27,12,Yes
2683,2024-11-12,7,27,17,No
3844,2024-04-25,7,33,19,Yes
2604,2024-01-10,4,45,12,No
52,2024-09-08,9,23,10,Yes
1593,2024-12-20,3,32,21,No
1921,2024-12-31,7,40,17,No
506,2024-05-22,8,23,6,No
4440,2024-02-24,4,49,24,No
2456,2024-08-12,6,29,24,Yes
4198,2024-10-17,4,8,3,No
1144,2024-10-16,3,10,15,Yes
3498,2024-11-25,8,43,15,No
324,2024-07-30,4,38,10,No
2094,2024-06-09,7,39,3,No
677,2024-05-18,6,25,18,No
652,2024-07-30,7,10,23,Yes
691,2025-01-21,6,56,17,No
1876,2024-07-17,8,40,2,No
434,2024-03-19,7,12,22,Yes
1281,2024-09-19,9,59,18,No
4966,2024-11-13,1,17,14,No
3687,2024-09-11,1,37,8,Yes
1578,2024-12-20,8,28,7,Yes
1255,2024-04-09,4,20,5,No
3109,2024-07-02,4,1,4,Yes
3054,2024-02-21,4,58,22,Yes
2537,2024-09-24,9,23,8,Yes
3230,2024-11-06,5,7,4,Yes
536,2024-07-12,1,35,7,No
2150,2024-03-21,3,52,21,No
867,2024-03-15,5,53,9,Yes
25,2024-06-21,5,58,10,Yes
2264,2024-03-20,2,6,18,No
3328,2024-08-19,9,39,16,No
4050,2024-06-16,7,13,13,Yes
1885,2024-11-19,6,24,16,No
24,2024-07-25,2,44,3,No
1617,2024-01-29,3,26,17,No
4184,2024-01-03,6,44,8,No
2660,2024-03-25,7,17,17,Yes
4411,2024-03-06,7,1,12,No
2266,2024-05-07,6,42,8,Yes
1143,2024-01-20,1,55,22,No
4004,2024-03-07,8,57,3,No
4008,2024-04-24,5,28,8,No
2697,2024-05-26,3,10,17,Yes
1833,2024-01-20,1,6,22,No
2884,2024-07-09,1,12,17,No
43,2024-07-14,5,34,6,No
4116,2025-01-15,1,17,21,No
2894,2024-08-27,4,3,19,No
1895,2024-08-19,1,52,21,No
4705,2024-02-22,7,10,13,Yes
3785,2024-04-04,9,59,5,No
2391,2024-07-03,3,5,3,No
3097,2024-02-10,2,31,6,No
1399,2024-12-03,9,57,18,Yes
4965,2024-07-07,7,23,1,Yes
4627,2024-09-22,3,26,12,No
1570,2024-10-15,3,19,6,Yes
1600,2025-01-12,5,11,2,Yes
4092,2024-01-23,8,6,9,No
4067,2024-05-14,7,14,23,No
108,2024-02-22,8,7,12,No
2205,2024-09-21,8,40,2,Yes
1492,2024-11-18,2,49,11,No
1823,2024-03-25,7,41,15,Yes
2400,2025-01-30,3,37,8,Yes
738,2024-09-16,2,42,5,Yes
530,2024-01-07,8,2,19,Yes
633,2024-06-21,6,41,12,Yes
702,2024-02-05,4,19,9,Yes
4615,2024-07-30,1,3,4,No
4782,2024-07-25,8,22,23,No
2857,2024-08-08,2,19,7,Yes
1586,2024-01-23,5,38,1,No
1912,2024-12-29,9,59,1,No
3999,2024-10-04,2,50,24,No
1736,2024-02-28,3,49,16,Yes
6,2024-04-02,2,48,1,No
3225,2024-04-21,8,31,9,No
1161,2024-10-23,3,5,16,Yes
3837,2024-03-06,5,28,12,No
1919,2024-09-06,2,37,20,No
4746,2024-09-26,8,22,6,Yes
1779,2024-10-10,5,55,10,No
1012,2024-05-30,1,27,7,Yes
1076,2025-01-29,2,43,16,Yes
4668,2024-05-21,7,34,1,No
1509,2024-09-05,5,2,11,No
4392,2024-11-21,4,38,6,No
4700,2024-11-10,1,21,2,No
990,2024-01-18,8,36,22,Yes
4361,2024-10-25,6,7,4,No
3647,2024-10-12,4,28,6,Yes
3220,2024-07-14,8,45,17,No
807,2024-04-09,5,6,24,No
3184,2024-08-01,8,2,24,No
2203,2024-02-12,6,54,11,No
1819,2024-06-16,3,53,3,Yes
2718,2024-03-12,3,24,1,Yes
4340,2024-08-30,2,55,24,No
3283,2024-07-19,4,46,1,Yes
2485,2024-11-09,2,48,4,No
407,2024-06-14,5,31,20,Yes
3649,2024-10-09,8,7,1,No
1933,2024-05-24,3,13,22,No
4003,2024-06-04,4,20,16,Yes
1613,2024-06-04,4,32,4,Yes
4901,2024-03-20,9,2,21,No
3289,2024-01-08,3,22,10,Yes
3932,2024-03-15,4,58,6,No
3327,2024-03-22,8,27,4,Yes
2446,2024-05-12,9,51,21,No
484,2024-12-21,2,29,12,No
1586,2024-10-11,7,29,11,No
3473,2024-03-17,2,26,14,No
1356,2024-05-08,6,37,19,Yes
3328,2024-10-01,1,45,20,No
1215,2024-10-05,1,26,8,No
1942,2024-07-20,6,25,14,No
3027,2024-04-07,5,41,16,No
2822,2025-01-05,1,45,8,No
3941,2024-02-06,6,28,6,No
1914,2024-05-05,3,29,20,Yes
3434,2024-08-24,9,7,5,No
4559,2024-04-30,1,9,17,No
3405,2024-08-24,7,31,20,Yes
1868,2024-02-09,1,9,6,Yes
525,2024-06-02,8,40,19,No
2306,2024-07-06,8,7,6,No
4437,2024-01-22,5,52,16,Yes
1747,2024-04-25,1,36,4,Yes
4738,2024-02-07,2,32,21,No
267,2024-02-26,6,18,21,Yes
4599,2024-09-29,5,26,21,No
427,2024-01-17,7,14,21,No
4968,2024-12-22,9,53,22,Yes
1403,2024-03-19,8,39,19,No
4720,2024-07-13,2,4,2,Yes
970,2024-12-13,6,9,8,No
179,2024-07-13,5,16,24,Yes
344,2024-11-19,8,49,8,No
3985,2024-10-27,6,55,9,No
4967,2024-03-03,9,44,3,No
3017,2024-05-14,2,26,1,Yes
2488,2024-03-03,1,29,20,No
3742,2024-11-05,5,8,7,No
245,2025-01-25,5,58,7,No
3585,2024-05-07,4,8,2,Yes
4192,2024-12-08,5,5,9,No
1705,2024-10-20,6,38,20,No
406,2024-07-28,1,4,20,Yes
565,2024-01-04,4,57,5,No
3160,2024-07-15,9,56,14,Yes
4009,2024-02-13,1,43,13,No
4581,2024-01-13,2,4,20,No
39,2024-05-15,8,28,6,Yes
3112,2024-08-20,7,44,22,Yes
1464,2024-02-17,1,24,7,No
2168,2024-09-13,2,40,14,No
2800,2024-10-17,4,50,10,No
4075,2025-01-16,2,5,17,Yes
3297,2024-03-04,7,51,7,No
2336,2024-02-22,5,41,19,No
4686,2024-10-24,7,44,10,No
4080,2024-11-11,6,47,4,Yes
2107,2024-03-05,5,11,4,No
2428,2025-01-10,6,38,23,Yes
1077,2024-06-10,8,40,4,No
1108,2024-07-12,5,48,20,No
2808,2024-12-02,1,29,19,Yes
3449,2024-12-12,3,21,15,No
889,2024-11-02,3,50,8,No
1106,2024-03-14,2,26,17,Yes
3715,2024-06-04,3,16,24,Yes
1832,2025-01-06,7,19,10,No
4788,2024-09-05,5,2,19,No
4801,2024-07-28,6,12,24,Yes
1817,2024-10-13,9,21,4,No
1529,2024-10-09,3,6,17,Yes
1361,2024-12-08,9,32,1,Yes
3565,2024-04-18,3,38,22,No
103,2024-05-28,2,3,11,Yes
4641,2024-02-02,3,42,13,Yes
600,2024-01-24,3,50,23,No
3540,2024-04-22,2,58,2,Yes
701,2024-05-14,2,4,19,No
3758,2024-02-10,1,3,4,Yes
1345,2024-05-23,3,23,19,Yes
1974,2024-02-17,7,8,23,Yes
3442,2024-04-11,1,36,14,No
1174,2025-01-21,1,26,6,Yes
2584,2024-02-05,2,36,11,No
4121,2024-09-21,5,6,13,No
779,2024-02-23,7,16,23,No
2867,2024-02-26,9,30,20,No
2029,2024-10-14,3,29,16,No
1058,2024-11-20,4,15,16,No
2530,2024-02-23,1,40,6,No
1018,2024-06-08,2,20,4,No
3950,2024-01-05,2,54,13,No
2884,2024-06-24,5,14,22,No
4149,2024-02-13,1,33,9,Yes
1826,2024-12-23,8,37,16,Yes
2007,2024-12-26,4,57,6,No
2130,2024-04-28,4,52,16,Yes
3289,2024-03-21,5,22,16,No
4273,2024-06-10,4,4,9,Yes
3568,2024-11-21,6,11,12,Yes
2056,2024-02-29,4,24,21,Yes
1826,2024-08-15,2,10,1,Yes
2794,2024-10-27,5,4,17,No
787,2024-12-08,1,23,22,Yes
2695,2024-01-02,4,40,4,No
4777,2024-06-07,4,28,2,No
142,2024-06-08,6,50,10,No
4202,2024-08-18,5,50,3,No
2555,2024-01-20,3,25,1,No
4420,2024-09-14,5,14,1,No
2403,2024-07-03,2,20,19,Yes
3750,2024-07-31,1,34,5,No
189,2024-01-01,1,13,17,Yes
4884,2024-10-20,8,21,11,No
1581,2025-01-16,1,38,4,Yes
3494,2024-05-20,7,47,7,No
2269,2024-01-25,5,9,14,Yes
312,2024-07-16,1,20,14,No
1945,2024-08-20,3,34,20,Yes
1381,2024-02-21,9,3,7,No
1540,2024-05-31,9,35,8,Yes
4672,2024-12-04,1,52,6,Yes
2039,2024-09-14,8,56,3,No
3724,2024-08-22,1,2,11,Yes
4812,2024-09-26,2,16,17,No
390,2024-04-18,7,42,10,No
3435,2024-02-05,3,51,10,Yes
4313,2024-01-12,3,29,24,Yes
1561,2024-04-11,2,7,14,No
4805,2024-02-23,4,31,15,Yes
1838,2024-05-14,2,39,12,Yes
578,2024-06-30,3,19,17,Yes
2463,2025-01-25,7,19,20,Yes
3075,2024-07-18,3,56,13,No
2160,2024-05-19,3,30,19,Yes
3117,2024-06-10,9,17,6,No
2593,2024-08-30,7,18,24,No
4974,2024-03-05,7,17,2,Yes
3572,2025-01-26,8,31,7,No
146,2024-03-19,4,16,17,No
1496,2024-08-22,5,4,12,No
2825,2024-06-16,4,30,21,Yes
1346,2024-12-04,4,36,6,No
2298,2024-08-29,7,26,11,No
3082,2024-11-03,1,46,15,No
637,2024-05-17,2,10,14,No
4750,2024-01-28,1,26,23,Yes
442,2024-08-20,3,32,24,No
902,2025-01-06,3,35,2,No
617,2024-05-17,3,47,3,Yes
2929,2024-01-14,9,27,21,Yes
969,2024-04-23,3,50,23,No
1679,2024-04-19,4,54,6,No
762,2024-08-18,1,41,12,Yes
63,2024-05-15,9,57,14,No
2919,2024-05-12,2,54,4,No
3484,2024-11-12,1,12,7,No
889,2024-11-17,8,38,6,No
632,2024-10-24,2,4,6,No
2834,2024-11-10,8,43,11,No
2189,2024-09-25,6,10,14,No
4365,2024-08-18,3,18,19,No
2966,2024-01-02,1,19,20,No
1548,2024-11-05,5,45,16,Yes
2811,2024-04-27,2,31,22,No
681,2024-05-06,5,47,2,No
3832,2024-11-07,4,49,15,Yes
3620,2024-02-24,5,10,13,Yes
3644,2024-12-28,4,38,17,Yes
4072,2024-04-27,7,57,18,No
2498,2024-07-20,3,12,24,No
4828,2025-01-17,1,3,9,Yes
4323,2024-11-10,2,2,3,No
1245,2024-05-27,1,17,12,No
2145,2024-02-15,3,38,4,No
4432,2024-04-05,3,52,9,No
2942,2024-11-18,1,12,7,No
2900,2024-07-26,1,15,15,Yes
2131,2024-06-02,2,11,14,No
1151,2024-02-06,7,9,14,Yes
2637,2024-01-03,6,6,1,No
2592,2024-07-16,2,40,8,No
1873,2024-01-09,2,14,9,No
2266,2024-04-24,1,37,10,No
1207,2024-03-26,9,42,5,No
4245,2024-08-06,9,24,1,No
4910,2025-01-23,1,14,17,No
2833,2024-08-18,1,35,13,Yes
543,2024-06-28,4,27,19,No
1513,2024-04-29,2,26,5,Yes
2248,2024-02-03,7,46,2,No
932,2024-12-25,2,37,23,No
3517,2024-11-26,5,41,8,No
3707,2024-10-11,4,2,21,No
1373,2024-01-24,2,40,3,No
3915,2024-06-27,6,42,14,Yes
3166,2024-09-07,8,4,13,Yes
4902,2024-07-22,8,34,24,No
2896,2024-05-03,5,11,11,Yes
969,2024-02-14,3,15,17,Yes
3620,2024-12-16,3,52,14,Yes
795,2024-01-19,1,51,14,No
448,2024-02-11,1,55,9,Yes
4819,2024-01-14,7,39,23,No
2287,2024-09-30,4,4,19,No
1073,2024-11-04,1,50,15,No
2257,2024-07-26,6,25,5,No
2884,2024-11-25,6,48,7,Yes
2084,2024-06-19,7,57,2,No
2198,2024-05-31,9,40,16,No
4771,2024-07-27,1,27,2,No
1754,2024-02-18,6,40,9,No
4391,2024-03-25,4,34,4,No
294,2024-06-13,8,30,20,No
3779,2024-04-25,9,10,2,Yes
4410,2024-07-21,7,25,22,No
1882,2024-01-20,1,6,24,Yes
869,2024-07-17,6,41,22,No
3615,2024-05-27,7,50,15,No
4156,2024-01-11,3,7,17,No
2080,2024-02-01,4,58,2,No
490,2024-05-23,1,19,11,No
3117,2024-08-13,8,43,24,Yes
3948,2024-05-28,1,37,24,No
4425,2024-09-23,1,3,17,No
3482,2024-07-23,6,53,18,Yes
549,2024-08-25,9,56,17,Yes
1514,2024-11-02,4,40,4,Yes
763,2024-06-02,4,44,23,No
3770,2024-10-14,2,34,24,No
3519,2024-07-12,9,26,15,Yes
812,2025-01-31,6,1,3,Yes
3670,2024-11-21,2,22,20,No
3235,2024-11-21,9,27,4,Yes
1151,2024-10-25,7,6,9,No
637,2024-09-22,9,17,24,Yes
4585,2024-10-29,9,37,22,No
4935,2024-05-19,1,49,16,Yes
175,2024-09-17,2,47,24,No
4240,2024-05-09,2,39,14,Yes
3892,2024-09-21,4,30,18,No
4684,2024-02-05,1,36,10,Yes
9,2024-08-27,2,22,9,No
2651,2024-01-07,2,22,4,No
4853,2024-11-28,1,2,13,No
280,2024-05-06,2,53,1,Yes
223,2024-07-26,8,4,15,Yes
3212,2024-02-24,6,34,5,No
1766,2024-01-13,5,45,15,No
4117,2024-01-28,4,41,1,Yes
371,2024-08-21,8,49,11,No
639,2024-08-27,6,31,20,No
3424,2024-01-03,3,3,21,Yes
1574,2025-01-20,4,40,3,No
3462,2024-02-06,5,57,10,Yes
3917,2024-08-15,2,12,3,No
1479,2024-09-05,9,45,24,No
824,2025-01-26,7,14,13,No
3844,2024-04-23,9,46,1,Yes
599,2024-11-30,4,10,22,Yes
822,2024-09-03,4,41,2,No
4989,2024-06-09,6,21,13,No
4104,2024-10-20,9,56,18,No
2548,2024-06-07,7,22,11,No
1244,2024-10-31,5,27,21,Yes
4132,2024-04-11,5,12,21,No
2809,2024-04-13,2,38,3,Yes
4149,2024-01-19,8,49,11,No
3271,2024-08-15,4,31,17,No
1002,2024-09-27,3,6,3,Yes
2038,2024-02-22,5,1,6,Yes
4858,2024-02-26,1,43,20,Yes
4722,2024-02-07,1,1,17,Yes
3098,2024-08-14,8,8,18,No
424,2024-02-24,9,16,15,Yes
2901,2024-10-20,1,4,4,Yes
4658,2024-12-26,9,47,19,Yes
2473,2025-01-23,8,13,15,No
4184,2024-08-04,6,27,9,Yes
3518,2024-01-27,2,41,3,No
1550,2024-01-19,1,26,23,No
1999,2024-05-22,7,1,5,No
4053,2024-11-11,9,17,7,No
497,2024-01-13,3,42,18,Yes
3158,2024-03-28,1,4,23,Yes
1612,2024-02-17,5,5,12,No
3489,2024-05-17,7,32,9,No
1553,2024-05-26,9,17,20,No
1290,2024-05-30,2,27,13,No
1407,2024-02-14,7,31,24,Yes
1860,2024-07-01,4,22,4,No
2539,2024-06-20,8,18,18,Yes
4515,2024-10-30,9,30,14,Yes
4839,2024-08-04,7,43,6,No
2132,2024-08-17,2,31,1,No
4283,2024-05-23,5,33,9,Yes
1906,2024-04-26,9,35,5,No
1517,2024-04-28,4,45,2,Yes
1386,2024-04-29,5,44,14,Yes
4258,2024-12-06,8,49,17,Yes
1460,2024-12-04,3,21,8,Yes
985,2024-09-22,5,54,17,No
1305,2024-06-04,3,6,19,No
612,2024-12-05,1,51,16,No
3177,2024-10-16,5,47,21,Yes
4113,2025-01-08,3,57,20,No
1361,2024-07-27,6,25,20,No
4206,2024-12-25,9,53,16,Yes
1367,2024-06-24,8,42,18,No
3801,2024-07-10,9,52,18,No
2665,2024-03-23,7,49,24,Yes
4001,2024-04-27,6,45,14,No
1224,2024-10-17,5,21,20,No
4671,2024-02-25,4,21,20,No
961,2024-09-02,7,35,20,No
1601,2024-12-14,6,56,3,Yes
1240,2024-01-14,6,32,8,No
3409,2024-04-18,9,15,2,No
4257,2025-01-07,3,4,21,Yes
3503,2024-04-29,9,1,16,No
3901,2024-07-03,3,58,24,No
4763,2024-05-04,7,19,20,Yes
4178,2024-01-01,9,4,3,Yes
2517,2025-01-22,9,34,20,No
890,2024-01-29,1,4,16,No
1036,2024-06-08,8,5,21,No
382,2024-11-12,9,12,8,Yes
2822,2024-12-21,3,8,10,No
638,2024-10-26,7,36,24,No
4595,2024-10-25,4,3,23,No
3987,2024-04-02,1,51,15,No
2100,2024-07-15,1,20,20,Yes
4832,2024-11-16,4,42,7,Yes
3831,2024-07-25,7,3,10,No
1621,2024-06-27,2,3,12,Yes
2225,2024-04-19,1,50,17,No
2457,2025-01-03,2,21,13,Yes
2984,2024-07-16,2,18,12,Yes
3936,2025-01-02,8,31,23,Yes
1277,2024-02-27,8,37,13,Yes
3520,2025-01-13,9,48,15,No
893,2024-11-10,3,13,22,No
3142,2024-09-01,3,52,17,Yes
2776,2024-11-27,3,25,4,No
3605,2024-08-21,5,57,20,Yes
453,2024-04-30,2,47,20,No
1972,2024-02-23,5,20,7,No
3435,2024-08-20,6,53,19,No
4972,2024-04-20,3,16,17,No
1434,2024-10-17,9,5,5,No
2981,2024-06-04,8,54,17,No
956,2025-01-25,4,59,7,Yes
1211,2024-08-06,6,9,18,Yes
2564,2024-12-21,9,21,4,No
288,2024-03-20,8,28,4,Yes
47,2024-05-19,3,6,12,Yes
482,2024-09-16,4,29,19,No
3767,2024-09-10,6,58,14,Yes
788,2025-01-02,2,8,18,No
49,2025-01-05,3,38,17,No
3215,2024-03-18,4,39,1,No
4860,2024-04-10,8,24,24,No
1318,2025-01-17,4,46,24,No
691,2024-10-13,7,20,4,No
4267,2024-06-27,3,27,12,No
2159,2024-09-26,3,26,24,Yes
1469,2024-07-11,5,55,22,No
2517,2024-06-17,8,23,17,Yes
1710,2024-12-04,7,41,12,No
822,2024-05-04,7,55,10,No
4965,2024-11-14,1,10,1,No
3480,2024-03-19,9,30,5,Yes
667,2024-09-02,1,18,8,No
178,2024-12-03,3,11,23,No
1555,2024-07-17,7,20,7,No
3031,2024-10-10,4,57,15,No
1907,2024-08-20,7,14,9,Yes
3819,2024-12-05,6,13,23,No
4547,2024-02-17,7,44,14,No
3105,2024-05-13,1,54,3,No
984,2024-12-25,4,36,6,No
3222,2024-02-10,5,24,15,Yes
4188,2024-05-03,4,9,3,No
471,2024-05-20,2,31,9,No
904,2024-10-22,4,2,15,No
2731,2024-04-12,8,8,1,No
1419,2024-03-04,5,19,23,No
4945,2025-01-26,6,23,2,Yes
1278,2024-09-03,7,15,4,No
2286,2024-11-07,2,23,14,No
1980,2024-07-18,5,39,21,No
2641,2024-08-13,8,18,16,No
2392,2024-01-18,9,36,20,Yes
3844,2024-08-08,2,18,20,No
4792,2024-01-04,3,45,16,Yes
4026,2024-07-06,2,30,4,Yes
4592,2024-07-05,3,36,5,Yes
3974,2024-10-13,9,6,15,No
3752,2024-11-24,4,46,10,No
4028,2024-02-21,5,54,2,No
1976,2024-09-01,1,9,3,No
2710,2024-04-27,8,1,5,Yes
4076,2024-06-12,4,8,7,No
195,2024-08-24,4,47,14,No
2509,2024-11-07,7,46,23,No
1316,2024-03-05,9,58,24,No
3802,2024-03-01,1,51,15,Yes
1463,2025-01-02,3,36,6,No
1303,2024-03-03,4,18,19,Yes
484,2024-07-17,1,34,19,Yes
2154,2024-03-10,5,25,14,Yes
2197,2024-06-22,4,25,14,No
878,2024-01-13,8,39,18,No
3894,2024-07-20,9,27,1,No
3711,2024-12-23,6,9,12,Yes
3982,2024-10-27,3,53,8,Yes
2101,2024-10-12,5,58,20,Yes
1456,2024-11-09,7,9,23,No
1984,2024-04-06,9,35,1,Yes
1449,2024-07-08,3,7,2,No
3266,2025-01-19,5,16,6,Yes
6,2024-05-14,2,56,24,Yes
4302,2024-07-20,4,34,9,No
530,2024-06-03,7,54,1,Yes
3040,2024-07-24,5,19,13,No
4738,2024-04-16,8,3,4,No
3726,2024-10-30,3,22,8,No
966,2024-09-30,8,9,3,No
1929,2024-12-21,9,44,21,Yes
3518,2024-11-01,3,10,19,No
2692,2024-08-17,9,10,14,No
818,2024-01-08,6,2,9,No
102,2024-02-22,3,5,20,Yes
232,2024-05-31,3,41,1,No
2614,2024-12-05,4,51,10,Yes
716,2024-11-17,9,59,17,Yes
3229,2024-11-26,9,43,23,Yes
4472,2024-06-16,4,12,3,No
4527,2024-07-03,4,29,6,No
3787,2024-09-05,5,49,15,No
2741,2024-01-03,1,18,13,Yes
4373,2024-04-28,6,42,18,No
3403,2024-11-02,3,26,8,Yes
2419,2025-01-02,7,48,15,No
309,2024-05-01,2,45,24,No
292,2024-05-08,7,54,10,Yes
2647,2024-12-04,3,45,22,No
206,2024-03-08,9,38,13,No
2607,2024-08-31,1,42,16,Yes
543,2024-12-22,7,19,21,No
725,2024-02-20,5,21,4,Yes
3829,2025-01-05,6,39,11,No
4173,2024-10-03,8,21,1,No
3206,2024-07-21,4,17,12,Yes
3652,2024-07-22,6,1,17,No
869,2025-01-17,7,23,19,Yes
4274,2024-10-25,5,23,9,Yes
1390,2024-03-18,7,9,2,No
203,2024-07-04,7,25,8,Yes
4039,2024-06-13,4,40,17,No
3209,2024-03-05,5,51,9,No
3,2024-11-05,6,51,24,No
4817,2024-11-28,2,54,4,No
2237,2024-01-29,7,25,20,No
4818,2024-06-17,7,26,6,Yes
3081,2024-01-13,7,57,9,Yes
2679,2024-11-14,9,52,13,No
3493,2024-03-29,4,14,10,Yes
3484,2024-07-18,4,37,11,No
2243,2024-01-28,6,20,6,Yes
3173,2024-01-04,5,35,14,Yes
2201,2024-01-25,1,37,1,No
638,2024-12-07,8,8,17,No
745,2024-02-11,7,31,13,Yes
971,2024-02-26,8,50,17,No
4569,2024-12-07,4,49,14,No
849,2025-01-29,3,43,8,Yes
161,2025-01-18,6,38,18,No
524,2024-01-29,5,34,21,No
1762,2024-02-12,9,13,23,Yes
3871,2024-06-16,7,47,22,Yes
3103,2024-08-05,3,26,8,No
974,2024-02-07,3,11,4,Yes
3977,2024-07-31,3,14,12,No
320,2024-02-06,1,46,20,No
1427,2024-10-26,4,19,7,Yes
558,2024-08-23,5,54,15,No
2154,2024-04-08,2,16,8,No
1069,2024-10-14,8,54,7,No
2606,2024-05-12,9,47,12,No
2592,2024-05-09,7,24,6,No
1678,2025-01-29,8,16,15,No
2134,2025-01-17,3,46,9,No
2950,2024-11-15,7,7,8,No
4401,2024-11-16,3,22,10,Yes
3801,2024-09-20,1,59,3,No
4128,2024-02-11,4,48,21,Yes
4771,2024-03-12,7,8,23,Yes
980,2024-02-14,6,40,18,Yes
2495,2024-04-28,6,19,6,Yes
1184,2024-01-01,3,56,16,No
4285,2024-01-25,2,48,7,No
2218,2024-12-10,2,14,8,No
4311,2025-01-13,2,27,2,No
4671,2024-10-11,5,11,13,No
735,2024-09-19,7,49,11,Yes
3951,2024-03-12,5,44,8,No
3389,2024-12-01,1,13,24,No
4138,2025-01-26,9,10,23,No
1216,2024-04-08,3,29,2,No
3057,2024-09-28,2,25,17,No
4060,2024-06-04,5,23,7,Yes
596,2024-12-06,3,44,11,No
3601,2024-07-11,5,54,17,No
4061,2024-10-20,2,28,9,No
1991,2024-11-15,5,8,23,Yes
2480,2024-01-27,2,6,12,Yes
4315,2025-01-26,7,29,21,No
2096,2024-12-14,2,20,15,No
327,2024-12-17,1,39,11,No
4425,2024-12-28,1,39,18,No
3002,2024-10-14,7,15,11,No
126,2024-07-26,2,12,1,Yes
2072,2024-09-01,9,21,23,No
4661,2024-03-06,7,37,14,No
731,2024-04-10,4,33,14,No
3517,2024-12-11,2,37,5,No
3170,2024-04-21,7,52,3,Yes
4999,2024-02-07,8,2,18,Yes
1389,2024-02-01,7,37,22,No
1978,2024-05-15,4,38,22,No
4196,2024-12-06,6,49,14,No
3082,2024-05-14,1,42,18,No
4607,2024-09-27,2,49,16,No
3437,2024-03-04,8,51,10,Yes
3852,2024-09-09,7,34,5,Yes
4643,2024-12-12,7,45,11,No
2199,2024-08-26,2,46,13,No
2892,2024-11-17,6,50,9,Yes
2024,2024-05-05,3,54,6,No
3050,2024-11-17,3,30,13,No
1039,2024-07-30,8,55,21,Yes
2399,2024-07-04,9,39,10,No
4898,2024-06-11,9,15,5,No
1420,2025-01-06,7,27,1,Yes
3190,2024-08-02,6,5,23,Yes
1778,2024-02-05,5,38,6,Yes
3332,2024-11-06,2,19,1,No
3655,2024-03-11,8,23,7,No
3122,2024-03-05,3,33,6,Yes
4939,2024-02-06,4,8,15,No
4601,2025-01-30,2,13,10,No
234,2024-09-28,6,59,12,No
3736,2024-10-07,9,53,1,No
3018,2024-03-10,6,14,7,No
752,2024-03-12,9,33,15,Yes
3739,2024-01-11,2,56,12,Yes
1230,2024-07-29,1,26,17,No
3444,2024-04-19,1,5,2,No
1902,2025-01-19,1,20,4,Yes
1633,2024-02-11,7,27,16,Yes
3559,2024-09-26,7,33,18,No
3056,2025-01-07,7,47,20,No
3026,2024-07-22,8,16,12,Yes
4335,2024-05-27,1,31,19,Yes
3341,2024-03-03,7,55,14,No
2462,2024-09-03,3,12,20,No
1302,2024-07-15,5,34,22,No
32,2024-02-02,9,51,19,No
125,2024-11-22,2,10,6,Yes
3204,2024-11-18,3,47,24,Yes
938,2024-11-17,8,2,5,No
4862,2025-01-02,3,46,5,No
3751,2024-04-24,3,20,7,No
1386,2024-01-15,2,40,11,No
2790,2024-03-20,7,51,22,Yes
4653,2024-04-07,1,36,4,No
1607,2024-07-30,2,16,21,Yes
1308,2024-05-14,5,15,22,Yes
3683,2025-01-26,6,47,14,Yes
4634,2024-02-29,2,58,8,Yes
2163,2024-12-19,6,39,17,No
185,2024-11-17,4,32,18,Yes
4360,2024-08-11,5,53,3,Yes
4518,2024-11-07,2,9,20,No
3667,2024-05-02,1,4,13,Yes
951,2024-08-04,1,48,18,No
1461,2024-09-16,8,44,18,Yes
377,2024-04-06,3,29,5,No
4736,2024-06-11,5,38,19,No
4033,2024-11-16,8,55,16,No
4715,2024-11-08,7,55,23,No
4196,2024-10-29,7,18,10,No
1137,2024-02-03,8,51,22,No
4422,2024-07-30,2,26,2,Yes
1249,2024-08-24,2,27,5,Yes
3231,2024-08-10,1,42,20,Yes
2487,2024-05-20,3,30,14,Yes
3313,2024-01-08,7,56,2,Yes
2217,2024-05-04,6,42,18,No
3957,2024-03-16,2,27,9,No
3841,2024-04-25,9,34,8,No
4630,2024-10-22,2,13,18,No
102,2024-12-07,6,50,8,Yes
779,2024-02-04,9,42,6,Yes
3530,2024-12-31,1,53,7,No
4894,2024-10-19,3,43,2,Yes
4146,2025-01-10,8,44,19,Yes
1680,2024-04-26,5,56,1,No
1158,2024-12-03,5,29,20,Yes
2379,2024-04-01,3,32,5,Yes
2144,2024-06-24,1,42,22,Yes
3581,2024-03-12,6,1,23,No
4932,2024-09-30,9,36,4,No
3244,2024-03-17,4,21,18,No
4122,2024-11-21,9,37,22,No
4230,2024-07-24,5,56,18,No
2579,2024-08-20,7,31,18,No
4970,2024-02-22,5,44,6,No
3482,2024-03-30,6,55,17,Yes
688,2024-07-13,5,20,2,Yes
1365,2024-11-04,9,33,18,No
4401,2024-05-03,7,18,10,Yes
2016,2024-08-24,6,37,20,No
1344,2024-10-25,7,14,10,No
569,2024-05-13,4,24,19,No
1071,2024-11-05,8,58,12,No
1756,2024-11-15,5,30,23,No
4599,2024-10-17,6,23,12,Yes
3095,2024-06-13,6,47,19,Yes
2719,2024-03-25,4,36,6,No
1630,2024-04-05,7,19,5,No
2586,2024-06-09,8,44,14,No
2491,2024-04-04,1,1,6,Yes
2465,2024-11-10,4,16,16,No
3299,2024-07-31,2,45,3,Yes
3803,2025-01-24,2,6,1,Yes
608,2024-05-11,1,24,12,Yes
1801,2024-05-12,1,30,19,No
2144,2024-06-03,5,10,6,Yes
2696,2024-12-16,2,38,12,Yes
3605,2024-09-23,5,23,1,No
858,2024-05-22,6,12,15,No
2161,2025-01-24,1,6,9,Yes
1466,2024-05-07,9,56,10,No
223,2025-01-17,8,58,13,No
4091,2024-11-18,2,27,20,No
2487,2024-08-07,3,23,7,No
2998,2025-01-27,8,53,7,Yes
1914,2024-12-26,4,31,11,No
2819,2025-01-08,2,42,10,Yes
3729,2024-10-04,2,39,3,No
4385,2024-08-10,1,20,6,No
3021,2024-09-16,1,39,14,Yes
4491,2024-02-27,8,1,23,No
338,2024-02-29,4,24,9,Yes
934,2024-02-08,3,42,1,Yes
2139,2024-06-07,7,47,23,Yes
604,2024-04-23,9,30,9,Yes
4506,2024-04-23,7,5,4,Yes
4745,2024-01-24,8,51,18,No
593,2024-08-06,2,13,23,Yes
237,2024-05-11,6,39,20,Yes
1181,2024-01-13,5,20,9,Yes
2943,2024-11-05,7,45,19,No
2389,2024-12-28,8,31,18,No
4427,2024-09-23,9,38,21,No
1501,2024-01-13,1,33,18,Yes
1823,2024-06-13,7,37,3,No
4194,2024-10-14,1,2,23,No
1965,2024-09-12,5,47,6,No
3441,2024-09-02,4,42,12,No
3884,2024-02-13,9,3,6,Yes
3844,2024-06-19,2,13,5,Yes
658,2024-06-11,2,49,19,No
4019,2024-12-25,5,6,19,Yes
2201,2024-06-27,4,30,7,Yes
2416,2024-10-31,7,35,6,Yes
1438,2024-12-11,5,36,4,No
4458,2024-12-03,5,6,7,No
4708,2024-12-21,2,44,22,Yes
4190,2024-01-29,2,43,12,No
3955,2025-01-29,2,5,5,No
3719,2024-11-23,4,29,5,No
2888,2024-07-17,9,28,18,No
1016,2024-12-23,3,44,18,No
2619,2024-03-26,8,33,6,No
1432,2024-09-03,4,28,12,No
589,2024-09-28,8,37,10,Yes
1893,2024-09-02,5,46,24,No
694,2024-11-08,2,21,22,Yes
2058,2024-01-27,6,34,10,Yes
250,2024-03-28,7,3,6,Yes
1002,2024-07-01,1,53,18,No
2679,2024-10-22,4,25,22,No
629,2024-02-20,1,50,23,No
1459,2024-12-18,2,36,2,Yes
3870,2024-03-18,7,40,15,No
3275,2024-01-09,2,22,2,Yes
3935,2024-12-31,9,28,13,Yes
1823,2025-01-08,5,39,11,Yes
957,2024-05-16,9,53,2,No
3218,2024-07-18,2,33,10,No
4485,2024-04-30,9,54,22,Yes
4124,2024-08-27,2,18,16,Yes
1673,2024-03-27,6,26,5,No
939,2024-02-29,2,45,24,No
853,2024-07-30,1,23,1,Yes
4774,2024-04-01,5,13,17,No
1559,2025-01-05,7,53,14,No
2525,2024-07-22,2,44,14,No
4380,2024-07-21,9,38,23,Yes
391,2025-01-06,1,57,17,No
2874,2024-01-12,2,1,22,No
1066,2024-04-20,5,42,18,Yes
2221,2024-03-15,1,47,24,Yes
4641,2024-04-07,6,24,9,No
2791,2024-06-14,2,44,13,No
1474,2024-09-17,9,17,22,No
1544,2024-06-01,8,23,15,No
908,2024-02-07,4,57,19,No
125,2024-10-01,5,34,3,No
4799,2024-01-04,9,41,9,Yes
3812,2024-03-30,1,2,13,No
646,2024-11-14,4,52,6,No
529,2024-06-12,1,30,4,No
742,2024-06-25,4,54,5,No
1987,2024-12-02,4,2,23,Yes
1333,2024-11-13,3,19,10,No
3983,2024-10-28,9,40,1,Yes
528,2024-10-17,7,21,2,No
1383,2024-09-07,9,39,1,No
1505,2024-08-27,4,8,24,No
2693,2025-01-29,9,22,7,No
1556,2024-04-26,2,35,6,Yes
828,2025-01-04,1,28,10,Yes
3285,2024-08-21,9,22,6,No
4040,2024-10-19,6,36,19,No
898,2024-04-10,6,59,23,Yes
391,2024-11-04,1,10,21,Yes
1075,2024-07-02,2,27,21,No
424,2024-09-07,5,59,10,No
4863,2024-10-23,6,5,22,Yes
2043,2024-06-10,4,51,2,No
2231,2025-01-25,8,28,8,No
3278,2024-06-26,7,11,16,No
3988,2024-02-04,8,26,15,Yes
978,2024-10-15,5,46,11,No
3809,2024-11-25,4,16,2,No
387,2024-03-15,8,37,8,Yes
2103,2024-05-10,9,53,22,No
1354,2025-01-03,6,10,19,No
1628,2024-08-19,4,27,20,No
3005,2024-05-17,5,10,23,Yes
2872,2024-12-15,7,37,8,No
4369,2024-02-13,1,54,12,No
2558,2024-02-07,1,11,23,No
3147,2024-02-02,7,59,16,Yes
963,2024-09-02,6,16,18,No
296,2024-12-11,1,39,10,No
1623,2024-04-20,1,47,18,Yes
847,2024-07-19,5,8,9,Yes
4293,2024-08-21,6,19,5,No
1882,2024-01-07,8,43,22,No
2,2024-04-21,9,49,5,No
1044,2024-12-29,5,16,3,Yes
4501,2024-09-27,7,25,5,No
3949,2024-08-05,4,28,19,No
2402,2024-03-16,4,32,14,Yes
1493,2024-06-30,4,3,19,No
3099,2024-07-20,4,14,3,Yes
666,2024-11-30,8,47,4,No
836,2024-08-25,7,28,17,No
2452,2024-08-08,1,25,22,No
2111,2024-02-23,7,10,16,No
846,2024-02-22,1,55,22,Yes
3500,2024-03-23,3,48,13,No
1213,2024-07-05,8,51,21,No
4189,2024-10-11,5,54,19,Yes
3830,2024-05-29,5,53,15,No
1727,2025-01-08,8,12,18,Yes
4758,2024-03-23,1,52,5,Yes
534,2024-04-15,4,56,20,No
1420,2024-04-16,8,1,18,Yes
1595,2024-01-16,4,6,23,No
4437,2024-01-08,8,28,10,No
1333,2024-10-05,6,39,1,No
2018,2024-01-22,1,26,5,Yes
3608,2024-07-04,2,5,21,No
2808,2024-07-22,4,44,21,Yes
3244,2024-05-07,8,48,9,No
4841,2024-01-17,5,32,19,Yes
1327,2025-01-15,8,26,8,No
1739,2024-09-17,2,37,4,No
3632,2024-12-24,8,31,4,No
3271,2024-03-15,7,8,3,Yes
2397,2024-10-22,6,32,11,No
2260,2024-03-26,8,43,4,No
44,2024-11-17,9,44,21,Yes
2057,2024-05-09,1,5,9,No
3696,2024-11-22,5,41,8,Yes
1063,2024-10-13,7,37,13,No
2519,2024-03-12,4,11,3,Yes
4067,2024-09-18,3,3,3,No
701,2024-08-26,9,55,16,Yes
682,2024-04-24,7,44,20,Yes
685,2024-03-28,7,15,4,No
4856,2024-02-26,3,18,8,No
1874,2024-01-21,7,25,1,No
3388,2024-08-29,7,15,9,Yes
2879,2024-12-15,1,16,19,No
4664,2025-01-01,5,38,16,No
356,2024-09-24,1,37,9,No
396,2024-09-25,8,57,13,No
3630,2024-04-13,9,43,2,Yes
1105,2024-02-12,6,46,21,No
4077,2024-03-28,2,1,9,No
3648,2024-11-21,7,59,12,Yes
4017,2024-08-13,7,13,13,No
1682,2024-04-27,2,51,24,No
2410,2025-01-01,7,35,23,Yes
3269,2024-08-06,3,42,11,No
48,2024-06-29,8,28,9,No
899,2025-01-25,5,49,4,Yes
4850,2024-05-28,1,22,24,Yes
678,2024-10-05,7,41,5,No
3340,2024-06-27,7,3,18,Yes
4669,2024-03-17,4,45,4,No
27,2024-04-04,3,23,11,No
2915,2024-01-02,5,11,3,No
1555,2024-08-29,1,35,1,Yes
3191,2024-03-09,2,58,14,Yes
2149,2024-01-04,7,15,13,No
2094,2024-02-02,4,1,13,No
4794,2024-11-11,4,31,17,No
3916,2024-08-17,8,1,22,No
4618,2024-01-12,9,19,16,No
4728,2024-10-08,9,54,8,No
2972,2024-05-31,4,37,10,No
4280,2024-03-11,3,55,18,Yes
4771,2024-10-05,6,37,1,No
1877,2024-08-28,6,13,16,Yes
3483,2024-05-09,2,35,19,Yes
1460,2024-12-10,2,35,1,Yes
2505,2024-02-05,8,47,3,Yes
2816,2024-08-11,4,29,5,No
301,2024-12-15,2,50,11,No
3333,2025-01-01,3,50,24,No
1773,2024-03-23,8,1,8,Yes
3447,2024-09-07,2,47,23,Yes
3620,2024-11-09,2,37,9,No
1752,2024-12-23,6,45,12,No
1115,2024-08-08,4,53,16,Yes
4493,2025-01-25,2,33,17,Yes
3425,2024-04-17,8,7,15,Yes
3697,2024-11-18,6,50,15,No
479,2024-07-21,6,4,10,No
481,2024-06-16,6,36,16,Yes
2289,2024-02-03,2,37,21,Yes
1838,2024-03-21,9,48,4,No
4072,2024-11-15,9,26,9,No
3723,2025-01-09,3,4,13,Yes
2095,2025-01-09,5,35,7,Yes
4349,2024-06-16,4,37,14,No
1000,2024-06-29,6,58,3,No
2446,2024-06-18,6,7,10,Yes
586,2024-02-16,2,2,22,Yes
3149,2024-12-16,7,1,6,Yes
4464,2024-12-29,1,43,22,No
1180,2024-01-10,3,41,11,Yes
1508,2024-01-10,8,7,13,No
669,2024-07-05,6,29,13,No
3565,2024-02-11,2,48,24,No
4580,2024-01-17,8,49,15,No
4618,2024-09-19,1,11,21,No
2660,2024-02-28,8,39,9,Yes
1464,2024-11-12,1,49,7,No
158,2024-06-04,7,42,8,Yes
303,2024-12-18,2,23,13,Yes
281,2024-10-02,9,16,24,Yes
185,2025-01-28,1,24,19,No
155,2024-05-11,3,31,20,No
63,2024-12-29,3,50,22,No
4758,2024-03-06,9,52,4,Yes
556,2024-03-06,1,28,8,No
3155,2024-08-07,3,44,17,Yes
3923,2024-03-29,4,50,24,No
3331,2024-04-16,3,30,11,No
31,2024-12-19,3,29,14,Yes
3932,2024-01-25,1,5,3,No
4567,2024-01-07,2,34,10,Yes
208,2024-04-17,6,57,18,No
4700,2024-08-02,7,33,2,Yes
4349,2024-01-06,2,43,19,Yes
2297,2024-08-19,8,10,4,No
2837,2024-03-09,5,32,17,No
1437,2024-03-07,5,23,4,No
1053,2024-05-03,5,30,17,Yes
4958,2024-06-13,8,40,4,Yes
4084,2024-01-20,6,24,7,Yes
3966,2024-03-19,7,27,6,No
865,2025-01-16,4,9,16,No
4065,2024-11-30,6,26,5,Yes
2176,2024-09-27,4,27,24,Yes
1581,2024-04-28,8,37,10,No
4266,2024-01-02,3,8,20,Yes
4628,2024-12-27,7,14,3,Yes
3985,2024-04-07,5,6,4,No
2723,2024-12-08,2,26,9,No
4098,2024-05-19,7,39,5,No
1449,2024-12-15,4,10,20,Yes
1800,2024-03-13,5,32,5,No
4452,2024-11-23,4,24,1,No
2848,2024-05-20,3,5,21,No
3664,2024-04-11,4,50,7,Yes
3532,2024-08-21,7,57,11,No
3800,2024-06-18,8,57,15,No
4715,2024-04-14,7,9,12,Yes
3981,2024-10-21,7,45,17,No
237,2024-02-28,1,44,1,No
2260,2024-08-10,3,20,24,No
4250,2025-01-27,7,56,10,No
4073,2024-10-20,4,12,3,Yes
4136,2024-03-13,2,42,6,Yes
3542,2024-10-13,1,15,1,No
2880,2024-01-16,5,42,24,No
686,2024-11-06,9,49,12,Yes
3944,2024-02-27,1,57,6,No
1679,2024-07-31,5,33,6,No
1349,2024-12-29,9,38,23,No
3691,2024-07-21,5,20,24,Yes
3322,2024-04-23,2,41,14,No
2814,2024-03-04,6,7,7,No
1379,2024-08-04,3,53,8,No
854,2024-08-06,7,13,9,No
3132,2024-11-09,2,22,4,Yes
4206,2024-07-16,5,46,3,No
3951,2024-10-12,6,42,1,Yes
177,2024-08-29,8,1,4,Yes
4067,2025-01-07,8,44,17,Yes
1986,2024-12-12,9,3,9,No
3889,2024-06-05,3,58,5,Yes
3836,2024-01-05,9,35,6,No
1325,2024-05-07,6,8,6,Yes
2455,2024-04-15,3,41,20,No
1068,2024-01-01,4,32,14,Yes
4426,2024-05-10,5,20,20,No
2431,2024-07-10,8,14,20,No
2169,2024-05-22,9,17,13,No
4885,2024-05-09,3,38,11,Yes
1851,2024-02-02,7,50,9,No
3795,2024-01-10,6,4,19,Yes
4781,2024-07-18,4,11,24,Yes
2057,2024-02-20,3,49,6,No
2247,2024-08-11,7,45,23,No
3324,2024-07-19,4,48,15,Yes
1266,2024-05-15,8,24,18,No
3575,2024-10-24,3,55,3,No
3530,2024-08-25,3,34,23,No
3677,2024-01-03,4,5,14,No
789,2024-01-16,9,35,11,No
1229,2024-12-17,4,8,6,No
199,2024-10-06,9,43,18,No
4169,2024-05-27,3,2,15,Yes
1208,2024-05-28,9,54,17,Yes
403,2025-01-11,6,15,13,No
1511,2024-06-18,9,43,20,No
1012,2024-10-09,2,5,20,No
3051,2024-01-15,4,25,22,Yes
3697,2024-02-21,8,59,21,No
2614,2024-06-17,7,18,5,Yes
1221,2025-01-08,2,20,6,Yes
1890,2024-12-01,2,22,21,Yes
1231,2024-02-18,9,44,2,No
2139,2024-09-07,1,36,19,No
1655,2024-07-27,7,46,7,No
330,2024-06-02,3,18,5,No
1758,2024-03-14,1,53,6,Yes
4762,2024-10-24,8,44,6,No
4866,2024-07-30,7,22,22,No
119,2024-12-20,1,3,1,No
2326,2024-03-28,3,49,14,Yes
4098,2024-09-21,5,37,19,No
531,2024-01-02,5,54,10,Yes
1350,2024-10-27,4,32,24,Yes
323,2024-03-07,5,3,23,No
4882,2024-05-31,6,45,6,No
3267,2024-02-19,1,4,5,No
1909,2024-03-01,3,59,9,No
375,2024-07-02,7,22,4,No
4273,2024-01-04,3,8,5,Yes
2868,2024-06-11,6,20,6,No
2318,2024-01-10,8,9,16,Yes
2647,2024-11-30,5,25,18,No
707,2024-11-08,9,55,11,No
31,2024-07-27,7,52,10,No
2752,2024-11-11,4,18,19,Yes
1078,2024-10-20,3,46,7,No
3887,2024-12-27,3,2,6,No
3027,2024-07-31,1,2,19,No
1673,2024-02-20,2,39,6,Yes
285,2025-01-09,6,39,21,No
4867,2025-01-03,5,18,13,No
1437,2025-01-30,3,50,12,Yes
4520,2024-04-09,2,37,7,No
3602,2024-03-03,1,40,22,No
52,2024-06-17,1,15,12,Yes
1004,2024-03-24,4,12,9,No
1490,2024-12-28,6,44,4,No
4101,2024-06-18,3,59,8,No
3986,2024-07-09,3,14,5,No
4342,2024-03-22,4,7,18,Yes
2018,2024-12-23,9,8,4,No
1844,2024-05-05,7,25,8,Yes
3369,2024-12-22,2,48,1,Yes
3942,2024-03-24,9,41,17,Yes
588,2024-03-09,9,7,4,Yes
897,2024-12-04,6,48,4,No
3222,2024-10-09,1,16,19,No
748,2024-01-25,2,58,19,No
753,2024-06-15,2,57,18,No
3390,2024-09-14,4,47,24,No
1923,2024-10-07,1,25,1,No
1021,2024-04-08,8,44,1,No
4567,2024-08-21,4,25,21,No
2450,2024-11-27,7,49,7,No
1656,2024-08-15,2,49,1,No
3815,2024-11-21,8,55,3,No
2675,2024-06-04,7,4,2,No
4912,2024-04-30,4,20,14,Yes
3510,2024-06-28,7,3,10,No
3820,2024-05-18,9,51,19,No
493,2025-01-13,2,3,21,No
1225,2024-01-30,1,13,13,Yes
4393,2024-12-24,4,41,16,Yes
1861,2024-12-31,3,5,9,Yes
3429,2024-06-05,5,55,8,No
4312,2024-09-11,2,49,20,No
4759,2024-07-26,5,45,24,No
4805,2024-03-30,8,25,17,No
3240,2024-06-23,4,26,9,No
913,2025-01-17,3,46,2,No
1555,2024-12-12,5,28,2,Yes
2180,2024-04-11,2,51,2,No
3797,2024-11-01,5,37,1,No
2037,2024-07-05,9,3,24,Yes
925,2024-01-24,7,33,24,No
2604,2025-01-30,1,38,8,Yes
246,2024-02-24,8,45,12,No
1640,2024-02-14,8,25,3,No
1711,2024-02-29,8,32,19,No
1644,2024-06-17,6,32,21,Yes
429,2024-03-22,3,6,13,No
3674,2024-06-15,2,26,4,Yes
2563,2024-06-12,8,36,10,Yes
2874,2024-09-16,7,7,8,Yes
1012,2024-12-17,8,34,1,Yes
714,2024-08-10,7,31,16,No
3201,2024-04-02,4,9,7,Yes
1412,2024-08-25,8,30,21,No
505,2024-08-16,2,51,12,No
1684,2024-12-26,1,39,15,Yes
1664,2024-10-05,6,3,4,No
266,2024-10-09,7,42,23,No
4809,2024-10-02,6,48,23,No
1317,2024-03-31,3,14,5,Yes
3371,2024-07-24,3,20,8,Yes
3651,2024-01-21,2,38,21,Yes
141,2024-04-23,1,20,12,No
58,2024-02-12,1,57,11,No
169,2024-08-15,5,58,17,Yes
2050,2024-05-21,6,31,13,No
4792,2024-09-29,2,18,9,No
698,2024-10-27,6,30,2,Yes
3633,2024-01-10,3,32,13,No
2619,2024-05-01,5,10,20,No
2729,2024-01-11,7,34,11,Yes
4507,2024-05-10,6,58,5,No
4539,2024-07-02,4,24,21,Yes
3768,2024-09-30,2,59,10,Yes
1288,2024-09-16,5,32,15,No
2626,2024-01-04,6,30,17,No
4921,2024-12-27,2,30,7,Yes
1838,2025-01-23,5,23,8,No
3237,2024-10-30,2,16,22,No
4250,2024-08-29,9,46,2,No
1108,2024-03-01,8,35,17,No
4286,2024-10-05,3,39,16,No
2788,2024-08-09,5,15,7,No
4908,2024-02-04,3,45,12,No
2277,2024-06-07,6,41,5,Yes
4737,2024-03-08,2,14,11,No
2837,2024-04-01,5,44,2,Yes
857,2024-11-07,6,29,18,No
2469,2024-04-22,3,14,4,Yes
1723,2024-07-07,1,13,10,No
1343,2024-12-25,3,21,3,Yes
271,2024-06-17,8,43,6,Yes
2517,2024-12-20,9,52,13,No
2070,2025-01-28,1,53,11,No
782,2024-05-31,7,18,22,No
2438,2024-12-04,7,3,2,No
3594,2025-01-09,5,15,10,No
3078,2024-07-05,7,36,5,No
4076,2024-11-01,2,22,15,No
1573,2024-04-02,4,26,19,Yes
3768,2024-01-24,4,35,14,No
1931,2024-06-15,2,25,7,Yes
4314,2025-01-12,4,9,12,No
1103,2024-06-29,4,17,13,No
871,2024-10-15,1,8,8,No
2049,2024-07-27,3,57,22,No
2978,2024-08-14,2,22,8,Yes
4298,2024-06-13,4,24,8,No
674,2024-08-15,4,22,21,Yes
3936,2024-09-10,7,36,5,Yes
3245,2024-11-02,8,19,9,No
4930,2024-11-06,1,48,7,No
4343,2024-02-15,9,7,22,Yes
310,2024-02-24,1,35,12,No
4193,2024-12-14,3,29,1,No
3885,2024-04-06,7,17,22,No
187,2024-08-17,5,41,19,Yes
1117,2024-10-30,8,41,8,No
1437,2024-10-07,1,35,5,Yes
2175,2024-04-24,3,30,7,Yes
368,2024-01-10,6,29,17,No
571,2024-12-28,7,17,12,No
983,2024-06-05,9,24,12,No
2116,2025-01-23,6,10,20,No
391,2024-06-18,6,28,7,Yes
4218,2024-08-27,8,58,13,Yes
3895,2024-07-29,7,33,10,No
1,2024-03-14,9,4,2,No
1957,2024-08-14,6,39,24,No
836,2024-05-08,7,23,5,No
4646,2024-06-15,9,13,21,No
4776,2025-01-27,6,47,11,Yes
431,2024-12-15,2,1,19,Yes
4854,2024-02-23,7,36,22,No
528,2024-02-14,1,37,5,No
1571,2024-07-18,4,37,20,No
2552,2024-01-01,6,46,18,No
543,2024-10-08,3,9,9,Yes
2174,2024-10-18,2,39,7,No
4292,2024-07-01,3,43,24,Yes
4255,2024-09-28,6,12,3,Yes
707,2024-10-19,6,37,4,Yes
3716,2024-08-25,8,57,7,No
1031,2024-01-20,7,16,18,No
3152,2025-01-22,7,15,23,No
2928,2024-02-25,5,59,13,Yes
4979,2024-06-27,2,30,18,Yes
769,2024-12-03,2,38,13,Yes
3371,2024-03-26,8,12,12,Yes
136,2024-04-02,5,52,5,No
2347,2024-02-29,3,55,7,Yes
3019,2024-04-15,2,57,9,No
3106,2024-04-13,1,27,24,No
2690,2024-07-13,7,53,11,No
4701,2024-12-29,5,39,18,No
4659,2024-09-24,9,36,21,No
1825,2024-10-31,6,41,4,Yes
4573,2024-07-11,1,38,19,Yes
4661,2024-02-01,1,25,1,No
3716,2024-01-04,3,12,5,No
2112,2024-09-20,9,42,12,Yes
1678,2024-04-10,7,57,4,No
1633,2024-05-19,1,30,10,No
4710,2024-08-22,5,50,14,No
3005,2024-08-09,4,45,6,No
3796,2024-12-14,8,44,19,No
1672,2025-01-18,8,55,24,Yes
2861,2024-02-06,1,26,19,No
4208,2024-03-07,7,12,2,No
810,2024-12-09,6,6,1,Yes
4012,2024-09-16,8,43,9,No
4164,2024-11-21,5,7,6,No
4779,2024-10-22,6,30,24,No
924,2024-09-21,8,45,15,No
4078,2024-10-27,8,35,19,Yes
686,2024-11-12,1,34,4,No
1369,2025-01-04,2,3,23,No
329,2024-04-26,1,44,14,Yes
529,2024-01-04,4,24,12,Yes
4843,2024-12-17,5,41,8,Yes
1419,2024-09-10,4,38,18,Yes
2335,2024-05-23,4,28,5,No
3232,2024-07-18,6,31,6,Yes
1729,2024-02-24,1,25,19,No
1114,2025-01-14,3,23,9,Yes
2517,2024-02-29,8,12,10,Yes
2652,2025-01-17,7,47,22,Yes
2331,2024-05-06,5,47,19,No
4356,2025-01-09,3,29,16,No
1058,2024-10-19,1,5,10,Yes
1922,2024-11-05,4,10,5,No
2304,2025-01-21,4,1,17,Yes
3353,2024-11-23,2,5,18,No
1634,2024-09-02,1,24,23,Yes
2792,2024-10-22,8,46,12,Yes
2876,2024-10-31,5,32,11,Yes
1290,2024-03-05,2,13,3,Yes
498,2024-08-26,3,57,15,No
289,2024-02-23,1,41,19,No
2876,2024-11-20,1,51,12,No
4654,2024-06-17,9,24,18,Yes
1881,2024-12-22,1,24,20,No
379,2024-07-20,7,50,8,No
3939,2024-01-25,9,7,4,No
4860,2024-04-22,5,18,21,No
3642,2024-04-18,5,36,8,No
1250,2024-09-23,2,57,17,Yes
2048,2024-12-12,8,1,12,No
3873,2024-09-05,9,28,20,Yes
2816,2025-01-18,6,36,17,Yes
1016,2024-10-03,7,54,3,No
76,2024-09-22,9,3,22,No
113,2024-12-12,3,37,17,No
3032,2024-06-29,1,12,9,No
3002,2024-03-15,5,5,12,No
3821,2024-09-19,1,54,20,Yes
1923,2024-07-06,3,36,13,No
4207,2025-01-10,6,2,23,Yes
493,2024-11-25,4,23,15,No
4298,2024-10-14,3,49,5,No
502,2024-11-10,1,46,6,No
3398,2024-09-19,7,9,10,No
4340,2024-07-22,7,23,11,Yes
2701,2024-09-19,4,33,7,No
2921,2024-11-29,2,9,11,No
3168,2024-02-23,3,33,13,No
4077,2024-10-06,8,2,23,No
2704,2025-01-30,3,9,6,No
270,2025-01-27,4,55,16,Yes
5,2024-05-12,3,31,21,No
916,2024-04-30,7,39,22,No
1948,2024-10-21,5,6,20,Yes
232,2024-08-27,4,42,2,Yes
576,2024-07-21,8,46,13,No
2325,2024-12-22,4,13,6,No
38,2024-05-04,5,13,16,No
586,2024-01-27,7,33,23,No
3176,2024-12-30,6,25,12,No
2304,2024-10-18,1,7,1,No
997,2024-01-05,2,22,4,No
3503,2024-11-26,7,44,15,No
5,2024-01-03,5,31,17,Yes
3783,2024-08-28,1,48,18,No
902,2024-05-01,6,27,12,No
1192,2024-09-11,1,6,16,No
464,2024-10-27,2,41,1,No
1269,2024-05-25,1,34,2,Yes
253,2024-11-11,4,44,23,No
883,2024-10-25,5,22,23,No
1597,2024-11-09,7,46,10,No
123,2025-01-07,6,24,18,No
4915,2024-11-30,7,14,14,No
3916,2024-06-01,1,4,24,Yes
1906,2024-05-21,3,16,23,No
1579,2024-06-09,1,18,15,No
3267,2024-08-24,8,41,15,Yes
4333,2024-12-16,1,13,3,No
3256,2024-11-24,6,26,21,No
1630,2024-12-03,1,47,15,Yes
3778,2024-05-09,4,33,22,No
1706,2024-06-07,9,46,13,No
4812,2024-05-21,8,3,24,No
1804,2024-02-26,9,33,9,Yes
3332,2024-01-23,1,52,15,Yes
4322,2024-08-19,7,37,12,No
2235,2024-07-25,1,4,1,No
2179,2024-10-24,3,40,2,Yes
4198,2024-03-28,7,40,17,Yes
3065,2025-01-15,2,3,13,Yes
4148,2024-08-06,8,45,2,No
3121,2024-03-10,8,30,1,Yes
3913,2024-07-16,3,12,20,Yes
2334,2024-11-23,2,54,23,No
3221,2025-01-29,7,5,16,No
1339,2024-06-24,5,38,12,No
4405,2024-05-25,5,20,5,Yes
3116,2024-11-30,8,24,21,Yes
3965,2024-04-28,6,7,10,Yes
131,2024-06-01,3,40,20,Yes
1806,2025-01-28,3,11,24,No
3861,2024-08-19,8,44,20,No
4478,2024-06-30,6,21,12,Yes
446,2024-10-17,1,45,10,No
4094,2024-02-25,6,11,4,Yes
1507,2024-12-18,4,50,16,Yes
590,2024-07-19,4,6,23,No
776,2024-01-16,4,16,12,No
3562,2025-01-10,5,31,3,Yes
1120,2024-05-12,1,22,17,Yes
705,2024-05-07,2,2,8,No
2687,2024-06-23,6,9,6,No
194,2024-10-23,1,15,13,No
2017,2024-11-29,4,36,16,No
3179,2024-09-20,3,53,1,No
4875,2024-04-17,7,54,22,No
4409,2024-11-08,1,34,3,No
1661,2024-09-21,7,58,19,Yes
2737,2024-06-17,7,59,20,Yes
4373,2024-11-16,3,23,19,No
2967,2024-11-22,7,21,24,Yes
4838,2024-12-29,9,35,11,No
1373,2024-10-17,5,18,17,No
306,2025-01-14,3,8,4,No
4038,2024-01-28,5,27,17,Yes
3352,2024-08-24,8,26,23,No
1203,2024-11-06,1,30,23,No
123,2024-12-26,2,4,7,Yes
4270,2024-10-20,3,18,12,No
3677,2024-08-07,6,37,23,No
1389,2024-07-05,2,30,7,No
4788,2024-09-16,6,39,15,No
4399,2024-06-09,5,3,11,No
3206,2024-08-18,4,41,16,No
3558,2024-09-16,9,32,21,No
2131,2025-01-22,8,44,13,No
359,2024-04-24,7,46,4,Yes
2203,2024-12-10,6,19,23,Yes
1148,2024-09-11,3,58,18,No
333,2024-06-17,5,17,10,Yes
2914,2024-08-01,7,56,12,No
3480,2024-12-06,3,52,4,No
4004,2024-10-09,6,6,18,Yes
1560,2024-02-06,4,24,17,No
4182,2024-07-12,4,34,3,Yes
3533,2024-09-01,1,13,3,Yes
2906,2024-09-26,6,9,10,Yes
2981,2024-06-07,9,14,9,No
2609,2024-04-21,6,41,21,No
2599,2024-06-05,4,53,1,No
4201,2024-12-12,1,3,5,No
2024,2024-01-20,6,42,21,No
773,2024-09-07,5,12,1,No
2257,2024-12-21,2,55,8,No
3683,2024-04-17,3,52,19,No
106,2024-01-30,6,51,7,Yes
4542,2024-08-14,2,44,9,No
418,2024-11-29,2,55,3,No
1809,2024-12-09,1,13,18,No
2836,2024-02-20,2,33,1,No
3843,2024-12-17,9,15,9,No
3495,2024-08-26,9,8,18,No
1667,2024-08-26,2,59,11,Yes
2792,2024-07-17,4,25,14,No
1862,2024-02-18,2,7,23,No
2254,2024-12-17,4,7,19,No
1030,2024-11-22,5,20,3,No
2363,2024-04-08,7,25,13,No
3989,2024-06-10,4,31,10,No
3382,2024-12-02,9,17,5,No
2880,2024-01-14,8,33,3,Yes
20,2024-11-24,1,27,16,No
3022,2024-11-16,7,4,19,No
1395,2024-01-02,1,58,22,Yes
401,2024-09-08,4,16,3,No
3849,2024-09-17,3,28,18,No
1164,2024-09-30,5,51,11,No
1582,2024-04-21,2,31,6,No
611,2024-07-17,2,43,19,No
835,2024-10-25,7,25,20,No
4557,2024-03-21,9,1,13,No
2036,2024-03-17,4,1,6,No
2080,2024-04-07,9,47,9,Yes
4679,2024-04-11,2,21,20,No
4654,2025-01-01,3,23,13,Yes
3874,2024-12-30,8,4,9,Yes
3771,2024-09-13,4,43,1,Yes
2972,2024-06-13,1,37,18,No
3349,2024-05-24,7,49,16,No
1398,2024-01-07,3,19,2,No
894,2024-04-30,9,6,11,Yes
2366,2024-04-06,1,52,8,Yes
4728,2024-07-28,2,23,5,No
128,2024-10-24,3,12,24,No
454,2024-10-27,9,35,11,Yes
3528,2024-11-05,9,19,5,Yes
3411,2024-06-23,9,48,11,Yes
4698,2024-03-07,5,25,5,Yes
3931,2024-10-10,6,29,9,No
54,2024-06-19,4,3,8,No
3773,2024-12-15,6,47,7,No
4883,2025-01-27,5,30,23,Yes
1574,2024-01-23,6,53,15,No
85,2025-01-07,3,45,1,Yes
3516,2024-04-05,3,51,20,Yes
591,2024-04-24,9,58,7,Yes
815,2024-02-14,3,57,19,Yes
1828,2025-01-26,8,48,21,Yes
1995,2024-03-11,9,57,1,No
3717,2024-12-15,1,27,14,No
4962,2024-07-20,3,45,11,No
4402,2024-06-10,5,49,19,No
1240,2024-04-10,8,1,18,No
2381,2024-03-22,2,8,5,No
2656,2024-08-22,8,33,9,Yes
1575,2024-05-01,4,19,3,No
1031,2024-06-09,9,12,18,Yes
3056,2024-12-21,5,4,16,No
2231,2024-12-09,7,49,9,Yes
4701,2024-12-29,2,29,20,No
4862,2024-06-18,2,48,3,Yes
1968,2024-03-01,4,57,16,Yes
2976,2024-05-25,8,34,18,Yes
4768,2024-11-15,5,51,5,Yes
2653,2024-08-18,8,27,19,No
1545,2024-03-20,7,28,6,No
2786,2024-05-14,4,57,23,No
1506,2024-10-31,7,38,17,Yes
948,2024-12-19,7,45,10,Yes
9,2024-01-28,3,30,12,No
1085,2024-04-06,2,7,3,Yes
2990,2024-03-12,7,10,13,No
3414,2024-03-06,2,53,1,Yes
1430,2024-05-05,1,6,6,Yes
471,2024-05-17,3,34,14,No
720,2024-09-03,6,45,7,No
4979,2024-09-06,9,44,6,Yes
913,2024-02-08,6,20,8,Yes
2859,2024-05-29,8,56,13,No
2990,2024-08-05,1,14,23,Yes
243,2024-11-09,6,27,15,No
814,2024-06-17,2,38,12,No
11,2024-01-18,3,30,24,No
4083,2024-10-26,3,30,9,Yes
4032,2024-05-04,2,58,1,No
1997,2024-12-29,7,59,12,No
3288,2024-07-01,4,17,12,No
1980,2024-06-09,2,28,2,Yes
4914,2024-07-07,6,15,11,Yes
1951,2024-06-25,4,58,14,Yes
1221,2024-12-21,6,34,18,No
3294,2024-08-19,9,51,9,Yes
4564,2024-01-22,3,47,21,No
1724,2024-03-17,4,58,19,No
4217,2024-01-19,6,19,18,Yes
4397,2024-01-21,3,15,3,No
798,2024-07-29,1,25,13,Yes
3810,2024-02-28,4,4,13,No
4281,2024-08-28,7,51,10,Yes
2512,2024-05-08,6,57,20,Yes
3541,2024-02-07,1,41,9,No
3993,2024-04-09,7,14,20,Yes
4897,2024-08-02,3,24,17,No
1738,2024-06-07,5,7,14,Yes
4075,2024-05-15,3,20,14,No
3814,2024-07-03,5,35,20,No
3973,2024-10-15,7,44,18,No
3233,2024-05-20,7,47,17,No
2556,2024-08-28,9,23,18,No
3591,2024-07-19,3,37,21,No
4181,2024-02-26,6,38,14,No
3114,2025-01-27,3,39,17,Yes
329,2024-03-22,4,21,7,No
1545,2024-02-25,4,9,18,No
1245,2024-10-09,7,51,13,No
1215,2024-10-15,8,20,3,No
4312,2024-05-07,9,24,12,No
1552,2024-12-05,1,8,9,No
3102,2024-11-01,6,39,20,No
1299,2024-02-17,9,24,16,Yes
75,2024-11-21,2,29,17,No
2232,2024-03-16,9,32,14,No
2118,2024-09-01,6,21,7,Yes
3516,2024-12-12,6,3,24,Yes
2862,2025-01-09,8,6,4,Yes
2032,2025-01-21,9,50,3,Yes
1235,2024-01-08,4,36,1,No
826,2024-08-02,2,29,18,No
3199,2024-06-15,3,36,5,No
3594,2024-01-16,3,58,17,No
2194,2024-08-12,6,47,4,Yes
2923,2025-01-11,3,31,16,No
532,2024-07-26,8,33,7,No
296,2024-02-22,8,47,7,No
4078,2024-03-19,6,38,15,No
2114,2024-03-27,9,13,14,No
3946,2024-03-17,4,7,10,No
3991,2024-10-04,2,49,18,Yes
2907,2024-11-28,5,57,10,No
3291,2024-05-01,5,52,2,Yes
2901,2024-12-01,1,34,15,No
4108,2024-12-29,2,53,16,No
3998,2024-11-19,8,44,21,Yes
859,2024-01-14,2,40,6,No
1339,2024-07-05,8,9,16,Yes
1784,2024-07-16,6,1,12,No
2606,2024-05-31,2,8,4,No
1423,2024-05-25,2,37,3,No
4173,2024-08-02,8,44,16,No
4612,2024-10-12,6,1,11,No
2484,2024-12-21,6,29,22,Yes
3741,2024-06-29,9,22,23,Yes
2334,2024-05-07,7,6,20,Yes
4629,2024-12-09,5,53,4,No
979,2024-01-03,8,20,15,Yes
3787,2024-05-11,7,47,2,Yes
3635,2024-07-08,3,14,16,Yes
3145,2024-07-08,2,53,13,No
876,2024-06-14,6,51,20,No
3728,2024-06-23,5,9,18,No
2181,2024-10-24,7,47,9,Yes
3903,2024-06-19,5,35,4,No
1077,2024-01-27,1,17,2,No
4958,2024-03-05,1,4,24,No
4061,2024-07-27,8,47,16,No
3682,2024-04-18,6,15,19,Yes
3553,2024-12-27,2,30,1,Yes
4471,2024-06-19,5,26,4,No
1348,2024-08-07,3,19,12,No
2291,2024-01-04,8,22,7,No
4753,2024-09-12,4,42,24,No
459,2024-09-12,4,13,12,Yes
2434,2024-09-06,5,27,19,No
4828,2025-01-28,6,11,11,Yes
2202,2024-10-02,9,33,18,Yes
2786,2024-11-06,9,39,22,No
4876,2024-12-10,5,37,21,No
4765,2024-06-08,7,42,9,No
4844,2024-04-20,8,22,10,No
3136,2024-04-28,7,26,19,No
4952,2024-11-26,6,14,22,No
2136,2024-03-11,9,37,13,No
4916,2024-09-06,8,31,8,Yes
1174,2024-07-28,3,50,11,Yes
3547,2024-04-08,4,1,2,Yes
2727,2024-10-22,3,13,10,Yes
3199,2025-01-05,7,2,6,Yes
1220,2024-11-03,6,49,11,No
4021,2024-02-01,5,40,14,Yes
485,2024-05-14,2,56,16,Yes
3753,2024-12-13,1,7,4,Yes
4408,2024-07-29,1,8,7,Yes
2276,2024-01-19,5,9,6,No
3953,2024-01-15,6,7,15,Yes
1371,2024-09-23,5,26,2,No
4652,2024-04-01,4,1,6,No
2363,2024-12-21,2,26,23,Yes
612,2025-01-14,1,28,9,Yes
555,2024-05-05,8,23,18,Yes
858,2024-07-23,5,39,8,Yes
4760,2024-10-16,5,30,15,No
2675,2024-07-12,7,52,5,Yes
1216,2025-01-04,9,32,1,No
1868,2024-12-04,4,3,11,No
3106,2024-03-13,9,14,21,Yes
1975,2024-08-05,1,47,2,No
2168,2024-10-15,2,26,3,No
3440,2024-01-09,3,7,24,Yes
1005,2024-04-04,2,48,20,No
2490,2024-12-17,9,8,19,Yes
3378,2024-04-04,1,26,14,No
2155,2024-03-17,8,41,1,Yes
1384,2024-02-01,7,33,1,Yes
1112,2024-10-15,9,20,20,Yes
373,2024-08-15,1,27,21,No
187,2024-07-10,8,59,14,Yes
3584,2024-06-21,8,9,7,No
434,2024-12-12,6,7,2,No
2044,2024-01-12,8,32,10,No
714,2024-07-24,2,54,5,Yes
3355,2024-02-23,6,35,15,Yes
1562,2024-08-22,8,35,3,Yes
2664,2025-01-30,2,26,3,No
2284,2024-11-06,2,38,8,Yes
1494,2024-01-20,5,14,2,Yes
3568,2024-08-09,9,10,16,Yes
4232,2024-11-25,5,7,13,No
985,2024-08-24,1,42,11,No
2761,2024-01-13,3,20,10,Yes
395,2025-01-04,8,30,22,Yes
3486,2024-02-04,8,37,22,No
2959,2024-06-23,5,26,5,Yes
389,2024-12-13,8,51,12,Yes
777,2024-02-25,6,40,5,No
228,2024-03-29,5,40,15,Yes
55,2024-01-20,2,24,13,No
4222,2024-01-29,2,12,24,Yes
2991,2024-04-16,9,33,3,No
2288,2024-10-26,1,20,6,No
1937,2024-04-16,3,50,5,No
352,2024-05-09,6,24,22,Yes
1358,2024-06-07,2,25,10,No
2237,2024-11-09,6,52,3,Yes
2487,2024-01-17,2,44,15,No
3782,2024-08-22,9,32,3,Yes
2379,2024-08-11,3,39,21,No
4323,2024-11-02,5,34,20,No
2397,2024-08-31,9,4,7,No
2136,2024-03-24,1,50,15,Yes
2782,2024-02-28,6,7,17,No
3667,2024-07-14,8,47,14,Yes
2292,2024-04-03,5,46,4,No
1013,2025-01-07,4,20,22,No
3645,2024-02-07,7,34,14,Yes
4750,2024-10-09,9,22,16,No
3765,2024-11-28,7,56,9,Yes
1519,2024-04-09,6,16,7,Yes
1865,2024-12-17,8,42,11,No
4873,2024-05-01,8,3,11,No
3191,2025-01-21,2,32,24,Yes
2742,2024-12-17,8,23,13,No
3939,2024-04-28,3,7,8,No
3756,2024-10-28,2,12,9,Yes
3696,2025-01-11,6,3,18,No
1844,2024-11-21,7,13,5,Yes
3473,2024-02-07,1,13,20,Yes
781,2025-01-14,2,42,10,No
1971,2024-11-01,2,25,4,Yes
1762,2024-03-21,1,28,17,No
223,2024-10-22,7,9,16,No
785,2024-07-12,1,4,11,Yes
2448,2024-11-28,5,14,21,Yes
4281,2024-11-08,6,27,16,No
1089,2024-03-16,4,8,4,No
319,2024-02-27,5,50,15,No
103,2024-01-02,4,29,21,No
1321,2024-06-21,6,54,5,No
2739,2024-04-24,5,11,21,Yes
2486,2024-01-13,2,16,11,No
4553,2024-09-02,6,5,9,Yes
3670,2024-02-13,4,27,13,No
511,2024-03-22,1,4,24,No
331,2024-03-29,7,39,21,Yes
3176,2024-08-01,3,40,15,Yes
1511,2024-01-22,6,56,7,No
2590,2024-01-29,9,19,11,No
44,2024-10-13,2,24,17,Yes
3760,2024-03-05,4,22,17,No
1227,2024-03-15,9,1,17,Yes
4817,2024-09-18,6,8,6,Yes
3352,2024-04-29,2,9,17,No
3109,2024-11-30,2,12,16,No
2172,2024-08-25,7,23,2,No
3356,2024-08-15,5,4,4,Yes
1780,2025-01-18,9,52,5,No
1429,2024-05-23,9,39,20,No
283,2024-04-03,2,56,19,Yes
211,2024-08-20,1,10,12,Yes
4965,2024-01-28,4,41,21,Yes
4063,2024-06-10,2,25,8,Yes
4348,2024-05-26,1,26,6,Yes
4473,2024-11-13,6,14,3,Yes
4812,2024-10-13,5,51,15,No
3918,2024-06-14,9,15,6,Yes
3994,2024-09-08,8,13,16,No
847,2025-01-11,1,9,11,No
810,2024-10-04,4,26,21,Yes
1806,2024-10-01,4,41,3,Yes
2125,2024-08-15,9,24,1,Yes
1781,2024-03-26,5,34,14,No
2610,2024-10-07,3,2,11,No
3983,2024-03-15,7,21,7,Yes
111,2024-02-01,2,50,14,No
2622,2024-07-23,4,26,22,No
1227,2024-04-09,1,13,1,Yes
3788,2024-03-18,4,30,8,No
3056,2024-03-22,3,46,24,Yes
144,2024-12-20,1,28,4,Yes
3441,2024-12-04,6,45,9,Yes
4833,2024-09-22,3,28,12,No
2935,2024-12-21,5,38,2,No
2967,2025-01-17,4,48,5,Yes
222,2025-01-15,6,29,2,No
1239,2024-01-14,9,9,6,No
2609,2024-02-10,2,18,12,Yes
4963,2024-03-26,1,33,18,No
1124,2024-08-03,8,34,3,No
945,2024-10-22,3,11,3,No
788,2024-10-10,2,42,5,No
4229,2024-01-28,7,42,19,Yes
3249,2024-05-29,2,24,6,Yes
3150,2024-05-12,6,32,22,No
2614,2024-07-31,8,13,20,Yes
1719,2024-12-26,9,44,9,No
1766,2024-08-02,1,24,3,No
3594,2024-07-06,8,53,15,Yes
1362,2024-09-14,1,44,7,Yes
3465,2024-10-23,4,10,12,No
2551,2024-06-14,3,30,11,Yes
2014,2024-03-11,8,30,13,Yes
2459,2025-01-14,6,20,10,Yes
3021,2024-05-18,5,38,18,No
2278,2024-09-08,5,20,14,No
78,2024-07-28,9,56,7,No
350,2024-01-07,7,51,16,No
3925,2024-10-17,4,46,20,Yes
1171,2024-08-01,9,6,15,Yes
633,2024-12-20,5,42,6,No
773,2024-01-10,1,44,1,Yes
2836,2024-11-27,2,28,17,No
4784,2024-08-06,9,52,14,No
1973,2024-05-15,7,43,23,Yes
2047,2024-08-13,4,45,13,No
2644,2024-03-20,2,34,11,No
5000,2024-12-21,7,57,20,No
3415,2024-11-17,4,9,1,No
1760,2024-05-11,4,28,1,No
3199,2024-06-24,5,20,18,Yes
824,2024-03-31,2,36,4,Yes
1160,2024-07-04,4,52,7,No
2278,2024-08-24,4,36,1,No
576,2024-04-21,6,26,8,Yes
3894,2024-08-19,4,18,12,Yes
2739,2024-10-08,3,36,6,No
1982,2024-08-26,2,1,2,No
2182,2024-12-21,7,18,2,No
4693,2024-05-08,7,50,20,No
4375,2024-08-28,5,26,16,Yes
570,2024-09-10,6,48,2,Yes
4271,2024-10-07,7,27,12,No
568,2024-10-01,5,57,5,No
2868,2024-05-13,6,21,16,No
2550,2024-01-08,8,50,8,No
3394,2024-08-14,8,25,7,No
2517,2024-01-02,8,4,21,No
838,2024-12-22,3,55,3,No
4971,2024-12-23,6,55,24,No
589,2024-11-06,6,32,8,No
4534,2024-05-19,4,11,3,No
1026,2024-08-01,3,42,3,No
618,2024-06-11,9,25,15,Yes
1207,2024-09-02,9,20,18,No
4557,2024-08-27,8,28,10,Yes
1093,2024-08-22,5,48,15,No
2284,2024-01-28,3,6,11,No
1548,2024-08-10,9,46,15,Yes
4122,2024-02-14,5,31,10,No
3388,2024-03-13,5,50,6,No
3606,2024-11-10,5,7,17,No
3524,2024-09-20,6,56,21,No
941,2024-09-13,1,22,12,Yes
1460,2024-11-06,2,56,7,Yes
1061,2024-08-20,8,51,13,Yes
2247,2024-03-19,2,3,21,No
2187,2024-10-06,7,12,4,Yes
4106,2024-06-05,2,14,2,No
3892,2024-03-20,5,54,6,No
97,2024-07-23,4,6,18,No
4140,2024-09-24,5,7,2,Yes
3375,2024-02-01,3,47,22,No
4655,2024-11-02,2,40,11,Yes
2981,2024-03-10,6,50,18,No
2912,2024-09-19,6,7,6,No
4051,2024-03-16,1,9,7,No
4452,2024-07-24,4,9,20,No
1900,2024-12-17,6,45,6,Yes
3388,2025-01-03,4,32,15,Yes
4387,2024-02-06,1,58,3,No
2299,2024-12-28,5,14,3,No
2673,2024-11-25,3,3,16,No
1908,2025-01-22,4,59,17,Yes
3445,2024-07-12,1,45,10,Yes
3634,2024-05-11,5,20,2,No
271,2024-03-02,5,29,18,No
519,2024-08-12,3,4,6,No
2853,2024-01-14,3,55,23,No
2236,2024-01-01,4,28,4,No
10,2024-06-23,1,57,21,No
2173,2024-04-10,3,52,12,No
3766,2024-09-09,9,29,9,No
4389,2024-02-08,1,42,11,No
4215,2024-11-26,2,32,15,Yes
2364,2024-09-21,4,35,23,Yes
1956,2024-08-05,3,14,18,Yes
3064,2024-01-18,9,12,19,Yes
632,2024-06-20,8,3,14,Yes
432,2024-07-17,5,24,24,Yes
902,2025-01-08,9,52,15,No
1449,2025-01-02,5,41,3,No
3221,2024-07-22,3,54,9,Yes
333,2024-10-04,9,8,19,No
3691,2024-09-20,9,22,14,Yes
3563,2024-01-06,4,53,17,No
4264,2024-04-13,8,52,5,No
3778,2024-02-08,1,57,18,Yes
3760,2024-12-19,8,1,2,No
2103,2024-11-24,2,8,11,No
1393,2024-07-24,7,25,2,No
466,2024-07-12,6,10,14,No
2061,2024-06-05,5,56,13,No
1872,2024-08-29,8,35,11,No
913,2024-10-22,2,47,21,No
350,2024-07-07,2,21,18,No
3686,2024-11-21,4,46,4,Yes
4843,2024-02-02,6,56,18,No
4775,2024-03-14,1,59,13,Yes
2046,2024-08-26,8,27,19,No
4373,2024-10-25,9,2,17,Yes
1936,2024-09-25,2,11,18,No
2594,2024-04-07,5,40,3,Yes
1303,2024-03-04,3,29,16,Yes
2153,2024-03-30,4,37,13,No
976,2025-01-24,5,46,15,No
641,2025-01-25,9,37,24,No
476,2024-05-14,1,4,22,Yes
3895,2024-03-09,6,39,9,Yes
16,2024-10-12,7,45,9,Yes
296,2024-12-16,9,7,15,Yes
2399,2024-07-03,1,19,2,No
1677,2024-05-01,7,18,8,No
1995,2024-07-10,2,39,6,No
3516,2024-12-10,2,46,11,No
3683,2024-12-17,7,28,23,No
2017,2024-05-18,4,34,12,No
3903,2024-02-12,8,35,20,No
1476,2024-07-23,6,15,4,No
1951,2024-01-10,8,31,24,No
3910,2024-02-13,6,27,15,Yes
1096,2024-10-22,3,50,3,No
708,2024-11-05,6,59,6,No
4989,2024-02-13,5,17,21,No
3738,2024-11-11,1,41,13,Yes
3071,2024-10-11,6,27,6,Yes
580,2024-12-14,5,40,21,No
4166,2024-05-13,6,17,9,No
4785,2024-10-11,4,22,8,Yes
2122,2024-01-11,7,11,16,Yes
4102,2024-09-24,7,39,12,No
956,2024-08-13,9,45,12,No
4478,2024-01-02,6,27,5,Yes
3914,2024-12-25,9,3,10,Yes
66,2024-03-01,1,35,4,No
2248,2024-08-29,9,26,23,Yes
1448,2024-01-01,3,36,24,Yes
3228,2024-12-20,8,47,13,No
4191,2024-09-20,5,45,13,No
1671,2025-01-05,2,37,20,No
4372,2024-12-16,7,32,16,Yes
1800,2024-07-23,9,14,16,No
4166,2024-09-05,6,21,5,Yes
4370,2024-02-22,6,15,3,No
4815,2024-07-06,7,27,17,No
2894,2024-03-28,7,45,18,Yes
2153,2024-01-21,8,20,15,Yes
4566,2024-09-02,5,2,3,No
3181,2024-08-27,5,15,6,No
1361,2024-11-28,5,14,16,No
4631,2024-02-22,6,35,24,No
1500,2025-01-05,7,14,24,No
4766,2024-01-29,2,49,15,Yes
3366,2024-08-29,4,25,12,No
4535,2024-05-26,8,36,14,No
1055,2024-01-30,2,30,8,Yes
781,2024-05-25,4,8,19,No
4195,2024-04-25,5,28,22,Yes
715,2024-04-25,4,31,16,Yes
4875,2024-08-05,4,35,24,No
1754,2024-10-07,1,58,24,No
3752,2024-10-23,5,9,7,No
1069,2024-07-09,8,21,11,Yes
3577,2025-01-09,4,25,24,No
568,2024-08-14,2,38,6,No
3729,2024-11-01,5,58,7,No
1225,2024-07-13,2,3,9,No
249,2024-08-19,4,18,10,No
4607,2024-12-24,6,17,6,Yes
1332,2024-03-18,4,44,7,No
4203,2024-11-27,3,6,19,Yes
180,2024-05-30,9,45,23,No
2669,2024-07-30,9,22,14,Yes
1225,2024-02-12,1,55,7,Yes
334,2024-12-08,4,24,11,Yes
4106,2024-01-28,6,42,20,No
298,2024-06-16,8,22,9,No
402,2024-02-04,1,6,6,Yes
4735,2024-02-16,8,30,11,No
2129,2024-01-18,7,27,21,No
3376,2024-10-19,9,50,9,No
1607,2024-01-01,5,10,20,No
4020,2024-01-27,5,34,20,Yes
1921,2024-12-12,5,49,3,Yes
3829,2024-08-28,5,28,5,No
3725,2024-01-27,1,19,11,No
2171,2024-02-24,8,19,21,No
27,2024-09-11,3,32,18,Yes
3953,2024-10-11,8,6,18,Yes
4381,2025-01-12,8,30,17,No
597,2024-07-04,9,29,13,Yes
4320,2024-01-15,8,13,20,No
2096,2025-01-06,9,29,18,No
1419,2024-03-31,1,55,4,No
4,2024-01-07,9,27,5,No
3154,2024-07-09,4,59,2,No
1983,2024-01-25,4,1,8,Yes
2961,2024-03-17,3,50,14,No
1784,2024-06-27,2,9,10,No
3270,2024-12-06,3,52,5,No
1118,2024-05-27,8,35,17,Yes
2208,2024-10-16,8,40,20,No
2767,2024-08-30,2,28,3,No
450,2024-03-24,2,6,24,Yes
911,2024-12-17,7,10,23,No
1664,2025-01-25,9,21,11,No
2300,2024-11-16,2,9,6,Yes
710,2024-04-27,3,57,16,No
639,2024-12-26,2,3,8,Yes
4433,2024-12-15,9,26,14,Yes
3727,2024-11-12,6,28,15,No
597,2024-03-30,7,34,2,No
1202,2024-01-17,6,52,18,No
2863,2024-02-11,2,42,8,Yes
4295,2024-01-07,7,53,14,Yes
2883,2024-12-11,4,40,9,Yes
4306,2024-03-29,2,10,4,No
4036,2024-11-13,6,42,4,No
3184,2024-08-28,9,53,2,No
1239,2024-07-05,7,1,22,No
3903,2024-11-15,7,39,7,Yes
3591,2024-11-04,5,30,15,No
1347,2024-08-30,3,17,20,No
3063,2024-05-17,3,8,15,Yes
1881,2024-11-27,3,51,17,No
1502,2024-08-23,5,14,14,Yes
4315,2024-12-11,6,48,14,Yes
4559,2024-12-20,2,2,5,No
1881,2024-11-30,6,6,22,No
2261,2024-12-05,8,29,22,No
1921,2024-06-19,2,48,10,Yes
3606,2024-11-23,5,27,22,Yes
2138,2024-04-27,2,48,21,Yes
4777,2024-11-02,2,11,14,No
1147,2024-08-04,4,32,21,No
2212,2024-06-13,2,52,2,Yes
1159,2024-10-31,2,55,4,No
318,2025-01-18,7,46,17,Yes
1906,2024-08-19,5,5,15,No
1886,2025-01-18,6,12,2,Yes
3305,2024-06-07,6,21,19,Yes
47,2024-05-10,5,48,19,No
2877,2025-01-24,4,57,20,No
2963,2024-03-26,5,41,2,No
2537,2024-06-26,5,5,20,No
4354,2024-03-18,4,35,6,No
263,2024-07-15,1,52,8,No
2572,2024-12-05,4,59,12,No
1574,2024-12-13,6,54,13,No
3775,2024-12-14,9,26,23,No
1750,2024-11-11,3,48,15,No
2220,2025-01-25,6,37,23,No
3486,2025-01-14,6,25,23,No
269,2024-05-12,8,35,19,No
3862,2024-12-08,4,13,16,Yes
1987,2024-11-28,3,52,14,Yes
389,2024-03-25,8,30,19,No
1848,2024-01-29,5,49,8,No
735,2024-05-24,3,28,17,No
1259,2024-02-12,9,7,10,Yes
3198,2024-07-26,4,57,9,No
2649,2024-05-25,3,13,10,No
3283,2024-02-27,1,40,15,No
4672,2024-06-27,9,59,14,Yes
3306,2025-01-03,8,49,16,Yes
3189,2024-04-18,9,13,17,No
3245,2024-08-13,6,13,19,No
2096,2024-05-29,2,40,15,No
1242,2024-01-21,6,17,8,Yes
610,2024-12-14,2,40,4,No
4742,2024-07-06,9,24,9,Yes
3321,2024-02-17,6,31,15,Yes
621,2024-04-06,3,35,9,Yes
1703,2024-05-02,5,53,15,No
645,2024-08-22,6,13,12,Yes
2592,2024-11-09,6,45,21,No
3041,2025-01-27,7,1,17,Yes
733,2024-04-27,6,25,2,No
1804,2024-08-15,8,22,14,No
780,2024-08-04,9,15,6,No
4440,2025-01-19,9,55,20,No
4864,2024-07-21,8,43,20,No
4929,2025-01-14,8,3,9,No
1333,2024-10-20,8,54,12,Yes
3596,2025-01-29,8,22,5,No
1422,2024-12-17,9,13,21,Yes
4556,2024-11-07,9,6,3,Yes
4361,2024-08-17,2,51,22,No
441,2024-07-13,9,47,15,Yes
2032,2024-09-30,1,58,19,No
2212,2024-02-28,2,51,11,No
2511,2025-01-15,5,31,4,No
3289,2024-12-12,8,24,9,No
1694,2024-07-11,3,37,7,No
3834,2025-01-27,7,44,18,Yes
4551,2024-01-03,3,19,15,No
3939,2024-09-28,9,19,16,No
148,2024-06-12,7,13,23,Yes
122,2024-06-24,1,30,17,No
1055,2024-09-11,8,5,7,Yes
2707,2025-01-27,7,2,24,Yes
660,2024-02-15,9,42,12,Yes
3515,2024-08-22,9,35,20,Yes
2409,2024-06-03,3,4,23,Yes
5000,2024-11-02,3,19,17,No
3968,2024-12-02,4,37,14,No
777,2024-01-24,8,23,2,No
3007,2024-07-04,8,42,21,Yes
3973,2024-09-23,5,25,21,Yes
4024,2024-06-01,7,42,4,Yes
4585,2024-11-11,2,19,7,No
1808,2025-01-05,9,56,14,Yes
3678,2024-07-19,9,49,17,Yes
379,2024-09-21,8,18,24,Yes
1999,2024-09-17,9,18,8,Yes
1753,2024-02-10,4,14,17,No
1025,2024-05-20,5,23,1,No
4521,2024-05-19,3,23,24,Yes
2377,2024-10-28,4,17,8,Yes
2909,2024-11-09,4,34,7,No
297,2024-01-18,3,15,22,Yes
2308,2024-09-20,4,25,20,No
3215,2024-01-30,7,52,12,Yes
2744,2024-04-18,1,19,12,Yes
2681,2024-06-21,1,15,1,No
614,2024-09-14,9,55,11,No
4839,2024-07-24,2,46,21,Yes
2354,2024-03-28,6,20,1,Yes
4255,2024-05-25,1,12,6,No
3878,2025-01-11,6,21,18,No
99,2024-01-24,8,34,5,No
1415,2024-12-11,6,5,21,No
632,2024-07-01,6,16,7,Yes
3777,2024-08-15,1,17,7,Yes
4866,2024-05-10,8,31,3,No
4365,2024-05-15,6,33,19,Yes
3055,2024-06-18,3,58,10,No
157,2024-01-14,6,32,17,No
733,2024-10-16,2,54,10,No
1054,2024-11-12,6,41,21,No
3826,2024-10-22,6,45,21,No
4,2024-10-12,5,5,15,Yes
1250,2024-08-11,9,22,4,No
2206,2024-04-17,7,4,18,No
4644,2024-04-03,4,5,23,No
664,2024-05-12,9,27,8,No
2355,2024-07-10,6,6,10,Yes
910,2025-01-26,9,48,14,Yes
4783,2024-05-04,5,35,3,No
2132,2024-06-11,6,54,9,Yes
4265,2024-03-15,9,37,22,No
1217,2024-08-13,5,40,20,Yes
685,2025-01-12,5,48,19,Yes
261,2024-10-29,3,27,9,No
4094,2024-02-25,6,25,3,Yes
4002,2024-02-19,4,38,21,Yes
2278,2024-02-29,3,7,20,No
2438,2024-02-16,5,1,6,No
4764,2024-12-20,5,31,22,No
4711,2024-01-30,3,13,1,No
4837,2024-12-24,3,36,23,Yes
835,2024-09-22,3,57,16,No
2277,2024-07-09,7,24,23,No
4629,2024-12-20,1,3,8,No
413,2024-02-06,7,13,6,Yes
4412,2024-09-30,3,51,6,No
2688,2024-05-08,5,34,1,Yes
3315,2024-07-29,8,4,21,No
1211,2024-12-12,8,21,18,No
3948,2024-08-05,1,29,18,Yes
2959,2024-09-18,5,55,15,Yes
169,2024-11-08,9,50,11,No
4801,2024-10-10,2,39,12,Yes
881,2024-12-08,8,15,20,Yes
2317,2025-01-07,5,47,13,No
1588,2024-06-13,8,11,15,No
3453,2024-11-01,6,58,12,Yes
3241,2024-04-23,9,46,23,Yes
3871,2024-03-25,6,37,6,Yes
2996,2024-02-09,2,55,17,No
426,2024-05-04,1,33,11,Yes
462,2024-07-01,9,41,11,Yes
4868,2024-10-22,7,28,9,Yes
4906,2024-07-29,3,44,17,No
3819,2024-03-01,8,1,7,No
3061,2024-09-13,4,56,22,No
3929,2024-12-06,2,43,16,Yes
755,2024-04-17,2,54,16,No
3921,2024-01-27,8,24,13,No
3096,2024-12-03,8,42,20,No
3801,2024-08-20,2,32,17,Yes
4953,2025-01-05,6,49,22,Yes
470,2024-12-21,6,45,15,Yes
4335,2024-04-11,9,7,22,Yes
1336,2024-11-29,2,6,6,Yes
2973,2024-05-20,2,44,4,Yes
2179,2024-12-20,6,50,6,No
2129,2024-09-29,9,55,23,No
4557,2024-01-05,6,2,22,Yes
771,2025-01-23,6,58,12,Yes
3021,2024-01-21,8,48,7,No
2514,2024-03-20,6,33,10,Yes
576,2024-03-16,9,52,24,No
1959,2024-12-02,3,12,20,Yes
2556,2024-08-02,9,57,18,No
3233,2024-05-15,4,32,22,No
4714,2024-03-20,7,39,10,Yes
4956,2024-06-26,7,52,6,No
3876,2024-11-11,2,46,8,No
3398,2024-09-10,9,2,24,Yes
148,2024-12-05,8,32,15,No
4485,2024-03-09,9,24,13,Yes
1640,2024-01-05,8,6,16,No
39,2024-06-20,6,5,11,Yes
445,2024-06-18,8,18,24,No
2422,2024-05-31,5,55,22,No
349,2024-10-06,5,43,24,No
2413,2024-03-24,1,30,19,No
3851,2024-10-21,2,56,7,No
404,2024-09-21,6,13,20,Yes
2945,2024-09-04,3,46,4,Yes
896,2024-10-07,4,29,1,Yes
694,2024-02-22,4,41,17,No
2663,2025-01-02,5,46,9,Yes
2087,2024-11-08,4,23,20,No
1886,2024-03-13,7,25,13,No
820,2024-02-02,5,37,4,No
1023,2025-01-23,6,34,14,No
80,2024-05-24,4,26,21,Yes
2677,2024-08-28,1,35,18,Yes
3733,2024-12-15,5,39,12,No
4013,2024-05-10,9,5,11,No
1414,2024-11-07,1,34,24,No
3886,2025-01-08,3,37,6,No
412,2024-10-03,2,31,9,Yes
556,2024-05-23,7,16,1,No
4261,2024-08-16,3,57,9,Yes
3757,2024-06-05,9,26,1,Yes
1389,2024-07-16,4,3,20,Yes
2700,2024-01-03,8,45,23,No
511,2024-05-30,8,48,1,Yes
4434,2024-03-30,7,25,8,No
249,2024-10-25,2,21,9,No
791,2024-05-06,7,56,6,Yes
1889,2024-08-21,3,43,7,No
2439,2024-02-23,8,28,13,No
3161,2024-09-03,7,19,4,Yes
716,2025-01-04,8,37,24,Yes
3848,2024-10-07,5,49,18,No
2908,2024-05-09,6,52,21,No
646,2024-12-15,6,5,24,Yes
3696,2024-08-30,9,48,19,No
236,2024-04-02,8,4,23,No
3905,2024-02-11,7,41,17,Yes
157,2024-05-14,7,20,2,No
1112,2024-08-08,5,20,2,No
3714,2024-02-10,6,23,2,No
1752,2024-08-22,3,34,16,Yes
1021,2024-04-03,3,25,4,Yes
4841,2024-09-12,5,35,22,No
3026,2024-06-21,8,55,17,Yes
2162,2024-10-01,5,42,4,No
1329,2024-01-25,5,56,21,No
2852,2024-05-18,8,3,13,Yes
3062,2024-06-25,4,14,5,Yes
3098,2024-03-14,1,26,18,No
3019,2024-11-14,2,33,14,No
4222,2024-04-02,9,20,15,Yes
2931,2024-08-04,2,22,18,Yes
2298,2024-08-16,7,18,4,No
1719,2024-08-07,2,53,5,Yes
2271,2024-11-13,8,16,2,No
3081,2024-09-14,7,13,2,No
1637,2024-09-22,8,34,19,No
2986,2024-11-28,6,36,24,No
1177,2024-11-12,9,20,24,Yes
2904,2024-08-20,2,15,6,No
3711,2024-10-28,6,40,20,No
2710,2024-10-04,5,6,14,No
3035,2024-09-25,1,49,17,Yes
552,2024-08-24,9,50,15,No
1326,2024-08-28,6,4,13,Yes
3724,2024-06-18,5,24,14,No
3908,2024-05-30,7,55,13,No
4719,2024-05-22,4,25,12,Yes
34,2024-06-17,5,8,7,Yes
2212,2024-09-19,7,47,24,Yes
2952,2024-05-12,8,46,23,Yes
2254,2024-08-19,4,26,5,Yes
1510,2025-01-23,1,22,10,No
531,2024-05-30,5,59,7,Yes
3520,2024-02-05,6,56,22,No
3637,2024-04-30,7,43,14,No
1125,2024-05-22,8,33,7,No
628,2024-01-03,4,37,23,No
1185,2024-02-29,7,53,3,No
579,2024-11-08,4,18,8,No
1131,2024-03-10,2,3,19,Yes
191,2025-01-04,6,56,6,Yes
1270,2024-10-24,9,59,18,No
2808,2024-12-20,6,34,16,Yes
3986,2024-04-19,5,10,4,Yes
2390,2024-07-31,9,59,3,No
2139,2024-01-02,2,12,1,No
1675,2024-12-19,8,54,12,Yes
4413,2024-06-17,7,33,10,No
581,2024-11-04,8,53,23,No
3039,2024-08-10,9,56,4,No
2029,2024-04-03,6,48,4,No
4956,2024-12-22,8,57,4,No
1937,2024-08-20,3,38,6,Yes
2532,2024-06-19,7,9,16,No
2979,2024-12-05,2,56,18,No
1476,2024-02-02,8,31,20,No
45,2024-12-23,2,2,2,Yes
4853,2024-10-24,4,18,19,Yes
3334,2024-04-16,1,50,3,Yes
223,2024-05-08,7,37,24,Yes
2283,2024-07-11,4,55,13,No
3141,2024-05-07,1,56,17,No
3661,2024-09-21,6,53,10,Yes
2301,2024-11-04,6,43,5,Yes
2056,2024-01-14,4,34,14,No
2281,2024-02-26,9,2,15,Yes
1600,2024-03-19,8,13,20,No
3377,2024-05-22,4,4,20,No
4969,2024-09-27,7,48,9,Yes
1064,2024-05-26,7,27,13,No
3854,2024-05-30,2,59,19,No
65,2024-09-02,7,6,19,No
152,2024-11-05,4,9,23,No
4236,2024-05-04,7,17,7,No
111,2024-08-04,9,45,20,No
3784,2025-01-03,2,9,10,No
1968,2024-12-08,3,39,8,Yes
2854,2024-06-27,6,39,17,No
2154,2024-07-27,3,55,21,No
4863,2024-03-01,8,53,5,No
1065,2024-02-05,5,53,23,Yes
4453,2024-07-03,1,57,19,No
3968,2024-07-28,3,52,3,Yes
1692,2024-10-10,7,33,15,No
2602,2024-07-24,4,33,9,No
4463,2024-03-10,8,19,1,No
2407,2024-12-27,1,30,22,Yes
1475,2024-03-08,8,11,10,No
786,2024-12-25,1,52,2,Yes
4914,2024-05-02,6,34,10,Yes
3348,2024-02-01,5,52,5,Yes
2415,2024-08-26,3,11,13,Yes
1483,2024-01-15,1,25,6,No
4551,2024-12-02,1,10,7,Yes
2795,2024-08-02,2,58,23,No
3079,2024-06-20,7,48,18,No
269,2024-11-10,3,52,19,No
3918,2024-05-09,2,23,11,No
2426,2024-09-22,7,38,1,Yes
4217,2024-01-16,1,18,5,No
4523,2024-06-10,9,25,20,No
3215,2024-04-28,7,27,5,No
3000,2024-02-22,2,24,22,No
2728,2024-07-12,5,17,13,Yes
1365,2024-01-18,8,52,15,No
2479,2024-03-08,6,36,8,No
3962,2024-12-27,9,53,1,No
3135,2024-03-07,3,5,13,No
1227,2024-08-18,9,12,6,No
2157,2024-11-21,1,41,13,No
3288,2024-06-02,8,59,20,Yes
2271,2024-05-03,6,42,20,Yes
28,2024-05-07,1,37,4,No
833,2024-01-28,3,50,14,No
1440,2024-04-19,7,18,24,Yes
1173,2024-08-13,8,29,7,No
3745,2024-12-11,6,23,12,No
2150,2024-03-31,3,57,17,No
2749,2024-11-29,5,34,10,No
1415,2025-01-01,1,55,9,No
328,2025-01-19,3,25,21,No
4972,2024-09-08,5,13,1,Yes
4290,2024-02-04,5,25,14,No
3719,2024-10-01,6,34,17,Yes
267,2024-07-30,7,31,9,No
1819,2024-11-21,5,10,14,No
1040,2024-11-28,4,48,14,No
2319,2024-03-23,9,15,15,No
3244,2024-05-25,5,26,8,No
3378,2024-06-01,1,30,4,No
268,2024-08-21,1,11,21,Yes
1921,2024-06-29,8,13,8,Yes
665,2024-08-02,9,19,3,No
445,2024-04-06,5,25,6,No
1769,2024-02-02,4,16,12,Yes
4722,2024-02-23,1,51,17,Yes
3580,2024-03-07,2,53,14,No
780,2024-11-16,6,32,10,No
4535,2024-02-09,1,19,18,No
4014,2024-04-17,3,25,9,No
4299,2024-10-05,1,29,1,No
899,2024-12-23,8,19,9,Yes
2718,2024-01-08,2,47,22,No
3030,2024-09-08,7,52,23,No
2593,2024-10-05,8,44,20,No
2856,2024-04-05,5,57,22,Yes
774,2024-10-12,9,8,19,No
4111,2024-09-06,8,54,23,No
4964,2024-10-03,9,52,23,Yes
3797,2025-01-23,6,22,11,No
3240,2024-01-25,6,59,23,No
662,2024-07-21,9,29,15,Yes
307,2024-08-01,5,51,23,No
1789,2024-02-09,9,22,13,No
3405,2024-06-12,3,48,5,No
130,2024-12-22,2,3,2,No
53,2024-06-01,6,57,18,No
219,2024-06-26,8,41,3,Yes
3774,2024-11-14,4,33,24,Yes
3237,2024-09-18,2,42,8,Yes
111,2024-06-18,2,56,17,Yes
2036,2024-09-19,7,14,16,No
2020,2024-07-24,3,40,12,Yes
477,2024-07-11,4,31,19,No
3622,2024-04-28,8,33,10,No
4975,2024-06-30,9,6,8,No
3564,2024-08-09,2,34,18,Yes
2051,2024-06-15,2,5,21,No
3748,2024-12-28,2,25,3,No
51,2024-05-31,3,35,16,No
1143,2024-02-10,1,43,14,Yes
4960,2024-09-24,2,33,17,No
2884,2024-01-15,8,41,19,Yes
4566,2024-03-25,8,47,22,No
49,2024-11-17,7,59,8,Yes
102,2024-10-09,9,54,8,No
1429,2024-12-14,1,41,11,Yes
4641,2024-09-24,9,23,10,No
638,2024-03-31,9,31,22,Yes
4734,2024-06-22,3,1,23,No
4358,2024-03-12,3,20,18,No
4589,2024-02-08,3,2,19,Yes
1863,2024-03-28,2,38,4,No
2440,2024-12-05,7,5,7,Yes
2687,2024-09-24,7,51,12,Yes
4698,2024-12-26,8,18,11,Yes
1683,2024-10-03,3,17,10,Yes
2731,2024-07-14,1,11,9,No
2446,2024-08-09,8,48,6,Yes
2596,2024-10-26,3,38,11,Yes
2327,2024-01-22,2,43,5,No
2690,2024-06-10,7,41,8,No
4573,2024-11-10,8,2,16,Yes
4346,2024-05-19,8,27,21,Yes
2766,2024-07-18,6,47,14,No
1983,2024-10-28,8,21,8,Yes
1133,2024-12-31,2,14,8,Yes
146,2024-11-06,9,50,23,Yes
1775,2024-09-26,1,37,15,No
4799,2025-01-24,2,1,19,Yes
845,2024-06-07,9,23,14,No
4513,2024-03-30,1,17,9,Yes
4251,2024-10-01,6,26,18,No
4364,2024-09-13,6,39,12,No
1844,2024-03-21,9,23,19,No
4740,2024-12-20,1,50,9,No
50,2024-09-29,1,26,3,Yes
1925,2024-05-26,4,42,16,No
2241,2024-08-17,7,23,11,Yes
3038,2024-01-19,3,38,7,No
2754,2024-06-17,6,35,21,Yes
230,2024-03-19,3,51,10,No
2431,2024-01-23,5,46,3,No
1655,2024-05-04,8,24,20,No
2258,2024-02-10,1,36,14,No
4216,2024-12-08,2,25,8,No
2452,2024-04-22,6,33,4,No
3110,2024-12-11,4,4,23,Yes
2392,2024-03-26,1,42,20,No
2868,2024-11-11,9,22,9,Yes
821,2024-10-03,2,16,7,No
1215,2024-10-11,1,34,3,Yes
4841,2024-08-23,5,2,15,Yes
2049,2024-02-16,2,50,8,No
673,2025-01-10,1,50,2,No
339,2025-01-21,9,46,17,No
4578,2024-03-26,9,3,12,No
4416,2024-04-17,1,17,15,No
4867,2025-01-16,7,47,13,No
2330,2024-03-22,6,46,24,No
2049,2024-01-09,8,44,15,Yes
922,2024-04-16,8,47,24,No
346,2024-08-09,4,18,21,No
167,2024-07-14,4,36,23,No
4839,2024-09-24,6,13,17,Yes
2760,2024-08-11,1,21,17,No
2836,2024-05-30,7,26,1,Yes
4268,2024-03-05,4,45,5,Yes
3424,2024-08-14,1,8,21,Yes
531,2025-01-18,3,45,24,Yes
360,2024-09-03,1,6,15,No
1102,2024-10-06,9,4,14,Yes
4041,2024-07-18,4,8,23,No
2154,2024-03-10,5,13,8,Yes
927,2024-08-06,6,9,10,No
2556,2024-10-04,4,29,20,No
899,2024-12-25,5,29,18,Yes
3812,2024-12-05,9,46,16,Yes
4989,2024-06-22,2,8,12,Yes
3769,2024-04-05,3,4,10,Yes
2822,2024-08-29,5,9,2,Yes
4669,2024-03-14,4,19,5,No
2047,2024-09-27,7,5,4,Yes
3406,2024-08-24,3,45,19,No
2587,2025-01-13,7,6,12,No
2113,2024-07-12,9,15,5,No
1595,2024-01-15,4,53,24,No
2383,2025-01-04,7,45,12,No
3878,2024-05-04,4,57,16,No
4353,2024-03-17,4,31,7,Yes
1099,2024-01-04,4,42,4,Yes
3099,2024-09-15,4,12,1,No
2885,2024-09-04,6,49,4,Yes
2199,2024-08-17,7,44,10,Yes
4839,2024-10-14,2,39,5,Yes
3305,2024-04-25,3,44,19,Yes
3143,2024-05-17,3,21,9,No
271,2024-08-12,8,34,11,No
4955,2024-02-10,5,5,12,No
4751,2025-01-15,5,58,14,Yes
4564,2024-01-04,8,56,23,No
2905,2024-07-27,9,35,12,Yes
4368,2024-04-03,1,48,3,Yes
1906,2024-12-06,8,11,9,No
3515,2024-10-01,7,28,18,No
1544,2024-04-26,4,23,4,No
3066,2024-04-23,1,43,11,Yes
3196,2024-05-16,1,14,7,No
4632,2024-11-22,2,17,14,Yes
3149,2024-11-20,3,18,2,No
4987,2024-06-26,7,55,23,No
2257,2025-01-21,8,5,18,No
4328,2025-01-22,8,25,5,No
2113,2024-11-21,4,2,14,No
152,2024-12-26,2,51,14,Yes
4691,2024-07-07,9,39,19,No
3074,2024-09-02,7,40,24,No
3117,2024-05-04,4,21,10,No
3566,2024-06-24,1,6,19,No
4260,2024-08-05,8,6,15,No
2925,2024-03-29,6,10,8,Yes
4900,2024-04-08,8,42,10,Yes
4558,2024-11-28,3,58,5,Yes
4127,2024-03-07,5,7,19,No
1220,2024-08-19,1,32,9,No
987,2024-09-12,2,27,12,Yes
952,2024-11-25,5,57,15,Yes
1542,2024-12-31,1,46,10,Yes
2890,2025-01-27,3,29,21,No
4107,2024-01-19,4,32,15,No
4138,2024-01-29,6,10,23,Yes
4044,2024-05-10,5,54,1,No
3325,2024-06-18,8,36,21,No
4608,2024-04-19,6,19,15,Yes
4555,2024-06-22,5,22,22,No
2477,2024-09-28,1,46,9,Yes
3629,2024-07-01,3,47,1,Yes
4511,2024-12-27,7,34,12,Yes
231,2024-10-26,5,29,16,No
1423,2024-08-28,6,20,9,Yes
110,2024-04-21,1,12,6,No
1473,2024-02-01,6,32,1,No
4814,2024-03-05,4,28,5,No
4819,2024-08-24,8,15,11,No
3956,2024-04-22,1,52,2,Yes
3005,2025-01-16,4,25,7,Yes
1195,2024-11-21,8,43,19,No
330,2024-12-08,9,11,1,Yes
1928,2024-03-05,2,37,22,Yes
3352,2024-03-28,5,56,22,No
4095,2024-10-08,2,3,7,Yes
357,2024-06-25,3,17,15,Yes
1897,2024-08-17,8,11,23,Yes
1501,2024-01-12,6,27,18,No
1065,2024-06-08,6,44,23,No
3038,2024-12-29,8,53,19,No
2388,2024-03-24,6,14,21,Yes
4931,2024-05-10,2,7,2,No
3392,2024-01-22,8,3,6,Yes
4445,2025-01-25,2,50,4,No
762,2025-01-07,1,48,24,No
2722,2024-03-19,6,55,3,Yes
4674,2024-06-18,5,46,1,No
1801,2024-06-24,3,20,14,Yes
702,2024-06-21,5,11,2,Yes
1598,2024-05-28,4,14,14,No
3618,2024-07-29,4,48,18,No
4989,2024-09-23,8,9,7,No
1350,2024-11-05,6,4,2,Yes
4754,2025-01-06,6,17,18,No
1511,2024-12-24,9,10,15,Yes
3835,2024-12-16,8,6,2,No
1953,2024-04-24,3,47,16,Yes
1438,2024-10-23,2,54,9,Yes
3268,2024-08-18,3,50,2,Yes
2177,2024-08-22,7,25,2,Yes
3691,2024-11-28,5,13,23,No
2303,2024-01-20,2,5,20,No
4736,2024-05-30,9,4,6,Yes
3255,2024-02-23,3,7,19,No
453,2024-02-23,9,8,4,Yes
4574,2024-07-31,1,24,9,No
323,2024-09-01,5,52,3,No
216,2024-10-12,6,25,2,No
956,2024-10-02,3,20,14,No
1837,2024-02-05,6,38,12,No
3226,2024-07-03,2,31,20,No
2011,2024-10-25,2,36,14,Yes
2400,2024-08-03,9,52,11,No
458,2024-11-22,1,52,6,Yes
132,2024-05-26,3,5,23,No
51,2024-07-23,1,49,6,Yes
4597,2024-11-26,7,17,5,No
347,2024-08-23,1,52,23,No
2918,2024-04-29,4,11,8,Yes
3504,2024-09-27,6,11,1,Yes
490,2024-07-19,7,19,5,Yes
4495,2024-06-24,8,55,7,No
159,2024-07-13,2,32,5,No
1544,2024-11-07,3,53,23,Yes
1826,2024-01-06,5,10,1,No
4576,2024-06-01,1,1,18,Yes
1177,2024-05-22,2,10,4,Yes
1706,2024-09-20,5,2,14,No
3443,2024-12-09,9,45,15,No
2950,2024-05-15,9,35,1,Yes
399,2025-01-17,1,16,3,Yes
4396,2024-12-09,3,12,7,No
2373,2024-08-08,9,48,8,No
2479,2024-09-12,2,55,1,No
2660,2025-01-17,8,41,5,Yes
3365,2024-04-26,5,33,8,Yes
546,2024-04-16,1,23,11,No
2541,2024-04-05,6,37,22,No
2269,2024-12-30,6,34,7,Yes
3286,2024-04-01,5,18,2,No
1273,2024-11-15,2,30,24,Yes
537,2024-02-06,4,48,13,No
3455,2024-12-19,5,36,6,Yes
2693,2024-03-24,7,3,19,No
2072,2024-05-25,6,4,16,No
4249,2024-10-05,6,9,22,Yes
2801,2024-11-04,1,36,22,No
3042,2024-06-18,1,42,14,No
154,2024-06-29,6,7,5,Yes
3608,2024-09-30,2,7,13,No
3536,2024-08-26,4,22,22,Yes
1043,2024-12-19,8,56,23,Yes
1985,2024-08-12,4,57,15,Yes
2271,2024-01-15,3,9,14,Yes
3372,2024-01-06,6,26,8,No
3383,2024-12-03,4,27,13,Yes
4571,2024-08-04,5,11,9,No
4097,2024-03-23,4,28,6,No
1423,2024-05-02,4,12,19,No
570,2024-12-12,1,56,9,Yes
584,2024-11-10,8,14,4,No
1625,2024-05-14,3,31,5,No
602,2024-06-09,4,40,13,No
4961,2024-10-25,4,12,1,No
1998,2024-10-30,1,23,12,No
4268,2024-12-12,2,14,9,No
4377,2024-05-22,7,26,9,No
667,2024-03-22,9,30,6,Yes
3471,2024-08-03,3,35,22,Yes
3072,2024-05-20,3,26,4,No
595,2024-01-17,6,8,4,No
2677,2024-09-06,9,29,13,Yes
804,2024-07-30,3,59,1,No
282,2024-01-13,9,56,13,No
2279,2024-11-21,9,33,16,No
1915,2024-10-11,5,41,21,No
153,2024-10-31,6,55,22,Yes
3991,2024-06-14,8,42,1,Yes
4232,2024-04-15,2,29,21,No
4082,2024-01-31,1,51,16,Yes
3581,2024-02-13,3,32,11,Yes
2661,2024-03-06,9,38,1,No
2252,2025-01-02,2,22,7,No
139,2024-01-25,4,53,16,No
66,2024-04-25,6,43,6,No
1951,2024-05-05,1,41,3,No
400,2024-10-21,2,5,15,Yes
639,2024-09-18,3,27,6,Yes
2600,2024-01-15,4,32,18,Yes
3372,2024-12-21,9,34,2,No
1326,2024-03-01,8,58,7,No
1222,2024-05-03,6,36,2,Yes
1741,2025-01-04,5,15,1,Yes
3743,2024-09-15,6,29,8,Yes
3625,2024-09-12,1,44,5,Yes
1580,2024-02-16,3,50,10,No
866,2025-01-23,8,10,8,Yes
2017,2024-07-11,1,16,22,No
1224,2024-03-14,6,9,1,No
1252,2024-10-05,9,13,14,No
431,2024-04-24,2,55,19,No
4244,2024-05-06,4,25,9,No
1333,2024-07-01,6,19,10,No
4443,2024-08-05,6,28,22,No
1406,2024-10-08,4,45,1,Yes
4207,2024-11-15,8,39,8,No
3776,2024-01-28,8,50,5,Yes
750,2024-06-13,4,18,14,No
2558,2024-10-07,3,46,12,No
2439,2025-01-31,1,13,15,Yes
772,2024-02-08,6,47,13,Yes
4785,2024-01-20,9,13,12,No
2163,2024-10-03,6,36,21,No
3533,2024-12-10,8,35,12,No
3199,2024-01-09,3,4,23,No
1503,2024-02-29,9,37,19,No
3818,2024-07-06,8,11,21,No
734,2024-04-21,8,27,20,Yes
1758,2024-04-15,6,13,16,Yes
2265,2024-08-22,5,32,22,Yes
2496,2024-05-23,4,2,20,No
4170,2024-04-11,7,8,10,Yes
425,2024-06-15,8,53,13,No
4876,2024-07-25,5,8,10,No
2404,2024-08-22,5,43,7,Yes
595,2024-01-11,8,29,7,No
497,2024-03-07,9,16,21,No
3257,2024-11-21,6,19,7,Yes
2920,2024-12-01,4,12,8,No
2135,2024-08-18,1,21,5,Yes
1595,2024-09-08,2,32,20,No
3936,2024-03-25,4,1,17,No
1630,2024-09-18,2,2,3,Yes
631,2025-01-27,4,1,9,No
3187,2024-08-23,8,7,15,Yes
2132,2024-02-06,8,14,24,Yes
1189,2024-06-12,9,58,18,No
986,2024-07-14,9,14,9,No
3090,2024-07-06,6,37,14,No
2879,2024-11-07,8,3,22,No
3082,2024-08-08,8,58,6,No
3067,2024-12-03,2,2,14,No
836,2024-11-13,2,43,24,No
3696,2024-07-07,9,27,23,No
4181,2024-08-24,7,49,9,Yes
4304,2024-12-22,1,7,9,Yes
1642,2024-10-24,9,3,1,Yes
7,2024-12-07,1,1,2,No
4004,2024-05-31,7,23,16,No
1964,2024-06-29,9,10,17,Yes
2271,2024-09-10,6,7,15,No
4640,2024-06-23,4,5,15,Yes
518,2024-10-17,3,25,20,Yes
2695,2024-06-24,4,11,8,No
4223,2024-11-09,6,16,23,No
1674,2024-10-18,4,9,3,Yes
4900,2024-07-08,3,45,2,Yes
470,2024-07-07,1,56,23,Yes
3456,2024-01-14,6,25,1,No
3147,2024-06-24,4,11,19,Yes
3406,2024-06-14,9,8,16,No
2296,2024-11-28,9,24,3,Yes
1502,2024-05-02,3,9,6,Yes
3810,2024-12-18,4,57,20,Yes
4289,2024-11-18,6,42,23,Yes
85,2024-07-17,2,51,13,No
2158,2024-03-09,3,51,21,Yes
805,2024-10-15,4,45,20,Yes
4259,2024-12-29,4,15,11,No
1073,2024-11-19,6,54,2,No
439,2024-02-12,3,28,2,Yes
2581,2024-08-14,9,30,13,No
643,2024-02-28,4,41,3,Yes
2718,2024-06-02,7,34,10,Yes
2716,2024-09-20,6,20,22,No
399,2024-07-05,9,33,6,No
4334,2024-05-26,9,37,23,No
4488,2024-02-08,3,30,17,No
1941,2024-10-13,4,19,3,No
3600,2024-04-24,4,4,1,No
4131,2024-11-15,1,35,5,Yes
473,2024-06-25,2,7,12,Yes
3674,2024-03-23,6,57,16,Yes
344,2024-12-19,8,30,3,No
3316,2024-06-09,5,47,4,No
1298,2024-03-08,2,48,12,No
4083,2025-01-13,1,6,3,Yes
456,2024-12-05,5,23,9,Yes
773,2024-07-06,9,32,11,No
2025,2024-03-14,3,23,6,No
2177,2024-02-01,5,55,6,Yes
2483,2024-08-20,9,49,5,No
23,2024-12-08,6,41,21,No
3258,2025-01-31,2,1,9,Yes
775,2024-09-28,8,36,21,Yes
909,2024-11-26,9,8,4,Yes
174,2024-09-13,2,20,23,Yes
4860,2024-03-24,7,49,3,Yes
3818,2025-01-31,9,56,21,Yes
4010,2025-01-23,8,32,18,Yes
16,2024-02-08,9,19,7,Yes
1710,2024-07-20,4,40,21,No
2840,2024-11-28,2,8,21,Yes
1497,2024-06-09,4,17,19,No
2236,2024-02-19,5,27,6,No
3517,2024-02-04,3,45,17,Yes
3844,2024-11-08,7,23,2,No
4169,2024-11-18,8,42,23,Yes
3814,2024-12-29,2,33,7,No
1802,2024-04-04,7,18,1,No
671,2024-02-17,9,26,19,No
1068,2024-06-02,5,3,24,Yes
109,2024-07-10,1,37,23,No
2077,2024-09-08,6,42,12,Yes
1161,2024-05-31,8,10,6,Yes
3209,2024-12-29,2,30,21,Yes
2360,2024-05-31,6,41,14,No
1609,2024-06-12,6,54,23,Yes
1705,2024-03-17,9,49,19,No
955,2024-01-31,2,3,17,Yes
970,2024-04-14,9,27,8,No
1921,2024-01-21,4,29,5,No
1367,2024-12-06,5,25,14,Yes
60,2024-03-10,1,35,7,No
4854,2024-08-30,9,47,18,No
4902,2024-11-18,6,4,24,No
4325,2024-07-16,5,28,20,Yes
400,2025-01-26,3,12,7,No
3905,2024-11-14,9,48,7,Yes
289,2024-05-14,2,27,1,Yes
2353,2024-08-25,3,44,15,No
1752,2024-04-13,8,38,14,No
870,2024-01-14,5,31,13,Yes
2003,2024-09-19,9,47,5,Yes
2028,2025-01-09,9,32,8,No
3635,2025-01-31,7,23,5,Yes
1828,2024-10-07,1,14,23,No
4119,2024-03-13,8,28,3,No
1105,2024-06-02,5,11,17,Yes
4871,2024-01-30,2,38,11,Yes
278,2024-04-06,6,31,24,No
4148,2025-01-08,8,6,6,No
4996,2024-07-04,7,23,18,Yes
3729,2024-12-15,4,25,7,No
4644,2024-05-03,3,16,18,Yes
1440,2024-03-29,8,26,16,Yes
1830,2025-01-05,3,54,19,No
2055,2024-02-16,5,54,12,No
1440,2024-03-27,9,11,17,No
3115,2025-01-12,9,10,12,No
1578,2024-05-25,8,33,14,No
4575,2024-05-26,3,14,12,No
1199,2024-01-05,8,43,7,No
4855,2025-01-12,7,33,14,No
1771,2024-12-25,7,6,7,Yes
840,2024-03-29,3,1,9,No
2169,2024-10-25,7,34,9,No
3056,2024-04-12,7,59,20,Yes
2522,2025-01-30,4,53,11,Yes
1313,2024-08-11,9,46,14,No
1557,2024-04-29,1,20,22,No
441,2024-05-28,2,21,21,Yes
2973,2024-11-25,9,24,17,No
3876,2024-01-12,7,11,23,No
3079,2024-10-21,8,23,12,No
3822,2024-05-08,1,34,5,No
1205,2024-02-16,2,56,8,Yes
3134,2024-03-31,3,1,2,Yes
4057,2025-01-01,3,6,17,Yes
3954,2024-02-15,2,21,9,Yes
209,2024-10-09,5,21,24,Yes
2876,2024-01-20,9,34,16,No
4118,2024-07-04,8,42,4,Yes
1743,2025-01-02,7,14,24,No
809,2024-12-03,8,28,24,Yes
790,2024-03-25,5,45,19,No
510,2024-06-30,9,53,2,No
2101,2024-09-01,4,33,1,No
2187,2024-10-19,7,35,6,No
37,2024-06-11,9,21,22,No
833,2024-10-25,3,16,1,Yes
3013,2024-10-17,9,30,7,No
160,2024-02-01,6,1,19,Yes
2317,2024-12-28,5,54,5,No
4938,2024-01-14,6,59,10,No
2566,2024-05-24,6,35,14,Yes
3206,2024-09-01,8,39,18,Yes
3048,2024-11-07,4,51,9,Yes
1667,2024-05-09,5,43,23,No
1909,2024-02-15,8,40,21,Yes
3677,2024-03-10,3,31,19,Yes
144,2024-12-01,8,37,17,No
1084,2024-05-01,8,55,10,Yes
928,2024-03-19,8,19,20,Yes
752,2024-06-15,9,43,8,Yes
3887,2024-06-03,9,32,24,No
1342,2024-07-27,8,39,22,No
565,2024-01-05,8,31,15,Yes
1486,2024-02-14,1,26,24,No
4338,2024-10-10,7,17,4,Yes
4176,2024-10-31,1,32,7,No
1631,2024-02-14,7,45,7,No
4707,2024-02-28,9,11,12,No
3073,2024-04-14,3,19,9,No
3853,2024-06-03,7,26,6,Yes
1827,2025-01-14,1,20,8,Yes
1675,2025-01-08,2,9,16,Yes
2655,2024-04-29,6,45,23,No
2704,2024-05-14,6,31,24,Yes
470,2024-09-14,4,40,3,No
4403,2024-12-29,7,9,24,No
4141,2024-07-06,6,48,6,No
2012,2024-08-30,2,11,24,No
3124,2024-02-05,2,13,13,No
940,2024-04-13,9,51,20,Yes
4033,2024-04-19,6,52,17,Yes
1607,2024-11-03,6,31,22,No
2069,2025-01-27,4,48,23,No
3773,2024-12-17,9,11,17,No
4561,2024-11-15,6,40,7,No
4798,2024-08-09,5,6,14,No
3262,2024-12-20,5,47,10,No
3154,2024-03-31,7,4,1,Yes
2635,2024-08-24,5,42,1,No
3849,2024-08-06,7,6,4,Yes
3828,2024-10-06,1,29,7,No
1704,2024-07-31,3,10,4,Yes
3358,2024-02-14,4,32,1,No
2383,2024-04-05,2,31,9,No
1796,2024-09-09,8,10,6,Yes
761,2024-05-02,1,43,8,No
1808,2024-05-28,9,51,6,Yes
2863,2024-03-06,8,52,17,No
209,2024-02-29,7,55,18,No
3061,2025-01-28,9,3,21,No
3288,2024-02-29,1,32,6,No
2054,2024-03-18,6,49,5,No
1966,2024-01-14,9,2,3,No
4915,2025-01-30,4,5,7,Yes
906,2024-03-25,6,38,20,Yes
3956,2024-11-13,3,14,18,Yes
70,2024-02-14,5,51,20,Yes
2679,2024-12-22,4,16,24,Yes
319,2024-12-28,7,50,1,No
2158,2024-04-14,2,23,10,No
2244,2024-09-14,8,55,22,No
579,2024-02-12,5,34,14,No
3522,2024-04-24,5,10,10,Yes
1997,2024-01-21,8,57,19,Yes
1191,2024-02-17,9,27,3,Yes
4300,2024-05-28,7,10,19,No
417,2024-10-30,8,15,16,Yes
2022,2024-06-05,3,9,1,No
3982,2024-10-13,6,40,9,No
904,2024-01-18,8,5,13,No
298,2024-03-24,1,49,24,No
3562,2024-11-12,3,43,12,No
1672,2024-09-26,7,46,8,No
3472,2024-11-04,3,17,5,Yes
1847,2024-01-26,9,19,23,No
1343,2024-10-11,6,2,2,Yes
1261,2024-10-06,4,11,15,Yes
4364,2024-11-26,5,24,11,No
4943,2024-09-27,9,57,8,Yes
2540,2024-12-30,2,36,4,Yes
2942,2024-02-05,3,23,2,No
991,2024-10-23,2,57,11,No
4968,2024-07-13,9,4,17,No
2382,2024-12-12,8,9,23,No
3628,2024-07-30,7,15,21,Yes
4179,2024-06-03,3,50,7,Yes
2697,2024-07-03,9,27,11,Yes
4057,2024-03-21,5,57,20,Yes
2793,2024-04-06,2,58,11,No
1121,2024-02-29,8,15,10,Yes
3168,2024-10-20,9,17,24,No
1258,2024-02-25,7,17,16,No
2220,2024-12-12,9,7,13,No
2700,2024-10-21,4,2,23,Yes
607,2024-10-29,7,11,6,No
1572,2024-01-19,9,23,24,No
3211,2024-09-19,5,47,7,No
2397,2024-03-19,1,55,8,Yes
549,2024-02-05,4,54,18,No
3542,2024-12-09,2,58,11,Yes
249,2024-04-21,8,34,22,Yes
2102,2024-04-08,6,59,23,No
650,2024-06-13,7,1,15,Yes
3802,2024-07-19,7,58,4,No
1249,2024-10-14,2,50,13,Yes
2566,2025-01-07,1,9,2,Yes
688,2024-12-22,3,43,12,No
2075,2024-04-15,3,8,23,Yes
982,2024-02-18,4,57,12,No
1783,2024-08-14,5,52,23,No
3626,2024-03-18,8,41,15,No
2530,2024-04-29,9,37,7,Yes
1191,2025-01-24,3,26,20,Yes
4064,2024-08-08,7,54,22,Yes
4449,2024-11-16,6,13,5,Yes
4107,2024-07-23,1,15,17,Yes
3392,2024-09-07,6,29,12,No
577,2024-01-28,8,42,8,No
2370,2024-06-02,9,17,6,No
4727,2024-12-30,9,21,5,No
2302,2024-12-22,9,3,3,No
4851,2024-02-05,1,3,23,No
537,2024-09-04,3,26,16,No
3766,2024-02-13,2,16,23,No
428,2024-01-06,5,46,12,Yes
517,2024-12-01,6,30,18,Yes
3595,2024-04-21,6,41,17,No
1034,2024-12-19,3,58,7,No
4547,2024-10-07,4,35,9,No
2878,2024-10-15,7,27,16,Yes
1808,2024-02-17,7,34,1,Yes
2886,2024-11-12,1,25,17,Yes
31,2024-02-28,2,32,15,No
25,2024-09-16,6,25,21,No
2039,2025-01-25,8,56,1,No
289,2024-09-02,5,26,19,Yes
4626,2024-05-28,3,53,13,No
3892,2024-01-19,8,5,22,Yes
1093,2024-06-13,3,22,8,No
654,2024-01-16,8,40,24,No
4283,2024-02-27,1,14,2,No
4717,2024-05-02,3,36,22,Yes
480,2025-01-04,2,10,22,No
3964,2024-04-15,5,36,18,No
2620,2024-03-22,1,25,10,Yes
2190,2024-01-12,9,51,1,No
1380,2025-01-25,7,13,6,No
141,2024-05-07,3,39,4,Yes
4646,2024-05-19,7,12,22,No
5000,2024-05-14,9,26,17,No
4527,2024-10-30,8,40,4,No
1343,2024-07-07,8,1,11,No
4954,2024-08-08,5,38,19,No
1438,2024-01-15,4,3,4,No
3228,2024-09-09,4,25,24,No
4354,2024-02-09,8,54,1,Yes
4045,2024-05-11,6,13,1,No
3803,2024-09-22,9,19,17,No
3498,2024-08-31,4,29,7,No
4296,2025-01-29,3,14,15,No
4809,2024-07-19,2,30,3,No
4618,2024-06-25,3,16,12,No
2599,2024-01-30,9,18,10,No
1351,2025-01-01,7,58,19,No
3797,2024-09-10,7,12,18,Yes
443,2024-08-20,2,35,2,No
4073,2024-06-26,2,46,8,No
1568,2025-01-19,1,29,11,Yes
4881,2024-12-26,3,21,9,No
3584,2024-03-19,3,27,12,No
4464,2024-07-02,5,14,23,No
2714,2024-12-28,4,27,11,Yes
376,2024-11-30,5,57,4,Yes
2888,2024-08-23,4,57,15,No
1939,2024-03-18,7,23,8,No
3411,2024-04-25,4,49,22,Yes
3766,2024-02-08,7,13,16,No
512,2024-07-12,1,39,5,No
28,2025-01-22,5,52,20,No
387,2025-01-17,7,16,9,No
2126,2024-04-16,4,28,5,No
3162,2024-03-01,9,46,7,No
2303,2024-07-20,4,10,18,No
3539,2024-01-14,6,12,21,Yes
4098,2024-04-10,7,53,23,No
4030,2024-12-05,7,24,8,Yes
2909,2024-09-11,9,3,22,Yes
1764,2024-11-24,9,57,21,Yes
201,2024-09-14,1,7,15,No
1384,2025-01-07,2,25,13,Yes
3685,2024-02-09,4,2,23,Yes
1599,2024-02-17,8,49,1,No
327,2024-11-29,4,11,22,Yes
951,2024-12-09,1,18,8,No
1014,2025-01-16,4,30,24,No
2593,2025-01-28,2,19,16,No
2506,2024-01-29,6,43,17,Yes
1577,2024-06-10,3,52,18,No
3382,2025-01-29,1,17,14,No
4385,2024-12-19,8,41,19,Yes
2761,2025-01-21,7,11,1,No
353,2024-08-13,7,41,15,No
4701,2024-01-16,2,44,3,Yes
80,2024-04-06,2,32,5,No
4372,2025-01-23,2,23,19,No
3461,2024-10-20,6,38,6,Yes
4099,2024-11-09,4,55,18,No
4625,2024-07-13,4,56,13,No
879,2025-01-30,5,4,15,No
1078,2024-04-15,1,14,10,No
1463,2024-01-31,7,34,18,Yes
1934,2024-08-05,8,50,3,Yes
2114,2024-07-23,1,9,4,No
2250,2024-08-24,5,15,7,Yes
968,2024-01-12,6,39,11,No
2380,2024-01-07,4,35,12,No
727,2024-06-25,2,49,20,Yes
416,2024-10-31,3,28,16,No
536,2024-11-07,5,52,12,Yes
2433,2024-05-23,2,59,13,Yes
3584,2024-07-25,1,28,24,Yes
1290,2024-11-01,9,36,24,No
8,2024-07-22,9,55,17,No
2198,2024-07-22,3,33,7,No
4355,2024-12-17,6,48,6,Yes
164,2024-11-05,2,35,1,No
3311,2024-05-05,2,17,12,Yes
1402,2025-01-01,2,30,17,Yes
692,2024-03-11,5,26,20,No
1990,2025-01-27,5,4,7,Yes
1307,2024-05-06,2,14,20,No
737,2024-04-21,5,26,9,Yes
141,2024-12-19,3,27,17,No
842,2024-08-24,6,39,24,Yes
1423,2024-01-31,9,12,17,No
4241,2024-01-15,2,35,14,Yes
4649,2024-09-09,2,36,22,No
2595,2024-02-25,6,4,19,Yes
3855,2025-01-15,7,45,23,Yes
790,2024-12-14,2,42,10,No
3034,2024-06-11,7,27,12,Yes
3145,2024-09-24,1,22,12,No
4424,2024-01-05,7,6,13,Yes
1559,2024-01-14,9,15,5,No
3621,2024-10-23,8,25,3,No
3266,2024-09-10,8,30,21,No
937,2024-02-03,3,39,20,No
1821,2024-05-20,1,12,7,Yes
2368,2024-12-01,2,33,3,Yes
4441,2024-01-25,6,40,17,No
2932,2024-10-13,1,24,24,Yes
2562,2024-08-03,3,3,18,Yes
4441,2024-04-11,6,36,14,No
3707,2024-05-07,4,41,24,No
1844,2024-04-03,2,31,19,Yes
1737,2024-04-20,5,9,19,Yes
701,2024-06-01,5,45,19,Yes
4102,2024-04-20,8,18,24,Yes
3580,2024-01-16,3,50,7,Yes
1302,2025-01-20,5,42,15,No
1852,2024-07-26,2,39,6,Yes
2029,2024-06-21,7,2,17,No
2165,2024-09-30,5,30,24,No
4886,2024-09-08,9,54,1,No
1718,2024-05-30,8,3,10,No
1853,2024-05-26,3,12,14,No
234,2024-12-22,4,7,24,Yes
4599,2024-10-04,7,24,17,Yes
472,2024-12-21,3,44,19,No
4266,2024-09-26,6,11,4,Yes
1460,2024-10-09,3,58,2,No
1895,2024-04-08,6,34,24,No
1320,2024-11-15,4,38,9,No
846,2024-11-29,6,40,23,No
3997,2024-03-28,8,53,6,No
4963,2024-05-04,2,20,16,Yes
4163,2024-08-27,6,13,10,Yes
3031,2024-06-20,8,54,2,Yes
4129,2024-11-03,5,53,10,Yes
1419,2025-01-09,6,38,11,No
4220,2024-01-03,5,2,20,No
4630,2024-10-22,6,21,10,Yes
3257,2024-09-09,5,47,22,Yes
1704,2024-04-05,6,44,13,Yes
3449,2024-03-13,2,18,2,No
244,2024-09-25,8,48,4,Yes
1016,2024-06-15,6,59,11,Yes
2005,2024-10-04,6,59,16,No
1598,2024-12-20,5,7,9,No
2114,2024-03-13,3,44,20,Yes
4919,2024-12-17,2,24,19,No
3713,2024-07-10,6,23,20,No
4199,2024-10-08,1,13,18,No
1212,2024-06-21,7,37,11,No
3899,2025-01-15,7,56,5,No
1820,2024-05-20,1,23,10,No
1899,2024-07-01,1,11,18,No
961,2024-06-10,1,20,13,No
420,2024-02-27,6,21,23,No
2509,2024-04-18,9,43,15,No
1556,2024-11-13,2,11,15,No
4344,2025-01-28,2,15,4,Yes
4067,2024-02-28,2,41,10,No
2817,2024-10-21,2,1,21,Yes
3256,2024-08-03,1,1,20,No
975,2024-01-13,8,44,16,No
1683,2024-04-19,3,19,20,No
3917,2024-06-08,6,44,16,Yes
2430,2024-09-22,7,57,13,No
2105,2024-03-25,3,46,20,Yes
2784,2025-01-19,4,20,13,No
4013,2024-04-30,5,30,5,Yes
3631,2024-08-07,2,27,8,No
2698,2024-09-10,3,15,1,No
3270,2024-10-04,9,55,22,No
1545,2024-10-14,9,26,3,No
3162,2024-04-15,6,41,6,No
3182,2024-10-07,2,11,4,No
1423,2024-12-29,2,19,19,No
1406,2024-09-07,2,54,2,Yes
3168,2024-04-10,4,37,21,No
130,2024-07-21,2,56,7,No
4278,2024-10-15,9,16,17,No
1728,2024-11-21,2,56,1,Yes
4570,2024-04-08,4,56,9,No
3434,2024-03-15,7,56,10,Yes
3860,2024-05-03,3,49,1,Yes
247,2024-09-29,6,23,24,Yes
1571,2024-01-09,5,56,22,No
1180,2024-01-17,8,50,22,No
120,2024-05-12,3,9,11,No
3997,2024-12-21,9,3,19,No
1612,2024-04-30,5,27,18,Yes
1756,2024-07-29,6,22,2,No
975,2024-05-10,3,7,12,Yes
2330,2024-08-12,7,27,12,No
1946,2024-07-05,5,51,1,No
1136,2024-09-22,5,22,6,No
950,2024-06-08,6,30,1,No
4227,2024-07-30,7,4,16,Yes
3730,2024-08-03,7,29,12,Yes
863,2024-05-20,2,9,13,No
4703,2024-09-21,1,39,4,No
1309,2024-08-08,5,59,1,Yes
2300,2025-01-12,7,55,17,Yes
2935,2024-09-02,4,16,11,Yes
3488,2024-12-30,5,5,18,Yes
4341,2024-05-16,2,35,4,Yes
1718,2024-02-20,8,57,20,No
911,2024-07-20,9,58,21,No
2088,2024-04-28,5,12,3,No
3753,2024-09-08,8,29,16,Yes
4163,2025-01-27,2,48,5,No
4597,2024-02-15,8,44,14,No
3151,2024-03-07,8,3,13,No
2838,2024-01-20,9,13,20,Yes
4160,2024-07-23,9,45,15,Yes
3013,2024-04-26,6,29,12,Yes
1706,2024-02-24,5,27,19,Yes
186,2024-08-22,5,33,5,No
972,2024-06-19,8,32,22,No
4057,2024-06-25,4,16,2,No
3447,2024-03-27,3,29,5,Yes
4955,2024-10-21,6,15,19,No
336,2024-08-14,3,2,24,Yes
1820,2024-09-03,5,40,19,No
3677,2024-07-23,6,37,20,Yes
2042,2024-01-20,5,19,5,Yes
2817,2024-03-03,7,39,18,Yes
2153,2024-05-13,3,38,17,No
259,2024-07-02,7,7,6,No
3863,2024-09-19,3,24,17,Yes
4680,2024-06-03,5,58,4,Yes
3571,2024-01-03,7,16,19,Yes
2457,2024-09-19,1,11,3,No
1163,2024-02-22,2,52,16,No
1916,2024-02-26,9,16,21,No
4708,2025-01-18,3,1,14,No
350,2024-05-17,2,33,6,No
2250,2024-05-09,9,53,21,Yes
31,2024-02-10,3,11,18,No
632,2024-07-08,2,13,13,No
2998,2024-08-12,7,9,1,Yes
322,2024-04-01,7,15,16,No
4240,2024-10-05,6,26,20,No
2038,2024-02-27,6,14,8,No
2851,2024-12-27,2,18,6,No
733,2024-06-08,2,41,24,No
4927,2024-12-30,5,10,20,Yes
2446,2024-04-19,8,13,19,No
572,2024-12-25,4,46,14,No
3826,2024-07-13,5,30,23,Yes
4936,2024-02-05,7,56,20,Yes
3664,2024-02-07,2,42,7,No
1473,2024-07-31,3,7,4,No
100,2024-10-02,6,29,11,No
4520,2024-07-14,8,56,2,No
3604,2024-03-01,6,45,12,Yes
1468,2024-02-22,3,25,19,Yes
1781,2024-06-06,8,7,20,No
676,2024-07-16,4,40,23,Yes
1197,2024-01-16,7,34,17,Yes
810,2024-04-11,9,51,18,No
4096,2024-07-11,6,39,20,Yes
4909,2024-02-08,4,12,20,No
2673,2024-02-15,9,35,14,Yes
1451,2024-09-21,3,47,24,Yes
3959,2024-11-07,6,17,4,No
266,2024-03-26,7,35,19,Yes
3012,2024-07-23,7,52,10,Yes
4936,2025-01-18,1,13,19,Yes
1200,2025-01-18,9,11,24,No
1267,2024-01-12,1,42,23,Yes
2391,2024-06-19,9,32,13,Yes
301,2024-06-23,9,50,23,No
4293,2024-06-22,8,30,11,Yes
1701,2024-12-29,2,12,17,No
93,2024-11-18,5,31,16,No
752,2024-05-18,1,41,24,No
3850,2024-07-13,5,44,13,No
4488,2024-06-28,6,56,20,No
2414,2024-05-12,5,24,7,No
2069,2024-03-30,1,44,11,No
2682,2025-01-14,2,56,9,Yes
3789,2024-07-22,8,57,23,No
1363,2024-09-13,3,52,13,Yes
451,2024-05-06,9,56,14,Yes
4274,2024-07-13,9,30,17,No
2386,2024-09-16,9,40,7,No
3607,2025-01-20,4,36,16,Yes
3861,2024-05-10,5,36,5,Yes
3263,2024-04-28,5,10,1,No
850,2024-09-12,1,3,8,Yes
4121,2024-08-19,4,9,14,Yes
2409,2024-02-15,7,39,15,No
2785,2024-05-16,4,31,21,No
4961,2024-01-14,7,49,3,No
1656,2024-04-11,1,51,16,No
3669,2024-05-28,1,48,6,No
3560,2024-12-12,5,2,17,No
3479,2024-05-19,2,24,20,No
2899,2024-11-19,4,52,11,No
3574,2024-12-17,2,5,2,No
1811,2024-06-10,8,38,17,Yes
4606,2024-05-23,5,26,9,No
4090,2024-06-22,2,1,12,No
2463,2024-10-17,8,48,3,Yes
1606,2024-06-30,9,15,9,No
1329,2024-12-11,1,46,22,Yes
3328,2024-07-29,3,29,9,No
1215,2024-08-05,2,46,22,No
474,2024-01-15,3,47,15,No
617,2024-01-05,8,58,8,Yes
4524,2024-04-28,2,30,19,Yes
207,2024-01-04,4,19,2,No
4148,2024-02-14,3,30,20,No
2506,2024-02-17,7,9,7,Yes
349,2024-11-03,8,56,3,No
4353,2024-07-30,5,59,22,No
2844,2024-11-25,3,30,8,No
4699,2024-03-11,8,53,4,No
1342,2024-03-18,9,13,18,Yes
2256,2024-09-11,9,37,16,No
2739,2024-03-17,2,39,7,No
1790,2024-04-22,7,41,16,Yes
2992,2024-09-24,8,49,18,No
4086,2024-07-11,6,44,12,Yes
1063,2024-10-27,1,43,6,No
4373,2024-08-29,3,38,20,No
3446,2024-05-16,6,29,23,Yes
2889,2024-12-17,5,8,18,No
809,2024-03-05,5,56,6,No
1195,2024-12-19,1,47,16,No
2429,2024-02-20,4,3,21,Yes
350,2024-11-29,7,9,23,Yes
4709,2025-01-07,6,5,5,No
1651,2025-01-27,4,13,2,Yes
2897,2024-08-15,3,28,13,Yes
484,2025-01-15,3,19,8,Yes
4109,2024-04-16,9,52,7,Yes
3065,2024-07-18,4,43,7,Yes
1543,2024-09-28,7,14,13,Yes
4370,2024-04-28,1,53,23,Yes
752,2024-09-30,2,35,16,Yes
1987,2024-07-07,7,44,13,Yes
2428,2024-12-02,5,55,22,Yes
4061,2024-01-29,5,42,20,Yes
1984,2024-10-24,6,39,4,No
1941,2024-06-15,1,58,4,Yes
2071,2024-12-13,2,50,1,Yes
3655,2024-11-19,7,59,11,Yes
2001,2024-08-18,9,10,3,No
875,2024-01-11,8,51,16,Yes
685,2024-10-26,8,51,15,No
628,2024-04-09,9,3,2,No
3849,2024-05-12,7,39,14,No
3250,2024-01-16,4,17,16,No
2462,2025-01-01,4,42,12,No
1744,2024-11-05,2,19,7,No
4847,2024-10-20,6,55,10,No
271,2024-02-13,4,37,14,No
3190,2024-07-27,6,32,24,Yes
3272,2024-12-15,9,38,10,Yes
2497,2024-07-03,2,35,10,No
4209,2024-01-17,6,20,18,No
2289,2024-10-05,2,54,13,Yes
3587,2024-02-28,2,15,6,Yes
4947,2024-02-05,4,12,21,No
1721,2024-04-06,8,5,17,No
4803,2024-07-29,4,10,17,Yes
392,2024-12-20,6,56,10,No
170,2024-05-12,8,59,4,Yes
2963,2025-01-20,9,33,13,No
2798,2025-01-31,6,22,14,Yes
2342,2024-01-10,2,31,5,Yes
1810,2024-05-03,5,40,9,Yes
4898,2024-05-20,4,20,4,No
321,2024-09-27,6,32,11,Yes
1512,2024-11-17,3,11,21,No
4845,2024-05-08,6,42,7,Yes
4150,2024-10-14,4,11,10,No
4699,2024-05-19,7,32,10,Yes
1560,2024-04-06,7,8,10,Yes
325,2025-01-16,3,38,12,No
4003,2024-08-30,6,40,17,Yes
4421,2024-08-25,8,28,14,No
1615,2024-01-18,1,34,6,No
876,2024-01-08,5,31,23,Yes
2226,2024-12-19,8,1,8,No
4055,2024-08-03,7,46,14,Yes
4742,2024-03-29,2,3,3,Yes
2128,2024-09-06,4,35,2,Yes
1914,2024-10-19,2,6,5,Yes
2288,2024-06-18,7,40,12,No
4355,2024-12-30,9,52,11,No
2476,2024-12-04,7,49,19,No
2605,2024-10-22,1,53,16,No
515,2024-06-20,2,45,14,No
2841,2024-12-29,1,5,10,No
90,2024-03-04,4,57,19,No
1593,2024-06-05,5,29,13,No
2164,2024-04-02,6,44,23,No
3573,2024-10-31,1,41,4,No
4052,2024-06-30,6,1,5,No
1649,2024-05-10,1,42,9,Yes
1507,2024-05-25,5,30,19,No
3589,2024-11-09,7,49,11,Yes
4127,2025-01-18,4,5,8,No
2753,2024-07-17,1,53,4,Yes
4085,2024-08-07,6,29,21,No
3439,2024-10-21,5,47,4,No
2416,2024-06-17,1,11,22,No
1358,2024-05-30,2,6,4,Yes
683,2024-03-11,5,34,16,Yes
752,2024-02-13,4,29,9,Yes
2234,2025-01-14,5,59,16,Yes
4600,2025-01-19,6,28,23,No
2680,2024-12-22,6,13,8,Yes
4938,2024-08-31,8,32,23,No
4670,2024-12-22,1,43,16,Yes
54,2024-12-23,6,14,6,Yes
422,2024-06-30,9,36,22,No
3422,2024-08-10,6,33,20,No
4632,2024-03-07,2,33,2,No
2715,2024-08-31,8,31,16,No
4398,2024-06-24,8,44,6,No
1943,2024-03-27,1,49,16,No
3150,2024-09-13,7,26,1,Yes
2502,2024-01-04,8,56,15,No
2222,2024-01-07,5,48,22,Yes
2646,2024-02-27,1,22,1,No
508,2024-07-31,1,22,1,Yes
3783,2025-01-15,2,56,6,Yes
4534,2025-01-02,7,33,1,Yes
1713,2024-02-04,3,48,17,No
3231,2024-11-27,9,53,12,No
3755,2024-08-16,9,19,1,No
729,2024-04-14,6,33,5,Yes
338,2024-05-18,4,58,16,No
3166,2024-06-05,9,57,17,Yes
3415,2024-08-24,2,11,4,No
1425,2024-10-23,4,26,19,Yes
1229,2024-12-05,5,27,22,Yes
420,2024-05-25,9,10,15,Yes
3676,2024-12-22,9,31,20,Yes
3081,2025-01-19,3,29,9,No
2905,2024-06-12,2,52,11,No
3345,2024-10-26,8,56,8,No
959,2024-04-04,1,50,21,No
3407,2024-04-29,3,7,17,No
1557,2024-06-09,5,56,23,No
4804,2024-12-11,1,53,4,No
4721,2024-03-01,6,41,14,No
152,2024-07-28,8,34,22,No
1595,2024-12-30,7,24,2,Yes
588,2024-04-18,2,14,14,No
50,2024-10-09,6,59,6,Yes
316,2024-04-26,1,39,5,No
3571,2024-03-24,4,2,19,No
4896,2024-08-04,5,5,17,No
2153,2024-05-22,8,41,14,Yes
306,2025-01-09,7,54,15,No
1125,2024-09-20,5,41,9,No
2267,2024-11-06,4,41,17,No
2815,2024-09-06,8,26,1,No
3283,2025-01-02,1,42,18,No
1268,2024-02-16,9,8,4,No
2096,2024-12-17,6,2,10,No
2722,2024-12-15,7,1,11,No
3344,2024-01-24,1,18,7,Yes
1744,2024-01-28,1,35,4,No
4021,2024-02-16,6,44,19,Yes
3144,2024-08-15,2,32,12,Yes
1090,2024-01-07,1,43,11,Yes
2212,2024-08-26,2,36,22,Yes
1987,2024-10-11,4,11,9,Yes
3708,2024-02-22,1,35,20,Yes
430,2024-03-05,2,10,10,No
3693,2024-12-15,2,46,11,No
4862,2024-12-30,1,45,20,No
3544,2024-11-14,5,26,2,Yes
499,2024-05-25,6,41,21,Yes
1390,2024-11-21,6,15,19,Yes
4087,2024-12-01,8,31,13,No
3996,2024-06-21,2,28,14,No
191,2024-08-17,6,49,2,No
2250,2024-07-26,3,5,21,No
2837,2024-02-08,1,11,6,No
936,2025-01-12,5,26,10,No
4654,2025-01-13,1,58,20,No
3227,2024-05-02,9,34,23,No
3475,2024-01-21,7,19,12,No
3540,2024-05-18,1,20,6,Yes
1065,2024-10-16,6,45,14,Yes
2199,2024-06-03,1,9,16,No
520,2024-10-13,5,40,11,No
956,2024-05-24,4,58,13,No
4057,2024-02-16,2,18,17,Yes
3630,2024-12-23,7,53,24,No
3045,2024-05-27,7,45,24,No
873,2024-03-29,4,30,17,No
3399,2024-11-16,1,11,1,No
1494,2024-12-27,5,41,11,Yes
1034,2024-11-22,9,47,18,No
2112,2024-05-05,1,30,7,No
3088,2024-06-09,4,37,3,No
1929,2024-12-31,8,34,8,No
30,2024-06-28,1,26,15,No
3532,2025-01-31,5,59,21,Yes
4706,2024-03-17,4,13,22,Yes
396,2024-10-04,6,7,17,Yes
15,2024-04-13,7,57,24,No
587,2024-11-23,6,19,21,No
214,2024-04-19,7,47,8,Yes
4322,2024-09-04,5,53,24,No
1231,2024-03-27,5,28,24,Yes
1846,2024-12-11,1,36,21,Yes
3912,2024-09-30,5,20,2,Yes
3001,2024-08-29,4,14,23,No
2780,2024-12-31,6,6,8,No
1256,2024-07-02,1,20,19,Yes
2476,2024-07-26,8,52,5,No
4523,2024-12-03,1,34,18,No
4471,2024-09-08,8,52,19,No
3054,2024-10-20,9,24,7,No
3123,2024-10-11,4,9,10,No
1949,2024-03-04,1,11,9,No
4069,2024-12-03,6,33,12,No
4651,2024-04-16,6,55,14,Yes
1990,2024-01-25,1,2,8,Yes
837,2024-03-11,9,41,12,Yes
1149,2024-07-31,3,53,23,Yes
2443,2024-06-15,2,24,14,Yes
2021,2024-07-12,5,13,6,No
1003,2024-05-20,2,49,2,No
3030,2024-11-22,7,16,19,No
2594,2024-08-21,2,56,7,Yes
748,2024-12-30,4,49,20,Yes
1722,2024-08-29,2,46,23,No
3270,2024-02-19,1,19,5,Yes
193,2024-02-12,2,34,2,No
2136,2024-06-23,5,49,12,Yes
1383,2024-09-22,7,50,17,No
2530,2024-10-13,8,26,14,Yes
1757,2024-03-07,4,2,20,Yes
4627,2025-01-08,7,8,13,No
3601,2025-01-08,8,7,12,No
1626,2024-02-03,9,3,9,No
1762,2024-09-25,9,32,23,Yes
3258,2024-08-27,4,22,19,Yes
1243,2024-01-20,6,26,11,No
3022,2024-12-11,4,9,14,Yes
4569,2024-09-24,3,7,16,No
2952,2024-10-31,6,47,2,Yes
1241,2024-05-22,9,21,22,No
3254,2024-02-07,4,2,2,Yes
1635,2025-01-04,5,13,16,Yes
3203,2024-01-02,5,7,13,No
3144,2024-09-06,1,26,19,No
3244,2025-01-07,2,51,12,No
4609,2024-10-22,9,52,11,No
752,2024-03-02,7,21,12,Yes
3872,2024-02-29,8,6,22,No
2862,2024-08-01,2,21,5,No
4377,2024-03-02,3,34,2,No
4900,2024-02-08,8,1,8,No
4979,2024-06-02,5,10,18,No
2511,2024-07-24,4,23,8,Yes
1117,2024-05-11,2,29,14,No
141,2024-05-10,3,4,9,No
2429,2024-07-14,2,1,11,No
1039,2024-12-30,1,18,7,No
4697,2024-11-28,4,25,3,No
1324,2024-02-11,1,18,2,No
4189,2024-02-22,6,17,20,Yes
322,2024-10-25,6,50,24,No
836,2024-09-15,9,24,4,Yes
2960,2024-05-03,5,11,1,No
642,2024-01-31,2,22,5,Yes
3063,2025-01-23,7,42,5,Yes
2454,2024-10-22,7,34,24,Yes
3433,2024-08-22,4,9,14,No
1785,2024-07-04,8,28,9,No
1098,2024-06-04,6,58,3,Yes
1667,2024-03-29,9,37,17,Yes
3138,2025-01-09,5,57,9,No
3288,2025-01-27,8,43,17,Yes
1071,2024-06-03,3,36,2,No
2476,2024-09-07,3,18,20,Yes
4311,2024-04-18,7,46,20,Yes
3792,2025-01-09,2,28,18,Yes
3164,2025-01-29,3,4,5,Yes
4961,2024-12-09,1,7,7,Yes
4370,2024-09-21,8,55,21,Yes
3882,2024-10-06,3,41,6,Yes
3216,2024-11-29,5,52,7,Yes
393,2025-01-26,3,2,16,No
4266,2024-06-21,9,28,13,Yes
2958,2024-12-29,1,55,6,Yes
645,2024-04-04,7,17,13,No
3193,2024-05-03,5,1,8,No
2953,2024-09-11,7,8,20,No
1594,2025-01-04,4,59,5,No
1634,2024-12-08,3,26,12,No
1127,2024-09-04,2,13,3,Yes
1271,2024-05-29,1,31,11,No
2230,2024-10-13,2,32,4,No
1198,2024-12-11,9,35,18,Yes
4029,2025-01-07,1,10,20,Yes
2789,2024-09-10,1,56,12,No
1910,2024-08-22,7,47,17,Yes
1208,2024-01-03,3,48,12,Yes
224,2024-01-29,3,1,14,No
611,2024-08-28,5,6,5,No
3761,2024-10-13,9,8,21,No
2588,2024-10-13,3,14,15,No
4919,2024-03-02,7,6,10,No
1640,2024-11-19,8,37,14,No
2547,2024-03-16,6,8,8,No
961,2024-06-23,8,43,24,Yes
4678,2024-05-04,8,21,9,No
4917,2024-03-29,5,48,3,Yes
3065,2024-06-20,9,19,14,No
1774,2024-02-18,5,13,17,Yes
2710,2024-03-21,1,29,21,Yes
4042,2024-02-14,4,7,22,Yes
2987,2025-01-19,8,39,6,Yes
2981,2024-11-28,7,39,24,Yes
3757,2025-01-07,9,2,21,No
3661,2025-01-29,1,25,10,Yes
4600,2024-10-11,5,58,7,Yes
1079,2024-01-16,9,50,3,Yes
453,2024-10-08,5,33,24,Yes
3391,2024-03-24,6,14,4,Yes
4821,2025-01-21,4,48,19,No
4921,2024-03-25,8,4,22,No
2612,2024-07-26,3,50,18,Yes
268,2024-09-04,3,42,5,No
2165,2024-10-19,2,51,5,No
737,2024-10-26,4,21,2,No
890,2024-01-31,2,58,23,No
3746,2024-11-10,9,43,22,No
1802,2024-07-28,9,57,20,Yes
775,2024-12-06,8,15,2,No
1572,2024-07-26,7,49,2,No
929,2024-07-29,9,26,2,Yes
4690,2025-01-07,3,16,7,Yes
679,2024-01-10,6,47,7,Yes
2408,2024-03-16,4,21,8,No
4077,2024-10-04,6,27,15,No
1929,2024-08-08,7,37,1,No
2630,2024-07-03,1,7,5,No
4536,2025-01-03,2,57,10,Yes
2477,2024-04-14,7,56,16,No
742,2024-10-08,8,49,8,Yes
3073,2024-04-20,5,54,14,No
4277,2024-10-19,4,29,3,No
2379,2024-11-27,6,33,5,Yes
1694,2024-07-03,3,13,21,No
3586,2024-08-23,1,24,2,Yes
4611,2024-02-02,4,15,18,No
553,2024-07-28,6,6,20,Yes
3064,2024-06-06,9,7,3,Yes
809,2024-07-25,9,14,16,No
1235,2025-01-23,9,56,6,No
4971,2024-12-08,9,44,11,Yes
619,2024-09-28,8,54,13,Yes
2817,2024-03-09,4,22,12,No
357,2024-02-25,6,34,18,No
2581,2025-01-28,1,27,1,No
2875,2025-01-02,3,57,23,No
677,2024-01-01,4,40,17,Yes
1806,2024-01-08,7,46,13,Yes
2905,2024-04-06,5,51,20,No
4780,2024-12-15,3,43,12,No
2194,2025-01-16,3,24,19,Yes
1446,2024-08-29,2,52,1,No
699,2024-01-05,1,40,13,No
1907,2025-01-22,5,28,17,No
2766,2025-01-18,4,50,2,No
4315,2024-10-30,2,30,6,Yes
2604,2024-01-11,3,20,10,No
2530,2024-08-16,4,21,11,No
3553,2024-01-24,3,21,19,No
2828,2024-05-05,9,5,7,Yes
4984,2024-09-06,1,40,4,Yes
2394,2024-09-23,6,17,21,Yes
4227,2024-02-01,4,35,13,No
1406,2024-09-27,7,8,1,Yes
3719,2024-11-19,3,6,24,No
1581,2024-09-19,2,33,7,No
1998,2025-01-19,3,36,21,Yes
1055,2025-01-10,7,59,17,No
1505,2024-08-01,9,18,14,No
4708,2024-12-31,9,28,21,No
1762,2024-12-26,3,13,13,No
4775,2025-01-26,8,24,9,No
85,2024-08-10,4,40,17,Yes
2226,2025-01-19,6,9,18,No
3540,2024-10-23,9,21,9,No
2330,2024-04-25,3,11,19,Yes
1528,2024-03-25,8,58,10,No
3450,2024-01-19,6,40,15,Yes
4966,2024-09-12,9,6,9,Yes
2031,2025-01-20,4,31,1,No
2839,2024-12-27,9,29,21,No
2222,2024-01-18,5,31,21,Yes
3033,2024-10-19,4,26,10,Yes
4162,2024-09-20,1,9,13,No
2891,2024-04-30,1,21,15,No
3869,2024-05-19,9,52,6,No
1627,2024-09-15,7,47,3,Yes
3462,2024-05-18,2,17,24,No
4336,2024-10-31,4,53,10,Yes
3455,2024-03-20,3,35,22,No
474,2024-12-10,5,53,13,Yes
2266,2024-12-21,3,3,24,Yes
2408,2024-12-20,7,17,18,No
4285,2024-08-10,8,39,9,Yes
1621,2024-09-08,3,35,2,Yes
1935,2025-01-04,4,32,22,No
1322,2024-06-04,7,10,20,Yes
2694,2024-10-03,5,20,16,No
4181,2024-08-13,2,10,21,Yes
1472,2024-07-28,5,53,4,No
226,2024-12-16,1,47,12,Yes
1320,2024-03-31,1,20,21,No
1598,2024-11-11,4,49,7,Yes
2462,2024-07-28,5,58,12,No
4501,2024-06-26,4,29,10,No
1214,2024-01-31,8,49,4,No
2828,2024-08-31,8,4,24,Yes
4536,2024-05-26,7,21,2,No
4630,2024-12-10,5,39,20,Yes
4905,2024-05-17,6,54,4,No
1377,2024-06-23,5,21,23,Yes
4347,2024-07-21,1,46,5,Yes
2072,2024-06-11,6,33,22,Yes
4249,2024-08-14,7,53,18,No
4304,2024-03-09,6,52,11,No
1071,2024-08-06,8,48,2,Yes
4721,2024-08-29,3,19,7,No
3628,2024-07-21,6,47,3,Yes
3156,2024-07-03,1,2,12,No
368,2024-12-12,1,59,5,No
1153,2024-05-21,2,2,18,Yes
1677,2024-02-15,8,59,9,No
59,2025-01-30,5,17,12,Yes
288,2024-11-02,2,21,24,No
1555,2024-09-18,5,38,19,No
3171,2024-03-23,3,8,19,No
2125,2024-09-14,5,41,21,Yes
3659,2024-02-22,5,5,12,Yes
2429,2024-08-16,6,54,17,Yes
101,2024-10-27,5,56,10,No
2086,2024-05-18,9,25,6,No
3601,2024-09-12,4,28,3,No
2531,2024-09-01,6,2,4,Yes
630,2024-10-22,8,35,3,No
200,2024-06-28,4,45,3,Yes
4096,2024-01-02,7,23,1,Yes
1914,2024-01-21,7,14,5,No
3548,2024-04-09,9,57,21,Yes
2635,2024-06-06,1,51,18,Yes
3351,2024-06-19,5,26,19,No
28,2025-01-26,4,15,1,Yes
4503,2024-03-08,1,15,1,No
3942,2025-01-21,3,39,15,No
3985,2024-03-17,5,24,18,No
1115,2024-02-01,5,33,6,No
586,2024-04-05,7,20,3,No
1852,2024-08-11,9,16,7,No
2193,2024-04-01,4,34,9,Yes
1102,2024-07-22,8,22,9,Yes
3333,2024-11-09,5,31,24,No
3135,2024-04-25,5,6,9,No
3666,2024-01-30,3,13,5,Yes
2745,2024-04-20,3,3,11,No
3513,2024-03-05,7,16,13,Yes
4369,2025-01-15,3,16,3,No
1243,2024-07-18,9,31,4,No
2589,2024-12-05,4,53,3,No
3063,2024-05-10,5,8,6,No
1784,2024-06-25,5,39,7,No
715,2024-03-28,7,41,3,Yes
4605,2024-07-09,2,59,24,No
4973,2024-08-14,5,48,10,No
4677,2024-04-24,8,8,18,Yes
1578,2024-05-03,6,52,15,Yes
3628,2024-01-06,6,12,14,Yes
3936,2024-11-09,3,15,17,Yes
2220,2025-01-01,1,52,3,Yes
3662,2025-01-23,3,8,21,No
2169,2024-01-17,2,17,4,No
2483,2024-08-24,4,8,10,No
1790,2025-01-20,4,32,7,No
1250,2025-01-31,4,49,7,Yes
4193,2024-05-12,9,59,7,No
369,2025-01-24,6,46,20,Yes
1964,2024-01-21,5,24,20,No
3225,2025-01-10,4,54,5,No
2659,2024-07-14,6,58,12,Yes
3967,2024-04-26,9,40,24,Yes
453,2024-06-20,7,12,12,No
4371,2024-02-14,9,32,22,No
2713,2024-08-09,9,15,21,Yes
1533,2024-09-20,2,51,12,No
3005,2024-06-24,6,31,1,No
4840,2024-03-16,1,13,5,No
4873,2024-11-27,8,33,12,Yes
128,2024-03-17,7,53,23,Yes
136,2024-05-19,9,59,7,Yes
2956,2024-08-26,5,27,18,Yes
2488,2024-07-23,4,54,5,No
459,2025-01-16,8,19,22,No
410,2024-09-02,5,59,5,No
199,2024-07-07,2,50,9,No
3202,2024-03-03,8,8,18,Yes
41,2024-03-05,7,41,1,No
1548,2024-06-24,6,43,12,Yes
4623,2024-12-28,8,4,14,Yes
2894,2024-10-12,3,10,1,No
1887,2024-04-12,2,25,21,No
372,2024-09-03,7,50,10,No
1008,2025-01-24,4,19,8,No
2043,2024-11-20,5,28,23,No
172,2024-10-21,9,10,19,No
510,2024-10-30,6,55,22,No
1553,2024-01-13,2,22,5,No
2705,2024-02-01,9,53,24,Yes
1752,2025-01-03,5,32,10,No
4718,2024-07-02,3,32,11,No
3655,2024-04-17,3,39,10,Yes
3940,2024-07-23,8,22,11,Yes
3484,2025-01-05,4,6,4,No
1969,2025-01-27,1,2,10,Yes
4709,2024-07-27,9,21,14,No
4040,2024-11-03,7,15,18,No
4020,2024-04-16,9,31,20,No
949,2024-04-09,4,39,14,Yes
2028,2024-03-10,1,21,14,Yes
3375,2024-09-09,1,28,10,No
579,2024-08-10,2,14,21,No
741,2024-04-28,4,9,7,Yes
4437,2024-04-21,9,17,10,No
3723,2024-05-12,2,33,11,No
4137,2024-03-07,2,37,10,No
1025,2024-03-17,5,13,16,No
1325,2024-09-29,1,52,11,No
4298,2024-06-30,8,30,10,No
36,2024-12-22,4,43,19,No
3673,2024-07-23,3,29,23,No
3699,2024-03-22,1,45,12,No
3698,2025-01-30,9,45,20,Yes
408,2025-01-29,1,50,6,No
3794,2024-09-23,8,37,13,Yes
845,2024-04-28,7,32,13,Yes
3935,2024-08-26,6,3,22,No
4734,2024-03-12,9,38,4,No
4384,2024-04-22,2,53,11,No
120,2024-09-11,4,59,10,No
3364,2024-12-11,6,32,13,No
4259,2024-03-31,4,8,5,Yes
2292,2024-04-05,8,43,14,No
2888,2024-06-21,2,10,19,Yes
1660,2025-01-19,7,16,3,No
4,2024-10-23,5,47,9,Yes
2398,2024-04-16,9,28,1,No
4080,2024-02-22,1,39,19,No
1990,2024-01-19,7,51,10,No
3183,2024-04-29,6,44,2,No
4404,2024-04-27,2,40,10,No
3750,2025-01-02,6,56,2,No
4777,2024-08-29,4,22,22,Yes
4586,2025-01-27,5,2,11,Yes
3006,2025-01-10,3,20,21,No
159,2024-12-23,5,24,12,No
3508,2024-12-31,4,14,22,Yes
4093,2024-01-28,4,32,3,Yes
1351,2024-01-04,5,2,20,No
4757,2024-10-05,4,35,1,No
2794,2024-12-20,1,45,4,No
4007,2024-10-26,2,19,23,No
1110,2024-06-08,6,6,21,No
3817,2024-03-13,1,51,5,Yes
770,2024-12-01,6,19,11,No
4508,2024-04-16,3,2,23,Yes
4790,2024-05-08,3,6,18,No
3322,2024-01-18,7,53,11,No
2619,2024-04-14,8,37,5,Yes
2232,2025-01-15,6,13,12,No
1328,2024-08-16,5,31,17,Yes
3689,2024-01-06,2,52,6,No
1546,2024-05-16,2,9,18,No
2788,2024-04-11,4,42,6,No
2884,2024-04-07,3,9,17,No
3,2024-04-29,5,4,23,Yes
337,2025-01-24,8,20,4,Yes
3843,2024-04-10,2,34,13,No
2925,2024-12-15,9,11,15,No
2989,2024-03-04,7,31,13,No
4016,2024-11-19,5,29,6,Yes
245,2024-11-16,1,56,6,No
4966,2024-10-02,1,14,8,Yes
1401,2024-09-20,8,18,5,Yes
1073,2024-04-17,8,52,19,No
1076,2024-09-30,7,35,1,No
2884,2024-05-23,3,44,21,No
3413,2024-07-06,2,17,3,No
1117,2024-07-23,4,59,14,No
4907,2024-11-20,5,52,22,No
2371,2025-01-27,8,22,22,Yes
1950,2024-02-12,7,31,3,Yes
4921,2024-03-06,4,26,6,No
185,2024-07-03,5,39,6,Yes
551,2024-11-26,1,18,2,No
4116,2024-09-06,9,55,2,No
515,2024-10-07,6,45,14,Yes
4929,2024-11-16,5,47,13,No
2231,2024-01-07,8,23,24,No
1258,2024-05-17,2,21,6,No
3455,2024-08-25,3,6,14,Yes
755,2024-04-22,6,42,17,Yes
1285,2024-08-13,1,17,9,Yes
2642,2024-02-21,7,39,9,No
2069,2024-10-30,8,32,11,Yes
72,2024-09-25,2,16,10,No
2913,2024-12-29,8,43,14,No
3527,2024-11-24,3,42,9,No
2071,2024-11-16,7,48,7,No
2581,2024-07-09,8,2,18,Yes
1003,2025-01-20,4,28,15,No
4430,2024-12-17,2,38,22,No
2797,2024-12-12,3,4,20,No
619,2024-02-28,6,39,18,No
2894,2024-09-01,3,48,12,No
1141,2024-08-03,3,53,22,Yes
2280,2024-10-19,7,45,24,No
228,2024-12-03,2,56,5,Yes
4456,2024-07-16,2,55,9,Yes
4313,2024-10-03,4,30,1,No
2000,2024-01-09,6,18,22,No
480,2024-11-30,1,48,10,Yes
318,2024-11-17,5,34,15,No
4344,2024-07-16,1,4,15,No
3125,2024-05-31,7,43,13,No
562,2024-07-08,4,11,21,No
4155,2024-12-27,3,2,6,Yes
4965,2024-07-01,5,29,8,Yes
4373,2024-06-06,3,11,19,Yes
1012,2024-06-03,8,15,19,Yes
2634,2025-01-07,6,14,5,No
2421,2024-12-19,9,55,21,No
734,2024-03-14,3,39,13,Yes
4978,2024-02-19,7,54,21,No
1593,2024-07-07,8,36,20,Yes
1372,2024-09-07,2,47,12,No
3237,2024-12-06,8,22,7,Yes
4620,2024-12-22,3,44,20,No
3097,2024-10-03,9,6,4,Yes
57,2024-04-23,7,2,13,Yes
548,2024-08-25,4,7,24,No
3061,2024-11-13,5,10,8,Yes
1256,2024-12-08,3,38,13,No
2445,2024-03-21,5,14,10,Yes
4538,2024-08-10,6,45,13,Yes
1342,2024-05-28,8,34,4,Yes
1883,2024-01-16,7,21,15,Yes
1966,2024-06-14,1,20,12,Yes
3360,2024-04-15,8,55,11,No
517,2024-12-31,6,33,10,Yes
88,2024-03-15,2,47,20,No
2806,2024-11-18,6,45,12,No
62,2024-08-18,4,28,17,No
184,2024-04-11,8,3,3,No
834,2024-11-27,6,23,15,No
3608,2024-11-04,1,4,21,Yes
4581,2024-08-07,6,51,12,No
3795,2024-09-24,6,55,1,No
292,2024-09-28,2,58,1,Yes
3802,2024-07-04,9,41,1,Yes
2333,2024-11-11,2,49,4,No
4956,2024-04-14,7,49,18,Yes
616,2024-05-14,9,45,24,No
2044,2025-01-06,3,21,10,Yes
1516,2024-03-08,8,43,1,No
4912,2024-09-26,1,12,9,No
1714,2024-10-11,9,45,21,No
4398,2024-04-19,5,21,22,Yes
2775,2024-11-21,1,35,21,Yes
3196,2024-10-19,5,10,22,Yes
4367,2024-01-20,7,13,13,No
2176,2024-04-23,4,21,13,Yes
3760,2024-11-04,2,45,3,Yes
3921,2024-08-21,5,25,3,No
3643,2024-11-10,6,8,18,Yes
1091,2024-11-06,2,29,1,No
2531,2024-08-27,2,3,8,Yes
1700,2024-12-12,1,51,13,No
2863,2024-12-10,8,41,22,No
1353,2024-09-22,8,9,11,No
1676,2024-04-21,3,25,8,No
4264,2024-12-12,6,15,6,Yes
226,2024-04-18,8,16,13,Yes
3351,2024-02-11,3,35,20,No
4642,2024-12-21,3,51,18,No
3244,2024-07-09,7,53,14,No
4924,2024-01-12,3,9,14,No
854,2024-05-01,5,1,22,Yes
3998,2024-03-25,3,36,2,No
1702,2024-02-18,8,24,20,Yes
3627,2024-10-31,1,55,18,No
4669,2024-09-18,7,7,24,No
3101,2024-07-10,1,50,14,Yes
1716,2025-01-22,1,25,1,Yes
4793,2024-10-24,7,53,15,No
3545,2024-12-11,9,40,8,No
1263,2024-08-03,8,34,21,Yes
1087,2024-06-25,8,20,14,No
3895,2024-07-04,6,1,11,Yes
3595,2024-02-11,2,21,15,No
3640,2024-12-14,5,33,24,No
3538,2024-12-16,3,46,10,No
3442,2025-01-07,3,25,23,Yes
2010,2024-01-16,9,21,4,Yes
4165,2024-03-06,5,1,24,No
726,2024-06-18,7,57,10,No
1096,2024-01-06,6,42,14,No
3860,2024-07-21,8,8,1,No
4075,2024-08-11,4,18,13,Yes
1487,2024-08-10,4,14,8,Yes
470,2025-01-12,3,12,22,Yes
250,2024-11-28,7,28,23,Yes
3721,2024-09-25,7,53,5,Yes
1074,2024-07-26,8,43,3,Yes
3642,2024-11-22,8,34,14,No
3375,2024-12-09,2,47,20,Yes
1687,2025-01-27,1,35,20,Yes
1589,2024-01-19,8,58,21,No
85,2024-07-25,7,54,20,No
3400,2024-11-26,5,14,7,No
1324,2024-08-22,3,15,19,Yes
192,2024-04-24,7,59,17,No
1774,2024-06-01,1,12,10,No
1172,2024-09-10,7,44,3,No
4572,2024-08-01,9,35,20,No
4964,2024-08-29,9,49,17,Yes
4073,2024-02-17,1,40,19,Yes
1219,2024-06-01,5,48,12,Yes
1785,2024-10-17,1,29,13,No
2632,2024-10-22,3,20,1,Yes
2197,2024-12-13,6,50,8,No
4858,2024-09-29,6,12,13,No
1646,2024-08-07,3,44,21,Yes
3742,2024-05-06,3,50,20,Yes
813,2024-03-13,1,19,14,Yes
4083,2024-10-13,4,16,6,No
1935,2024-10-25,9,40,20,Yes
4255,2024-07-02,7,26,8,No
3419,2025-01-05,8,31,15,No
480,2024-11-11,4,13,13,Yes
4158,2024-02-15,1,57,5,No
4052,2025-01-09,7,18,10,Yes
635,2024-01-01,2,26,11,No
4526,2024-04-28,1,58,5,No
2983,2024-09-27,9,3,22,Yes
2276,2024-06-20,9,56,20,No
2234,2024-04-04,5,3,24,Yes
282,2024-06-07,1,7,19,Yes
3389,2024-03-16,1,43,13,No
4820,2024-08-28,2,55,11,No
931,2024-07-14,8,34,22,No
4596,2024-03-27,7,56,7,Yes
1669,2024-03-19,6,38,18,No
4283,2024-02-22,8,15,4,No
1018,2024-06-15,5,37,4,Yes
280,2024-06-29,3,54,14,No
4898,2024-10-16,6,54,14,No
2081,2025-01-23,2,7,23,No
299,2024-07-24,4,26,8,No
3245,2024-05-03,9,28,4,No
2137,2024-12-12,2,46,12,No
2896,2024-08-14,6,36,16,No
468,2024-05-31,8,53,7,No
4235,2024-04-15,7,2,1,Yes
3384,2024-10-20,9,37,23,Yes
4932,2024-12-12,3,28,20,No
2313,2024-07-31,5,23,3,Yes
2164,2024-04-26,9,15,10,No
2931,2024-11-01,4,57,14,Yes
1739,2024-11-05,6,44,21,No
519,2024-05-11,9,50,21,No
2428,2024-11-10,6,27,14,Yes
3639,2024-06-21,9,48,2,No
4510,2024-11-01,1,51,15,Yes
160,2024-05-27,7,43,23,Yes
3759,2024-01-04,4,41,17,No
1529,2024-04-12,2,58,6,Yes
3749,2024-10-11,5,22,22,No
518,2024-10-15,9,40,14,Yes
2383,2024-06-27,9,33,23,No
1222,2024-06-13,5,4,15,No
4446,2025-01-15,7,50,13,Yes
4325,2024-05-26,9,22,11,No
936,2024-07-31,2,34,24,Yes
373,2024-07-04,4,22,6,No
2595,2024-08-10,3,28,15,Yes
4760,2024-12-05,8,35,11,No
3041,2024-11-30,3,37,8,No
1356,2024-07-07,5,58,10,No
533,2024-04-11,3,16,5,Yes
3399,2024-02-08,9,55,24,Yes
4199,2024-08-28,5,49,5,No
923,2024-01-30,9,18,5,No
4430,2024-09-19,2,36,7,No
3771,2024-09-08,6,46,3,No
2545,2024-04-21,5,33,15,No
1994,2024-01-17,4,4,23,Yes
2505,2024-01-28,2,54,21,No
1941,2024-03-17,7,11,3,No
1174,2025-01-13,7,36,23,No
4454,2024-02-16,1,55,24,No
645,2024-01-09,2,6,7,No
4679,2024-12-05,7,22,14,No
1889,2024-03-15,8,47,17,Yes
1370,2025-01-11,9,42,1,No
3240,2024-08-27,4,33,13,No
3760,2024-04-14,4,58,19,No
4026,2024-07-13,8,49,12,No
302,2024-12-09,7,1,20,Yes
4183,2024-07-11,3,28,5,No
2923,2024-04-23,3,48,9,No
4611,2024-12-15,1,3,13,No
4597,2025-01-15,8,22,11,Yes
2144,2024-03-26,9,59,19,Yes
3348,2024-06-28,7,26,14,No
4740,2025-01-11,6,55,12,Yes
3379,2024-07-18,1,35,4,No
874,2024-12-02,2,42,22,Yes
554,2024-08-24,7,20,15,No
8,2024-04-14,3,35,20,Yes
3018,2025-01-03,4,13,15,No
3715,2024-12-26,2,7,7,Yes
3154,2024-04-05,9,41,15,No
3919,2024-03-28,4,59,12,Yes
2324,2025-01-08,2,17,20,No
4868,2024-04-14,3,47,5,Yes
2500,2024-05-25,1,44,11,Yes
4458,2024-09-15,7,8,19,No
4221,2024-08-19,1,56,10,No
150,2024-05-17,9,3,20,Yes
2245,2024-10-15,2,42,4,Yes
3400,2024-04-19,6,59,12,Yes
3207,2024-11-02,2,10,6,No
2174,2024-02-03,1,17,6,No
288,2024-08-06,4,26,5,No
2573,2024-12-07,1,25,7,No
375,2024-07-19,5,38,13,Yes
4023,2024-01-03,8,31,11,Yes
580,2024-02-19,4,53,7,Yes
2945,2024-10-24,3,14,7,Yes
4541,2024-03-04,6,1,19,No
4507,2024-01-18,1,38,23,No
1665,2024-11-04,7,50,13,No
3530,2024-01-06,1,1,23,No
2298,2024-06-03,5,15,13,Yes
2746,2024-10-07,5,52,22,Yes
2074,2024-09-22,3,50,15,No
4453,2024-08-08,1,49,12,No
4204,2024-07-21,4,58,14,No
2037,2025-01-03,9,22,5,Yes
1927,2025-01-07,7,42,1,No
3462,2024-01-12,8,24,15,Yes
4771,2025-01-17,5,58,24,No
4707,2024-08-14,3,31,10,Yes
33,2024-04-16,1,6,20,Yes
3782,2025-01-16,4,45,12,Yes
1059,2024-03-19,2,25,13,No
3721,2024-07-30,8,20,22,No
4613,2024-06-07,8,54,23,Yes
163,2024-06-04,8,21,8,Yes
3569,2025-01-21,1,48,22,Yes
1596,2024-08-17,2,48,10,No
4858,2025-01-31,6,25,11,No
4600,2025-01-28,3,5,12,No
3963,2024-10-12,6,45,21,No
2719,2024-10-19,2,59,3,Yes
887,2024-11-17,1,7,10,No
4249,2024-12-19,9,22,7,No
2706,2024-04-11,2,28,3,No
1854,2024-12-06,9,44,12,No
1355,2024-08-28,7,26,20,No
2854,2024-09-20,1,32,21,Yes
353,2024-07-01,1,48,20,Yes
4203,2024-11-10,7,8,3,No
1917,2024-07-04,1,39,8,No
584,2024-11-18,8,11,21,No
4752,2024-05-23,6,8,10,No
3879,2024-02-16,9,34,12,Yes
4847,2024-09-04,2,58,2,Yes
3472,2024-08-08,8,32,6,No
3203,2024-01-30,8,28,19,No
4683,2024-11-11,7,26,1,No
2017,2024-12-09,3,31,11,No
3846,2024-01-12,7,8,23,Yes
2993,2024-11-02,7,24,24,Yes
1493,2024-04-11,4,11,24,No
2493,2024-09-10,1,20,13,No
653,2024-02-19,4,20,22,No
2419,2024-07-31,2,5,12,No
753,2024-05-29,3,2,10,Yes
3188,2025-01-29,1,17,14,No
1840,2024-12-28,5,30,24,No
1971,2024-12-02,7,33,12,No
2063,2024-12-04,9,44,16,Yes
1599,2024-07-06,6,7,18,No
3702,2024-11-22,3,34,9,Yes
4501,2024-10-13,1,24,12,No
2513,2024-02-25,1,10,12,No
2356,2024-01-08,3,59,2,No
432,2024-05-26,1,20,11,Yes
140,2024-06-28,7,48,17,Yes
3907,2025-01-19,1,42,7,Yes
4149,2024-09-08,3,8,7,No
1046,2024-05-06,9,44,24,Yes
1881,2025-01-01,5,4,20,No
1219,2024-05-19,7,6,2,No
1039,2024-08-02,1,29,17,Yes
3359,2024-08-10,8,20,8,No
3812,2024-10-21,3,11,8,No
847,2024-06-02,6,47,2,Yes
1905,2024-05-10,7,42,23,Yes
3199,2024-09-09,8,59,6,Yes
1754,2024-04-19,8,23,24,Yes
4413,2024-12-18,7,6,24,No
4480,2024-04-29,8,46,9,No
4749,2024-10-03,9,29,14,Yes
4866,2024-08-13,6,5,22,No
2508,2025-01-28,4,17,17,No
2691,2024-10-08,8,15,11,No
1298,2024-01-30,5,57,6,Yes
1160,2025-01-16,7,27,6,Yes
1093,2025-01-29,3,5,12,No
2280,2024-12-30,8,32,17,Yes
2475,2024-06-15,9,17,20,No
4485,2024-03-07,5,5,13,No
4743,2024-09-13,4,19,22,Yes
2066,2024-10-20,6,27,15,Yes
4032,2024-01-16,6,56,15,Yes
3820,2024-12-03,1,41,8,Yes
4196,2024-06-18,5,42,7,No
3933,2024-07-18,5,36,13,Yes
2173,2024-08-11,6,57,12,Yes
1973,2024-06-25,6,16,14,No
133,2024-02-14,9,48,4,No
4325,2024-10-10,4,32,14,No
3782,2024-04-07,9,13,5,No
2697,2024-08-14,2,37,24,No
3821,2024-10-04,9,53,14,No
4686,2024-06-04,8,59,22,Yes
2409,2025-01-13,8,30,7,No
4589,2024-08-18,8,24,14,No
4846,2024-08-14,6,32,8,Yes
2978,2024-02-16,9,35,18,No
1276,2024-10-30,9,25,11,No
290,2024-09-27,3,13,15,Yes
876,2025-01-20,5,54,21,Yes
4084,2024-10-03,8,28,13,Yes
3483,2024-09-14,7,24,16,No
3434,2024-05-01,9,9,5,No
2410,2024-08-15,2,16,16,No
3006,2024-05-20,4,11,12,Yes
2681,2024-05-05,6,46,4,Yes
1615,2024-05-15,9,39,16,No
3263,2024-06-30,9,36,15,Yes
2710,2024-01-23,1,19,10,No
2029,2024-11-06,9,13,21,No
593,2024-07-25,1,8,18,No
2172,2024-09-17,8,26,9,No
851,2024-06-12,3,24,12,No
502,2024-11-12,6,56,15,No
3539,2024-04-19,8,41,11,Yes
537,2024-09-14,3,29,10,No
2336,2024-01-21,2,18,18,No
3706,2024-07-21,7,18,7,No
2638,2024-03-21,4,30,12,No
1078,2025-01-17,4,33,12,No
3560,2024-06-14,3,2,11,No
2241,2024-01-30,5,56,1,No
1461,2024-03-17,5,22,16,Yes
4747,2024-05-02,7,20,11,Yes
4725,2024-01-24,3,22,12,No
2588,2024-09-18,2,9,15,No
1662,2024-10-19,7,53,7,Yes
702,2024-11-26,1,41,4,No
2492,2024-10-29,4,4,8,Yes
2313,2024-12-10,5,59,24,Yes
300,2024-07-18,5,19,20,Yes
1649,2024-05-23,3,17,14,No
1171,2024-07-20,5,15,9,Yes
2182,2024-11-07,2,28,2,Yes
675,2024-11-23,4,10,13,No
2625,2024-03-25,3,6,10,No
4867,2024-05-15,9,8,7,Yes
765,2024-04-23,4,29,18,No
2177,2024-06-01,5,59,10,No
2085,2025-01-31,8,34,22,Yes
2883,2024-04-28,1,4,12,No
3508,2024-07-02,9,18,23,No
200,2024-05-08,5,26,10,Yes
3005,2024-09-27,9,23,4,Yes
3484,2024-07-26,2,17,24,No
3125,2024-10-31,1,57,22,Yes
4375,2024-06-17,2,18,20,No
4161,2024-03-31,2,41,9,No
1728,2024-02-27,6,45,17,No
3132,2024-04-05,4,26,14,Yes
504,2024-02-22,6,27,15,No
2583,2024-12-17,8,7,3,Yes
1011,2024-07-01,2,15,11,Yes
488,2024-07-18,5,5,23,Yes
4289,2024-01-17,2,27,18,Yes
1387,2024-04-30,3,10,6,No
2771,2024-09-15,1,8,1,No
2969,2024-08-19,1,8,15,No
2752,2024-02-02,6,26,3,No
309,2024-01-03,2,58,15,No
2113,2024-09-23,1,29,22,No
2865,2024-10-06,6,31,21,No
3179,2024-01-24,5,1,5,No
4122,2024-04-17,2,34,3,Yes
1286,2024-06-18,1,46,18,Yes
1430,2024-06-07,4,29,6,Yes
4283,2024-08-02,1,58,21,Yes
2273,2024-11-14,8,55,3,No
2171,2024-05-28,3,26,24,Yes
2550,2024-07-14,4,19,11,No
3720,2024-08-06,8,14,1,Yes
2800,2024-01-01,4,4,8,No
596,2024-06-02,5,50,24,No
1574,2024-10-27,9,22,16,Yes
4757,2024-01-31,5,15,12,No
4238,2024-04-18,6,36,13,No
836,2024-09-01,4,49,9,Yes
548,2024-07-25,2,33,5,Yes
3250,2024-05-12,4,2,11,Yes
1568,2024-08-13,5,19,5,No
3897,2024-05-21,3,33,19,Yes
4826,2024-08-23,3,46,16,No
1222,2024-08-08,3,15,10,No
3657,2025-01-11,9,34,19,No
2286,2024-10-25,7,13,17,No
1609,2024-03-03,7,15,17,Yes
3942,2024-12-02,9,20,15,No
4706,2025-01-14,5,51,23,No
1739,2024-02-11,7,5,15,No
2150,2024-08-06,1,45,19,Yes
4101,2024-02-11,1,58,15,No
2651,2024-04-05,6,43,21,No
2716,2024-03-31,1,17,22,No
3939,2024-02-29,4,5,14,No
3691,2024-06-22,6,50,10,Yes
1068,2024-01-23,4,40,15,Yes
435,2025-01-21,9,15,24,No
3931,2024-05-01,4,8,11,No
1859,2025-01-07,4,47,20,Yes
2883,2024-10-21,7,42,15,No
2278,2024-12-14,9,30,3,No
227,2024-07-26,2,12,22,Yes
1560,2024-12-23,5,46,2,No
1794,2024-06-09,1,35,19,No
1076,2024-06-28,1,43,9,No
9,2024-10-09,5,43,12,No
2823,2024-07-28,4,10,20,No
4305,2024-12-29,9,35,1,Yes
4730,2024-09-14,6,51,11,No
265,2024-12-30,4,55,3,No
654,2024-12-25,7,12,8,Yes
4960,2024-02-05,4,8,16,Yes
758,2024-11-22,1,32,21,Yes
3817,2024-10-15,7,37,15,Yes
547,2024-11-23,2,3,16,No
2015,2024-01-23,8,51,23,No
365,2024-01-22,1,5,20,No
953,2024-06-03,6,58,4,Yes
1867,2024-03-03,8,57,22,No
2973,2024-06-09,7,39,12,Yes
3842,2024-09-23,3,28,19,Yes
2119,2024-11-04,1,22,20,Yes
972,2024-04-23,3,33,1,Yes
3862,2024-04-20,3,47,17,No
847,2024-04-20,9,21,14,Yes
4958,2024-07-09,9,48,12,No
919,2024-03-08,8,24,20,Yes
4503,2024-10-05,7,30,6,No
1947,2024-07-31,4,31,2,No
797,2024-12-31,4,57,9,No
413,2025-01-01,4,23,23,Yes
4367,2024-12-04,9,31,1,Yes
3318,2024-07-24,6,33,18,Yes
2144,2024-01-01,2,4,5,No
976,2024-02-21,2,42,15,No
3035,2024-04-24,5,33,12,No
3955,2024-09-20,5,35,21,No
3087,2024-06-09,4,18,18,No
299,2024-06-10,9,31,7,No
4502,2025-01-18,1,1,4,No
822,2024-01-01,4,11,23,No
1780,2025-01-27,7,26,10,Yes
214,2024-01-14,2,6,4,No
4713,2024-03-26,6,55,3,Yes
3025,2024-10-27,9,22,15,No
2870,2024-06-22,4,22,7,No
2114,2024-09-03,6,30,22,No
4533,2024-04-08,7,37,1,No
1718,2024-09-22,7,5,18,No
1535,2024-01-06,4,56,21,Yes
2948,2024-02-24,7,34,20,No
3212,2024-01-16,7,7,7,No
4123,2024-02-05,7,25,10,Yes
3310,2024-04-04,5,54,8,No
2827,2024-05-30,9,49,9,Yes
1362,2024-06-30,1,58,24,Yes
2260,2024-08-26,3,29,11,No
2495,2024-02-18,8,30,22,Yes
1980,2024-10-04,8,30,14,No
1758,2024-02-17,9,5,21,No
2321,2024-07-10,9,15,15,No
641,2024-10-13,7,11,14,Yes
4663,2024-01-29,2,45,3,Yes
3678,2024-07-16,5,43,7,No
1847,2025-01-17,6,42,3,No
1837,2024-11-30,4,53,12,Yes
1146,2024-02-16,8,24,21,No
3048,2024-11-02,4,22,3,No
4098,2024-05-31,3,56,12,No
3741,2024-11-07,6,20,13,Yes
3387,2024-10-17,5,38,12,Yes
1637,2025-01-29,8,51,12,No
4546,2024-10-23,1,46,24,No
4886,2024-02-29,4,35,8,No
2230,2024-04-07,8,20,2,No
3729,2024-07-24,9,43,20,Yes
864,2024-11-16,7,44,17,No
1644,2025-01-05,5,11,17,Yes
1899,2024-07-10,5,26,20,No
3813,2024-01-19,1,5,6,No
4520,2024-07-01,8,25,16,No
2385,2024-06-21,2,27,7,Yes
1432,2024-03-02,6,40,19,Yes
4810,2024-10-21,9,55,1,No
1952,2024-02-18,4,46,23,No
3717,2024-12-09,8,9,23,No
247,2025-01-13,7,45,9,No
4173,2024-10-30,6,45,4,Yes
432,2024-04-23,8,29,13,No
950,2024-10-22,6,15,13,Yes
3608,2024-07-29,9,44,14,No
2749,2024-09-29,9,5,10,No
672,2024-08-12,4,19,2,Yes
507,2024-02-11,7,8,14,No
4758,2024-09-13,5,16,10,No
2724,2024-08-09,3,58,14,Yes
2906,2024-12-04,6,55,4,Yes
881,2024-09-09,5,16,2,Yes
2271,2024-02-09,8,31,22,Yes
3122,2024-09-04,5,14,16,Yes
110,2024-01-04,4,45,4,No
2160,2024-10-01,7,59,11,Yes
2671,2024-01-06,7,43,9,No
4948,2024-11-24,6,12,19,No
4904,2024-06-08,4,58,6,No
2345,2024-11-08,5,53,23,No
1181,2024-03-16,4,17,3,No
2375,2024-11-01,4,27,12,No
3032,2024-04-14,5,54,24,No
2254,2024-12-28,4,15,4,No
1283,2024-03-24,7,12,3,No
83,2025-01-19,1,5,14,Yes
1563,2024-10-12,9,44,6,No
1298,2025-01-01,4,28,14,No
2945,2024-07-06,2,24,19,Yes
1064,2024-01-09,2,14,9,Yes
1954,2024-09-08,3,53,9,No
294,2024-12-25,3,42,23,Yes
2487,2024-02-21,3,25,17,No
3323,2024-11-03,4,30,6,Yes
1326,2024-08-04,1,23,7,No
2289,2024-02-12,4,27,4,Yes
477,2024-03-19,7,21,18,No
4631,2024-10-29,7,15,7,No
624,2024-04-22,2,41,2,No
1147,2024-04-16,1,37,9,No
1687,2024-03-12,3,58,16,No
368,2024-02-08,7,42,2,No
3616,2025-01-25,1,11,7,No
239,2024-04-09,5,54,23,No
3630,2024-05-23,9,16,9,No
388,2024-10-22,3,5,9,Yes
1751,2024-06-29,9,6,9,Yes
259,2024-03-24,3,42,21,Yes
1878,2024-03-10,2,5,21,No
4791,2024-01-22,9,20,10,Yes
3714,2024-10-15,8,34,5,No
2569,2025-01-30,8,49,15,No
4558,2024-05-15,5,45,15,Yes
3628,2024-01-22,3,35,10,Yes
378,2024-12-06,4,51,10,No
3045,2024-01-27,7,3,8,Yes
49,2024-04-19,9,43,15,No
3253,2024-09-01,2,8,12,No
1445,2024-12-12,5,15,23,No
316,2024-02-07,9,33,11,Yes
4393,2024-08-29,4,55,10,No
4879,2024-09-10,5,50,3,No
2574,2024-07-04,9,5,24,Yes
483,2024-09-24,3,41,12,Yes
2492,2024-10-11,4,14,13,Yes
4004,2024-06-27,6,53,15,No
2835,2024-07-16,5,21,23,No
2148,2024-03-20,2,49,5,No
1620,2025-01-01,4,17,18,No
4473,2024-08-17,6,41,4,No
3126,2024-05-10,2,31,18,No
486,2024-10-03,6,25,18,No
4003,2024-01-04,6,36,15,Yes
2983,2024-07-17,8,54,8,No
2470,2024-07-23,8,20,12,No
4521,2024-02-24,7,41,15,No
3016,2024-02-04,1,28,17,No
3876,2024-12-19,6,27,24,No
3359,2024-04-02,4,34,3,Yes
1088,2024-07-31,6,39,4,Yes
306,2025-01-14,8,31,6,No
4482,2024-03-08,8,47,7,No
1597,2025-01-04,7,30,18,No
2410,2024-01-17,2,33,16,No
4808,2024-11-28,2,12,18,No
2131,2024-04-27,1,23,4,Yes
840,2024-01-31,3,40,14,Yes
4601,2024-07-17,1,19,4,No
3081,2024-10-30,6,59,6,No
1213,2024-07-08,3,10,22,Yes
4268,2024-02-07,8,4,14,No
2859,2024-08-07,8,58,5,No
1104,2024-06-11,5,43,10,No
3921,2024-09-08,7,59,24,Yes
711,2024-12-10,9,36,10,Yes
1973,2024-02-17,3,17,20,Yes
494,2024-03-27,9,35,21,Yes
60,2024-02-26,3,54,3,No
1729,2024-03-01,5,37,13,No
4544,2024-10-10,4,10,14,No
1718,2024-08-08,2,2,10,No
1432,2024-01-25,7,29,16,No
4918,2024-11-25,7,34,17,No
3908,2024-02-02,7,58,10,Yes
4193,2024-10-04,4,47,23,No
1761,2024-02-11,7,5,11,Yes
4007,2024-03-03,5,51,7,No
757,2024-12-07,9,49,2,Yes
3084,2025-01-08,4,54,7,No
1250,2024-03-08,1,25,7,No
1973,2024-12-08,9,56,15,No
3392,2024-12-29,3,51,12,No
780,2024-11-26,8,18,13,Yes
409,2024-04-27,5,6,6,Yes
3111,2024-12-13,5,1,17,No
3814,2024-11-10,3,48,8,No
3793,2024-11-07,1,13,20,No
1554,2024-04-23,5,48,1,No
420,2024-04-10,6,51,24,No
2985,2024-01-31,5,5,10,No
4195,2024-04-03,5,37,4,No
1952,2024-06-15,1,29,7,Yes
1507,2024-07-01,6,1,3,Yes
1091,2024-10-25,9,2,13,No
225,2025-01-16,6,28,18,No
1398,2024-09-17,7,56,18,Yes
221,2025-01-28,4,48,6,No
1231,2024-09-10,4,34,17,Yes
1516,2024-10-24,9,24,8,Yes
2876,2025-01-03,1,58,7,No
3413,2024-03-10,7,12,13,No
3749,2024-01-31,1,50,10,No
4704,2024-08-07,1,54,9,Yes
1480,2024-03-18,7,35,4,Yes
628,2024-04-23,3,55,22,No
4671,2024-02-28,7,46,20,No
3076,2024-05-25,8,39,17,No
2366,2024-12-05,1,12,17,No
2617,2024-06-23,7,45,8,No
3362,2024-11-03,9,31,7,No
4550,2024-08-08,5,34,1,Yes
4403,2024-10-11,8,28,2,No
1967,2024-12-02,4,33,18,No
3569,2024-12-18,7,27,21,No
2674,2024-09-15,4,33,4,No
3732,2024-12-24,6,24,23,No
4730,2024-11-05,4,58,24,No
3893,2024-02-23,5,11,3,Yes
2137,2024-01-11,9,33,13,No
935,2024-10-25,4,50,5,No
3676,2024-12-26,8,3,12,Yes
3362,2024-07-17,2,34,14,Yes
3896,2024-11-20,2,39,3,No
3089,2024-02-25,3,43,4,No
2439,2024-10-19,8,9,8,No
2913,2025-01-25,3,21,22,No
4842,2024-07-26,2,38,20,Yes
1309,2024-10-07,6,2,1,Yes
1440,2024-01-25,9,21,16,No
2244,2024-05-27,4,19,2,No
4001,2024-07-02,3,2,7,Yes
803,2024-01-16,1,44,17,No
997,2024-06-25,5,57,5,No
1674,2024-03-24,6,20,3,Yes
1993,2024-02-15,8,41,4,No
1896,2024-02-03,3,26,3,No
889,2024-03-13,9,5,7,Yes
109,2025-01-21,7,47,14,Yes
1880,2024-01-26,2,29,17,No
899,2024-04-21,2,52,3,No
1777,2024-08-04,2,55,11,No
3549,2024-01-04,4,37,8,No
2789,2024-09-22,1,25,7,No
90,2024-03-03,5,52,23,No
3677,2024-07-26,6,2,22,Yes
4345,2024-05-20,2,16,22,Yes
2923,2024-02-22,4,20,4,Yes
3090,2024-12-18,8,31,7,No
1681,2024-10-12,4,17,13,No
1734,2025-01-28,7,5,20,No
2925,2024-01-07,7,19,16,No
4498,2024-05-09,8,28,7,Yes
4845,2024-05-10,2,52,11,Yes
786,2025-01-17,8,42,12,No
4685,2024-07-27,6,41,13,No
1362,2024-01-22,1,23,16,Yes
4822,2024-10-04,5,20,18,Yes
1595,2024-12-25,7,44,3,No
2595,2024-02-08,1,15,18,Yes
2819,2024-12-20,5,31,12,No
2137,2024-11-08,9,25,11,Yes
4295,2024-09-12,6,19,16,No
1939,2024-02-22,9,27,1,Yes
2829,2024-05-11,5,51,7,No
1414,2024-01-20,4,24,3,No
1555,2025-01-31,9,57,24,Yes
239,2024-10-09,9,20,23,Yes
2521,2024-04-30,5,48,7,Yes
4720,2024-05-19,5,18,1,Yes
1762,2024-08-05,2,12,13,No
402,2024-10-15,9,36,7,No
584,2024-06-15,5,11,5,No
1709,2024-05-14,9,28,1,No
1418,2024-05-23,7,7,21,No
559,2024-10-16,9,42,22,Yes
2296,2024-06-29,6,8,9,Yes
51,2024-01-16,7,56,3,Yes
4495,2024-07-25,4,24,18,Yes
2540,2024-01-06,1,9,3,No
3881,2024-10-29,9,35,2,No
733,2024-12-14,1,43,18,No
3524,2025-01-13,1,2,14,No
932,2024-06-19,3,55,18,Yes
932,2024-09-13,5,22,12,No
439,2024-01-18,9,22,24,No
1600,2024-07-30,9,22,20,No
372,2024-03-08,2,44,1,Yes
2281,2024-12-20,2,54,2,No
3212,2024-08-21,3,2,3,No
1460,2024-05-14,8,9,24,No
3198,2024-06-23,2,10,8,Yes
2335,2024-07-22,5,9,12,No
3399,2024-08-09,2,28,6,No
2688,2024-10-31,2,55,24,Yes
814,2024-10-12,3,59,21,Yes
4125,2024-04-22,1,48,8,No
2662,2024-12-16,4,23,1,Yes
4426,2024-11-12,7,9,11,Yes
2586,2024-11-22,1,12,6,No
1076,2024-10-06,7,36,2,Yes
87,2024-06-27,8,4,20,No
4055,2024-10-19,6,53,20,No
3222,2024-11-30,6,11,14,Yes
751,2024-01-21,7,49,4,No
3936,2024-09-06,9,1,23,No
4066,2024-05-12,2,43,3,No
1631,2024-03-13,1,7,2,Yes
672,2024-11-07,4,58,23,No
2136,2024-05-20,3,30,5,Yes
4625,2024-02-10,2,4,14,No
358,2024-06-05,2,13,6,Yes
4037,2024-03-14,9,27,24,Yes
3225,2024-12-06,1,45,22,No
1484,2024-11-12,1,32,5,No
4771,2024-12-02,5,27,18,No
1311,2024-01-09,8,18,24,No
2151,2024-05-28,5,31,2,Yes
238,2024-11-13,2,6,1,No
2346,2024-07-02,1,2,24,No
1155,2024-08-20,4,44,5,No
1347,2024-11-29,3,47,22,No
4440,2024-08-14,4,19,11,No
1188,2024-08-08,4,59,5,No
4270,2024-04-01,1,22,12,No
756,2024-06-10,9,9,18,Yes
187,2024-04-07,9,53,22,Yes
3353,2024-12-11,8,49,16,No
857,2025-01-24,5,6,11,Yes
4596,2024-11-17,3,57,11,Yes
1854,2024-09-30,3,18,21,No
3984,2024-05-27,5,32,12,Yes
3803,2024-08-20,9,23,17,No
1484,2024-07-26,5,42,22,Yes
2348,2025-01-20,5,6,18,No
3401,2024-07-18,7,5,6,No
1085,2024-11-05,8,55,6,Yes
802,2024-02-13,2,55,20,Yes
2206,2024-11-03,8,12,21,Yes
2445,2024-06-25,1,36,21,No
4660,2024-04-09,6,7,6,No
1443,2024-01-23,7,13,17,No
3242,2024-02-19,7,37,17,Yes
4089,2024-07-19,8,55,12,Yes
4670,2024-05-26,3,10,8,Yes
3732,2024-09-10,5,7,19,Yes
4709,2024-03-12,3,17,23,No
4761,2024-09-25,3,42,10,Yes
4997,2024-11-18,5,18,18,Yes
2403,2024-07-24,8,13,6,Yes
1168,2024-03-04,2,11,15,No
147,2024-08-28,9,32,6,No
38,2024-05-30,5,42,15,No
2263,2024-12-10,3,48,18,No
1110,2024-12-30,2,19,8,No
2840,2024-07-11,5,46,10,No
3769,2024-09-22,7,28,5,Yes
613,2024-06-12,4,21,6,Yes
428,2024-10-25,1,35,5,No
4644,2024-01-08,9,28,7,No
3728,2024-03-09,4,57,6,Yes
3046,2024-12-17,3,29,24,Yes
3238,2024-07-17,7,3,19,No
910,2024-03-07,2,25,3,No
2040,2024-11-07,6,13,6,Yes
213,2024-08-16,5,9,3,Yes
3889,2024-07-17,1,41,11,Yes
165,2024-02-13,7,12,6,No
46,2024-03-02,1,21,14,Yes
1167,2025-01-23,3,15,5,No
2163,2024-07-18,7,56,24,Yes
513,2024-07-17,7,43,21,No
3677,2024-03-11,5,10,14,No
4235,2025-01-28,1,1,17,Yes
1614,2025-01-03,6,12,15,Yes
4190,2024-10-03,8,37,6,No
1470,2024-07-23,4,41,6,No
1128,2024-08-10,9,42,3,No
4418,2024-01-05,7,34,11,Yes
4913,2025-01-28,8,53,23,Yes
2567,2024-04-07,5,24,14,Yes
3499,2024-06-06,1,7,1,No
4474,2024-11-01,3,51,13,No
2410,2024-09-24,3,16,8,Yes
879,2024-03-06,1,44,1,Yes
2721,2024-05-18,1,56,18,Yes
4500,2024-07-23,5,10,8,No
3288,2024-10-07,5,50,22,No
2725,2024-10-31,3,59,20,Yes
4622,2024-11-19,5,45,10,No
2700,2024-12-11,2,38,5,No
2299,2024-07-30,1,54,8,Yes
3428,2024-09-04,4,32,15,No
3804,2024-11-29,2,19,14,No
4525,2024-01-24,4,53,5,No
179,2024-03-04,9,24,4,Yes
2201,2024-07-21,9,55,13,No
2367,2024-07-08,2,33,11,Yes
30,2024-07-12,3,27,6,Yes
381,2024-03-21,5,49,20,Yes
2747,2024-09-11,9,10,10,Yes
4613,2025-01-16,4,41,3,Yes
3372,2024-09-08,8,29,15,Yes
2847,2024-12-16,9,27,3,No
2370,2024-05-31,9,1,12,Yes
2931,2024-01-23,4,54,4,No
3095,2024-03-21,9,47,21,Yes
3791,2024-02-02,9,53,18,No
1348,2024-07-05,5,9,6,Yes
3505,2024-09-11,4,51,12,Yes
2894,2024-03-08,2,51,18,Yes
887,2024-04-15,2,42,12,No
3461,2024-02-14,7,55,22,No
1961,2025-01-02,8,19,16,No
3317,2024-03-16,8,42,21,No
1428,2024-06-14,7,26,14,Yes
2512,2024-03-16,8,23,9,No
254,2024-05-20,6,18,22,Yes
1740,2024-04-01,7,31,16,No
1699,2024-04-13,1,7,15,Yes
4106,2024-06-23,9,57,17,No
3334,2024-03-18,2,51,7,No
1059,2024-06-23,2,7,23,No
2556,2025-01-15,4,11,23,No
3344,2024-07-18,5,30,10,No
3341,2024-01-18,3,47,20,Yes
4733,2024-01-01,7,27,18,Yes
4103,2024-09-23,6,4,4,Yes
48,2024-06-13,4,43,6,No
4622,2025-01-16,2,11,2,Yes
2312,2024-09-24,6,44,3,Yes
3646,2024-11-13,5,26,1,Yes
3324,2024-06-07,1,34,9,No
854,2024-11-03,7,18,17,Yes
1178,2024-07-18,5,54,10,No
3182,2024-02-02,8,18,22,No
4022,2024-08-19,4,52,2,Yes
4498,2024-04-02,8,41,9,No
4064,2024-02-25,6,28,10,No
1120,2024-07-04,1,11,12,No
4851,2024-01-29,5,59,5,No
1828,2024-06-22,8,26,18,Yes
1047,2025-01-30,1,4,1,No
4026,2024-03-17,6,50,6,No
4048,2024-01-05,6,10,5,Yes
1785,2024-11-16,6,35,19,No
1231,2024-07-03,5,58,20,No
3024,2025-01-09,8,58,15,No
1205,2024-04-26,3,32,19,Yes
3363,2024-06-18,7,5,19,No
2031,2024-04-11,3,37,17,Yes
2910,2025-01-27,1,17,8,No
3539,2024-02-14,1,52,2,Yes
4588,2024-04-06,5,19,18,No
2943,2025-01-03,1,7,3,No
3594,2024-03-01,8,41,17,No
3037,2024-09-20,4,55,20,Yes
2191,2024-05-19,7,51,18,No
4259,2024-07-09,9,46,12,Yes
1453,2024-07-30,8,48,22,No
425,2024-01-09,2,42,20,Yes
4165,2024-06-17,9,33,10,No
4180,2024-11-09,2,40,20,Yes
4159,2024-11-15,4,48,1,Yes
4542,2024-04-27,2,44,9,Yes
4174,2024-05-27,1,2,22,No
1803,2024-12-05,5,8,17,No
3725,2024-03-17,1,57,11,No
4809,2024-05-04,2,49,19,No
371,2024-03-17,8,22,3,No
3955,2024-03-05,9,28,5,No
4525,2025-01-06,5,29,13,No
4446,2025-01-02,3,40,23,Yes
1115,2024-12-30,8,19,2,No
49,2024-03-04,7,18,21,No
2893,2024-01-04,5,34,6,Yes
2116,2024-11-05,1,51,5,Yes
4505,2024-02-13,2,11,11,No
2553,2024-03-16,1,18,5,No
3561,2024-10-23,1,23,7,No
93,2024-05-18,3,6,22,Yes
973,2024-05-12,6,36,4,No
1095,2025-01-16,2,12,21,Yes
4201,2024-04-25,2,38,3,No
4478,2025-01-06,7,1,1,Yes
1933,2024-02-25,2,52,2,No
4139,2024-05-21,5,34,13,No
1655,2024-12-23,8,20,22,No
1596,2024-11-24,1,13,10,Yes
1198,2024-02-08,4,58,1,No
2940,2024-05-23,6,18,10,Yes
2181,2024-01-16,4,11,3,Yes
1106,2024-10-02,7,28,10,Yes
1081,2024-09-05,9,37,6,Yes
2596,2024-09-19,2,8,10,Yes
112,2024-04-23,7,13,13,No
4689,2024-05-15,1,49,19,Yes
3661,2024-12-21,1,20,13,No
2698,2024-04-10,3,41,6,No
4034,2024-12-14,1,12,11,Yes
1321,2024-11-21,5,32,14,No
4608,2024-08-26,8,58,8,Yes
1669,2024-09-03,4,46,18,Yes
3659,2024-10-29,3,46,3,Yes
2038,2025-01-25,4,55,5,Yes
3585,2024-10-05,9,9,9,No
1826,2024-03-18,7,34,20,No
2377,2024-12-18,6,21,12,No
2663,2024-06-04,6,32,13,No
211,2024-01-24,3,34,21,No
1356,2025-01-22,1,4,9,Yes
2238,2024-03-17,2,45,21,No
4212,2024-02-19,2,32,3,No
3547,2024-02-28,2,14,8,No
497,2024-08-06,4,39,7,No
2940,2024-09-28,7,31,19,No
2718,2024-03-16,1,26,20,No
3311,2024-04-26,2,8,19,Yes
790,2024-02-17,7,9,23,No
2506,2024-04-21,5,27,7,No
4800,2024-09-08,4,49,1,Yes
2166,2024-11-14,9,8,23,Yes
3283,2024-10-16,6,3,16,Yes
2698,2024-12-14,6,43,13,Yes
1287,2025-01-16,1,41,9,Yes
1114,2024-09-21,9,51,1,Yes
3676,2024-02-11,1,54,7,No
4731,2024-09-14,6,28,1,No
4814,2024-02-25,1,33,18,No
3718,2024-11-30,4,57,21,Yes
2004,2024-01-08,6,51,14,No
1212,2024-01-22,7,33,1,Yes
2540,2024-12-14,7,20,7,No
2598,2024-10-17,5,33,22,No
2142,2024-07-15,2,48,17,No
4486,2024-03-18,7,45,21,Yes
2852,2024-06-08,8,2,18,No
4630,2024-03-24,7,46,17,No
968,2024-07-28,4,20,18,Yes
697,2024-06-25,6,2,14,No
3601,2024-08-25,3,22,15,No
631,2024-09-22,8,5,23,No
2011,2025-01-30,2,4,21,Yes
580,2024-11-11,4,13,20,No
4973,2025-01-21,9,48,18,Yes
1619,2024-08-10,2,9,22,No
3184,2024-04-21,2,59,21,No
896,2024-12-13,1,18,16,No
4889,2024-06-19,4,57,23,No
844,2024-07-04,6,58,2,Yes
4136,2024-09-15,9,33,21,Yes
2988,2024-08-30,3,24,21,Yes
25,2024-08-19,8,13,11,No
3172,2024-05-24,8,24,17,No
4635,2024-06-26,7,55,3,No
2377,2024-03-06,9,6,18,Yes
4303,2024-08-01,3,58,6,Yes
1497,2024-04-19,4,38,4,No
498,2025-01-27,2,10,6,No
583,2024-12-25,6,56,2,Yes
3586,2024-06-02,2,14,12,No
396,2024-09-14,3,27,17,No
4491,2024-09-24,6,55,20,Yes
1733,2024-09-29,2,50,4,No
4853,2024-03-14,8,42,17,No
157,2024-04-10,2,13,21,Yes
4226,2025-01-18,6,47,24,No
58,2025-01-22,5,35,12,No
3101,2024-09-09,9,50,22,Yes
3322,2024-11-16,8,18,13,Yes
2590,2024-03-17,3,49,3,Yes
2780,2024-06-10,9,27,24,Yes
1261,2024-06-08,1,40,12,No
1567,2024-05-31,7,44,20,No
673,2025-01-17,8,5,11,No
4458,2024-04-05,3,31,4,No
3073,2024-03-06,7,25,15,No
1171,2024-11-23,3,12,14,No
4945,2024-06-13,6,19,23,No
349,2024-04-13,5,58,3,Yes
904,2024-06-16,3,37,14,No
4648,2024-02-29,5,10,14,No
3813,2024-02-04,3,19,15,Yes
4353,2024-08-26,1,51,17,No
4316,2024-09-26,1,9,20,No
188,2024-12-13,5,24,5,No
772,2024-10-12,4,31,3,No
4331,2025-01-22,2,23,7,Yes
1610,2024-04-05,8,56,20,No
1006,2024-10-10,6,43,13,Yes
1277,2024-01-13,8,2,24,No
2377,2024-06-18,1,55,11,No
138,2024-01-24,4,38,17,No
3434,2024-05-07,6,35,6,No
1518,2024-05-08,8,15,3,No
2934,2024-06-21,8,33,19,No
2591,2024-07-06,5,27,22,Yes
2530,2024-04-27,6,47,23,Yes
3938,2024-10-10,8,7,20,No
1550,2025-01-11,9,25,12,Yes
4356,2024-09-26,4,10,13,No
3554,2024-04-05,4,27,7,No
3811,2024-09-18,2,18,2,Yes
1972,2024-08-29,8,17,9,Yes
2903,2024-03-22,6,41,20,Yes
339,2024-01-04,4,9,2,No
3111,2024-05-14,3,26,19,No
1110,2024-08-13,9,1,20,No
3604,2024-07-22,3,50,4,No
212,2024-08-30,2,59,6,No
3163,2024-08-10,6,27,1,No
3525,2024-07-13,6,36,24,Yes
527,2024-07-12,5,16,1,No
605,2024-12-28,1,13,9,No
167,2024-01-23,5,15,23,Yes
3117,2024-09-29,2,2,13,Yes
458,2024-03-06,1,33,13,Yes
1016,2024-10-03,8,10,6,No
4940,2024-10-06,7,49,7,No
4855,2024-09-10,5,3,11,Yes
851,2024-06-02,9,11,10,Yes
3049,2024-06-13,3,15,17,Yes
225,2024-12-27,1,13,24,Yes
2466,2024-12-22,7,34,2,Yes
4993,2024-09-13,7,58,7,No
1706,2024-08-16,5,24,11,No
3713,2024-02-10,7,46,3,Yes
4078,2025-01-05,6,23,4,Yes
1165,2024-12-06,3,54,8,No
4791,2024-03-07,8,3,17,No
1025,2024-01-29,1,18,22,No
2401,2024-11-16,6,34,11,No
347,2024-08-29,9,7,21,Yes
534,2024-06-09,6,28,17,No
4616,2024-04-16,8,16,19,Yes
3301,2024-02-06,2,44,2,Yes
3987,2024-12-16,2,36,2,Yes
3957,2024-04-20,8,35,24,No
4613,2025-01-01,3,21,5,No
704,2024-07-18,9,43,4,No
2650,2024-10-11,6,12,15,No
1940,2024-07-03,6,6,9,No
2556,2024-11-05,3,20,1,No
1968,2024-04-07,3,38,3,No
1587,2024-02-22,8,33,2,No
4399,2024-07-09,7,53,1,No
4351,2025-01-19,2,15,20,No
4666,2024-12-29,3,31,2,Yes
3821,2024-03-10,3,34,2,Yes
572,2024-07-21,7,5,1,Yes
1884,2024-03-06,2,38,18,No
3275,2024-02-18,9,53,14,No
3381,2024-12-02,1,3,1,No
3830,2024-12-01,8,8,13,Yes
3965,2024-01-18,4,24,5,No
4665,2024-09-03,1,45,8,Yes
3850,2024-05-31,1,45,18,Yes
4850,2024-12-30,1,21,8,No
2313,2024-02-12,2,32,13,No
1829,2024-05-11,7,42,11,No
2218,2024-05-14,8,43,8,No
3497,2024-04-22,8,13,21,Yes
3247,2024-01-02,4,19,23,Yes
2333,2024-11-21,6,31,11,Yes
4746,2024-03-03,1,56,16,No
23,2024-01-08,3,10,8,Yes
2001,2024-07-17,3,58,19,Yes
1474,2024-02-11,6,41,22,No
2721,2024-05-22,1,18,16,No
4344,2024-05-26,7,56,7,No
3476,2024-07-01,2,54,6,Yes
4261,2024-03-13,5,4,5,No
4989,2024-10-29,6,38,15,Yes
4858,2024-11-01,2,33,5,Yes
3674,2024-07-14,5,36,6,Yes
1702,2024-06-05,8,52,6,Yes
2220,2024-06-29,7,6,15,Yes
473,2024-12-28,7,18,6,No
942,2024-08-24,8,39,20,Yes
2043,2024-06-08,8,24,18,Yes
4308,2024-05-18,6,50,1,Yes
3537,2024-04-14,2,50,22,Yes
3501,2024-04-19,1,54,12,Yes
3398,2024-02-05,3,4,20,Yes
1473,2024-10-31,6,34,11,Yes
4767,2024-11-09,8,35,7,No
3401,2024-09-02,2,40,5,Yes
3428,2024-02-19,9,13,8,No
5000,2024-03-03,7,37,4,No
308,2024-12-15,7,7,15,No
801,2024-07-04,8,44,8,No
505,2024-04-26,4,46,1,No
4534,2024-04-26,8,27,5,No
290,2024-05-04,5,23,4,No
3939,2024-05-21,3,42,13,No
821,2024-10-24,7,27,13,Yes
1483,2024-08-18,2,2,10,No
750,2024-03-25,2,17,12,Yes
2167,2024-11-14,3,43,7,No
2473,2024-08-09,8,40,4,No
3862,2024-11-11,3,16,9,No
78,2024-08-27,6,50,9,No
880,2024-01-15,9,19,15,Yes
3514,2024-02-17,6,39,17,No
91,2024-01-13,5,2,24,No
2450,2025-01-19,5,33,19,No
4781,2024-01-24,7,19,6,Yes
315,2025-01-17,9,14,12,No
4030,2024-04-15,1,9,12,Yes
3786,2024-11-20,7,8,17,No
3268,2024-06-03,7,18,3,No
3060,2024-04-25,2,21,12,No
4621,2024-05-30,2,43,3,No
830,2024-06-03,5,39,12,Yes
2819,2024-11-03,5,4,10,No
4590,2024-11-03,2,23,18,No
1910,2024-09-11,8,37,12,Yes
4318,2024-07-05,7,54,4,No
3482,2025-01-13,4,33,9,Yes
3898,2024-12-30,8,51,17,Yes
741,2024-10-04,7,41,10,No
3086,2024-12-24,8,22,9,No
3489,2024-07-01,8,57,12,Yes
215,2024-10-09,4,58,7,No
1284,2025-01-02,2,39,2,No
4863,2024-07-30,9,10,19,No
210,2024-11-16,4,12,12,No
6,2024-02-05,3,3,21,No
1953,2025-01-10,6,24,12,No
9,2024-09-28,2,12,2,No
1762,2024-09-25,3,20,22,No
3553,2024-09-16,1,47,21,No
1017,2024-02-17,8,26,1,No
2663,2024-08-31,1,16,20,No
4722,2024-09-19,8,41,4,Yes
891,2024-07-25,5,44,21,Yes
3740,2024-01-28,2,19,11,Yes
2641,2024-12-29,2,14,15,No
838,2024-03-07,1,13,9,Yes
4374,2024-02-29,1,41,10,No
4276,2024-07-06,7,53,1,No
3281,2024-10-20,4,30,1,No
3488,2024-10-29,3,18,14,No
7,2024-03-19,2,11,21,No
4567,2024-09-12,6,53,2,No
1317,2024-11-06,7,32,18,Yes
1853,2024-05-10,4,7,8,Yes
3242,2024-04-21,2,27,14,No
4316,2024-08-21,7,54,21,No
4058,2024-08-11,2,39,24,Yes
49,2024-04-22,2,28,13,No
4480,2024-09-20,3,4,19,No
3102,2024-03-06,5,44,10,Yes
162,2024-09-08,2,42,23,Yes
4847,2024-05-27,5,38,2,No
3946,2024-10-25,7,12,16,Yes
21,2024-01-24,6,40,21,No
4610,2024-04-17,8,5,7,No
4687,2024-04-19,8,40,22,No
919,2024-03-01,9,6,15,No
317,2024-03-23,6,18,6,Yes
3312,2024-03-26,9,30,7,Yes
3907,2024-04-05,5,52,21,Yes
3080,2024-04-27,6,20,11,Yes
2216,2024-11-04,5,36,15,Yes
1884,2024-06-13,8,17,19,No
1496,2024-05-15,5,5,1,No
3555,2024-10-12,6,9,20,No
2747,2024-01-21,1,42,23,Yes
4124,2024-08-12,2,31,22,Yes
3891,2024-01-08,7,14,12,No
4537,2024-05-28,5,59,9,Yes
3767,2024-08-18,3,20,22,Yes
1263,2024-04-15,2,19,1,No
1189,2024-12-17,4,10,3,No
3296,2024-03-01,6,44,13,No
306,2024-06-08,1,5,8,No
535,2025-01-09,4,37,5,Yes
1214,2025-01-12,9,51,24,Yes
345,2024-09-25,5,5,1,No
3506,2024-04-21,7,43,18,No
4798,2024-07-21,8,44,23,No
3112,2024-10-11,7,29,15,Yes
2943,2024-08-25,7,57,20,No
407,2024-06-07,3,57,8,Yes
322,2024-08-23,3,8,15,No
395,2024-08-29,3,9,17,No
1444,2025-01-05,2,13,8,No
3061,2024-09-11,9,5,6,No
4046,2024-05-10,9,53,22,No
838,2024-01-04,9,40,1,Yes
1601,2024-08-23,7,21,2,No
1166,2024-01-10,8,28,13,No
1400,2024-04-23,9,28,5,No
3691,2024-07-25,1,8,15,Yes
30,2024-07-16,9,17,22,No
3095,2024-07-29,9,10,2,Yes
2901,2025-01-25,9,23,2,Yes
4883,2024-06-29,7,52,3,No
4145,2024-07-24,7,1,9,Yes
2323,2024-01-07,4,39,11,No
758,2024-01-02,2,41,23,No
3901,2024-12-10,2,5,12,No
78,2024-08-18,7,36,13,No
3522,2024-07-12,9,38,1,Yes
382,2025-01-02,5,17,9,Yes
2205,2024-03-12,1,10,7,No
1482,2024-03-23,9,49,14,No
2641,2024-10-08,2,13,9,No
2527,2024-03-20,5,27,6,No
634,2024-03-02,3,43,7,No
1751,2024-04-02,6,44,11,No
4028,2024-12-17,9,39,4,No
4479,2024-11-26,4,22,21,Yes
2367,2024-10-02,5,4,18,Yes
107,2024-03-06,4,41,2,No
2931,2024-03-02,5,6,24,Yes
2577,2024-10-24,4,8,18,No
1624,2024-04-18,9,24,4,No
2031,2024-09-14,9,29,19,No
2845,2024-07-31,6,43,17,Yes
4436,2024-10-02,7,23,15,Yes
2763,2024-03-25,8,3,22,Yes
2920,2024-09-03,9,1,4,No
477,2024-10-11,2,29,4,No
325,2024-05-13,3,37,3,Yes
230,2025-01-25,5,14,20,No
1658,2024-08-13,3,12,10,No
1169,2024-03-09,3,52,15,Yes
2397,2024-08-06,6,8,23,No
2317,2024-05-13,3,41,3,No
2616,2024-12-28,5,45,19,No
4937,2024-04-20,1,39,17,No
1043,2024-11-02,2,30,1,No
621,2024-04-15,5,49,3,No
2928,2024-04-11,2,2,15,No
3099,2024-01-06,8,28,17,Yes
20,2024-06-02,9,54,8,Yes
1345,2025-01-04,4,1,3,No
244,2024-07-03,5,3,10,Yes
117,2024-11-25,9,33,22,No
779,2024-10-27,5,59,2,No
2399,2024-08-08,4,13,3,Yes
3173,2024-10-18,6,1,13,No
3811,2024-03-26,5,47,11,No
765,2024-12-05,7,15,23,No
3767,2025-01-24,7,32,14,No
3479,2024-01-19,3,19,1,No
1026,2024-07-24,5,54,19,No
43,2024-07-24,9,42,1,No
3212,2024-12-03,4,4,20,No
3432,2024-07-22,1,20,4,No
2874,2024-01-17,9,5,20,Yes
2878,2024-05-19,1,7,3,No
1295,2024-10-05,8,30,24,No
2568,2024-06-29,8,56,9,No
2914,2024-04-28,7,33,14,No
4430,2024-02-18,5,12,18,No
4033,2024-04-03,8,7,21,Yes
34,2024-04-13,4,40,17,No
4281,2024-05-09,5,25,2,No
2771,2024-11-30,6,16,1,Yes
1539,2024-05-15,3,36,22,Yes
4065,2024-04-15,5,24,24,No
4670,2024-06-23,3,13,11,No
343,2024-09-23,5,27,18,Yes
663,2025-01-07,3,5,3,No
2432,2024-05-21,3,7,13,Yes
3661,2024-10-23,5,35,20,Yes
942,2024-10-14,2,36,4,Yes
2080,2024-02-16,8,43,8,Yes
1240,2024-02-27,9,41,12,No
3349,2024-09-23,2,5,9,Yes
2992,2024-12-02,4,2,11,Yes
2834,2024-06-07,2,5,6,Yes
2221,2024-08-09,6,49,12,No
4388,2024-06-28,3,43,8,Yes
3244,2024-02-20,3,17,11,No
2323,2024-03-19,2,26,16,Yes
1951,2024-05-13,1,19,21,Yes
1702,2024-04-02,2,14,19,No
4635,2024-03-01,4,24,23,No
4071,2024-01-15,3,32,21,No
3391,2024-07-18,6,41,2,Yes
4464,2025-01-18,4,40,17,No
4385,2024-04-30,5,33,24,No
3889,2024-08-27,8,46,2,No
1652,2024-10-12,7,12,21,No
1135,2024-12-15,8,6,10,No
2354,2024-02-15,5,59,12,No
3242,2024-08-30,4,21,24,Yes
4249,2025-01-22,4,45,21,No
4085,2024-12-28,5,1,8,Yes
4572,2024-01-10,3,4,18,Yes
3462,2024-06-06,6,29,19,No
3843,2024-10-13,3,54,13,No
2522,2024-12-29,4,19,7,No
4610,2025-01-06,9,53,11,Yes
4543,2024-04-25,8,36,20,No
528,2024-07-11,4,13,1,No
3564,2024-05-09,4,28,23,Yes
4082,2024-11-16,4,53,3,Yes
1719,2024-09-27,8,39,6,No
4962,2024-02-18,5,22,17,Yes
537,2024-02-12,6,3,21,No
3761,2024-12-18,5,16,24,No
2264,2024-07-29,2,37,19,Yes
4262,2025-01-07,8,38,1,No
3147,2024-06-22,6,26,16,No
283,2024-10-23,8,48,21,Yes
2487,2024-06-28,2,32,14,Yes
655,2024-07-04,2,49,8,No
3931,2025-01-12,6,12,4,No
3662,2024-10-09,3,50,12,No
4026,2024-11-16,3,54,3,No
2854,2024-12-29,2,13,7,Yes
1363,2024-07-09,7,52,15,Yes
610,2024-10-20,9,16,18,Yes
4063,2024-05-12,5,34,3,No
1546,2024-03-26,2,51,4,No
4346,2024-02-07,1,23,9,No
4351,2024-11-14,6,34,21,Yes
1502,2024-05-06,9,37,8,No
3607,2024-09-12,8,20,12,No
1399,2024-10-20,8,17,22,Yes
4103,2025-01-21,4,52,12,No
1459,2024-04-11,6,7,18,No
3917,2024-02-23,5,4,1,No
4828,2024-04-16,6,44,24,Yes
3202,2025-01-25,3,50,5,Yes
392,2024-07-28,6,5,11,No
2239,2024-04-09,4,12,11,No
4578,2024-12-18,4,26,7,No
1707,2024-07-20,6,28,2,Yes
3273,2024-06-21,5,30,14,Yes
703,2024-10-22,3,19,15,No
4875,2024-09-11,8,50,22,Yes
3119,2024-03-31,3,26,11,Yes
2406,2024-09-07,8,54,14,Yes
2803,2024-07-23,2,5,11,No
4902,2024-08-24,6,20,18,Yes
1790,2024-08-06,8,20,20,No
1204,2024-09-23,2,14,4,No
3978,2024-09-09,2,5,3,No
356,2024-08-31,2,2,14,No
3129,2024-09-06,7,19,12,Yes
1617,2024-07-06,8,26,16,No
3392,2024-10-17,5,7,14,No
915,2024-04-17,2,26,3,No
3010,2024-07-03,3,37,8,Yes
3970,2024-10-13,5,59,17,No
3570,2024-08-05,2,48,13,No
500,2024-02-06,3,49,22,No
3960,2024-04-16,4,27,5,No
930,2024-06-07,9,56,5,Yes
506,2024-02-15,9,17,22,No
1114,2024-09-05,1,39,6,No
99,2024-05-11,6,1,7,Yes
3580,2024-10-31,4,48,17,No
2509,2024-02-07,4,41,7,Yes
4138,2024-10-26,1,10,22,No
900,2024-06-26,8,9,20,Yes
3173,2024-04-22,2,1,7,No
3402,2025-01-31,5,43,5,No
529,2024-10-11,3,54,19,No
3869,2024-01-13,3,22,2,No
1283,2024-10-07,9,42,12,No
2470,2024-11-30,2,57,10,No
632,2024-10-05,3,27,19,No
1648,2024-06-01,6,51,9,No
4744,2024-04-01,8,4,20,Yes
1163,2024-08-09,2,17,22,No
3954,2024-09-08,4,6,1,No
599,2024-03-07,8,7,4,No
3139,2024-04-08,1,14,13,Yes
555,2024-04-12,7,43,8,No
601,2024-11-07,5,6,2,No
3903,2024-11-06,2,52,23,No
920,2024-01-07,9,44,2,Yes
3083,2024-12-13,3,58,21,Yes
478,2024-09-07,3,47,16,Yes
4744,2024-07-26,2,11,20,No
2401,2024-02-28,3,19,17,No
417,2024-07-05,1,45,15,No
1077,2024-01-15,6,5,22,Yes
3314,2024-01-17,8,23,1,Yes
4690,2024-02-18,6,28,7,No
3270,2024-02-08,2,21,16,No
646,2024-02-11,2,39,7,Yes
973,2024-04-24,8,23,2,No
2730,2024-11-08,5,40,13,No
832,2024-02-24,1,17,17,No
1342,2024-06-20,9,50,20,No
2154,2024-06-06,7,52,10,No
2853,2024-09-26,2,31,3,No
3978,2024-01-01,2,29,6,No
2318,2024-06-06,4,22,21,No
1275,2024-05-24,2,26,17,No
568,2024-04-03,8,36,3,No
741,2025-01-18,7,6,22,No
1746,2024-04-11,1,57,5,No
3446,2024-07-30,3,22,24,Yes
4022,2024-05-08,5,43,12,Yes
759,2024-09-12,9,9,21,Yes
1668,2024-11-12,2,24,1,Yes
716,2024-03-21,4,16,4,No
1963,2025-01-23,7,56,16,No
4636,2024-02-08,2,12,21,No
898,2024-05-13,4,55,3,No
2236,2024-10-26,5,20,1,No
4287,2024-11-05,3,49,5,No
2578,2024-01-07,7,7,16,No
1842,2024-02-14,9,26,19,No
4152,2024-01-02,4,9,13,No
2106,2025-01-06,6,8,9,Yes
1490,2024-09-25,8,14,16,No
1808,2024-07-20,7,13,6,Yes
1536,2024-02-19,1,54,10,Yes
2055,2024-07-15,1,3,19,No
1191,2024-05-08,4,21,4,No
3956,2024-08-23,1,30,5,No
4270,2024-12-26,5,44,23,Yes
3152,2024-11-06,5,12,14,No
418,2024-01-10,5,41,13,Yes
4197,2024-06-08,3,56,11,No
1224,2024-11-17,3,48,6,No
3227,2024-12-03,9,3,11,Yes
3663,2024-11-04,3,38,14,No
3834,2024-10-19,3,30,14,No
915,2024-02-15,8,36,2,No
4119,2024-06-24,3,18,12,Yes
3038,2024-09-03,2,43,12,No
472,2024-04-24,6,11,17,No
2484,2024-09-28,8,13,21,No
578,2024-12-04,6,59,3,Yes
3980,2024-01-14,8,13,13,Yes
2419,2024-07-14,1,21,16,No
863,2024-08-20,6,54,17,No
907,2024-11-09,5,55,7,No
2962,2024-10-20,8,38,5,No
1352,2024-07-14,7,57,23,Yes
711,2024-08-24,4,44,8,Yes
2705,2024-12-07,5,31,9,Yes
1691,2024-04-28,7,25,2,Yes
1988,2024-07-17,1,32,20,No
3074,2024-08-19,1,18,6,Yes
3741,2024-04-02,6,38,9,No
1743,2024-01-19,4,25,20,No
3622,2024-10-26,8,29,5,No
3617,2024-12-11,6,42,12,No
2933,2024-07-20,2,50,23,No
3302,2024-03-01,4,29,10,No
4220,2024-01-24,2,55,3,Yes
4381,2024-04-02,9,11,18,No
1340,2025-01-24,9,34,22,No
4876,2024-04-09,8,54,2,No
899,2024-08-22,9,48,13,No
3081,2024-04-02,3,45,13,Yes
3830,2024-08-09,7,14,3,Yes
4251,2024-06-05,7,14,13,No
283,2024-04-24,9,41,10,Yes
258,2024-12-11,1,28,10,No
1523,2024-03-29,7,35,18,No
2397,2024-01-30,4,7,4,No
177,2024-07-05,4,37,12,No
4109,2024-09-17,2,34,24,Yes
395,2024-07-17,6,31,4,No
2910,2024-10-17,6,7,24,No
4855,2024-10-16,7,50,12,No
2095,2024-08-12,9,18,18,Yes
1140,2024-03-22,4,19,14,Yes
1128,2024-05-16,9,14,24,Yes
35,2024-07-04,9,14,8,Yes
1794,2024-11-13,4,35,14,Yes
507,2024-08-28,9,58,6,No
368,2024-02-23,1,22,4,Yes
1806,2024-12-06,7,2,18,No
2340,2025-01-20,8,39,18,No
4820,2024-11-26,9,29,7,No
4735,2024-07-05,9,47,24,Yes
1506,2024-07-04,9,30,15,No
1318,2024-12-15,3,25,11,Yes
191,2024-08-15,6,52,11,No
1471,2024-11-12,5,29,8,No
4911,2024-04-10,1,19,1,Yes
1477,2024-03-21,6,47,22,No
3660,2025-01-28,6,4,22,Yes
2201,2024-09-07,3,18,7,Yes
2179,2024-08-27,8,8,9,No
1042,2024-01-04,4,31,16,No
3601,2024-03-01,9,46,22,No
3959,2024-02-29,6,39,8,Yes
4453,2024-12-14,5,30,21,Yes
470,2024-06-20,4,34,22,No
3677,2024-06-06,5,57,19,No
754,2024-12-13,4,34,23,Yes
2784,2024-11-12,8,6,23,No
3691,2024-02-19,4,36,14,No
526,2024-08-26,7,10,8,No
940,2024-12-12,7,23,15,No
4935,2024-09-12,3,37,2,Yes
4821,2024-04-15,2,25,21,Yes
3677,2024-11-16,7,3,7,No
1327,2024-04-03,7,42,22,No
3212,2025-01-08,1,33,22,No
3730,2024-07-30,8,16,20,Yes
3478,2024-01-03,4,26,18,Yes
3674,2024-10-27,9,9,12,Yes
4842,2024-08-05,1,24,23,Yes
4437,2024-09-17,3,9,16,No
21,2024-06-23,7,37,21,No
3360,2024-07-27,4,13,17,Yes
3495,2024-09-17,3,51,19,Yes
2334,2024-10-09,8,50,18,Yes
3252,2024-12-18,4,31,23,No
2259,2024-10-01,6,26,15,Yes
1072,2024-11-24,7,13,10,Yes
3767,2024-12-17,3,45,17,No
2226,2024-10-08,6,22,9,No
2107,2024-08-03,3,34,21,Yes
4712,2025-01-21,1,19,21,No
4266,2024-02-02,3,24,18,No
907,2024-01-18,6,12,5,No
3817,2025-01-22,5,52,13,No
855,2024-09-25,2,59,20,No
4660,2024-06-24,3,3,8,No
3594,2024-12-10,3,42,10,Yes
2257,2024-11-05,3,14,6,No
4330,2024-08-30,8,28,2,No
4542,2024-04-12,2,22,16,Yes
3578,2024-06-26,4,41,20,Yes
249,2024-09-13,9,35,8,No
1461,2024-07-12,9,48,22,Yes
853,2024-09-02,8,58,10,No
3167,2024-10-29,5,48,11,No
4461,2024-05-30,5,10,20,No
848,2024-04-18,5,14,15,Yes
967,2024-12-22,2,37,21,No
321,2024-04-09,4,21,20,Yes
74,2024-07-29,3,35,23,No
1089,2024-05-20,2,6,24,No
4235,2024-05-19,2,15,22,No
2252,2024-09-11,6,14,9,Yes
2957,2024-01-27,8,44,5,Yes
3856,2024-03-27,6,16,22,No
1252,2024-07-14,7,26,1,No
2763,2024-04-12,9,54,18,Yes
1035,2024-03-17,4,10,4,No
2140,2024-09-07,3,44,23,Yes
1021,2024-07-21,4,26,9,No
4646,2024-09-09,4,36,24,Yes
4422,2024-12-02,6,51,20,Yes
4362,2024-08-05,6,40,2,No
4886,2025-01-26,6,19,5,No
3300,2024-06-28,3,13,7,No
1606,2024-10-31,1,26,3,No
3523,2024-07-20,6,6,22,No
2809,2024-05-15,5,53,21,No
229,2025-01-11,8,28,1,No
2985,2024-06-20,9,1,9,No
4235,2024-09-22,1,41,13,No
1977,2024-08-15,2,26,4,No
1228,2024-12-01,2,39,9,Yes
2823,2025-01-14,7,31,1,No
2014,2024-07-17,3,39,4,Yes
570,2024-07-16,1,39,6,No
98,2024-11-12,4,9,4,Yes
4502,2024-05-12,8,16,3,No
1111,2024-10-25,3,46,19,No
3231,2024-11-20,4,52,1,No
4509,2024-05-15,8,45,5,No
4441,2024-08-14,6,42,12,No
1983,2025-01-16,6,13,13,No
2378,2024-02-10,9,48,6,No
4061,2024-06-27,7,7,6,No
4019,2024-06-30,4,35,10,No
1303,2024-11-17,2,56,4,No
4531,2025-01-12,6,25,8,No
201,2024-05-02,6,51,8,No
3607,2024-05-20,4,56,19,Yes
4864,2024-08-14,7,37,15,No
3415,2024-05-09,8,13,15,No
116,2024-06-12,4,8,6,Yes
2378,2024-11-27,5,16,1,Yes
2577,2024-01-19,4,21,3,No
3772,2025-01-02,9,30,9,No
123,2024-11-22,9,17,17,No
1779,2024-03-07,6,50,19,No
3880,2024-05-09,1,47,7,No
4054,2024-01-13,9,6,17,Yes
2147,2025-01-31,6,55,20,No
4542,2024-07-05,7,32,16,Yes
2156,2024-05-03,5,16,11,Yes
1363,2024-08-14,3,25,18,No
3982,2024-09-10,3,29,3,No
528,2024-03-27,4,32,19,No
344,2024-11-03,7,26,2,No
2772,2024-11-27,3,10,16,No
2185,2024-01-03,3,43,12,No
1387,2024-10-13,9,54,12,No
3212,2025-01-06,1,53,4,Yes
1909,2024-05-19,4,54,8,No
388,2024-12-13,1,28,13,Yes
839,2025-01-17,6,38,17,No
2732,2024-09-25,3,13,12,Yes
299,2024-11-08,7,11,7,No
2375,2024-07-22,6,56,3,No
4409,2024-06-10,5,49,1,No
4940,2024-04-26,6,38,15,Yes
1717,2024-11-24,3,42,22,No
2729,2024-11-15,7,23,15,Yes
4590,2024-05-12,5,23,18,No
4433,2024-06-19,9,52,23,Yes
719,2024-01-14,2,54,20,No
2490,2024-05-01,1,52,7,Yes
4275,2024-08-13,5,29,20,Yes
1859,2024-06-27,8,39,18,No
4987,2024-05-23,6,30,3,No
4216,2024-10-10,4,54,8,No
700,2024-01-17,9,9,8,Yes
4750,2025-01-30,6,57,5,No
4753,2024-09-03,4,42,10,No
1755,2024-09-25,1,6,13,No
906,2024-01-04,3,51,18,Yes
2860,2024-07-10,4,20,2,No
259,2024-04-27,2,29,11,Yes
2753,2024-09-29,4,9,15,Yes
978,2024-04-20,7,49,1,No
4450,2024-04-11,5,1,15,No
870,2025-01-08,2,2,6,No
919,2024-09-30,7,10,9,Yes
1571,2024-07-09,5,13,5,Yes
4076,2024-07-25,6,39,13,Yes
3660,2024-10-24,2,50,13,Yes
2429,2024-04-06,9,41,13,No
3328,2024-04-05,2,35,11,Yes
1119,2025-01-04,3,19,14,No
421,2024-11-06,5,20,1,No
368,2024-03-02,1,19,7,No
1167,2024-05-06,3,10,19,Yes
2137,2024-07-27,3,44,16,No
4520,2024-11-03,8,41,11,Yes
1644,2024-07-13,2,22,17,Yes
811,2024-06-04,1,4,21,No
190,2025-01-14,8,20,17,Yes
3274,2024-09-25,9,17,7,No
3936,2024-01-22,7,49,19,Yes
2512,2024-12-22,1,48,21,No
1895,2024-05-21,5,21,7,Yes
1822,2024-01-15,8,13,22,Yes
321,2024-08-31,5,24,19,No
2612,2024-04-23,7,35,3,No
1490,2024-08-22,6,2,4,No
2338,2024-04-17,3,24,9,No
3861,2024-01-29,9,1,22,Yes
3617,2024-05-20,7,27,22,No
3302,2024-02-14,1,32,10,Yes
382,2024-06-29,7,20,20,No
4016,2024-01-01,1,44,14,No
1829,2025-01-04,9,44,21,No
321,2024-07-16,2,56,9,No
2869,2024-04-21,4,19,24,Yes
642,2024-03-31,4,31,6,Yes
4939,2024-12-27,3,58,20,No
4630,2024-05-11,6,48,9,Yes
1271,2024-01-16,5,2,23,No
55,2024-06-09,2,8,8,Yes
300,2024-02-22,2,44,5,No
4676,2024-01-24,4,28,8,No
2589,2025-01-12,5,24,21,No
2687,2024-03-13,8,11,2,No
3652,2024-07-27,5,6,21,Yes
4116,2024-07-03,5,46,18,Yes
4524,2024-09-21,3,56,13,No
4544,2024-04-27,5,18,10,Yes
3734,2024-09-29,3,41,7,No
2805,2024-08-19,7,43,8,Yes
4686,2024-11-19,6,12,20,No
1352,2024-10-24,7,12,24,No
1363,2024-08-09,3,4,10,Yes
4593,2024-04-15,3,45,20,No
4754,2024-04-13,2,35,3,Yes
348,2024-05-29,1,6,15,Yes
1454,2024-07-21,3,35,9,Yes
3360,2024-08-27,9,35,9,No
4982,2024-05-23,4,26,16,Yes
2871,2024-11-27,5,55,22,Yes
2444,2024-08-06,8,9,10,Yes
4833,2024-05-16,1,33,2,No
701,2024-12-20,4,36,21,No
1172,2024-07-20,8,35,20,Yes
2270,2024-08-09,3,2,4,No
1410,2025-01-16,6,7,9,No
410,2024-01-20,9,43,14,Yes
2631,2024-05-06,5,39,13,Yes
660,2024-04-21,4,45,10,Yes
3943,2024-03-10,2,9,4,No
4606,2024-09-05,3,27,20,Yes
1551,2024-04-10,1,23,21,No
2571,2024-10-19,8,45,17,No
258,2024-11-13,9,24,21,No
2325,2024-08-30,6,6,4,No
4763,2024-05-15,8,56,2,No
4004,2024-02-27,7,25,20,No
1490,2024-06-20,6,16,3,No
727,2024-10-31,8,56,11,Yes
3057,2024-03-16,8,51,18,No
625,2024-01-28,5,37,4,No
317,2024-12-28,5,29,19,No
229,2025-01-23,7,19,1,No
1897,2024-10-21,4,31,11,No
3207,2024-05-25,2,30,9,Yes
1711,2024-02-05,6,1,13,No
3121,2024-01-28,5,56,19,No
703,2024-02-15,8,8,9,No
4875,2024-01-11,5,39,18,No
161,2024-04-01,8,50,15,Yes
2408,2024-11-17,5,3,14,No
3636,2024-09-07,1,46,14,No
3601,2024-08-11,9,32,23,Yes
1020,2024-01-23,7,31,18,No
948,2024-09-04,9,10,20,No
457,2024-09-30,5,47,14,Yes
2657,2024-02-26,5,1,20,Yes
3275,2024-12-15,7,7,12,Yes
344,2024-11-01,1,31,1,No
4617,2024-06-16,2,14,24,Yes
3943,2024-02-28,9,12,5,No
1109,2024-07-19,7,32,8,Yes
4394,2024-06-02,9,55,19,Yes
4412,2024-09-22,8,47,5,No
3751,2024-05-14,5,10,17,No
1756,2024-10-30,7,15,11,No
3934,2024-08-24,9,57,8,No
2184,2024-08-31,8,17,3,Yes
4479,2024-10-16,3,34,9,No
3268,2024-11-20,8,1,13,No
1125,2024-08-28,4,33,19,Yes
1240,2024-04-13,8,22,14,Yes
1073,2024-09-22,1,26,10,No
1105,2024-04-10,1,42,14,Yes
2259,2024-04-30,8,11,1,Yes
3834,2024-01-12,6,16,18,No
2220,2024-08-06,5,12,12,No
1993,2024-02-14,8,1,8,No
1254,2024-05-14,6,42,8,No
4354,2024-05-08,7,26,9,Yes
1608,2024-04-20,4,16,20,Yes
3420,2024-06-13,7,43,6,No
436,2024-08-16,3,9,3,No
1280,2024-12-01,3,53,8,No
266,2024-07-09,2,42,2,No
1324,2024-05-18,1,20,20,Yes
3565,2024-12-27,3,23,4,Yes
2205,2024-08-30,6,19,13,No
1619,2024-09-27,3,1,22,No
4095,2024-10-29,9,7,2,No
715,2024-04-17,7,59,23,Yes
988,2024-06-23,1,16,23,Yes
2039,2024-01-12,2,18,14,No
507,2024-06-25,4,2,22,No
606,2024-12-08,9,43,7,Yes
3042,2025-01-22,2,23,4,No
158,2025-01-28,7,13,13,Yes
517,2024-11-24,5,57,4,Yes
4257,2024-12-17,5,2,17,No
3221,2024-04-03,1,9,8,No
4539,2024-07-28,9,56,17,No
4853,2024-01-17,4,51,1,No
2751,2024-04-05,4,59,9,No
4637,2025-01-24,1,3,22,No
4401,2024-08-27,9,12,19,No
3367,2024-01-15,8,7,24,Yes
2893,2025-01-06,6,33,11,No
4308,2024-07-25,6,28,7,Yes
2077,2024-09-27,5,13,12,No
4869,2024-08-28,4,48,3,No
533,2024-06-20,7,12,10,No
2842,2024-08-09,3,11,16,Yes
4842,2025-01-22,6,42,4,No
2577,2024-08-28,1,52,4,Yes
2947,2024-01-31,3,52,1,No
1517,2024-09-03,8,23,20,Yes
2404,2024-02-13,5,56,23,No
1147,2024-11-21,2,5,23,No
1653,2024-12-24,7,23,8,No
862,2024-10-04,4,13,4,No
4629,2024-12-14,7,59,24,Yes
815,2024-03-02,1,54,20,No
4810,2024-03-22,6,56,19,No
785,2024-11-03,1,2,20,Yes
2308,2024-04-03,1,35,10,No
1438,2024-05-02,9,29,10,Yes
3219,2025-01-03,3,15,4,Yes
1140,2024-07-23,1,46,7,No
2693,2024-02-18,1,17,16,Yes
414,2024-04-21,7,26,17,No
438,2024-10-18,8,33,7,Yes
802,2024-02-26,3,48,4,Yes
245,2024-03-06,1,41,4,Yes
2485,2024-04-06,2,59,22,Yes
793,2024-09-08,6,55,12,Yes
1889,2024-08-24,2,41,16,Yes
2663,2024-05-09,1,57,11,Yes
2487,2024-07-05,4,49,21,No
635,2024-11-02,1,26,8,No
4330,2024-11-26,4,13,7,Yes
237,2024-10-28,3,5,23,No
2998,2024-09-23,6,15,7,Yes
556,2024-06-01,4,57,11,No
2855,2024-12-10,5,3,18,No
4456,2024-02-22,5,54,19,Yes
2993,2024-12-24,1,17,24,No
2324,2025-01-12,9,11,9,No
2109,2024-04-16,1,13,15,No
4343,2024-05-07,5,38,23,No
331,2024-09-12,4,28,3,No
1241,2024-07-29,4,16,20,No
3916,2024-09-13,3,32,7,Yes
4107,2024-08-16,2,47,4,Yes
870,2024-01-05,9,18,13,Yes
339,2024-06-20,5,17,1,Yes
3895,2024-12-21,1,4,21,No
2260,2024-09-15,4,14,24,No
3482,2024-01-06,4,38,12,No
1596,2024-09-07,2,18,21,No
3794,2024-10-23,1,58,9,No
345,2024-02-03,8,41,20,No
986,2025-01-23,6,33,15,Yes
3480,2024-01-23,7,56,18,Yes
3354,2024-11-17,5,8,13,Yes
1859,2025-01-20,7,55,1,Yes
4094,2024-07-26,2,18,14,Yes
186,2024-11-24,2,11,4,No
463,2024-07-05,4,30,16,No
2203,2024-03-01,8,55,13,Yes
2783,2024-01-16,7,42,5,Yes
1164,2024-08-06,7,41,24,Yes
2059,2024-05-16,4,17,14,Yes
3642,2024-01-21,9,12,6,No
1370,2024-09-10,7,11,17,Yes
3223,2024-01-19,5,4,19,Yes
1664,2024-08-20,6,22,7,Yes
235,2024-09-27,1,49,16,Yes
2904,2024-04-14,3,17,7,No
4476,2025-01-24,9,57,21,No
2739,2024-10-02,8,1,22,No
3396,2024-12-14,7,34,10,Yes
724,2024-11-26,9,41,17,No
832,2024-06-03,8,44,6,No
1085,2024-08-13,5,44,3,No
2708,2024-09-28,9,25,10,Yes
2923,2025-01-09,9,44,5,No
2135,2024-05-17,6,28,19,No
404,2024-09-19,1,18,22,Yes
2244,2024-04-10,7,35,23,Yes
3562,2024-01-06,7,42,19,Yes
729,2024-04-26,8,16,23,Yes
4488,2024-05-10,9,51,8,Yes
3332,2024-09-21,8,48,14,No
3779,2025-01-28,8,23,9,Yes
3295,2024-06-28,3,42,8,No
115,2024-08-24,2,21,16,No
72,2024-04-19,2,55,23,Yes
136,2024-08-09,6,55,12,No
223,2024-06-17,7,12,12,No
1361,2024-12-03,5,48,15,No
3755,2024-05-25,8,27,13,Yes
2059,2024-12-19,7,43,13,No
1318,2024-12-13,1,41,8,No
2528,2024-01-04,9,47,23,No
3004,2024-05-29,8,33,1,No
2253,2024-05-14,2,54,5,Yes
2598,2024-11-13,7,29,4,Yes
3006,2024-03-07,2,53,17,No
904,2024-09-02,4,47,6,No
2264,2024-04-04,4,4,22,Yes
4722,2024-09-20,8,46,19,No
4040,2024-01-30,5,48,18,No
1358,2024-11-10,7,29,19,Yes
3270,2024-01-06,7,14,4,No
1566,2024-04-06,3,6,7,No
758,2024-03-01,5,54,7,Yes
4578,2024-08-19,8,46,17,No
1468,2024-10-10,2,40,23,Yes
1332,2024-09-16,7,8,5,No
4182,2024-05-05,3,1,2,No
4348,2024-12-05,8,33,10,Yes
847,2024-07-18,1,3,6,No
2385,2024-05-11,5,40,5,Yes
813,2024-05-05,1,1,15,Yes
1092,2025-01-13,3,36,4,No
1289,2024-02-12,2,11,13,No
52,2024-08-07,3,8,2,Yes
1964,2024-09-09,7,44,24,No
3442,2025-01-16,9,37,12,No
2739,2024-09-22,3,46,10,Yes
2826,2024-06-15,1,56,18,Yes
1801,2025-01-17,7,44,5,Yes
251,2024-11-15,1,11,15,Yes
3625,2024-09-14,9,3,3,No
694,2024-05-16,5,4,11,No
809,2024-05-13,2,16,6,Yes
3809,2024-05-16,9,39,7,Yes
4592,2024-01-22,2,42,8,No
4003,2024-10-09,3,6,24,Yes
3436,2024-10-14,3,58,6,No
2299,2024-12-03,6,36,5,Yes
3768,2024-10-20,4,22,14,No
3775,2024-06-10,7,49,9,Yes
4950,2025-01-15,7,48,18,Yes
4965,2024-10-27,3,33,15,No
1236,2024-04-20,5,59,15,Yes
441,2024-01-13,1,23,13,Yes
1769,2024-04-12,4,58,7,No
2484,2024-04-05,8,12,15,No
4590,2024-11-16,8,28,20,Yes
4494,2024-01-18,1,7,4,No
1756,2024-08-24,6,39,23,No
4133,2024-11-16,2,30,17,No
176,2024-07-09,1,19,21,No
498,2024-08-11,7,25,1,No
4575,2024-01-03,8,48,11,Yes
4137,2024-12-31,6,8,4,No
4750,2024-06-24,4,59,4,Yes
4048,2024-03-20,2,10,13,No
805,2024-08-04,1,42,14,No
3476,2024-11-13,6,24,10,Yes
1366,2024-11-15,7,28,7,Yes
2899,2024-01-28,3,55,14,Yes
313,2024-03-04,5,15,3,Yes
1807,2025-01-15,3,45,20,Yes
2037,2024-07-04,1,16,3,Yes
1450,2024-03-22,5,50,14,Yes
1007,2024-04-15,9,19,13,No
1379,2024-11-28,7,2,24,No
626,2024-01-20,7,46,22,Yes
1184,2024-03-07,8,20,21,No
1364,2024-11-06,1,3,23,Yes
2498,2024-11-02,4,45,16,Yes
3345,2024-12-03,3,35,4,No
597,2024-11-14,3,30,12,No
3873,2024-07-24,9,58,20,No
1653,2024-07-14,8,56,9,Yes
3972,2024-04-10,7,57,17,No
3744,2024-04-22,1,38,4,Yes
3229,2024-01-11,6,18,9,Yes
561,2024-11-03,5,13,5,No
1493,2024-03-25,1,38,3,No
3464,2024-05-05,2,17,18,Yes
3193,2024-07-02,9,42,21,No
1676,2024-07-23,1,18,13,No
18,2024-06-29,2,11,22,No
4903,2024-05-15,6,38,3,No
60,2024-01-02,2,16,18,Yes
543,2024-05-05,5,19,1,Yes
1597,2024-01-16,1,18,21,Yes
1537,2024-08-13,6,6,13,No
48,2024-11-01,5,24,14,Yes
4011,2024-11-25,8,51,1,Yes
722,2024-10-30,8,44,12,Yes
2259,2024-03-01,6,49,2,Yes
4349,2024-06-29,2,38,9,No
1783,2024-05-20,5,34,5,Yes
3678,2024-01-31,8,45,22,Yes
1076,2024-04-02,2,46,1,No
2582,2024-12-15,9,7,4,No
4868,2024-08-25,7,18,17,No
4975,2024-04-16,3,19,13,No
1330,2024-03-24,1,44,5,No
917,2024-01-14,4,45,17,Yes
4493,2024-03-01,3,48,21,Yes
4857,2024-03-15,7,8,3,No
2864,2024-11-17,4,15,10,Yes
3446,2024-11-07,2,9,21,No
3569,2024-07-01,9,48,21,Yes
4661,2024-04-20,6,43,23,Yes
220,2024-02-17,9,47,10,No
3423,2024-10-12,6,44,1,No
423,2024-06-16,9,12,2,Yes
151,2024-01-03,1,13,7,No
3796,2024-01-12,9,51,21,No
1894,2024-05-29,3,28,4,No
4266,2024-03-06,8,39,10,No
4520,2024-04-12,5,6,23,Yes
1060,2024-02-10,1,34,2,Yes
397,2024-12-06,3,36,4,No
1343,2024-09-29,6,6,17,No
4959,2024-03-12,1,18,6,Yes
864,2024-12-24,4,59,5,Yes
3733,2024-01-20,7,56,22,No
2116,2025-01-23,9,1,7,No
2601,2024-12-20,2,3,8,No
1954,2024-07-15,9,1,21,No
1849,2024-09-21,1,48,5,No
2691,2024-03-05,1,41,14,Yes
2485,2024-01-29,7,53,23,No
3528,2024-06-03,7,4,4,Yes
2030,2024-09-27,9,27,9,No
2305,2024-03-04,2,38,21,No
2968,2024-12-20,4,16,1,No
1884,2024-01-17,4,55,2,No
4032,2024-10-17,4,18,11,No
3978,2024-05-01,7,27,2,Yes
31,2024-01-29,3,50,2,No
3274,2024-06-26,2,45,4,No
1129,2024-06-01,7,57,7,No
4508,2024-09-28,7,45,3,Yes
3778,2024-05-27,6,20,6,No
4833,2024-12-28,6,23,18,No
4440,2024-08-17,7,16,24,No
2065,2024-04-21,9,40,13,Yes
2231,2024-09-21,7,10,5,No
518,2024-07-02,3,57,14,No
977,2024-08-15,3,19,12,Yes
1322,2025-01-22,2,54,11,Yes
2317,2024-09-05,2,42,13,Yes
3737,2024-11-03,6,1,4,No
4335,2024-08-16,6,40,5,No
3794,2024-04-14,9,16,20,No
4788,2024-10-27,2,55,16,Yes
1296,2024-09-26,5,21,5,Yes
1798,2025-01-18,3,19,20,Yes
34,2024-03-17,6,45,23,No
1231,2024-05-18,9,28,16,No
81,2025-01-01,1,45,13,No
643,2024-06-17,4,26,18,No
4854,2024-11-22,2,32,14,No
3659,2024-12-14,2,47,10,Yes
2803,2024-06-16,2,30,10,No
3596,2024-05-01,5,18,11,No
4633,2024-09-26,7,39,3,No
3144,2024-02-23,4,24,8,No
3078,2024-07-10,4,6,17,No
2557,2024-02-13,8,14,12,No
320,2024-10-01,2,36,2,No
609,2024-03-21,7,12,17,No
4346,2024-09-05,6,17,22,Yes
3574,2024-03-15,5,51,11,No
4686,2024-12-13,5,4,8,No
775,2024-04-06,7,20,4,No
3872,2025-01-26,4,18,2,Yes
1716,2024-09-20,8,15,9,No
3554,2024-03-11,5,31,21,No
3377,2024-08-11,8,28,12,Yes
2588,2024-05-20,7,34,3,No
3934,2024-03-08,6,48,23,Yes
4517,2024-10-27,5,25,11,No
3422,2024-06-30,1,13,17,Yes
57,2024-02-20,9,8,18,No
2284,2024-09-15,1,11,17,Yes
1756,2024-06-24,9,35,2,Yes
926,2024-04-04,4,26,7,Yes
26,2024-07-04,2,51,4,Yes
1258,2024-07-05,5,17,24,No
1794,2024-11-27,4,35,15,No
4019,2024-08-27,6,11,23,No
4301,2024-12-17,5,12,14,No
29,2024-08-02,5,35,9,Yes
1948,2025-01-31,4,45,11,No
2010,2024-09-27,2,16,15,No
1952,2024-09-26,2,43,18,No
2750,2024-12-04,1,50,12,No
3570,2025-01-05,2,47,21,No
517,2024-02-10,6,30,13,No
1736,2024-06-21,8,12,10,Yes
3803,2024-06-22,6,41,23,No
337,2024-10-29,4,56,17,No
1347,2024-01-22,5,4,6,Yes
1751,2024-05-04,6,40,16,No
776,2024-01-28,4,58,2,No
1641,2024-09-19,8,50,12,No
1427,2024-03-04,7,35,10,Yes
272,2024-10-21,5,23,8,Yes
3189,2024-08-04,1,48,18,Yes
3555,2025-01-07,5,52,22,Yes
1132,2025-01-07,4,50,15,No
3406,2024-11-13,7,53,10,No
803,2024-06-17,8,18,5,Yes
266,2024-06-04,3,15,18,Yes
4334,2024-05-14,4,43,23,Yes
55,2025-01-14,2,1,20,No
3949,2024-09-13,7,53,6,Yes
4791,2024-08-20,4,32,21,No
1289,2024-07-17,8,7,14,Yes
4430,2024-02-22,6,7,18,Yes
3964,2024-12-11,7,57,2,Yes
3512,2024-06-22,1,37,16,Yes
4470,2024-01-08,6,19,14,No
4537,2024-12-28,5,4,10,No
1890,2025-01-25,4,24,12,Yes
3002,2024-05-30,5,50,20,Yes
2277,2024-09-19,2,28,10,No
613,2024-10-10,4,36,22,No
3595,2024-05-24,7,9,1,No
2469,2024-10-26,4,57,5,No
2176,2025-01-13,9,16,15,No
1419,2024-02-28,7,29,2,No
135,2024-12-31,5,25,12,Yes
4051,2024-06-15,5,37,8,Yes
207,2025-01-12,4,2,2,No
2638,2024-01-16,7,11,9,No
4303,2024-09-18,2,10,4,Yes
824,2024-10-19,3,42,9,Yes
3069,2024-03-10,4,21,3,Yes
753,2024-12-01,9,13,23,No
4663,2024-05-10,7,17,22,No
1165,2024-05-27,2,25,8,No
1843,2024-07-27,6,24,23,Yes
499,2024-12-30,8,46,2,No
768,2024-05-28,5,8,11,No
3512,2024-01-22,1,18,21,Yes
4835,2024-05-01,7,49,7,No
2529,2024-06-19,7,57,7,Yes
2707,2024-01-14,8,24,19,Yes
908,2024-08-15,5,49,24,No
2349,2024-07-30,9,21,14,No
2670,2024-10-31,7,3,20,No
4028,2024-07-03,2,30,4,No
143,2024-06-26,7,53,10,No
856,2024-06-29,3,48,19,No
2681,2024-11-03,3,33,3,No
10,2024-12-23,2,47,13,Yes
4507,2025-01-31,8,43,18,No
836,2024-04-17,4,10,7,No
865,2024-07-07,2,14,13,No
3105,2024-06-19,9,4,6,No
1928,2024-09-17,8,33,6,No
3243,2024-09-18,8,36,12,No
3598,2024-02-09,9,36,22,No
4520,2024-02-01,5,8,2,No
4701,2024-09-16,2,7,11,Yes
4834,2025-01-22,5,15,8,No
1178,2024-12-30,3,19,17,Yes
2334,2024-03-09,1,51,4,Yes
3795,2024-12-05,6,23,16,Yes
1831,2024-03-19,9,41,12,Yes
722,2024-08-16,9,4,23,No
1261,2024-08-12,5,26,13,Yes
589,2024-06-17,6,21,18,No
835,2024-06-02,7,51,24,Yes
2234,2024-08-16,1,4,17,No
1535,2025-01-28,5,43,5,No
2486,2024-08-19,9,23,12,Yes
4254,2024-11-17,7,37,7,Yes
1095,2024-09-11,7,22,22,No
3492,2024-09-09,9,28,15,No
1639,2024-05-19,3,12,10,No
3834,2024-07-09,5,42,8,No
1505,2024-10-21,2,40,4,No
3359,2024-04-02,7,28,15,No
3492,2024-07-08,1,5,23,No
2676,2024-05-25,3,16,15,No
2611,2024-12-28,6,34,17,No
2896,2024-03-01,3,57,1,Yes
2337,2024-03-05,5,53,4,No
4306,2024-04-21,9,7,10,Yes
4338,2024-09-20,1,24,19,Yes
2011,2024-08-17,3,25,8,No
265,2024-03-16,5,40,4,No
2783,2024-05-27,5,50,3,Yes
3215,2025-01-12,1,29,7,No
4787,2024-10-27,3,31,10,Yes
3961,2024-05-07,5,40,3,No
4828,2024-09-04,7,53,17,Yes
3416,2024-11-01,7,56,11,Yes
988,2024-08-28,9,57,21,Yes
3792,2024-11-11,1,15,4,Yes
2191,2024-01-20,3,18,12,No
4743,2024-01-09,7,12,10,No
4232,2024-09-09,6,3,16,No
3887,2024-02-01,9,5,19,No
1396,2024-12-29,7,33,23,Yes
50,2024-05-25,9,37,5,No
2049,2024-06-18,1,1,2,No
3590,2024-07-05,2,28,14,Yes
4151,2024-11-03,9,16,11,No
2155,2024-05-25,6,19,7,No
703,2024-10-07,2,59,17,No
3598,2024-06-07,1,13,20,Yes
1488,2024-10-18,6,19,8,No
1207,2024-12-18,5,27,4,Yes
2198,2025-01-12,9,19,11,No
3171,2024-08-01,1,50,11,No
663,2024-08-24,6,37,11,No
4260,2024-05-15,9,40,14,No
806,2025-01-03,9,26,15,Yes
968,2024-02-24,4,7,14,Yes
3106,2024-08-11,7,27,23,No
2582,2024-08-06,1,22,20,Yes
2820,2024-03-08,8,55,9,Yes
3306,2024-04-11,6,46,5,No
3010,2024-12-13,1,36,11,Yes
4640,2024-10-15,5,39,22,No
1529,2024-06-23,7,22,23,No
1764,2024-08-03,8,10,15,No
162,2024-12-03,2,3,14,Yes
4692,2024-09-07,5,48,9,Yes
1445,2024-03-01,3,24,21,Yes
3793,2024-03-19,4,31,5,No
2734,2024-06-17,5,46,16,Yes
3038,2024-07-05,5,18,18,Yes
1631,2024-10-27,9,48,17,No
4663,2024-04-23,4,50,16,No
2507,2024-06-24,5,52,10,No
2596,2024-01-16,2,42,15,Yes
2985,2024-03-27,8,45,3,No
756,2024-08-18,2,55,6,No
2714,2024-08-08,2,58,20,Yes
4705,2024-08-16,3,9,13,Yes
2308,2024-05-14,3,30,8,Yes
1566,2024-11-15,8,6,7,Yes
4687,2025-01-10,7,47,3,Yes
4690,2024-01-11,4,42,12,No
3554,2024-07-11,4,53,6,No
3805,2024-06-03,6,39,19,No
3492,2024-03-04,5,12,23,Yes
4156,2024-03-20,2,50,11,Yes
4004,2024-03-19,4,13,22,No
4378,2024-09-08,4,59,24,No
1224,2024-03-16,1,2,1,Yes
4633,2024-12-13,7,54,2,No
722,2024-09-04,7,36,10,No
3582,2024-07-22,2,38,4,No
4569,2024-07-03,1,11,9,No
4850,2024-04-11,9,46,22,No
4511,2024-02-02,6,46,19,No
2785,2024-05-24,1,32,23,No
4470,2024-07-07,1,18,14,No
4265,2024-02-27,1,8,18,No
4156,2024-12-21,7,14,9,No
1287,2024-11-17,2,44,3,Yes
1995,2024-04-13,8,55,23,Yes
773,2024-05-21,7,6,10,Yes
4064,2024-02-22,4,55,11,No
1073,2024-09-11,2,18,3,Yes
4671,2024-11-22,7,55,23,No
2923,2024-01-26,6,59,2,Yes
1518,2024-01-29,5,38,4,Yes
1704,2024-06-22,4,17,14,No
789,2024-05-24,4,28,12,No
1327,2024-07-05,4,36,17,Yes
2434,2024-06-21,4,23,16,No
1711,2024-10-11,7,55,21,Yes
415,2024-05-03,5,22,20,No
3241,2024-05-28,8,50,20,Yes
3540,2024-06-29,4,41,23,No
975,2024-07-01,8,32,20,No
3683,2024-11-14,2,41,19,Yes
284,2024-06-21,3,1,3,No
1888,2024-07-05,6,59,16,Yes
1981,2024-08-10,7,20,10,No
2088,2024-04-05,6,28,3,Yes
488,2024-03-03,9,46,16,No
479,2024-08-05,9,59,13,No
400,2024-10-12,5,9,20,No
4739,2024-12-05,2,9,16,No
2173,2024-04-19,2,32,4,No
3404,2024-04-14,3,18,3,No
2831,2024-07-09,7,41,3,No
1410,2024-12-02,7,2,19,No
666,2024-09-04,7,41,1,No
1241,2024-12-24,8,48,1,No
3247,2025-01-26,8,6,7,No
1277,2024-07-31,7,21,12,No
1523,2024-07-31,8,24,4,No
2841,2024-09-17,9,18,23,No
4087,2024-01-28,2,45,24,No
4884,2024-10-13,3,7,11,No
2287,2024-11-09,1,8,18,Yes
2759,2024-07-01,7,53,21,No
3021,2025-01-23,1,52,2,No
4491,2024-01-04,2,28,16,No
2045,2024-06-03,4,26,19,No
2658,2025-01-15,5,5,13,No
1434,2024-10-24,3,37,24,No
181,2024-02-16,7,1,24,No
1956,2024-01-16,3,27,15,No
3155,2024-09-14,3,41,21,No
4535,2024-08-01,4,6,1,No
4603,2025-01-23,6,59,18,Yes
2898,2025-01-02,4,45,24,No
418,2024-01-27,2,43,7,Yes
1826,2024-05-30,7,8,12,No
1213,2024-04-12,3,23,18,No
4078,2024-02-10,1,11,3,No
1536,2024-08-30,1,15,12,Yes
2886,2024-02-15,1,43,10,No
2213,2024-07-08,3,36,19,No
3834,2024-06-17,6,44,15,No
4447,2024-12-14,9,18,7,Yes
1981,2024-08-29,1,24,18,Yes
2743,2024-10-13,5,51,2,Yes
4150,2024-06-13,6,14,10,No
3445,2025-01-27,9,17,1,No
575,2024-03-22,2,46,17,No
927,2024-02-17,7,12,6,Yes
235,2024-11-16,6,5,11,No
1838,2025-01-02,5,52,9,Yes
592,2024-10-23,5,35,1,No
4150,2024-08-21,7,52,7,No
4595,2024-10-25,2,23,11,Yes
2110,2024-04-28,9,26,12,Yes
1334,2024-04-24,1,30,9,Yes
2882,2024-07-19,9,4,6,No
3535,2024-10-11,5,44,11,No
2554,2024-07-15,5,46,21,Yes
4123,2024-01-24,8,7,15,No
2846,2024-11-11,2,12,9,No
1153,2024-12-15,4,27,10,Yes
469,2024-05-04,2,14,12,No
400,2024-02-05,1,47,8,Yes
2412,2024-12-08,4,42,12,Yes
3232,2024-12-14,4,18,16,No
2665,2024-08-03,9,55,10,No
2112,2024-01-19,8,4,1,Yes
3702,2024-09-25,2,59,18,No
1149,2024-10-21,3,33,2,Yes
3689,2024-09-22,1,57,23,No
3552,2024-09-16,7,37,18,No
3066,2024-10-06,1,46,2,Yes
153,2024-06-28,2,45,19,No
792,2024-11-26,7,17,18,No
2599,2024-12-13,6,58,4,Yes
2411,2024-01-13,1,22,5,No
3801,2024-02-15,3,57,13,No
2803,2024-01-18,6,38,15,Yes
4497,2024-07-07,2,21,10,No
1875,2024-07-09,7,11,21,No
4215,2025-01-25,2,5,11,No
736,2024-10-09,4,17,7,No
3193,2024-04-10,7,44,20,No
2521,2024-11-01,7,3,24,No
4038,2024-02-10,5,51,20,Yes
798,2024-02-17,7,29,22,No
3115,2024-02-25,6,15,11,No
1912,2024-07-08,2,53,9,Yes
3966,2024-04-14,7,19,9,No
3199,2024-03-29,2,26,9,No
1257,2024-01-23,4,34,2,Yes
2357,2024-03-23,6,24,24,Yes
3091,2024-07-26,8,27,3,No
1463,2024-05-25,2,4,9,Yes
1443,2024-01-25,6,10,17,No
773,2024-01-17,3,37,10,No
4930,2024-11-08,9,10,9,No
4835,2024-12-28,5,13,8,Yes
292,2024-04-07,1,12,7,No
561,2024-12-17,5,8,1,Yes
513,2024-12-13,9,22,14,Yes
3482,2025-01-10,7,46,22,No
2025,2024-05-01,7,56,23,No
3282,2024-12-28,7,2,21,No
2123,2024-04-21,4,13,18,No
3923,2024-10-19,4,16,12,Yes
136,2024-08-09,5,34,21,No
227,2024-05-04,8,46,12,Yes
4358,2024-09-12,7,27,10,Yes
214,2024-10-27,7,51,1,No
1271,2024-01-22,5,26,1,Yes
2248,2024-04-04,5,32,2,No
4649,2024-01-02,6,15,9,Yes
788,2024-12-06,4,9,13,Yes
1870,2024-12-08,9,23,9,No
4223,2024-04-30,8,7,19,Yes
4456,2024-10-05,9,51,11,No
4280,2024-10-13,6,6,16,No
2787,2024-11-21,7,29,17,Yes
1791,2024-08-17,1,18,7,No
1899,2024-09-22,9,32,10,Yes
4167,2024-03-27,6,6,3,No
1119,2024-12-01,1,27,22,Yes
2303,2024-02-02,2,44,24,No
4848,2024-10-13,4,18,20,No
908,2024-09-29,4,5,3,Yes
4058,2024-11-10,9,6,2,No
3351,2024-04-18,4,21,24,No
586,2024-09-27,1,32,23,No
1578,2024-06-01,4,28,7,No
2438,2024-05-25,2,49,19,No
829,2024-08-18,4,26,19,No
3832,2024-09-23,6,21,18,Yes
4104,2024-02-20,9,26,20,No
1949,2025-01-20,7,7,11,Yes
4052,2025-01-22,2,21,15,No
241,2024-07-30,2,22,2,Yes
1595,2025-01-30,1,7,7,Yes
4576,2024-08-19,9,58,5,No
1013,2024-08-09,4,39,20,No
2700,2024-07-25,5,33,21,No
1132,2024-05-07,6,14,20,No
873,2025-01-17,2,48,4,Yes
2491,2024-05-19,2,56,18,No
937,2024-03-10,8,59,2,No
2881,2025-01-13,7,34,7,Yes
2297,2024-01-05,4,55,4,No
3836,2024-10-05,5,2,10,Yes
3764,2024-04-29,7,50,2,Yes
977,2024-06-02,3,16,19,No
4356,2024-09-19,8,40,23,Yes
50,2024-12-24,9,36,4,Yes
200,2024-02-17,1,1,9,No
3828,2024-04-05,5,42,10,No
955,2024-05-30,2,34,9,Yes
4715,2024-04-05,4,25,11,No
4586,2025-01-15,7,49,13,No
2218,2025-01-27,9,59,21,Yes
571,2024-07-26,8,9,1,No
2901,2024-08-10,3,55,23,No
2365,2024-05-29,3,48,4,No
2285,2024-09-03,6,49,8,No
940,2024-05-22,6,15,5,No
482,2024-03-17,7,22,17,Yes
4145,2025-01-07,3,46,15,Yes
4109,2024-07-30,2,34,16,No
3747,2024-06-06,1,35,19,Yes
3849,2024-05-20,8,27,11,No
399,2024-01-16,2,7,9,Yes
3954,2024-05-11,9,4,1,No
160,2024-08-25,5,3,1,Yes
4266,2024-11-27,2,40,24,No
1486,2024-10-13,9,29,22,No
3259,2024-04-09,3,45,15,No
545,2025-01-27,7,13,4,No
2318,2024-12-16,5,43,11,Yes
1792,2025-01-26,2,55,6,No
647,2024-03-26,6,19,2,Yes
1588,2025-01-24,3,10,24,No
3269,2024-09-10,1,15,20,No
4208,2024-11-02,8,45,21,No
3653,2024-08-10,1,57,20,No
3949,2024-07-27,3,58,9,No
3399,2024-05-02,1,47,3,No
3967,2024-08-14,4,48,4,No
124,2024-10-31,7,24,17,Yes
522,2024-11-29,7,34,12,No
4291,2024-06-16,2,14,23,No
2231,2024-09-22,9,6,13,No
4547,2024-02-17,1,41,11,No
3779,2024-12-15,1,32,20,No
3655,2024-12-20,8,8,21,Yes
4362,2024-10-08,6,18,14,Yes
106,2024-08-30,3,59,6,No
798,2024-08-15,1,23,10,No
2869,2024-06-03,8,20,6,Yes
3774,2024-05-19,8,32,10,No
4011,2024-11-08,5,16,1,No
203,2024-10-17,9,52,17,No
42,2024-03-27,1,19,18,No
4103,2024-06-08,4,16,13,No
3664,2024-07-17,5,7,6,Yes
2373,2024-09-26,6,21,15,Yes
1199,2024-08-16,6,13,16,Yes
4759,2024-12-05,7,53,17,No
840,2024-02-15,3,8,8,Yes
356,2024-06-05,1,15,12,Yes
3464,2024-05-11,6,55,5,Yes
4150,2024-07-15,4,36,4,Yes
1070,2024-11-08,3,31,24,No
2980,2024-04-21,3,31,9,Yes
3536,2024-10-18,9,17,23,Yes
493,2024-11-11,5,42,10,Yes
2259,2024-12-26,3,23,21,No
841,2024-06-20,8,28,6,No
4950,2024-05-07,5,10,14,No
2285,2024-02-17,3,37,5,No
1418,2024-06-16,9,6,2,Yes
4589,2024-06-18,1,10,9,No
1436,2024-08-11,3,2,24,No
1288,2024-07-25,4,55,9,No
4372,2024-06-08,7,54,4,No
3943,2024-11-30,4,28,17,Yes
3391,2024-03-14,3,49,18,No
2843,2024-04-10,8,45,24,No
4114,2024-11-10,2,31,8,No
4857,2024-05-22,2,51,18,No
2036,2024-01-06,5,28,12,Yes
2038,2024-03-19,6,52,1,Yes
3988,2024-11-16,2,17,21,Yes
2697,2024-07-12,3,35,8,No
3373,2024-10-25,4,9,8,No
3797,2025-01-23,9,27,7,Yes
3070,2024-01-06,1,45,16,No
244,2024-10-11,8,14,18,Yes
4079,2024-10-16,5,15,4,No
4980,2024-07-11,3,57,14,No
1812,2024-05-17,6,39,22,Yes
3844,2025-01-27,6,16,19,No
1746,2024-10-28,6,21,20,No
3935,2024-07-17,6,38,4,Yes
4594,2024-07-18,5,52,17,Yes
38,2024-08-02,4,36,17,Yes
1319,2024-12-07,9,54,17,No
32,2024-09-22,3,2,14,No
1766,2024-02-02,9,41,20,No
839,2024-03-03,5,27,12,No
1874,2024-12-04,5,15,3,No
2131,2024-10-02,5,10,20,Yes
471,2024-04-03,6,34,6,Yes
4532,2024-03-12,6,21,10,No
4610,2024-10-22,8,17,13,No
3558,2024-03-15,1,4,10,Yes
2821,2024-05-04,3,59,14,Yes
2028,2024-12-06,4,19,4,No
1342,2025-01-30,1,19,18,Yes
4930,2024-11-28,1,23,3,No
1073,2024-11-18,9,23,12,Yes
2002,2024-11-26,9,42,20,No
2844,2024-03-10,4,15,11,No
3497,2024-05-16,3,33,13,Yes
4292,2024-07-15,4,44,24,No
4536,2024-10-13,3,17,6,Yes
273,2024-09-08,9,35,4,No
3761,2024-03-11,7,27,1,Yes
988,2024-04-05,1,32,13,No
2136,2024-01-27,6,36,2,No
2244,2024-04-25,7,16,14,No
2099,2024-08-27,3,34,22,Yes
4604,2024-04-16,9,46,24,No
565,2024-04-27,2,16,17,Yes
2664,2024-09-05,5,42,11,No
4925,2024-12-27,6,17,24,No
2966,2024-10-12,7,27,1,No
4592,2025-01-31,1,28,10,No
4670,2024-05-18,9,50,18,No
2344,2024-01-28,8,11,21,No
371,2024-07-17,3,42,8,No
3680,2024-12-11,9,40,4,No
4177,2024-12-30,8,2,7,No
3120,2024-02-02,2,25,6,No
1166,2024-04-14,5,36,18,No
2695,2024-09-20,5,22,24,No
3729,2024-07-30,2,59,7,Yes
4654,2024-09-08,4,12,2,No
1480,2024-06-03,2,48,4,No
1517,2024-12-27,3,49,3,Yes
315,2024-09-23,1,57,21,Yes
3190,2024-06-16,6,21,19,Yes
23,2024-09-10,3,38,10,Yes
2653,2024-09-13,8,46,15,No
1380,2024-05-05,3,31,5,No
1593,2024-01-27,5,4,21,No
2293,2024-05-15,6,47,14,No
1438,2024-06-17,8,41,12,No
4018,2024-06-16,7,2,1,No
2929,2024-10-26,5,1,21,No
1248,2024-07-16,8,5,7,Yes
1839,2024-12-17,4,20,24,Yes
1771,2024-06-15,4,36,22,Yes
4511,2024-12-11,2,54,17,Yes
3447,2024-08-18,2,4,16,Yes
3334,2024-12-05,5,40,18,Yes
2812,2024-07-23,6,8,18,No
4899,2024-11-29,8,12,24,No
3718,2024-12-07,7,56,11,Yes
3990,2024-07-09,2,55,23,Yes
277,2024-08-23,2,54,17,Yes
79,2024-09-14,6,8,6,No
1745,2024-07-16,9,21,14,No
2151,2024-10-14,1,59,19,No
1471,2024-12-12,7,46,14,Yes
1545,2024-01-02,2,52,15,No
1037,2024-01-28,2,16,2,No
1432,2024-06-29,8,21,4,No
2469,2024-06-21,8,44,12,Yes
734,2024-02-04,5,12,20,No
1054,2025-01-11,3,44,3,No
2207,2024-03-08,3,1,20,No
4686,2024-07-21,5,1,11,No
1594,2024-11-22,1,55,6,No
763,2025-01-18,8,54,16,Yes
4786,2024-09-02,5,59,24,No
3711,2024-11-29,3,56,11,No
3934,2024-08-05,8,36,23,No
1612,2024-05-13,2,14,7,No
1679,2024-11-23,2,4,22,No
4632,2024-05-10,1,46,17,Yes
3975,2024-11-04,3,26,16,No
370,2024-05-15,4,47,11,Yes
3660,2024-04-19,6,32,10,No
3250,2024-07-31,1,30,5,Yes
2207,2024-04-24,8,58,21,No
2815,2024-03-25,4,34,18,No
1019,2024-08-27,1,40,8,No
2303,2024-01-19,4,2,5,Yes
2037,2024-07-07,4,9,13,No
1696,2024-07-29,5,59,5,Yes
2968,2024-02-24,4,39,5,No
379,2024-05-10,4,18,4,Yes
3957,2024-08-10,1,43,15,No
4123,2024-06-30,8,54,1,No
3683,2024-04-08,1,38,7,No
1817,2024-05-08,4,21,6,No
4515,2024-05-09,1,23,23,No
3669,2024-03-31,2,55,14,Yes
3464,2024-01-22,7,56,20,Yes
4516,2024-02-01,2,55,18,No
3172,2024-05-29,8,50,9,Yes
1708,2024-03-18,4,29,23,No
694,2024-02-14,1,42,6,Yes
3970,2024-12-16,7,45,1,Yes
3646,2024-09-18,2,20,5,No
410,2024-08-08,4,6,9,Yes
4588,2024-08-14,4,5,12,No
3732,2024-05-08,1,45,20,No
2102,2024-08-21,2,7,21,No
4384,2025-01-01,1,50,14,No
1413,2024-02-21,3,55,2,No
2266,2024-07-07,2,7,9,No
2187,2024-03-11,2,19,4,No
506,2024-01-26,9,38,10,Yes
4067,2024-05-07,5,55,6,No
1680,2024-06-15,6,57,24,No
3200,2024-02-12,5,38,7,Yes
275,2024-11-19,7,7,20,No
419,2024-10-21,4,52,24,No
4680,2024-02-17,3,38,16,Yes
977,2024-10-19,3,20,20,No
1056,2024-09-27,4,52,1,Yes
867,2024-06-26,7,50,14,No
1505,2024-12-09,2,14,22,No
3131,2024-12-02,2,56,6,No
3230,2024-01-12,9,37,12,No
3330,2024-06-23,5,29,21,Yes
1635,2024-07-28,2,57,23,No
757,2024-07-10,3,10,15,Yes
1721,2024-11-17,5,32,23,No
2277,2024-02-21,3,9,10,No
916,2024-04-30,1,20,7,No
1590,2024-04-24,6,51,19,No
2926,2024-06-11,5,48,24,No
4224,2024-10-07,7,43,21,No
3784,2024-06-12,5,27,21,No
7,2024-01-26,4,31,4,Yes
894,2024-10-05,7,7,24,No
3239,2024-02-14,5,17,7,No
1296,2024-11-16,8,31,22,No
377,2024-05-14,2,50,24,No
2354,2024-04-06,7,16,1,Yes
4922,2024-04-05,9,25,19,No
3196,2024-04-05,5,54,13,No
4212,2024-12-29,1,7,18,No
2049,2024-10-15,2,2,17,No
3863,2024-09-13,6,31,23,No
4583,2024-08-31,8,45,24,No
3447,2024-08-04,8,35,20,Yes
2468,2024-07-29,3,52,5,No
475,2024-12-29,4,47,10,Yes
2380,2024-04-14,8,59,8,Yes
4259,2024-04-05,7,16,14,Yes
2330,2024-09-07,6,43,2,Yes
3430,2024-12-09,4,54,12,Yes
1279,2024-10-29,9,16,2,No
835,2024-12-20,8,3,23,No
3633,2025-01-01,3,12,7,Yes
4873,2024-01-25,2,29,19,No
1827,2024-05-22,2,39,1,Yes
809,2024-03-06,7,5,16,No
1853,2024-04-16,1,56,4,No
950,2024-04-14,6,54,23,No
3722,2024-10-07,7,21,2,No
4041,2024-02-19,4,45,5,Yes
2333,2024-01-01,8,14,2,Yes
1354,2024-07-24,4,3,14,No
1252,2024-01-21,8,47,20,No
1664,2025-01-15,1,31,23,No
3544,2024-09-15,6,10,11,Yes
4964,2024-11-11,5,23,11,No
1938,2024-02-09,3,54,22,No
2390,2025-01-12,7,28,1,No
4650,2024-09-08,8,29,6,No
714,2024-01-23,4,26,9,Yes
3755,2024-01-20,2,9,15,No
3717,2024-07-05,7,51,15,No
1850,2024-03-18,2,12,16,No
4195,2024-03-05,4,44,6,No
3117,2024-11-04,8,10,19,Yes
3514,2024-02-11,8,25,16,No
2881,2024-09-27,4,11,2,Yes
687,2024-05-16,9,10,23,Yes
1523,2024-06-27,6,14,14,Yes
1229,2024-08-23,6,37,14,No
3206,2024-12-01,4,39,4,No
2502,2024-05-31,6,3,18,Yes
3194,2024-10-24,8,9,8,No
3552,2025-01-27,3,56,18,No
61,2024-07-27,8,30,23,Yes
587,2024-07-04,1,46,17,No
1147,2024-11-12,8,18,3,No
3905,2024-11-02,4,56,23,No
490,2024-01-11,6,22,9,No
1240,2024-06-19,3,35,9,Yes
1620,2024-03-08,7,3,19,No
967,2024-08-30,9,6,6,No
4183,2024-01-10,7,20,13,Yes
1611,2024-12-26,5,33,23,Yes
3001,2024-04-02,4,11,13,No
3246,2024-06-28,1,18,15,No
3873,2024-11-11,6,22,2,No
4745,2024-11-13,6,24,11,Yes
1533,2024-08-07,8,47,21,Yes
2596,2024-02-18,4,6,24,Yes
3537,2024-02-27,5,24,5,Yes
3384,2024-05-28,8,39,11,No
4948,2024-04-20,5,20,24,Yes
2734,2024-06-11,6,21,20,Yes
2621,2024-09-14,4,53,12,Yes
2754,2024-04-09,1,10,9,No
1696,2024-01-23,1,9,1,No
4582,2024-06-08,4,6,18,No
4694,2024-01-04,7,17,11,No
1959,2024-11-17,1,4,20,Yes
1325,2024-09-04,2,55,7,No
2991,2024-09-02,6,14,23,Yes
3958,2025-01-09,4,48,17,No
234,2025-01-14,6,16,14,No
2275,2025-01-03,4,54,22,Yes
3164,2024-07-06,8,10,19,No
2057,2024-03-04,3,55,3,No
4670,2024-04-23,4,32,16,No
3436,2024-01-21,2,45,24,No
945,2024-08-07,2,12,14,No
3426,2024-02-09,3,10,13,No
3731,2024-01-06,5,50,5,No
2570,2024-10-31,5,35,8,No
553,2025-01-19,3,23,19,No
1891,2024-03-19,4,32,4,No
3990,2024-03-12,5,26,19,No
1725,2024-02-25,5,31,7,Yes
1021,2024-07-24,1,53,9,No
4000,2024-10-08,6,13,8,No
331,2024-10-27,4,17,17,No
1582,2024-08-21,4,55,7,No
1397,2024-05-27,1,55,20,Yes
2643,2024-06-22,7,47,8,No
2489,2024-04-12,6,37,2,Yes
354,2024-08-23,1,59,3,Yes
4599,2024-02-26,7,49,5,No
598,2024-05-24,5,19,22,No
705,2024-08-16,5,56,20,Yes
3750,2024-05-02,2,54,19,No
919,2024-03-20,6,14,3,No
1831,2024-01-23,4,7,7,No
2970,2024-05-25,1,13,14,No
3436,2024-05-05,8,4,19,Yes
2756,2024-02-12,7,20,16,Yes
1805,2024-11-08,5,44,19,No
4074,2024-03-05,5,16,11,No
3861,2024-08-15,8,58,8,No
4988,2024-05-24,9,25,14,Yes
1777,2024-05-07,3,49,2,No
181,2024-02-14,8,57,23,No
2252,2024-04-01,3,47,12,No
488,2024-07-30,2,36,20,Yes
658,2024-08-05,6,2,21,No
197,2024-07-29,8,4,19,No
2739,2024-06-28,8,50,8,No
3841,2024-07-22,9,40,23,Yes
582,2024-01-23,1,29,17,Yes
2571,2024-03-30,3,56,22,No
2369,2024-04-23,5,10,12,No
4030,2024-04-13,7,20,12,Yes
2311,2024-07-24,6,3,14,Yes
280,2024-02-14,7,3,19,Yes
354,2024-07-30,2,13,15,No
3190,2024-07-01,6,33,19,No
4415,2024-06-22,7,57,20,No
3614,2024-09-18,5,42,5,Yes
1281,2024-01-12,6,44,1,No
2297,2024-08-02,4,55,10,Yes
1247,2025-01-25,9,44,11,No
2003,2024-03-15,7,45,22,Yes
1568,2024-05-08,3,55,18,No
3271,2024-08-20,8,27,20,Yes
2669,2024-06-15,6,26,17,No
1181,2024-06-18,7,15,7,Yes
1775,2024-06-22,6,48,9,Yes
3154,2024-03-17,5,2,20,No
730,2024-08-03,3,16,7,Yes
1414,2024-08-21,9,1,14,No
141,2024-03-12,7,30,7,No
3742,2024-01-28,4,19,22,No
1096,2024-12-11,9,43,24,Yes
669,2024-05-03,1,45,12,No
1540,2024-07-26,5,58,3,Yes
4956,2024-11-18,5,55,9,No
1760,2024-08-30,3,21,15,No
4607,2025-01-17,8,24,12,Yes
3783,2024-01-30,4,23,11,Yes
1795,2024-03-14,1,56,20,Yes
4947,2024-08-20,1,20,5,No
2857,2025-01-05,4,40,12,No
110,2024-06-09,3,13,16,No
3052,2024-02-27,5,56,3,Yes
61,2024-01-04,4,47,10,No
4359,2024-01-04,7,35,2,Yes
1397,2024-07-01,4,8,15,No
587,2025-01-18,3,41,9,Yes
1950,2024-12-16,2,47,22,Yes
1493,2024-08-11,6,2,24,Yes
3858,2024-10-08,7,22,18,Yes
1149,2024-09-06,8,51,12,Yes
2331,2024-01-22,4,18,13,Yes
1374,2024-08-06,2,27,20,Yes
1321,2024-10-23,7,40,14,Yes
1935,2024-01-02,3,25,4,No
363,2024-06-12,1,5,22,Yes
3555,2024-08-24,2,11,14,No
3198,2024-02-08,3,55,21,No
4504,2025-01-30,9,49,13,Yes
1862,2024-02-06,9,9,17,No
2161,2024-04-01,1,56,13,No
881,2024-02-12,8,43,3,No
4039,2024-12-23,8,21,13,Yes
3024,2024-09-24,7,38,14,Yes
4663,2024-02-16,5,27,14,No
3528,2024-07-15,5,19,2,No
3007,2024-08-20,9,42,5,Yes
4033,2024-12-18,6,45,21,No
4222,2024-11-02,3,50,22,No
2180,2024-04-13,6,30,4,Yes
4417,2024-04-02,3,17,23,Yes
3849,2024-05-03,5,52,4,No
475,2024-07-05,5,11,5,Yes
360,2024-04-06,4,24,6,No
2861,2024-10-21,2,36,20,Yes
1634,2024-04-27,1,9,22,No
3028,2025-01-24,6,58,19,No
2515,2024-12-22,4,23,12,No
4966,2024-04-28,7,31,20,No
2042,2024-01-09,1,14,12,No
2868,2024-11-18,5,45,2,No
2516,2024-07-08,3,32,20,No
2925,2024-05-19,4,15,24,Yes
325,2024-09-28,3,5,12,Yes
2923,2024-05-24,5,26,2,No
2387,2025-01-10,5,57,24,Yes
4505,2024-10-25,3,11,19,No
1891,2024-12-24,6,24,6,Yes
3717,2024-06-12,9,12,22,No
2355,2024-02-11,3,16,6,Yes
2728,2024-08-02,4,1,3,No
4907,2024-06-18,3,57,18,Yes
746,2024-08-30,7,40,9,No
3877,2024-01-29,4,1,5,Yes
4946,2024-08-14,3,58,11,No
276,2024-10-24,1,4,16,Yes
2063,2024-05-31,7,21,4,Yes
1946,2024-04-06,8,42,15,Yes
4943,2024-03-15,7,14,17,Yes
2303,2024-02-25,6,8,19,No
2899,2024-12-27,4,8,5,No
1262,2024-09-27,7,15,4,No
2088,2024-04-26,9,9,4,No
479,2024-01-17,4,51,12,No
3285,2024-03-16,2,41,16,Yes
1074,2024-05-18,1,9,18,Yes
4323,2024-03-31,6,52,22,No
69,2024-07-21,1,32,13,No
2275,2024-12-15,3,10,10,No
2940,2024-05-15,1,36,4,Yes
51,2024-07-30,4,29,16,Yes
2849,2025-01-18,5,46,7,Yes
66,2024-09-27,4,53,9,No
2027,2024-06-20,3,1,11,No
2325,2024-11-17,7,40,6,Yes
1154,2024-12-16,8,6,18,No
1742,2024-06-18,4,42,11,No
4157,2025-01-13,2,29,9,No
3229,2024-02-26,5,35,2,No
1796,2024-10-20,9,3,5,Yes
1652,2024-01-13,6,8,8,No
3969,2024-03-14,6,12,19,Yes
715,2025-01-04,3,55,12,No
3022,2024-01-18,4,40,22,No
3300,2024-06-04,7,36,7,No
4948,2024-02-05,6,7,12,No
107,2025-01-31,3,20,12,Yes
4818,2024-11-30,3,57,12,Yes
4093,2024-02-03,5,24,2,Yes
3808,2024-06-14,7,24,11,No
2284,2024-12-29,8,36,17,Yes
2709,2024-06-05,5,46,4,No
3633,2024-10-05,3,15,16,Yes
2268,2024-09-15,4,7,21,No
2046,2024-01-17,1,18,10,No
2498,2024-06-10,3,37,7,Yes
919,2024-02-20,1,37,2,Yes
1938,2024-01-26,6,14,17,Yes
3397,2024-11-06,8,51,2,Yes
3543,2024-04-23,3,15,7,Yes
1722,2024-04-07,1,26,3,No
3536,2024-05-25,5,34,9,No
4031,2024-07-19,3,9,15,No
2412,2025-01-31,3,51,4,No
561,2024-07-05,6,24,17,No
3428,2025-01-05,8,48,14,No
4833,2024-05-06,6,57,19,No
2661,2024-04-24,5,16,4,No
1807,2024-08-01,9,38,10,Yes
1813,2024-04-13,7,44,10,No
4994,2025-01-26,1,24,17,No
3729,2024-05-01,3,27,8,No
4433,2024-01-04,9,33,6,Yes
726,2024-06-10,3,9,23,Yes
3723,2024-09-03,6,23,9,No
4394,2024-12-28,9,53,6,No
4227,2025-01-30,1,26,15,No
4531,2024-07-07,3,4,22,Yes
2865,2024-12-24,5,57,7,No
398,2024-06-03,8,48,16,No
688,2024-04-09,9,27,12,No
3939,2024-08-26,6,24,18,No
4331,2024-12-24,9,30,17,No
4851,2024-01-28,9,40,12,No
778,2024-01-02,1,34,20,No
4331,2024-10-22,3,58,2,No
4404,2024-10-03,4,37,12,Yes
1304,2024-05-24,9,46,5,No
3255,2024-03-02,6,46,7,No
3396,2024-07-26,4,39,23,No
1754,2025-01-29,9,20,22,Yes
4129,2024-05-14,9,53,23,Yes
1771,2024-04-29,4,37,12,Yes
2776,2024-08-18,7,9,9,No
4648,2024-08-17,7,53,19,No
3693,2024-01-17,4,3,10,No
1453,2024-11-23,1,4,2,Yes
1261,2024-11-27,9,17,4,No
2410,2024-03-16,7,20,18,No
711,2024-02-19,1,27,23,No
4477,2024-08-24,4,51,6,No
3167,2024-01-06,3,46,14,Yes
3675,2025-01-17,2,35,18,Yes
4621,2024-05-18,2,55,16,Yes
2457,2024-08-13,1,20,19,No
2350,2024-02-01,8,43,17,Yes
391,2024-02-26,2,19,18,No
1487,2024-04-04,8,26,18,Yes
867,2024-06-23,9,14,21,No
1689,2024-12-26,8,31,8,No
4370,2024-12-24,3,35,12,Yes
1677,2024-11-14,2,30,8,Yes
4806,2024-03-27,8,24,2,No
4476,2024-10-09,3,27,2,No
1412,2024-12-14,7,31,17,No
3478,2024-04-24,3,12,14,No
2086,2024-04-18,5,8,24,No
1117,2024-11-17,9,52,17,Yes
372,2024-10-16,8,34,7,Yes
2779,2025-01-16,3,20,2,Yes
2863,2024-08-28,3,5,15,No
1421,2024-02-17,7,44,13,Yes
3458,2024-08-17,8,30,3,Yes
1809,2024-11-24,3,17,10,No
3199,2024-10-03,8,55,2,No
3574,2024-07-10,7,58,1,No
4707,2024-07-13,7,11,10,No
3298,2024-09-27,2,31,14,Yes
2313,2024-02-25,2,45,16,No
4737,2024-08-20,9,46,16,No
3084,2024-07-12,3,54,4,Yes
2896,2024-11-05,8,13,11,No
2760,2024-08-15,1,3,8,Yes
1831,2024-07-10,7,54,14,No
2833,2024-01-19,4,51,13,No
1662,2024-06-30,6,55,11,Yes
3259,2024-11-05,7,38,20,Yes
2616,2024-02-18,1,11,24,No
1656,2024-09-09,3,2,20,Yes
4888,2025-01-13,9,2,20,Yes
2417,2024-05-01,1,45,21,Yes
3746,2024-12-18,4,46,3,No
3132,2025-01-31,6,48,11,No
3731,2024-10-15,5,19,3,No
4452,2024-05-02,6,45,1,Yes
4660,2024-01-16,6,41,15,Yes
3920,2025-01-25,1,11,14,No
933,2024-12-25,1,9,21,No
3196,2024-02-05,2,10,10,No
4281,2024-01-30,1,5,12,No
2992,2024-12-17,6,11,8,No
3394,2024-06-26,8,51,6,No
1143,2025-01-04,4,34,15,No
3944,2024-07-04,2,10,10,Yes
693,2024-10-28,1,21,13,Yes
3025,2024-02-12,6,29,1,No
653,2025-01-31,4,27,10,Yes
1974,2024-07-12,9,39,23,Yes
2748,2024-11-06,1,14,5,No
1120,2025-01-28,8,56,21,No
632,2024-10-07,5,26,12,No
2454,2024-04-06,2,8,8,No
4655,2024-05-06,7,55,21,No
732,2025-01-02,4,16,6,No
3943,2024-11-29,4,18,23,No
1527,2024-02-07,4,18,8,Yes
3409,2024-09-06,5,18,16,No
3382,2024-10-28,5,30,6,No
2206,2024-04-18,2,25,17,Yes
724,2024-07-11,4,6,24,No
391,2024-05-27,9,39,23,No
352,2024-11-25,5,33,21,No
80,2024-09-12,5,37,3,No
3375,2024-01-15,3,49,4,No
332,2024-09-22,7,48,20,Yes
398,2024-11-04,2,17,23,Yes
1729,2024-12-31,6,26,14,Yes
1474,2024-05-11,6,58,23,No
4535,2025-01-05,8,13,17,No
3193,2024-06-02,9,54,13,No
109,2024-01-23,5,19,9,No
551,2024-07-16,8,32,2,Yes
889,2024-06-28,8,59,22,No
994,2024-12-26,4,32,23,Yes
3790,2025-01-02,2,9,2,Yes
419,2024-11-18,7,30,13,Yes
2714,2024-05-31,5,7,23,No
3409,2024-06-30,3,42,21,No
2306,2024-03-17,6,15,7,No
2050,2025-01-13,2,24,3,Yes
2949,2024-06-20,6,1,8,Yes
447,2024-10-19,8,36,22,Yes
4135,2024-04-13,5,20,13,No
1076,2024-07-07,6,47,11,No
1269,2024-08-27,8,8,18,Yes
4612,2024-01-11,8,20,18,Yes
1767,2024-12-05,2,12,2,No
2213,2024-09-11,6,37,16,Yes
2732,2024-07-14,5,51,12,No
394,2024-07-07,8,12,2,Yes
4683,2024-01-04,6,33,16,No
4867,2024-10-22,3,47,17,Yes
4455,2024-05-13,4,8,3,No
4693,2024-07-19,6,47,11,Yes
3659,2024-04-02,6,36,8,No
2760,2024-01-07,4,32,18,No
3166,2024-08-28,8,1,17,Yes
4485,2024-10-02,1,26,21,Yes
4698,2024-11-27,8,39,14,No
2401,2024-06-13,4,27,16,No
3104,2024-08-05,4,2,12,No
4540,2024-03-16,6,34,24,Yes
2137,2024-11-30,6,52,5,Yes
2590,2025-01-04,2,58,2,No
3330,2024-04-03,9,8,2,No
2224,2024-08-18,6,6,20,No
3356,2024-02-26,9,40,18,No
1021,2024-10-24,1,48,12,No
2103,2024-12-04,7,57,9,Yes
3770,2024-03-22,2,34,1,No
591,2024-07-29,7,5,5,Yes
4054,2024-01-14,4,30,1,Yes
1323,2025-01-24,1,23,22,Yes
878,2024-03-06,8,31,11,No
4449,2024-11-19,3,40,24,Yes
2674,2024-12-02,2,14,1,No
4062,2024-07-15,7,8,9,Yes
2047,2025-01-13,7,4,13,No
354,2024-02-03,1,17,6,No
3970,2024-03-03,9,39,2,Yes
932,2024-10-14,9,57,23,Yes
4839,2024-08-11,1,38,18,No
616,2024-09-19,2,27,18,No
2045,2024-01-11,2,57,4,No
4444,2025-01-13,6,11,13,No
1917,2024-03-01,2,6,7,Yes
4697,2024-01-14,9,43,2,No
4756,2024-11-06,3,2,6,No
2313,2024-04-22,5,36,19,No
1480,2024-08-11,3,43,21,No
1217,2024-01-02,2,52,24,Yes
3976,2024-10-27,8,22,19,Yes
4420,2024-11-28,4,5,9,Yes
4912,2024-02-04,1,40,20,No
3946,2024-10-28,7,4,22,Yes
4366,2024-05-22,5,23,1,No
35,2024-10-19,5,21,20,Yes
2296,2024-01-02,1,45,20,Yes
4153,2024-10-11,5,13,18,No
1805,2024-02-04,2,9,4,No
2104,2024-11-30,2,16,13,No
615,2024-08-27,3,11,19,Yes
2482,2024-01-26,4,36,20,No
1389,2024-01-26,1,27,10,Yes
4428,2024-04-10,4,38,13,Yes
3874,2024-03-10,9,25,11,No
2945,2024-09-12,3,41,23,No
2530,2024-12-19,2,59,21,No
4196,2024-07-26,5,7,17,No
4003,2024-12-07,1,14,20,Yes
3839,2024-03-27,2,32,14,No
2384,2024-09-27,8,6,21,No
2930,2024-01-13,5,34,14,No
2797,2024-06-25,4,4,19,No
786,2024-12-08,6,21,23,No
1789,2024-12-07,6,57,24,Yes
4270,2024-12-19,4,5,18,Yes
3556,2024-09-25,8,24,24,No
1772,2024-08-24,4,44,13,No
2353,2024-08-26,2,46,20,Yes
214,2024-09-08,1,15,21,No
1068,2024-09-10,6,39,2,No
87,2024-01-26,2,37,6,Yes
4110,2024-02-13,1,55,5,Yes
4223,2024-05-22,8,45,3,Yes
466,2024-12-09,4,49,8,No
1778,2024-10-28,5,28,3,No
3681,2024-08-25,2,16,4,No
1107,2024-03-09,7,22,1,Yes
4092,2024-12-23,9,53,4,Yes
181,2024-07-16,5,50,5,No
2658,2024-09-16,4,17,22,No
2612,2024-03-07,8,52,11,No
4581,2024-02-21,8,52,2,Yes
3468,2024-02-23,2,15,11,No
1672,2024-10-15,1,44,16,Yes
3281,2024-06-20,9,38,22,Yes
2464,2024-08-06,4,24,17,No
4051,2024-11-27,7,37,12,Yes
3541,2024-12-01,1,43,10,No
92,2025-01-30,4,58,9,No
3129,2025-01-11,3,15,10,No
4039,2024-11-03,6,10,8,No
4415,2024-07-24,7,3,17,Yes
3302,2024-06-05,5,30,9,No
2736,2024-08-10,8,44,3,No
3628,2024-01-15,3,41,1,No
3727,2024-09-08,2,7,22,Yes
4518,2024-08-18,3,33,24,Yes
679,2024-04-13,5,18,10,Yes
2760,2024-11-21,6,34,4,Yes
1101,2024-06-11,9,9,19,No
429,2024-10-31,6,43,18,No
4970,2024-07-04,4,36,9,No
3053,2024-07-18,8,31,16,No
1719,2024-12-22,9,8,16,No
3830,2024-10-15,6,9,17,No
4120,2024-12-17,9,13,22,No
2457,2024-02-27,1,23,1,No
3584,2024-10-30,7,6,2,Yes
2886,2024-03-26,3,52,13,No
50,2024-03-17,1,28,14,No
4151,2024-01-19,1,25,24,Yes
1844,2024-06-30,6,26,4,Yes
1931,2024-03-02,1,47,12,Yes
4899,2024-04-14,6,36,13,Yes
3698,2024-07-07,5,17,23,Yes
4302,2024-07-24,9,47,9,No
4778,2024-05-02,7,11,23,No
4032,2025-01-08,7,30,21,Yes
2676,2024-10-18,4,43,23,No
4462,2025-01-13,4,12,12,No
3349,2024-12-05,3,46,16,No
311,2024-08-23,1,58,2,No
1750,2024-05-24,1,53,3,Yes
3724,2025-01-09,1,17,13,No
3170,2024-09-28,3,24,5,Yes
691,2024-12-09,7,55,7,Yes
1781,2024-11-08,2,17,20,No
1201,2024-03-30,8,2,13,No
4445,2024-06-29,8,42,1,Yes
626,2024-01-23,3,50,24,No
1175,2024-01-25,7,52,22,No
2218,2024-09-10,4,47,15,No
4221,2024-07-01,6,37,22,No
784,2024-02-24,9,18,13,No
495,2024-08-05,7,23,4,No
1180,2024-08-27,1,29,6,Yes
2142,2025-01-17,6,20,10,Yes
998,2024-05-16,8,10,11,Yes
58,2025-01-04,9,46,22,Yes
2167,2024-09-25,4,48,14,Yes
2381,2024-08-01,2,46,17,No
607,2024-11-23,6,31,6,No
1212,2024-08-30,7,9,15,No
4041,2024-04-06,6,48,20,No
2467,2024-07-04,9,41,6,No
1909,2024-10-04,1,1,16,No
2624,2024-03-02,7,11,20,No
1794,2024-10-09,5,37,12,No
3692,2024-03-07,9,20,8,No
4718,2025-01-09,8,31,7,Yes
330,2024-02-27,5,38,9,Yes
4254,2024-09-07,6,20,7,Yes
4125,2025-01-07,4,55,13,Yes
3266,2024-09-11,8,31,17,Yes
1045,2024-05-14,2,31,1,No
737,2024-09-17,8,38,11,No
1403,2024-08-18,8,5,1,No
3910,2024-05-24,1,9,21,No
106,2024-09-12,8,24,22,No
2296,2024-08-18,8,53,17,No
4961,2024-11-06,3,40,24,Yes
3107,2024-05-02,7,37,24,No
4696,2024-07-10,1,17,10,Yes
3223,2024-11-10,1,40,4,Yes
1087,2024-11-14,4,7,2,No
709,2024-12-07,7,13,8,Yes
4929,2024-12-13,8,54,1,No
4959,2024-06-19,7,38,2,Yes
108,2024-12-01,3,41,4,Yes
2659,2024-10-08,9,54,4,No
4237,2024-06-06,1,24,14,No
2252,2024-04-20,2,10,10,No
520,2024-10-01,9,32,20,Yes
3046,2024-04-30,6,37,19,No
4139,2024-07-09,1,53,13,No
4529,2024-07-16,2,41,16,No
2589,2024-11-05,7,3,17,Yes
2513,2024-10-23,5,53,17,Yes
704,2024-10-29,7,25,5,No
3821,2024-08-28,5,18,24,Yes
386,2025-01-19,5,22,11,Yes
1881,2024-03-04,1,47,3,No
374,2024-03-31,4,25,4,No
4703,2024-06-28,2,6,14,No
3983,2024-03-15,4,27,17,No
1086,2025-01-30,6,51,20,No
4936,2024-01-19,8,46,5,No
704,2024-02-11,4,12,17,No
3671,2024-11-09,5,51,17,Yes
296,2024-04-12,1,3,15,Yes
2900,2024-02-01,6,47,14,Yes
1148,2024-12-22,3,32,9,Yes
3935,2024-07-13,2,3,15,No
3180,2024-05-10,8,1,20,No
4487,2024-08-06,4,5,1,Yes
4439,2024-11-23,3,48,1,No
4915,2024-10-22,2,39,16,Yes
4404,2024-03-04,4,27,21,No
529,2024-03-17,7,13,21,Yes
508,2024-07-14,8,42,7,Yes
1724,2024-09-08,4,57,24,No
1042,2024-02-27,9,2,22,No
3607,2024-10-22,4,21,9,Yes
1839,2024-02-15,5,8,23,Yes
3130,2024-10-18,5,7,12,Yes
459,2024-08-03,4,12,9,No
2410,2024-10-26,8,4,15,Yes
7,2024-10-21,5,4,3,No
3004,2024-04-06,7,15,22,Yes
3549,2024-04-17,5,38,21,No
520,2024-07-08,4,19,3,Yes
3346,2024-05-02,5,28,16,Yes
1529,2024-12-13,1,38,8,No
1653,2024-01-20,5,12,21,Yes
1448,2024-04-18,7,25,1,No
2259,2024-11-17,4,4,11,No
600,2024-02-09,4,45,3,Yes
4132,2024-05-05,3,15,9,No
1076,2025-01-26,6,1,20,No
2102,2024-10-11,8,24,2,Yes
618,2024-09-01,1,6,16,Yes
4113,2024-10-12,3,22,20,No
4458,2024-04-20,8,52,11,No
3122,2024-01-21,3,13,21,Yes
640,2024-06-13,5,2,2,No
973,2024-11-24,8,36,24,Yes
2929,2024-07-20,7,46,6,Yes
791,2024-09-28,9,2,9,No
2903,2024-03-08,6,32,17,No
579,2024-09-20,5,14,12,Yes
1895,2025-01-12,6,29,4,No
3635,2025-01-05,6,51,8,No
2494,2024-09-01,9,55,12,Yes
1385,2024-07-10,9,20,1,No
1792,2024-04-28,3,39,10,Yes
2626,2024-04-30,9,24,11,No
4456,2024-06-17,3,49,11,Yes
725,2024-06-18,4,20,23,No
2930,2024-04-01,3,47,23,Yes
1269,2024-08-04,4,57,7,Yes
2871,2024-12-19,3,47,23,No
3009,2024-03-28,5,22,17,No
4900,2024-01-28,9,30,8,No
2117,2024-03-10,9,45,4,Yes
3079,2024-11-02,5,16,11,Yes
2426,2024-12-11,6,53,19,Yes
3060,2024-05-21,5,35,21,Yes
1134,2024-10-08,8,47,13,No
3545,2024-09-08,4,32,12,Yes
2479,2024-05-09,4,27,8,No
2263,2024-09-02,5,51,10,Yes
308,2024-09-15,9,54,11,No
187,2024-03-04,7,21,9,Yes
2339,2024-02-28,6,58,3,No
2359,2024-04-05,7,27,3,No
1105,2024-10-12,8,57,24,Yes
2275,2024-03-21,9,24,24,No
2215,2024-07-25,4,10,1,Yes
696,2024-10-29,5,44,23,No
812,2024-12-06,1,49,12,No
151,2024-10-28,6,30,6,No
4814,2024-04-10,2,23,22,Yes
1211,2024-05-28,7,23,4,No
2221,2025-01-16,3,28,14,No
3330,2024-07-07,7,25,8,No
2131,2024-03-03,5,42,8,Yes
1961,2024-08-19,3,18,17,Yes
4999,2024-04-28,1,48,16,No
1279,2024-10-19,7,58,18,No
2995,2024-03-25,7,58,2,No
1007,2024-03-06,8,27,7,No
257,2024-03-11,7,7,23,No
4880,2024-10-23,3,19,16,No
4517,2024-04-23,4,54,22,No
4022,2024-02-12,8,30,7,Yes
376,2024-08-13,3,34,24,Yes
1778,2024-11-26,5,33,13,No
1102,2024-08-23,8,21,6,No
338,2024-09-18,1,12,5,Yes
1682,2024-08-08,2,9,3,No
3235,2024-06-20,7,7,12,Yes
1306,2024-01-05,9,47,8,Yes
3588,2024-05-05,9,24,17,Yes
1467,2024-10-17,4,57,20,No
744,2024-11-29,9,46,13,Yes
2698,2024-05-21,1,29,23,Yes
3853,2024-12-17,9,5,14,Yes
4802,2025-01-04,8,42,1,Yes
133,2024-08-12,7,16,21,Yes
1792,2024-07-10,1,23,10,Yes
2639,2025-01-23,2,30,2,Yes
1877,2024-11-25,3,43,24,No
3772,2024-11-27,3,31,9,Yes
4870,2024-01-29,2,12,17,Yes
1707,2024-06-10,9,58,6,Yes
512,2024-06-15,1,17,4,No
4813,2024-09-03,7,18,13,Yes
2154,2024-12-20,5,6,15,No
1942,2024-12-04,9,2,6,No
3876,2024-09-10,7,32,5,Yes
2604,2025-01-06,1,30,13,No
1243,2024-09-04,1,3,12,Yes
1298,2024-10-15,3,28,5,No
4360,2024-02-10,3,34,2,No
4180,2024-08-22,5,35,14,No
3784,2024-06-02,4,3,22,No
2513,2024-04-14,9,33,17,Yes
1224,2024-02-07,5,9,10,No
3059,2024-03-05,6,43,16,No
773,2024-12-08,7,32,7,No
2293,2024-06-03,8,49,5,Yes
1671,2024-04-18,9,32,6,No
1114,2024-06-03,9,17,23,No
3860,2024-11-24,5,36,6,No
3505,2024-06-12,7,1,15,No
787,2024-04-15,9,48,9,Yes
2558,2024-06-28,4,41,13,Yes
3018,2024-05-06,8,17,6,No
3407,2024-09-14,5,9,4,No
174,2024-12-22,8,51,16,No
2250,2024-02-09,6,13,20,No
3140,2024-02-05,5,26,9,Yes
2011,2024-12-19,8,8,22,No
3601,2024-06-18,7,7,7,No
1580,2024-09-10,8,8,3,Yes
2703,2024-06-29,5,54,9,Yes
4487,2024-01-17,4,33,16,No
33,2024-10-27,9,29,23,No
320,2024-03-13,3,7,3,Yes
2026,2024-08-23,1,43,11,Yes
4063,2024-03-21,5,11,19,Yes
3695,2024-01-26,6,5,24,No
2641,2024-11-12,6,24,1,Yes
1510,2024-05-19,2,5,20,No
4702,2024-09-20,2,7,3,No
165,2024-01-18,2,44,15,Yes
1703,2025-01-10,5,19,10,Yes
776,2024-04-06,9,24,23,No
583,2024-07-13,4,54,17,No
831,2024-10-29,1,26,3,No
3411,2024-12-25,2,29,24,No
1349,2024-07-10,4,41,13,Yes
1143,2024-08-18,7,34,11,Yes
3391,2024-11-25,2,10,8,Yes
881,2024-06-29,8,24,6,No
1693,2024-08-01,3,52,13,No
3129,2024-04-05,4,20,10,Yes
3763,2024-11-09,2,25,12,Yes
17,2024-05-11,9,41,16,Yes
4699,2024-04-10,3,58,7,No
3166,2024-04-12,3,58,3,Yes
2362,2024-10-22,3,31,9,No
3373,2024-02-21,1,16,11,No
2171,2024-07-27,3,59,7,No
4207,2024-10-01,9,14,13,No
3373,2024-07-12,9,9,4,Yes
2088,2024-08-23,3,34,10,No
3056,2024-01-03,9,58,1,No
4046,2024-09-23,8,35,15,Yes
4833,2024-10-01,7,2,1,No
828,2024-06-10,7,59,21,Yes
3645,2024-06-15,7,43,10,No
2872,2024-01-09,9,40,21,No
4466,2024-07-23,5,37,10,Yes
554,2024-10-20,3,38,12,No
3855,2025-01-23,4,44,10,No
2922,2024-05-19,2,2,12,Yes
4178,2024-04-26,1,18,16,Yes
2766,2025-01-31,1,50,14,Yes
3276,2024-10-23,8,21,20,No
2260,2024-11-25,6,36,11,No
525,2024-05-19,5,43,21,No
2779,2024-05-16,7,2,10,Yes
2808,2024-02-24,9,42,8,No
1575,2024-01-31,8,29,13,No
1300,2025-01-02,8,23,21,No
1836,2024-02-04,9,24,15,No
2736,2024-01-09,3,14,19,Yes
3363,2024-06-02,7,28,14,Yes
3172,2024-03-15,5,7,20,Yes
2437,2024-09-06,5,24,1,No
4264,2025-01-18,8,39,15,Yes
597,2024-10-30,5,19,22,Yes
3535,2024-08-30,4,43,17,No
4399,2024-05-13,9,59,15,No
669,2024-11-14,5,35,14,No
2876,2024-04-08,6,42,12,No
2771,2024-06-27,1,56,5,Yes
1186,2024-05-22,3,53,5,Yes
1004,2024-10-26,1,2,5,No
3328,2024-03-17,8,53,2,No
3150,2024-02-28,2,20,22,No
681,2024-01-01,1,53,4,No
3796,2024-02-24,2,39,9,No
4615,2024-09-25,6,41,24,Yes
3266,2024-02-06,9,58,23,No
3228,2024-09-15,7,41,11,No
1165,2024-10-06,4,50,20,No
750,2024-11-23,4,36,10,Yes
1887,2024-11-10,8,5,21,No
151,2024-07-31,5,29,16,No
2257,2024-11-08,5,18,6,No
79,2024-11-14,2,31,5,No
3943,2024-11-24,4,14,24,Yes
2334,2024-02-28,9,33,13,No
1405,2024-04-19,1,27,22,No
2412,2024-03-20,2,36,10,Yes
3811,2025-01-25,1,8,18,Yes
2225,2024-11-17,8,18,22,No
3122,2024-10-27,8,2,11,No
4046,2024-05-05,4,41,21,No
1576,2024-07-08,5,26,1,No
783,2024-08-17,6,40,23,Yes
63,2024-06-13,1,13,2,No
526,2024-04-17,5,3,17,Yes
3554,2024-09-27,3,59,1,No
1583,2024-06-06,3,10,11,No
1674,2024-09-14,7,57,10,Yes
721,2024-11-20,3,31,4,No
3386,2024-02-09,5,1,18,Yes
1914,2024-02-21,7,56,12,Yes
1988,2024-02-15,3,31,7,No
1949,2024-06-15,4,29,4,Yes
2784,2025-01-01,7,44,4,No
1439,2024-09-12,7,57,14,No
2804,2024-01-20,6,6,17,Yes
789,2024-04-06,9,43,2,Yes
1679,2024-06-02,9,58,14,No
1936,2024-08-22,1,5,3,No
2476,2024-07-08,9,3,10,No
4908,2024-07-21,3,45,17,Yes
1429,2024-01-28,4,55,9,No
4054,2024-11-25,8,5,19,No
4250,2024-02-17,9,25,21,No
2010,2024-07-29,6,42,16,No
1700,2024-05-26,9,5,1,No
3035,2024-12-17,3,26,5,No
668,2024-03-23,5,40,2,Yes
1679,2024-07-15,7,22,8,No
4971,2024-04-05,2,27,23,No
3030,2024-06-03,6,40,6,No
1070,2024-06-20,1,22,12,Yes
4281,2024-06-14,3,11,4,No
2529,2024-05-25,7,4,13,No
4260,2024-08-01,9,46,2,Yes
2558,2024-03-24,6,33,19,Yes
879,2024-01-02,7,37,12,Yes
1463,2024-04-01,2,38,17,Yes
4731,2024-03-04,3,53,23,No
3763,2024-04-28,3,58,15,Yes
682,2024-06-23,4,37,19,Yes
1362,2024-12-29,3,34,8,No
2308,2024-05-08,4,46,18,No
1329,2024-07-18,3,5,8,Yes
1249,2024-11-14,7,40,7,Yes
428,2024-12-29,6,38,9,No
1311,2024-12-22,1,55,17,No
2465,2024-03-27,6,46,16,No
514,2024-03-14,4,56,7,No
3949,2024-12-05,6,38,15,Yes
2959,2024-05-07,7,53,9,No
956,2024-10-18,5,49,7,No
4018,2024-05-25,3,41,12,Yes
2798,2024-01-03,3,7,24,No
1528,2024-09-07,7,53,24,No
2990,2024-02-12,2,47,9,No
2749,2025-01-19,2,32,1,Yes
373,2024-08-15,2,41,24,Yes
4038,2024-05-06,9,27,6,Yes
767,2024-12-07,2,1,8,No
3356,2024-05-31,7,34,24,No
3283,2024-04-27,7,8,9,No
4554,2024-05-21,3,44,3,Yes
1755,2024-07-16,4,50,9,Yes
1424,2024-07-15,6,56,5,No
2328,2024-02-01,7,50,19,No
4911,2024-11-15,3,9,1,No
578,2024-06-23,7,24,10,No
3406,2024-05-12,7,29,19,Yes
30,2024-08-29,7,57,2,No
188,2024-12-16,1,11,18,Yes
2817,2024-01-26,2,46,23,Yes
1905,2025-01-04,4,20,12,Yes
4688,2024-12-04,8,31,11,No
945,2024-01-26,3,16,5,No
3446,2024-08-01,3,55,15,No
1091,2024-01-26,5,39,11,Yes
3904,2024-05-07,2,1,14,No
4888,2024-10-19,9,28,14,No
4689,2024-09-26,2,53,1,Yes
3390,2024-02-09,8,27,22,No
2740,2024-01-27,4,12,17,No
1980,2024-08-14,6,11,21,No
3701,2024-10-22,9,13,9,No
2826,2025-01-31,9,10,8,Yes
841,2024-07-02,6,12,4,No
4199,2024-02-25,2,41,13,No
4129,2024-07-19,5,35,16,No
2756,2024-04-07,9,30,17,Yes
3763,2024-06-21,4,56,6,Yes
3992,2024-03-09,7,54,2,Yes
4183,2024-02-08,1,25,15,No
1736,2024-05-12,4,2,20,Yes
3407,2024-11-19,2,44,1,Yes
980,2025-01-25,6,58,14,Yes
3324,2025-01-12,7,15,18,No
3295,2024-02-13,5,20,5,Yes
1539,2025-01-13,3,6,3,Yes
686,2024-03-31,3,32,11,No
1652,2024-01-01,3,31,18,No
1058,2024-03-28,8,38,7,No
1533,2024-03-25,3,5,16,No
1430,2024-05-29,4,57,3,No
1984,2024-11-20,3,38,6,Yes
1535,2024-02-24,9,25,19,No
92,2024-09-06,9,27,8,Yes
1644,2024-06-22,3,54,2,No
2737,2024-07-23,7,22,12,No
409,2024-02-04,4,54,6,Yes
807,2024-07-15,9,46,14,Yes
1876,2024-09-20,6,49,9,Yes
1878,2024-01-22,5,6,1,Yes
495,2024-11-06,3,7,12,No
3879,2024-06-21,8,35,5,Yes
4562,2024-08-11,2,4,2,Yes
4023,2024-05-09,2,14,3,No
442,2024-12-06,5,30,13,No
2245,2024-02-13,5,53,18,Yes
2922,2024-09-27,2,52,14,No
4768,2025-01-09,4,48,17,Yes
4775,2024-06-20,4,37,6,Yes
3674,2024-05-18,6,8,10,No
353,2024-03-03,1,9,10,No
3675,2024-04-08,7,53,9,No
4778,2024-04-21,6,37,9,No
1386,2024-12-11,9,46,7,No
2612,2024-04-10,6,59,21,Yes
1221,2024-08-10,2,40,9,Yes
3852,2024-07-19,3,40,19,No
894,2024-07-03,9,45,19,No
3739,2025-01-09,8,28,13,No
2720,2024-01-07,7,26,20,No
806,2024-03-12,3,1,18,Yes
1000,2024-09-22,5,14,22,Yes
3112,2024-06-23,6,37,1,No
3977,2024-11-01,2,45,15,No
3008,2024-02-04,2,35,10,No
600,2024-06-17,8,27,17,No
2324,2024-08-08,5,18,7,No
356,2024-12-22,1,26,2,Yes
676,2025-01-23,4,55,17,No
3476,2024-06-12,3,8,19,Yes
2981,2024-10-09,7,51,12,No
3741,2024-02-29,9,9,24,Yes
2310,2024-08-12,1,20,16,Yes
1565,2024-11-27,5,38,9,Yes
1011,2024-11-09,9,12,9,Yes
1430,2024-02-20,3,32,18,Yes
3488,2024-12-07,7,49,13,Yes
1827,2024-07-10,2,48,7,No
3038,2025-01-07,8,39,8,No
1863,2024-08-30,1,3,6,No
2319,2024-10-07,6,57,18,Yes
4981,2024-03-28,3,1,14,No
3828,2024-10-16,4,53,5,Yes
2056,2024-01-31,1,16,4,No
634,2024-12-26,1,41,22,Yes
3680,2024-06-17,2,53,17,No
276,2024-03-31,1,45,13,No
4492,2025-01-12,6,55,4,No
2631,2024-06-04,6,26,5,No
833,2024-10-30,2,39,3,Yes
1577,2024-04-01,6,52,16,No
4544,2024-03-28,4,39,16,Yes
2060,2024-02-13,6,47,21,No
1945,2024-10-26,5,36,20,Yes
2629,2024-02-29,2,36,20,Yes
641,2024-11-25,6,7,10,Yes
1742,2024-12-17,1,26,20,Yes
2575,2024-02-22,8,20,15,Yes
2235,2024-11-29,6,48,11,No
569,2024-05-24,1,32,22,No
654,2024-03-22,4,54,7,No
562,2024-10-19,4,28,12,No
3869,2024-10-25,7,45,6,No
4827,2024-11-07,1,14,4,No
4715,2024-05-18,2,9,19,No
4774,2024-09-14,2,45,24,Yes
2662,2024-02-27,6,41,20,No
3979,2024-05-28,5,58,19,No
4999,2024-02-26,1,49,16,Yes
340,2024-05-25,4,45,9,Yes
1024,2024-01-04,5,48,22,No
3506,2025-01-19,6,45,15,No
1776,2024-02-13,2,31,24,No
495,2024-04-20,2,27,19,Yes
930,2024-09-19,8,39,15,Yes
2359,2024-07-04,5,18,18,No
1903,2024-12-21,8,38,11,No
4601,2024-12-26,8,14,17,Yes
1508,2024-07-22,5,1,7,Yes
3023,2024-10-22,6,54,23,Yes
2132,2024-10-24,1,49,11,No
159,2024-04-07,5,59,7,Yes
2944,2024-10-24,8,54,3,Yes
4708,2024-03-02,8,56,1,No
834,2024-05-25,5,18,17,Yes
4195,2024-03-27,7,20,6,No
21,2024-07-30,5,56,12,No
1400,2024-06-13,2,56,3,No
2029,2024-03-19,2,21,16,No
3837,2024-01-03,4,3,10,Yes
3926,2024-03-02,4,10,24,No
3257,2024-03-24,9,46,8,Yes
4742,2024-12-29,7,19,20,No
1437,2024-01-16,3,17,12,Yes
4426,2024-02-25,8,30,23,Yes
4912,2024-08-18,8,29,14,Yes
2830,2024-06-03,4,42,9,Yes
4452,2024-01-22,2,8,19,Yes
3092,2024-03-18,2,42,9,No
410,2024-01-27,8,17,20,No
3738,2024-11-13,9,49,6,No
543,2024-09-16,1,49,13,No
514,2024-11-27,5,59,9,No
4283,2024-06-03,2,31,19,No
584,2024-12-25,2,20,17,Yes
2275,2024-06-06,7,29,5,Yes
3956,2024-08-11,9,8,9,No
3088,2024-11-12,7,35,9,No
3754,2024-09-14,9,2,11,Yes
3278,2024-09-19,4,2,18,No
3913,2024-09-23,4,33,24,No
768,2024-07-19,5,44,11,No
2969,2024-07-25,9,46,11,Yes
3817,2024-07-05,4,48,19,Yes
2223,2024-11-15,2,13,12,No
3874,2024-06-01,1,33,3,Yes
2731,2024-10-05,6,30,9,Yes
4929,2024-02-07,7,37,10,No
1567,2024-12-19,9,51,8,Yes
4631,2024-10-04,6,45,17,Yes
3147,2024-03-16,1,2,14,No
4530,2024-08-25,1,20,14,No
4394,2024-04-05,6,32,15,No
3010,2024-11-03,7,24,24,Yes
4987,2024-03-04,7,52,24,No
1362,2024-05-06,9,36,13,No
1419,2024-12-04,9,37,17,No
2224,2024-07-16,4,56,4,Yes
649,2024-08-22,4,43,1,No
4794,2024-12-08,2,47,1,Yes
1248,2024-06-16,2,2,12,No
1240,2024-11-06,4,7,17,No
3614,2024-02-22,2,16,13,Yes
1895,2024-08-01,2,50,14,No
2504,2024-06-08,2,38,12,Yes
2898,2024-05-19,1,36,6,Yes
421,2024-12-21,2,7,19,No
4761,2024-11-23,8,12,18,Yes
3751,2024-10-22,9,19,7,No
2898,2024-03-04,6,28,21,No
3689,2024-06-09,7,26,19,No
572,2024-04-07,1,43,6,No
2219,2024-03-17,7,41,22,No
2149,2025-01-03,8,52,16,Yes
1177,2024-02-28,2,14,1,Yes
274,2024-10-13,2,11,5,No
4095,2024-12-01,1,53,19,Yes
1186,2024-01-14,4,28,13,No
1160,2024-02-18,4,18,9,Yes
1785,2024-02-20,8,59,2,No
617,2024-04-07,2,16,16,No
2988,2024-02-01,7,56,3,No
21,2024-09-21,6,55,6,Yes
1495,2024-06-10,2,14,1,No
81,2024-03-11,2,1,2,Yes
3540,2024-04-21,1,48,7,Yes
17,2024-02-22,4,14,11,No
3045,2024-07-02,8,42,20,No
2299,2024-07-25,9,6,14,Yes
3383,2024-09-30,2,34,6,No
2276,2025-01-27,6,16,19,No
2445,2024-03-28,6,14,11,No
3758,2024-04-30,9,6,12,Yes
4931,2024-05-28,5,19,14,Yes
124,2024-04-03,8,40,3,Yes
2203,2024-10-05,5,40,18,No
306,2024-05-08,1,20,4,Yes
4833,2025-01-01,9,30,20,No
4373,2024-01-07,3,56,13,No
4342,2025-01-07,7,10,3,Yes
1640,2024-03-05,7,28,4,Yes
2135,2024-03-16,4,32,16,No
731,2025-01-06,7,26,12,Yes
4101,2025-01-11,9,23,7,No
1913,2024-05-08,9,7,9,No
882,2024-07-21,9,26,19,No
1405,2024-03-30,5,52,22,No
40,2024-07-20,5,1,21,Yes
3578,2024-09-01,2,22,7,Yes
2263,2024-02-11,7,26,9,Yes
4267,2024-11-18,8,33,14,No
4951,2024-05-04,5,31,20,No
4680,2024-03-21,8,17,24,No
2257,2024-01-06,7,13,9,Yes
1841,2024-03-12,4,48,2,Yes
3152,2024-06-09,8,33,19,Yes
3113,2024-05-06,9,25,13,Yes
1074,2025-01-22,8,1,19,No
4302,2024-05-09,9,22,20,No
2307,2024-03-22,7,30,6,Yes
4662,2024-05-03,1,14,21,No
3179,2024-10-01,8,7,20,Yes
4995,2024-08-05,5,10,20,Yes
4761,2024-08-13,2,3,24,No
2897,2024-01-21,7,29,9,No
1008,2024-08-17,9,15,13,No
4149,2024-08-30,3,19,21,No
1100,2024-07-16,5,49,5,No
990,2024-01-16,2,20,19,Yes
2660,2024-06-08,7,17,4,No
3351,2025-01-30,6,45,8,Yes
3982,2024-03-09,8,39,6,Yes
1409,2024-11-12,9,31,22,No
1384,2025-01-09,2,25,7,Yes
746,2024-04-11,7,22,14,Yes
495,2024-11-29,9,33,2,Yes
2,2024-11-20,5,2,15,Yes
4855,2024-12-04,3,4,14,No
2428,2024-12-04,6,48,13,No
3722,2024-10-29,4,20,10,No
4879,2025-01-19,5,34,15,No
2298,2024-10-01,3,41,20,Yes
2382,2024-09-09,6,22,19,Yes
407,2024-11-23,1,47,4,No
376,2024-12-27,5,55,24,Yes
2532,2024-08-06,7,32,1,Yes
1820,2024-12-28,7,44,6,No
1402,2024-07-21,7,6,9,No
2356,2024-08-28,3,15,15,No
555,2024-06-03,6,30,2,No
1152,2024-01-27,5,51,14,Yes
2271,2024-10-03,5,4,12,Yes
4910,2024-12-24,3,42,19,Yes
4109,2024-09-12,9,20,14,No
677,2024-09-06,3,12,24,No
3089,2024-03-09,8,53,4,No
2021,2024-02-08,7,29,1,No
2387,2024-01-21,8,51,16,No
1696,2024-08-17,3,2,15,No
696,2024-11-28,5,21,18,No
3364,2024-06-22,2,41,20,Yes
4165,2024-04-01,1,35,22,Yes
3920,2024-05-29,3,40,10,No
1980,2024-12-18,3,4,20,Yes
126,2024-01-27,3,26,10,Yes
1129,2024-01-11,2,57,2,No
3812,2024-05-03,1,15,10,Yes
3325,2024-04-21,9,28,17,No
1704,2024-12-23,9,57,8,Yes
2258,2024-01-19,5,34,19,Yes
1555,2024-07-08,4,53,19,Yes
2184,2024-02-07,7,29,1,Yes
3076,2024-01-10,7,46,23,No
2827,2024-12-18,6,44,4,Yes
1050,2024-12-10,2,48,3,No
357,2025-01-21,5,54,10,No
3914,2024-11-02,5,41,23,No
1159,2024-12-31,2,39,23,No
4071,2024-09-09,4,54,4,Yes
2062,2024-03-15,1,35,13,No
741,2024-05-25,3,26,4,No
2908,2024-08-24,4,22,16,Yes
1543,2024-03-11,8,25,13,No
3473,2024-06-25,5,4,16,Yes
3413,2024-05-21,1,24,10,No
472,2024-04-03,1,6,22,Yes
1607,2024-08-09,2,35,3,No
3358,2024-06-26,2,44,17,Yes
1648,2024-05-28,2,1,19,No
2145,2024-02-03,6,14,8,No
2902,2024-08-11,3,33,9,Yes
270,2025-01-16,9,45,14,No
2256,2024-12-07,9,22,15,No
3412,2024-09-29,5,20,10,Yes
585,2024-10-30,2,2,20,No
1642,2024-12-09,8,58,21,No
4438,2024-04-16,7,37,7,Yes
4746,2024-10-30,3,2,5,Yes
4981,2024-04-01,5,51,14,No
1699,2024-09-05,9,36,10,No
562,2024-08-10,6,46,11,No
3749,2025-01-20,8,44,9,No
1419,2025-01-05,2,49,16,No
4363,2025-01-20,7,53,5,No
2746,2024-12-29,3,46,24,No
3354,2024-12-31,4,33,19,Yes
2819,2024-04-29,6,8,2,Yes
3570,2024-10-24,2,8,18,Yes
1622,2024-10-09,8,15,14,No
4809,2024-06-12,5,31,3,No
2773,2024-12-24,4,59,24,No
3254,2024-04-04,7,8,3,No
3389,2024-04-22,5,50,14,Yes
4499,2024-10-11,6,20,2,Yes
439,2024-12-02,5,12,3,Yes
1943,2024-02-22,7,27,9,No
21,2024-10-09,5,9,24,No
2061,2024-03-27,9,3,1,Yes
4961,2024-09-18,4,18,10,No
1194,2024-10-22,6,21,7,Yes
4331,2024-04-07,3,2,5,Yes
2331,2024-07-14,9,37,15,Yes
1909,2024-11-27,4,55,1,No
2694,2024-04-08,3,26,14,No
631,2024-12-09,5,5,4,Yes
3237,2024-11-16,9,38,4,No
3988,2024-03-26,1,17,7,Yes
1265,2024-08-23,3,8,6,Yes
4768,2024-10-08,2,41,13,No
2627,2024-11-29,5,36,12,No
3217,2024-08-06,2,11,19,No
4519,2024-09-21,7,21,20,Yes
4323,2024-01-11,5,54,2,Yes
3863,2024-09-01,1,52,13,Yes
3710,2025-01-12,5,16,10,No
3629,2024-01-21,7,37,22,No
3579,2024-05-20,5,4,1,Yes
534,2024-04-02,5,56,9,No
724,2024-11-29,4,45,6,No
2712,2024-04-28,7,59,12,No
2644,2024-06-29,3,4,10,No
2726,2024-08-21,2,30,12,No
4418,2025-01-30,9,43,12,No
4845,2024-11-29,1,35,6,Yes
1811,2024-04-28,6,46,20,No
4561,2024-02-10,3,7,22,No
853,2024-09-23,2,43,2,No
1477,2024-11-10,3,46,5,Yes
3162,2024-11-04,8,4,18,Yes
4743,2024-07-07,7,8,8,No
2069,2024-10-23,2,31,5,Yes
3498,2024-04-30,6,59,10,No
3807,2024-02-06,1,52,9,Yes
277,2024-02-11,7,41,12,Yes
2278,2025-01-06,1,47,2,No
1929,2024-08-06,1,44,16,No
51,2024-12-15,5,47,4,No
1935,2024-10-23,5,43,5,No
3697,2024-10-30,8,27,10,No
3293,2024-04-05,3,47,17,No
2715,2024-12-11,9,21,5,No
1921,2024-02-11,7,9,5,Yes
373,2024-11-29,2,51,22,Yes
4988,2024-04-07,5,46,16,No
4925,2024-06-12,8,38,24,Yes
2882,2024-05-07,1,18,15,No
4908,2024-06-08,5,24,8,No
4493,2024-12-28,1,4,21,No
2380,2024-08-27,6,48,14,Yes
2918,2025-01-03,8,21,23,Yes
4271,2024-01-30,9,12,11,Yes
3086,2024-06-26,7,54,18,Yes
3562,2024-01-04,6,49,9,No
2448,2024-08-28,2,2,2,No
4521,2024-12-01,3,43,9,Yes
1353,2024-01-02,4,57,19,Yes
4580,2024-09-10,3,18,8,No
804,2024-09-02,7,58,24,No
258,2024-07-10,5,28,2,No
1070,2024-01-04,9,49,9,Yes
3597,2025-01-05,4,9,8,No
1384,2024-10-12,9,22,14,Yes
2243,2024-10-09,1,35,14,No
228,2025-01-31,6,43,5,No
2312,2024-06-01,7,25,23,No
2390,2024-10-16,6,6,22,No
3005,2024-05-24,2,48,15,No
3841,2024-12-03,8,1,3,No
3019,2024-10-22,1,11,23,No
2246,2024-11-08,9,55,22,No
3117,2024-11-09,6,6,1,Yes
602,2024-07-23,1,17,14,Yes
759,2024-04-11,4,56,7,Yes
4433,2024-06-26,3,27,9,Yes
4555,2024-08-21,8,22,11,No
2195,2024-07-12,1,53,21,No
3297,2024-09-15,8,16,6,No
1621,2024-08-01,7,33,9,No
3550,2024-12-26,8,56,3,No
3982,2024-07-31,5,26,15,No
3149,2024-03-05,5,52,16,Yes
2484,2025-01-28,9,40,12,Yes
107,2024-02-06,6,40,24,No
1881,2024-05-01,3,31,18,No
487,2024-10-06,4,7,18,No
4937,2024-01-06,7,46,24,No
537,2024-06-15,8,27,8,Yes
4334,2024-10-23,3,14,13,No
4326,2024-07-02,7,25,19,No
26,2024-02-07,1,43,11,No
4091,2024-11-08,1,8,21,Yes
4520,2024-05-11,2,59,17,No
4768,2024-10-09,4,6,12,Yes
2387,2024-05-23,4,20,11,Yes
1612,2025-01-13,4,30,23,No
4074,2024-07-02,6,2,22,No
3286,2024-05-22,2,32,1,Yes
2246,2025-01-18,8,14,2,Yes
1062,2024-03-28,1,7,22,No
1378,2024-03-24,3,48,5,No
4948,2024-07-08,9,53,15,Yes
2680,2024-10-25,1,3,14,No
3639,2024-06-19,1,37,19,No
793,2024-06-21,2,55,7,No
2456,2024-02-21,5,55,16,No
1742,2024-04-10,9,41,15,Yes
1676,2024-04-06,2,48,4,No
4170,2024-12-28,4,28,7,No
570,2024-01-18,8,9,5,No
4378,2025-01-15,8,6,11,No
1720,2024-06-16,2,47,13,No
2395,2024-11-09,5,38,11,No
3867,2024-02-04,5,4,21,No
1170,2024-06-28,2,43,3,No
4817,2024-05-30,3,24,4,Yes
3150,2024-02-19,6,15,5,No
2511,2024-10-24,5,2,3,No
705,2024-07-30,6,16,3,Yes
3089,2024-04-16,8,35,15,No
1635,2024-12-03,4,53,17,No
1282,2024-12-18,4,54,2,No
1829,2024-06-30,9,8,16,Yes
197,2024-02-26,1,59,11,No
3944,2025-01-17,6,59,6,Yes
299,2024-12-26,2,33,16,No
334,2024-02-20,9,6,19,No
1131,2024-01-14,9,59,15,No
3136,2024-11-01,8,52,10,Yes
1185,2024-07-29,4,5,13,Yes
292,2024-09-11,5,31,17,No
2199,2024-06-07,9,16,5,No
2875,2024-06-24,3,32,11,Yes
2727,2024-02-24,2,22,6,Yes
1752,2024-12-10,2,43,9,No
1715,2024-04-27,1,2,15,No
4652,2024-08-07,5,42,1,Yes
2798,2024-04-27,5,39,7,Yes
1794,2024-07-24,7,33,4,Yes
3421,2025-01-22,6,20,19,Yes
4113,2024-07-01,2,39,9,Yes
3501,2025-01-10,3,23,23,No
801,2024-11-05,7,5,11,Yes
4542,2024-01-06,2,22,6,No
1663,2024-06-20,2,54,9,No
3040,2025-01-10,5,47,23,Yes
2766,2024-01-16,1,48,12,No
4221,2024-05-08,8,35,6,Yes
2270,2024-02-03,7,30,7,Yes
352,2024-09-08,7,22,20,No
151,2024-05-01,5,22,3,No
1269,2024-09-11,6,7,12,No
2765,2024-03-13,8,4,20,No
1270,2024-03-13,2,34,10,No
4325,2024-05-01,7,47,11,No
3688,2024-05-13,9,3,23,Yes
1582,2024-03-09,9,48,4,No
2242,2024-08-02,5,20,22,Yes
4461,2024-12-25,9,16,16,Yes
3670,2024-09-06,6,16,24,No
4866,2024-09-14,1,13,17,Yes
4909,2024-08-26,3,52,10,No
458,2024-01-21,8,47,20,No
215,2024-12-29,5,11,6,Yes
1278,2024-04-11,9,20,12,No
4516,2024-12-13,6,44,22,No
2885,2024-03-29,1,20,16,No
2367,2024-04-20,9,56,16,Yes
1461,2024-11-20,2,47,20,No
2492,2024-10-06,9,50,12,Yes
1457,2024-02-27,1,5,7,No
2271,2024-03-12,4,57,18,No
2205,2024-09-21,6,45,14,No
2871,2024-02-11,7,59,11,Yes
3896,2024-08-13,6,4,1,No
1674,2024-02-02,4,14,10,No
1829,2024-09-26,2,39,24,No
762,2024-11-14,4,25,11,No
4224,2024-11-30,4,58,7,No
348,2025-01-06,3,15,5,No
4772,2024-10-18,4,44,10,Yes
1961,2025-01-19,5,28,21,Yes
4363,2024-04-27,3,32,4,Yes
287,2024-06-29,2,41,9,No
48,2024-06-06,1,52,13,Yes
646,2024-12-11,2,44,6,Yes
4579,2024-08-14,6,47,7,No
2946,2025-01-14,9,14,10,No
4049,2024-12-15,3,29,24,Yes
4367,2025-01-18,9,50,11,No
263,2024-06-12,5,7,17,No
512,2024-03-12,9,11,5,Yes
2865,2024-03-02,7,35,20,Yes
4450,2024-02-06,4,50,16,No
4180,2024-03-23,2,40,9,No
1622,2024-08-13,4,40,16,No
3247,2025-01-18,5,25,7,No
4792,2024-06-11,2,33,4,No
2761,2024-10-24,2,15,8,Yes
372,2024-08-04,4,33,1,Yes
483,2024-05-05,3,13,15,Yes
916,2025-01-22,1,15,19,No
791,2024-09-11,4,15,2,No
1247,2024-04-21,4,3,5,No
2137,2024-02-06,6,33,22,Yes
3302,2024-02-14,4,17,9,No
4188,2024-06-05,7,37,4,No
3101,2024-11-06,9,48,7,Yes
1273,2024-04-15,3,56,23,No
3104,2024-05-02,4,33,23,No
176,2024-02-23,2,1,14,No
14,2024-01-09,6,22,22,Yes
4632,2024-09-30,7,40,3,No
1512,2024-09-14,6,44,22,No
3845,2024-07-25,3,31,14,No
862,2024-03-23,4,7,9,No
4966,2024-05-03,5,57,12,Yes
4312,2024-01-28,8,54,24,Yes
4157,2024-08-09,3,23,4,No
3314,2025-01-09,2,18,19,No
1567,2025-01-27,4,36,15,No
2101,2024-06-20,1,42,5,Yes
3063,2024-10-24,6,26,2,No
1639,2024-05-12,6,51,3,No
3297,2024-12-10,7,30,4,Yes
2926,2024-01-14,6,25,12,No
4530,2024-01-14,9,24,14,No
2209,2024-04-30,7,20,16,Yes
3608,2024-09-29,2,2,10,Yes
4929,2024-02-18,8,12,22,Yes
2130,2024-09-17,4,56,19,Yes
4135,2024-01-10,1,3,24,Yes
2465,2024-05-04,4,1,21,Yes
2922,2024-12-26,4,29,14,No
895,2024-08-01,8,45,15,No
2907,2024-06-01,6,17,1,No
4943,2024-10-07,6,4,14,No
4767,2024-07-09,9,48,13,Yes
288,2025-01-01,5,58,19,No
3080,2024-02-17,7,24,2,Yes
1366,2024-12-12,4,15,14,Yes
262,2024-01-20,1,54,10,No
2899,2024-01-23,8,45,4,Yes
1010,2024-03-07,1,59,16,No
3326,2024-02-04,6,19,21,Yes
65,2024-09-13,3,17,7,No
4676,2024-03-19,3,14,2,No
1025,2024-06-04,2,25,18,Yes
1655,2024-02-08,7,58,18,Yes
1338,2024-12-27,5,38,18,No
32,2024-05-09,2,55,1,No
1727,2024-01-13,9,5,12,Yes
2122,2024-10-05,2,56,2,Yes
4469,2024-02-14,7,10,11,Yes
1076,2024-08-17,2,26,20,No
596,2024-01-24,4,57,18,Yes
2828,2024-03-09,3,36,2,Yes
1447,2024-09-22,2,44,24,Yes
3421,2024-05-14,4,37,14,Yes
257,2024-08-04,2,24,18,Yes
905,2024-02-02,1,53,15,No
1499,2024-08-05,1,29,19,No
703,2024-11-20,4,54,7,No
4018,2024-10-08,4,49,23,No
1315,2024-08-28,5,29,14,No
1156,2024-09-29,9,2,18,No
3794,2024-08-16,3,52,18,Yes
510,2024-11-24,9,12,3,No
84,2024-11-19,8,35,17,No
3545,2024-04-08,1,48,21,Yes
3275,2024-04-04,7,44,12,Yes
1813,2025-01-23,3,41,17,No
171,2024-02-02,5,43,17,Yes
4637,2024-05-24,2,50,4,No
1679,2024-10-17,6,47,8,Yes
4139,2024-11-06,5,14,2,No
3863,2024-10-20,5,18,22,No
2047,2024-09-01,5,2,4,Yes
4040,2024-01-06,7,22,12,No
4941,2024-04-17,3,2,15,No
2709,2024-12-06,3,41,2,No
1467,2024-03-06,8,28,23,Yes
1333,2024-01-11,3,7,21,Yes
2215,2024-05-23,3,45,6,No
3012,2024-04-06,9,32,8,No
2488,2024-11-25,8,8,19,Yes
2236,2024-06-08,3,31,20,Yes
47,2024-12-06,3,29,9,No
2779,2024-09-10,3,42,19,Yes
1221,2024-05-10,4,42,2,No
3886,2024-04-19,8,56,12,No
2029,2025-01-05,2,18,7,No
2602,2024-04-14,5,52,16,Yes
3551,2024-06-06,4,18,20,No
319,2024-06-05,3,13,22,No
252,2024-03-07,8,26,2,Yes
4751,2024-02-23,6,47,2,Yes
233,2024-01-23,5,57,8,No
1000,2024-07-29,1,58,23,No
942,2024-07-03,5,8,3,Yes
4818,2024-02-03,1,36,13,Yes
1575,2024-01-24,4,51,14,Yes
2253,2024-01-11,1,33,23,No
4800,2024-05-30,7,41,23,Yes
2686,2024-07-21,9,54,9,No
4549,2024-01-01,8,22,19,Yes
1817,2024-02-03,9,13,12,No
642,2024-01-07,4,41,19,Yes
55,2024-11-18,8,8,8,No
4154,2024-05-29,5,54,20,No
2889,2024-02-26,3,52,15,Yes
907,2024-04-12,8,19,24,Yes
4604,2024-03-03,6,39,14,Yes
4247,2024-04-30,2,26,5,Yes
2356,2024-06-21,4,49,12,No
1394,2024-07-06,3,27,6,Yes
1102,2024-06-19,7,11,8,Yes
2296,2025-01-16,1,11,8,Yes
1202,2024-08-21,3,53,23,No
917,2024-10-19,3,24,24,No
209,2024-06-04,4,54,16,No
2798,2024-03-09,4,54,7,No
2994,2024-01-25,6,22,13,Yes
1518,2025-01-04,4,4,20,No
4086,2024-08-29,2,49,11,No
4104,2025-01-24,5,28,23,Yes
3578,2024-03-16,1,32,18,No
3894,2024-12-16,9,25,6,No
581,2024-12-14,3,32,15,Yes
2019,2024-03-06,2,20,13,No
1705,2024-12-13,1,24,19,No
2829,2024-04-28,6,15,2,Yes
2726,2024-11-01,3,6,13,Yes
86,2024-07-01,5,33,22,No
781,2024-08-04,8,13,17,No
3664,2025-01-21,1,37,12,Yes
1105,2024-12-20,9,11,19,Yes
3544,2024-08-25,5,53,5,Yes
3322,2024-03-07,9,36,19,No
4829,2024-12-02,4,54,23,No
2453,2024-02-13,9,30,14,Yes
30,2024-09-07,7,14,15,No
3822,2024-07-12,3,8,20,No
2814,2024-02-09,9,23,11,No
3937,2024-12-29,1,52,23,Yes
4173,2024-09-24,3,42,4,No
2203,2025-01-26,5,39,17,Yes
1290,2024-11-03,6,33,19,Yes
1730,2025-01-23,7,21,12,No
4008,2024-10-13,3,37,17,No
4810,2024-10-25,5,22,13,No
3458,2024-10-10,5,32,19,No
2668,2024-09-11,1,31,16,Yes
935,2025-01-01,8,1,18,Yes
2724,2024-10-10,3,35,16,Yes
327,2024-08-20,5,40,4,No
4471,2024-09-08,6,34,5,Yes
3187,2024-08-04,4,46,6,Yes
2298,2024-08-31,2,12,6,Yes
4116,2025-01-11,5,11,2,Yes
3263,2024-08-12,7,45,4,Yes
647,2024-07-08,2,2,24,Yes
1165,2024-02-02,5,33,3,No
4610,2024-04-21,9,16,14,No
3813,2024-09-13,3,54,22,No
4884,2024-09-02,3,38,10,No
2411,2024-08-25,3,51,4,Yes
3715,2024-12-02,3,49,24,No
4344,2024-02-09,8,31,10,No
1085,2024-03-06,8,52,17,Yes
1247,2024-04-19,9,47,4,No
1296,2024-11-06,6,30,23,No
3825,2024-10-01,7,11,11,No
1709,2024-02-13,4,32,14,No
812,2024-09-29,7,46,2,Yes
1556,2024-10-20,4,11,8,Yes
1855,2024-04-24,9,6,6,No
2665,2024-11-10,3,20,15,Yes
3712,2024-08-21,6,21,7,No
1552,2024-11-25,9,40,20,No
4478,2024-11-21,8,59,5,No
291,2024-03-23,5,25,9,No
955,2024-01-22,3,39,13,Yes
1899,2024-05-22,8,53,13,Yes
4086,2024-09-16,5,59,12,No
4835,2024-08-31,8,7,1,No
4988,2024-04-25,5,25,23,Yes
3754,2024-01-20,5,31,10,No
900,2024-05-20,1,54,24,No
2779,2024-07-03,2,46,10,No
1045,2024-02-29,8,20,7,Yes
550,2024-10-27,8,3,21,No
4633,2024-05-09,2,34,14,No
1948,2024-06-12,9,34,2,No
2650,2024-06-23,1,58,2,Yes
504,2025-01-13,9,1,24,No
3066,2024-09-13,2,45,9,No
2487,2024-07-28,1,43,6,Yes
1219,2024-09-18,8,25,19,Yes
4287,2024-02-13,5,50,23,No
3098,2024-11-26,7,48,11,Yes
598,2025-01-12,4,45,4,No
1977,2024-08-21,9,43,2,Yes
1544,2025-01-05,8,9,20,No
4500,2024-04-24,4,9,11,No
2859,2024-05-23,6,25,18,No
2868,2024-02-28,5,33,15,No
1950,2024-10-02,8,54,15,Yes
4314,2024-10-11,6,17,18,Yes
2700,2024-12-17,8,50,6,Yes
2081,2024-01-16,6,54,17,Yes
3437,2024-09-12,5,9,9,No
3201,2024-10-23,2,32,6,Yes
969,2024-12-02,6,20,3,No
2373,2024-07-25,9,37,20,No
4126,2024-06-08,1,52,16,Yes
3035,2025-01-07,3,17,10,Yes
962,2024-12-12,9,45,8,Yes
250,2024-01-21,1,45,15,No
4451,2024-05-06,2,39,13,No
1764,2024-11-16,1,50,13,No
4882,2024-11-20,2,1,2,No
4195,2024-02-24,3,37,22,No
4504,2024-06-27,6,58,15,No
3993,2024-09-05,2,35,6,No
1252,2024-06-12,2,47,19,Yes
2678,2024-09-18,6,26,9,No
1121,2024-06-18,5,42,2,Yes
37,2024-11-13,4,36,1,Yes
217,2024-04-08,1,56,23,No
1793,2024-10-18,5,43,13,No
204,2024-02-24,8,28,15,No
4481,2025-01-27,8,24,12,Yes
4190,2024-10-03,1,16,21,No
3126,2024-11-22,1,11,11,No
1678,2024-06-15,4,49,10,Yes
2045,2024-05-02,1,17,4,No
103,2024-12-04,4,3,12,No
4392,2024-07-19,1,9,20,No
138,2025-01-03,5,47,21,No
3328,2024-03-12,3,46,3,No
4493,2024-01-17,8,45,7,Yes
4069,2024-07-04,1,20,21,No
2379,2024-05-22,4,15,23,Yes
1695,2024-06-05,1,30,18,No
2633,2024-11-03,6,48,20,No
3797,2024-04-07,4,50,23,Yes
1127,2025-01-27,8,34,4,Yes
3542,2024-04-30,7,36,13,No
1493,2024-10-25,4,46,9,Yes
1686,2024-04-03,2,25,3,No
3334,2024-08-17,6,52,5,No
1778,2024-02-11,5,19,2,Yes
4778,2024-12-11,5,16,11,No
2499,2024-10-15,7,50,9,No
3928,2024-06-10,6,41,19,Yes
4748,2024-05-08,8,37,1,No
371,2024-01-16,1,20,2,Yes
1011,2024-07-29,7,12,2,Yes
642,2024-04-26,1,17,7,Yes
4590,2024-09-21,9,18,24,Yes
4762,2024-06-09,9,14,10,Yes
4963,2024-08-03,2,11,20,Yes
610,2024-08-21,6,37,24,No
2972,2024-01-05,2,53,17,No
2136,2024-03-12,6,11,10,No
1762,2024-01-28,7,29,12,Yes
3992,2025-01-13,7,43,11,Yes
1006,2024-08-27,6,19,17,No
4562,2024-11-21,7,11,1,No
2825,2024-02-08,2,47,17,Yes
2625,2025-01-28,3,52,1,No
954,2024-06-30,1,11,21,No
1204,2024-04-10,4,8,19,No
4438,2024-08-22,4,22,22,No
1054,2024-10-13,9,59,17,Yes
3202,2024-12-02,7,32,1,Yes
769,2024-05-22,1,32,17,Yes
547,2024-04-05,5,24,6,Yes
4892,2024-01-29,9,16,21,Yes
136,2024-12-17,4,55,22,No
4012,2024-06-26,1,17,13,Yes
4036,2024-07-02,4,5,10,No
43,2024-12-15,5,24,10,No
882,2024-11-28,4,14,21,Yes
2570,2024-06-27,6,1,18,No
1280,2025-01-03,5,17,20,No
4680,2024-06-21,4,46,8,No
4504,2025-01-21,6,35,12,No
2923,2024-04-22,8,52,20,Yes
1371,2024-12-10,1,37,15,No
184,2024-06-12,6,30,13,No
3828,2024-05-16,5,17,16,Yes
2674,2024-05-24,2,3,6,No
4155,2025-01-23,4,17,7,Yes
1495,2024-01-19,3,48,7,No
1933,2024-08-18,3,35,23,No
2492,2025-01-23,7,51,16,Yes
4165,2024-09-21,5,15,19,No
1882,2024-12-28,7,46,16,Yes
4258,2024-10-30,8,15,20,Yes
1868,2024-12-12,4,26,8,No
4993,2024-07-30,7,30,10,No
1261,2024-08-21,1,34,13,Yes
1332,2024-08-27,3,6,21,Yes
1729,2024-12-23,6,39,22,Yes
4096,2024-09-14,9,22,22,Yes
1256,2024-09-26,2,8,13,Yes
4303,2024-10-02,7,2,18,No
3686,2024-10-27,7,31,4,Yes
1975,2024-03-25,5,47,5,No
4707,2024-11-25,8,11,22,Yes
3839,2025-01-01,1,27,2,Yes
2032,2025-01-08,1,3,6,Yes
1637,2024-03-10,7,4,6,No
488,2024-02-24,4,6,21,No
4949,2025-01-25,5,58,2,No
782,2024-01-17,2,3,21,Yes
3897,2025-01-14,4,40,8,Yes
4132,2024-01-20,4,29,11,No
3881,2024-08-21,7,20,4,No
2083,2024-03-12,3,12,20,No
3864,2024-12-13,7,22,23,No
2066,2024-12-07,7,54,11,Yes
2352,2024-01-05,9,31,13,Yes
1434,2024-05-21,2,41,15,No
2481,2024-01-12,3,3,8,No
2795,2025-01-28,3,18,10,No
2836,2025-01-22,3,5,3,No
3624,2024-11-12,1,15,23,No
525,2024-06-07,4,21,7,No
1493,2024-09-10,6,2,11,No
4759,2025-01-24,3,54,14,Yes
3424,2024-02-04,7,48,24,No
247,2024-03-04,2,29,15,No
2179,2024-03-29,3,54,11,Yes
3120,2024-05-31,6,41,1,No
715,2024-07-25,3,48,3,Yes
3889,2024-02-24,5,38,12,No
4321,2024-12-18,4,1,16,No
3239,2024-08-15,3,29,1,No
3678,2024-07-06,7,45,22,No
1778,2024-12-08,3,51,7,Yes
4399,2024-09-08,2,48,23,No
968,2024-10-02,7,4,24,No
4875,2024-12-20,9,58,19,No
3474,2024-01-08,2,55,10,No
1353,2024-05-23,5,9,4,No
2600,2024-02-18,8,13,11,No
4093,2024-01-12,4,51,6,No
1179,2024-12-21,4,27,14,No
2847,2024-06-08,7,4,15,No
2823,2024-10-09,5,4,7,Yes
2832,2024-08-06,6,39,4,Yes
988,2024-07-28,6,46,15,No
3762,2024-09-04,8,56,14,Yes
3046,2024-02-11,8,32,5,No
3410,2024-09-24,6,3,24,Yes
2293,2024-08-02,4,49,5,No
1874,2024-05-11,5,2,23,No
1931,2024-05-19,4,15,18,Yes
1356,2024-03-17,1,42,13,No
4343,2024-08-09,9,7,1,No
1779,2024-03-05,5,11,5,Yes
2441,2025-01-29,6,28,23,Yes
2712,2024-05-29,2,28,12,Yes
743,2024-06-02,2,24,9,No
159,2024-09-11,1,45,6,No
2294,2024-01-31,2,24,4,Yes
210,2024-12-22,6,9,24,No
4855,2024-05-12,1,20,2,No
4802,2024-10-15,1,24,10,Yes
4922,2024-10-07,4,29,17,Yes
4489,2024-07-31,4,48,9,No
3739,2024-08-28,1,44,17,No
4642,2024-02-12,8,3,12,Yes
2083,2024-02-28,2,19,22,No
1733,2024-01-09,7,54,10,No
3210,2024-03-01,9,9,21,No
3285,2024-09-14,5,1,16,Yes
2628,2024-08-25,1,16,11,No
124,2024-08-26,4,3,21,No
1899,2024-01-08,5,43,6,No
3481,2024-04-28,4,34,6,No
4368,2024-05-04,8,41,24,Yes
4567,2024-03-21,7,9,24,Yes
1461,2024-06-16,1,20,18,No
4467,2024-08-25,3,34,2,No
2143,2024-01-25,2,2,5,Yes
3249,2024-12-20,3,34,18,No
4240,2024-05-26,6,58,11,No
4959,2024-12-03,1,10,16,Yes
4465,2024-05-30,9,11,6,No
2801,2024-04-24,1,1,20,Yes
1944,2025-01-21,9,51,21,Yes
4760,2024-01-15,3,4,10,Yes
1047,2024-08-25,7,44,9,Yes
2564,2024-05-05,3,29,15,Yes
4537,2024-03-09,6,49,6,No
310,2024-06-06,8,35,8,No
2442,2024-07-11,2,39,21,No
2149,2024-12-03,1,46,17,No
2275,2024-08-04,7,38,2,Yes
4158,2025-01-30,1,47,18,No
2015,2024-09-28,5,45,9,No
3503,2024-10-16,3,22,8,No
974,2024-11-10,3,30,15,No
490,2024-09-04,1,41,8,No
1063,2024-12-02,9,30,5,Yes
3262,2024-05-11,8,42,2,No
587,2024-11-03,7,29,12,No
1126,2024-12-13,1,13,16,Yes
1888,2024-01-31,3,28,12,No
2155,2025-01-21,2,11,22,Yes
2177,2024-04-19,9,27,22,No
4243,2024-11-23,2,13,14,No
434,2024-01-30,3,56,16,Yes
30,2024-05-13,9,5,5,No
4235,2024-04-26,2,6,14,Yes
2300,2024-09-19,6,31,20,No
1426,2024-02-21,8,41,8,No
3985,2024-08-25,3,54,12,No
4198,2024-08-14,7,51,16,No
1901,2024-11-15,5,24,16,No
1660,2024-10-31,1,45,14,No
4633,2025-01-14,8,30,10,No
2530,2024-09-13,4,2,7,Yes
904,2024-10-29,1,3,5,Yes
1588,2024-10-20,5,51,1,No
373,2024-03-14,7,8,2,Yes
203,2024-05-13,2,36,13,No
2725,2024-07-25,3,27,23,No
4299,2024-10-20,5,14,24,No
1684,2024-03-23,2,41,1,Yes
2932,2024-05-25,6,29,19,No
181,2024-08-27,7,18,17,Yes
4349,2024-01-12,8,9,1,Yes
3010,2024-05-24,3,44,16,Yes
1940,2024-09-27,3,30,15,Yes
4423,2024-03-03,2,1,14,No
4746,2024-02-23,4,33,11,Yes
2946,2024-12-14,1,27,6,No
1198,2024-04-08,2,42,5,No
726,2024-01-31,8,49,17,No
4325,2024-02-17,7,5,11,No
739,2024-09-18,4,28,23,No
2058,2024-08-06,8,39,18,No
3540,2025-01-28,3,55,10,No
4291,2024-05-27,4,40,20,Yes
4877,2024-05-05,6,49,11,No
3404,2024-03-10,9,16,3,Yes
1131,2024-05-06,7,38,5,No
4779,2024-02-12,5,35,4,No
4475,2024-05-15,8,19,22,No
1667,2024-07-01,8,52,4,No
2692,2024-12-18,5,36,6,Yes
4290,2024-07-13,7,44,22,No
3539,2024-07-09,8,47,6,Yes
2174,2024-02-19,9,25,14,No
3542,2024-09-18,5,38,9,No
2396,2024-03-04,8,27,7,Yes
2344,2024-03-26,7,36,14,No
622,2024-08-25,3,16,4,No
830,2024-07-07,2,10,23,No
2998,2024-10-31,8,29,9,Yes
2172,2024-02-11,9,27,1,No
1829,2024-08-31,8,38,7,No
3543,2024-01-30,2,37,22,No
2878,2024-01-12,9,27,15,No
1029,2024-05-05,6,28,9,No
1905,2024-05-18,3,9,6,No
4199,2024-05-03,3,38,7,No
1110,2025-01-23,6,5,2,Yes
1912,2024-08-23,3,30,17,No
4770,2024-05-18,4,31,1,No
1106,2024-04-11,3,44,18,Yes
4659,2025-01-08,2,50,13,No
2481,2024-03-20,5,37,16,No
3073,2024-06-30,1,38,1,Yes
3402,2024-07-14,6,27,2,No
4712,2024-12-15,1,48,8,Yes
459,2024-08-28,1,56,6,No
2398,2024-05-31,4,1,8,No
4597,2024-01-15,3,10,16,Yes
926,2024-12-18,9,51,19,No
766,2024-06-18,4,41,10,Yes
2278,2024-04-17,2,19,23,Yes
2693,2024-07-13,1,13,16,No
1888,2024-03-11,1,34,12,Yes
1307,2024-06-10,7,43,20,Yes
1179,2024-02-16,7,2,11,Yes
622,2024-11-28,7,13,23,Yes
3559,2024-12-09,4,35,6,No
2365,2024-03-20,8,43,10,No
1255,2024-04-15,9,43,4,No
2646,2024-03-04,6,57,24,No
3500,2024-02-07,5,4,17,No
2797,2024-06-21,8,57,20,Yes
10,2024-05-12,6,49,18,Yes
3312,2024-02-25,8,21,1,No
291,2024-11-22,4,27,19,Yes
4641,2024-02-04,4,38,14,No
4933,2024-02-28,3,22,6,Yes
2959,2024-10-30,1,52,11,Yes
1691,2024-01-14,3,43,10,No
1197,2024-11-23,2,58,15,No
2791,2024-03-11,8,17,24,No
1465,2024-01-15,9,54,10,No
1773,2024-07-13,5,30,8,No
2835,2024-01-06,8,6,4,Yes
1509,2024-09-07,8,8,24,No
187,2024-02-22,8,35,4,No
4915,2024-05-06,5,33,18,No
1306,2025-01-12,1,25,21,Yes
509,2024-07-24,8,29,5,No
428,2024-11-28,6,27,16,No
822,2024-10-25,9,5,13,Yes
1731,2024-04-14,5,43,4,No
3687,2024-01-28,3,39,24,No
2748,2024-01-17,3,32,19,No
4181,2024-07-03,2,36,7,No
3904,2024-03-06,2,19,18,No
3932,2024-03-31,8,33,1,No
2414,2024-02-08,3,14,20,No
3661,2024-12-11,5,5,9,No
4572,2024-06-07,4,54,15,No
348,2024-05-15,9,44,9,Yes
2687,2024-03-24,1,24,19,Yes
1381,2024-11-27,2,14,16,No
2939,2024-08-05,9,20,14,No
2978,2024-08-12,2,15,6,No
2350,2024-11-30,8,34,19,No
4211,2024-05-05,7,31,8,Yes
4297,2025-01-18,9,2,22,Yes
1491,2025-01-21,8,18,1,Yes
2299,2024-07-06,6,3,12,No
2025,2024-04-12,3,32,5,Yes
2903,2024-10-13,8,43,22,No
1394,2024-05-15,6,48,21,No
4431,2024-12-08,8,27,18,Yes
3602,2024-03-10,3,30,18,Yes
3132,2024-06-10,2,24,5,No
1669,2025-01-31,6,24,13,Yes
166,2024-08-05,4,37,16,No
2885,2024-03-02,8,13,6,Yes
2678,2024-03-04,6,48,1,No
2031,2024-07-28,5,22,10,No
3830,2024-02-25,6,32,21,Yes
2414,2024-12-16,7,59,18,Yes
2206,2024-06-09,8,19,2,No
1932,2024-12-08,2,26,4,Yes
313,2025-01-26,6,13,6,Yes
3601,2024-11-14,9,52,1,Yes
1664,2024-10-19,9,46,7,Yes
4193,2025-01-01,6,28,12,No
3984,2024-11-08,5,30,11,No
327,2024-06-08,9,34,14,No
895,2024-05-18,8,55,3,No
3286,2025-01-11,4,43,21,Yes
3372,2024-03-13,7,3,7,No
3229,2024-07-30,2,22,16,Yes
3749,2024-12-25,5,9,10,Yes
4322,2024-02-13,9,31,19,No
1539,2024-09-30,8,40,18,No
1570,2024-05-20,1,16,8,Yes
3698,2024-06-17,9,45,4,Yes
702,2024-06-10,7,24,1,No
3607,2024-04-17,4,13,11,Yes
3153,2024-08-12,8,3,24,No
1217,2025-01-25,9,22,2,Yes
3046,2025-01-31,3,28,4,No
3220,2024-06-11,3,9,21,No
4303,2024-10-01,2,27,1,No
4421,2024-03-19,2,38,5,No
3528,2024-07-24,7,32,20,Yes
4086,2024-09-28,7,24,9,No
3051,2024-03-06,9,14,24,No
3490,2025-01-03,1,18,13,Yes
2016,2024-11-24,2,18,9,No
214,2024-11-15,6,25,17,Yes
2157,2024-07-07,4,12,21,No
2684,2024-01-31,1,3,18,Yes
3868,2024-09-30,7,11,16,Yes
4504,2024-02-24,4,20,7,No
4861,2024-05-18,8,51,9,Yes
790,2024-11-09,3,5,13,Yes
284,2024-10-24,3,55,6,No
408,2024-12-02,2,12,16,Yes
2385,2024-06-08,8,31,8,Yes
3435,2024-01-17,1,23,10,Yes
1988,2024-04-03,1,33,14,Yes
4363,2024-04-08,6,56,10,No
914,2024-03-09,9,58,1,No
1680,2024-04-09,6,34,20,Yes
4935,2024-06-26,1,17,19,Yes
3455,2024-10-11,4,54,7,Yes
3528,2024-07-08,8,54,3,No
3349,2024-10-30,1,56,7,No
4064,2024-04-27,6,21,13,Yes
1053,2024-06-27,5,44,21,Yes
1945,2024-09-18,2,34,10,No
1216,2024-01-29,7,48,4,No
71,2024-12-21,2,1,10,No
690,2024-04-15,3,47,16,No
4929,2024-12-08,3,38,22,Yes
786,2025-01-12,3,34,19,No
3729,2024-11-17,1,59,3,No
4159,2024-06-19,2,38,12,Yes
1509,2024-11-26,3,18,12,No
1371,2024-03-28,9,27,14,Yes
2470,2024-09-17,4,35,10,No
3750,2024-09-22,7,32,12,Yes
1416,2024-01-16,1,14,23,No
3469,2024-06-21,8,40,22,Yes
2056,2024-01-15,2,44,1,Yes
645,2024-09-10,7,40,10,Yes
1998,2024-06-10,7,47,24,Yes
1754,2024-01-24,3,5,6,No
716,2024-09-11,3,52,10,No
1145,2025-01-01,9,54,3,No
3587,2024-12-06,8,12,9,No
968,2024-09-17,3,14,8,No
3003,2024-02-15,8,53,2,Yes
2574,2024-10-26,9,43,16,No
323,2024-12-17,2,18,21,No
3991,2024-11-18,1,40,1,Yes
2946,2024-08-18,6,14,11,No
1204,2024-04-18,9,54,17,No
230,2024-07-03,1,18,6,Yes
638,2024-05-12,7,8,6,No
4293,2024-05-30,9,55,22,No
2459,2024-03-08,2,53,15,Yes
3472,2024-07-02,5,38,2,No
464,2024-04-02,7,27,2,No
2204,2024-05-23,4,43,11,No
2248,2024-12-26,1,21,23,No
1285,2024-12-25,4,22,6,Yes
3466,2024-08-30,2,46,15,Yes
4272,2024-09-09,5,7,24,Yes
2180,2024-09-07,8,28,15,No
287,2024-09-04,1,24,5,No
1796,2024-05-09,4,35,3,Yes
4168,2024-05-26,8,44,18,No
2614,2024-05-20,2,54,9,No
4149,2024-10-16,3,10,12,Yes
2723,2024-07-18,1,46,7,Yes
931,2024-05-15,7,45,19,Yes
1102,2024-10-27,5,30,5,No
3290,2024-05-05,9,26,20,No
4335,2024-01-18,4,20,19,No
186,2024-06-05,3,19,2,No
166,2024-08-06,9,15,6,No
2613,2024-05-24,3,39,4,Yes
4129,2024-01-28,3,48,17,Yes
641,2024-01-25,1,52,22,Yes
3396,2024-08-10,2,50,6,No
4063,2024-01-05,7,12,15,No
3601,2024-07-16,4,4,18,No
3352,2024-10-17,3,59,16,No
4906,2024-09-29,8,11,12,Yes
4048,2024-09-18,4,29,21,No
1556,2024-03-10,9,56,5,No
3799,2024-07-18,1,30,3,No
4167,2024-06-01,9,36,15,No
3447,2024-10-06,7,27,15,Yes
4152,2024-08-10,1,35,2,No
2459,2024-03-05,1,15,23,No
3024,2025-01-14,1,50,19,Yes
1282,2024-12-09,1,10,16,No
4865,2024-08-22,7,11,5,No
620,2024-07-05,9,33,16,No
693,2024-07-05,1,34,16,No
702,2024-04-16,6,29,13,Yes
3346,2024-09-11,8,13,23,No
3561,2024-08-24,7,14,12,No
3988,2024-10-30,3,35,22,No
4293,2024-04-26,9,16,22,No
4167,2024-10-14,1,49,4,No
1505,2024-06-29,6,38,4,Yes
2676,2024-11-29,2,53,18,Yes
2048,2024-05-28,2,1,24,Yes
2168,2024-11-30,9,16,6,No
3747,2024-07-13,7,23,11,No
2580,2024-01-11,5,3,16,No
607,2024-10-25,2,54,23,Yes
2031,2024-02-21,2,18,17,No
4169,2024-03-12,2,19,17,No
4573,2024-03-03,3,46,14,Yes
573,2024-01-12,4,23,2,No
4003,2024-05-10,8,14,8,No
2128,2024-01-13,9,50,14,No
2842,2024-08-27,3,41,14,No
2089,2024-03-21,1,52,17,No
2156,2024-07-03,3,11,16,No
2996,2024-05-09,5,9,12,No
2274,2024-06-30,3,6,1,No
4370,2025-01-09,8,7,2,No
4162,2024-04-11,3,42,9,Yes
421,2024-11-04,7,53,13,Yes
611,2024-08-10,7,35,11,No
1634,2024-01-23,6,33,24,Yes
142,2024-02-17,1,50,18,Yes
2386,2025-01-21,1,4,22,Yes
3186,2024-08-10,5,53,1,No
3285,2024-01-31,2,38,16,Yes
614,2024-10-20,9,8,22,Yes
3584,2024-11-10,5,43,11,Yes
3226,2024-04-23,2,3,2,No
3368,2024-03-13,3,33,19,No
4216,2024-11-19,8,29,22,No
713,2025-01-15,1,40,3,No
1456,2024-05-09,6,26,19,No
4539,2024-08-27,6,43,19,No
1305,2024-01-16,8,35,10,No
4026,2024-08-13,3,26,16,No
4575,2024-10-15,8,26,16,Yes
2077,2024-03-14,5,40,11,No
4451,2024-07-22,2,53,3,No
2330,2024-03-10,7,33,12,No
1431,2024-07-03,5,52,8,Yes
3591,2024-12-08,6,29,19,Yes
1702,2024-02-23,7,32,8,No
19,2024-12-27,3,47,5,Yes
4960,2024-09-01,6,7,11,Yes
787,2024-05-31,9,44,6,Yes
3971,2024-04-13,3,49,1,Yes
3728,2024-03-04,9,28,22,No
1311,2024-12-17,2,43,19,Yes
4590,2024-07-20,8,28,9,No
321,2025-01-31,7,22,24,No
2780,2024-01-30,9,37,21,Yes
2220,2024-04-21,2,58,2,No
278,2024-03-08,2,22,23,No
672,2024-07-09,7,45,4,No
4592,2024-01-31,6,37,13,No
528,2024-11-28,9,39,4,No
499,2024-04-28,4,41,22,No
1242,2025-01-18,6,44,16,No
4470,2024-12-14,5,31,7,Yes
1778,2024-12-20,6,26,8,No
2090,2024-10-26,4,52,16,No
218,2024-06-01,1,14,6,No
2652,2024-05-06,9,44,12,No
2453,2024-12-11,6,52,12,Yes
2643,2024-11-20,9,12,11,No
4079,2024-11-01,8,26,10,No
4534,2024-09-17,1,42,22,Yes
1441,2024-09-28,4,40,6,No
1217,2024-05-12,5,26,12,No
2928,2024-05-16,8,1,4,No
2903,2024-03-20,2,44,19,No
1936,2024-08-23,7,25,15,Yes
1733,2024-10-12,7,1,3,No
657,2024-10-20,4,26,6,No
2542,2024-07-02,1,40,22,No
3859,2024-03-20,8,52,18,No
3846,2024-12-17,4,36,10,Yes
4972,2024-05-04,3,13,22,Yes
1646,2024-08-06,9,51,11,No
697,2024-02-16,4,40,15,No
3879,2024-09-12,1,57,16,Yes
1613,2024-10-29,8,37,20,No
3775,2024-05-15,9,29,3,No
1074,2024-10-18,8,10,3,No
3750,2024-07-31,5,54,14,No
2533,2025-01-06,4,54,17,Yes
3618,2024-05-14,8,8,5,No
1075,2024-06-21,2,8,9,Yes
963,2024-06-05,9,8,8,No
3673,2024-11-05,5,26,9,No
3338,2024-12-23,2,26,4,No
121,2025-01-18,8,30,11,No
2189,2024-06-30,2,57,10,No
2312,2024-12-30,8,12,1,No
3894,2024-11-15,1,23,6,Yes
1211,2024-06-30,3,25,6,Yes
3508,2024-08-21,3,17,24,Yes
1951,2025-01-10,2,41,24,No
873,2024-09-16,3,12,17,No
294,2024-02-29,2,43,9,Yes
4886,2024-03-29,7,7,3,Yes
4378,2024-08-17,6,57,5,No
3174,2025-01-06,3,34,7,Yes
4362,2024-04-08,8,6,15,No
3145,2025-01-06,8,10,4,No
4198,2024-02-25,3,28,7,No
947,2024-09-09,3,38,22,No
741,2024-12-29,5,37,2,No
2425,2024-05-27,3,27,1,No
2826,2024-12-14,7,9,18,Yes
2699,2025-01-07,2,36,8,Yes
3203,2024-12-03,9,24,6,Yes
4352,2024-03-14,4,6,15,No
2525,2024-08-12,4,3,18,No
1294,2025-01-08,7,38,18,Yes
3609,2024-02-24,5,11,2,No
3532,2024-09-27,2,19,14,Yes
2390,2024-04-27,1,20,24,Yes
2914,2024-03-08,7,17,13,Yes
3247,2024-03-15,8,18,9,No
789,2024-12-15,7,2,9,No
1776,2024-05-23,4,58,11,No
2523,2024-01-13,8,46,9,No
3582,2024-03-23,4,54,11,No
667,2024-04-19,6,47,8,No
60,2024-11-03,3,18,8,Yes
4501,2024-04-16,3,25,9,Yes
3455,2024-07-20,1,38,16,Yes
4250,2024-12-06,2,8,12,No
1091,2024-03-07,7,36,13,Yes
4372,2024-08-31,1,51,5,Yes
1718,2024-07-17,8,53,5,Yes
4091,2024-02-22,7,10,20,No
936,2024-08-24,2,37,3,No
2929,2024-07-28,2,42,14,No
2730,2024-05-18,2,25,18,No
3434,2024-12-29,4,16,21,No
2446,2024-01-16,9,43,18,Yes
1357,2025-01-27,8,17,17,Yes
570,2024-12-07,8,31,14,Yes
1800,2024-05-21,9,32,1,Yes
3654,2024-01-21,3,19,17,No
1075,2024-05-22,5,20,17,No
34,2025-01-07,2,37,1,Yes
3267,2024-07-18,2,21,5,Yes
2538,2024-06-21,3,57,8,No
3850,2024-12-05,9,36,13,Yes
3146,2024-07-06,1,53,23,No
1176,2024-02-20,7,44,21,No
2877,2024-02-11,7,55,15,Yes
19,2024-03-24,4,43,21,Yes
1677,2024-10-09,9,10,16,Yes
4190,2024-07-12,7,31,11,Yes
156,2024-04-28,5,49,16,No
3386,2024-09-15,7,5,9,No
2950,2024-02-10,9,35,8,No
4992,2024-03-03,6,44,12,No
2278,2024-01-09,9,47,24,No
3154,2024-06-28,7,43,11,No
4988,2024-01-04,7,29,24,No
4174,2024-03-10,4,14,4,No
3531,2024-12-28,9,36,5,No
1888,2024-03-08,9,40,22,Yes
2670,2024-09-29,4,53,19,No
3438,2025-01-02,9,11,15,Yes
4068,2024-11-04,1,5,11,No
2553,2024-03-23,5,11,2,Yes
1886,2024-01-20,3,24,24,No
2791,2024-09-01,3,51,24,Yes
35,2025-01-31,3,43,5,No
4553,2024-11-28,3,57,3,No
2406,2024-05-29,6,10,5,No
843,2024-12-13,5,43,15,No
1407,2024-11-21,2,53,9,Yes
1040,2024-06-22,5,50,15,Yes
4322,2024-10-27,9,18,16,Yes
1973,2024-07-01,6,28,6,No
2532,2024-03-27,3,21,10,Yes
3331,2024-09-26,7,26,19,No
2976,2025-01-02,4,57,22,No
1043,2024-03-10,9,8,13,No
2792,2024-08-14,4,19,6,No
3138,2024-08-03,6,3,13,No
4639,2024-09-08,5,4,12,No
384,2024-09-03,3,26,17,Yes
1556,2024-05-19,2,53,24,Yes
3417,2024-04-03,5,42,22,No
4155,2024-04-15,8,3,14,No
2256,2024-11-15,9,39,5,No
3330,2024-04-17,1,35,13,No
1153,2024-06-11,8,53,3,No
715,2024-12-23,6,38,13,Yes
3478,2024-05-15,1,55,19,No
263,2024-04-21,3,9,13,No
22,2025-01-20,7,2,1,No
4827,2024-04-27,7,5,14,Yes
4407,2024-11-23,6,19,10,Yes
3553,2024-08-21,5,8,5,No
2351,2024-04-09,7,55,19,No
2039,2025-01-09,8,31,8,No
109,2024-03-09,1,28,12,Yes
2627,2025-01-01,2,3,5,No
1609,2024-08-13,1,31,10,Yes
349,2024-09-23,4,59,11,No
2760,2024-04-20,6,52,17,Yes
4296,2024-11-07,9,6,2,No
1596,2024-08-02,4,16,14,No
1417,2025-01-29,2,9,8,Yes
3586,2025-01-17,7,3,13,Yes
1475,2024-10-23,4,22,9,No
2611,2024-04-05,1,4,20,No
4413,2024-02-10,8,28,24,Yes
991,2024-06-25,7,47,4,No
1722,2024-03-02,5,53,12,Yes
718,2024-01-22,5,16,12,Yes
4137,2024-01-07,5,14,2,No
673,2024-03-11,4,34,21,No
2182,2024-07-13,3,54,20,No
4281,2024-01-01,8,52,20,No
64,2024-09-07,3,7,23,No
3136,2024-08-13,9,36,21,No
3162,2025-01-22,3,35,4,No
2021,2024-03-25,7,15,22,No
3450,2024-02-04,6,9,5,Yes
4815,2024-05-11,5,30,21,Yes
2665,2024-04-09,4,13,4,No
89,2024-11-17,9,39,6,Yes
4726,2024-11-16,1,39,21,Yes
3071,2024-05-08,1,24,11,No
1715,2024-12-22,4,7,7,No
1704,2024-09-24,8,50,9,No
1506,2024-07-16,2,17,7,No
3152,2024-10-18,1,4,2,Yes
3837,2024-12-07,7,39,16,No
1646,2024-07-14,1,53,1,No
676,2024-06-24,8,41,16,Yes
2960,2024-04-20,7,55,6,No
1255,2024-09-11,4,56,3,Yes
2149,2024-02-04,7,54,8,No
1767,2024-07-03,7,22,24,No
3785,2024-07-01,9,2,22,No
740,2024-08-31,9,4,16,No
4544,2024-05-07,8,19,19,No
4309,2024-02-27,4,24,1,No
4419,2024-01-14,8,30,6,Yes
1933,2024-07-01,7,9,17,Yes
3744,2024-04-02,4,30,18,No
2693,2024-01-03,8,13,16,Yes
3216,2024-10-13,7,15,10,No
2129,2024-10-17,3,50,18,No
4389,2024-10-13,5,9,8,Yes
4534,2024-04-09,1,52,2,Yes
2944,2024-02-03,5,42,6,No
2827,2024-10-11,2,47,7,No
872,2024-08-20,2,40,17,Yes
3653,2024-04-23,6,15,16,No
3970,2024-01-16,4,49,24,Yes
4371,2024-12-06,6,47,6,Yes
3014,2024-10-17,1,20,1,Yes
3485,2024-07-04,5,49,18,No
2454,2024-01-27,6,27,1,No
1501,2024-08-31,9,29,22,Yes
501,2024-11-14,3,13,20,Yes
1046,2024-04-17,2,10,5,No
4970,2024-04-29,1,25,20,No
1829,2024-08-27,1,23,15,No
4257,2024-08-18,9,11,17,No
2051,2024-04-26,7,36,3,No
354,2024-02-23,3,22,9,Yes
2912,2024-03-07,1,10,7,Yes
1144,2024-11-09,5,42,7,No
2773,2024-08-31,5,37,6,Yes
3642,2024-04-08,7,9,15,No
2577,2024-05-20,1,19,1,No
2394,2024-02-13,8,55,22,No
1103,2025-01-14,3,40,22,No
1887,2024-06-08,4,48,1,Yes
4694,2024-09-21,1,12,11,No
3862,2024-06-23,7,36,15,No
2880,2024-01-27,5,26,17,Yes
973,2025-01-27,5,40,18,Yes
458,2024-03-22,8,32,3,No
786,2024-12-16,7,13,5,No
1685,2024-12-19,4,5,2,No
2790,2024-08-20,7,22,2,No
3199,2024-12-08,4,4,20,Yes
4579,2024-07-10,4,28,2,No
2334,2024-11-06,6,58,24,No
2843,2024-11-23,7,32,22,Yes
2845,2024-12-22,3,18,3,Yes
1123,2024-01-14,5,11,24,No
721,2024-09-26,5,56,5,No
2934,2024-03-17,8,33,20,Yes
3864,2024-07-29,6,55,8,No
1684,2024-10-05,3,58,2,No
1945,2025-01-01,1,19,17,No
983,2024-01-10,6,37,16,No
482,2024-01-01,8,22,1,No
3434,2024-11-07,6,44,16,No
3867,2024-01-31,9,34,10,No
1551,2024-08-29,9,52,8,No
1797,2024-03-18,2,10,13,No
1859,2024-03-29,9,25,24,No
4038,2024-01-15,8,54,15,Yes
1445,2024-10-14,7,13,23,Yes
290,2024-12-01,8,21,23,Yes
2786,2024-11-17,2,21,4,No
3716,2024-09-01,2,29,14,No
2878,2024-02-13,5,23,14,No
2597,2024-03-21,1,14,8,No
715,2025-01-20,4,24,1,Yes
1800,2024-03-03,5,5,3,No
2136,2024-09-24,2,42,6,Yes
4597,2024-10-26,3,40,11,Yes
2119,2025-01-20,8,25,6,No
1197,2024-05-22,7,19,14,Yes
4994,2024-06-26,8,20,20,No
4781,2024-04-02,6,19,16,No
51,2024-05-05,5,2,6,No
1821,2024-11-01,8,23,13,No
725,2024-11-25,4,22,9,No
1760,2024-12-24,9,12,3,Yes
3,2024-06-14,7,43,5,No
1073,2024-10-18,3,46,8,No
1258,2024-07-30,1,13,5,Yes
1482,2025-01-30,7,59,8,Yes
1348,2024-01-20,6,7,2,Yes
3929,2024-03-08,5,6,14,No
1233,2024-04-30,7,59,21,Yes
3667,2024-04-17,8,3,10,No
4725,2024-02-08,9,18,20,Yes
3489,2024-06-16,1,17,19,No
754,2024-11-13,1,2,13,Yes
1061,2024-11-15,2,12,15,No
4993,2024-09-21,8,37,19,No
1496,2025-01-04,2,8,18,No
2910,2024-08-25,9,33,20,No
1056,2024-06-28,9,17,2,No
3522,2024-02-28,7,56,19,Yes
2497,2024-08-23,7,44,5,No
2543,2024-07-03,1,29,16,No
1927,2024-08-16,1,22,13,No
2746,2024-11-13,9,41,8,Yes
1446,2024-01-16,7,4,22,No
2120,2024-04-11,6,50,5,No
580,2024-03-26,3,46,18,No
2874,2024-04-10,5,50,7,Yes
1103,2024-01-08,1,18,5,No
3488,2024-10-09,7,9,24,Yes
2629,2024-09-26,7,53,5,No
308,2024-10-02,2,10,21,No
4931,2024-01-30,5,44,11,Yes
1301,2024-08-10,3,9,4,Yes
51,2024-01-02,3,14,1,Yes
4076,2024-11-05,3,5,7,No
4326,2024-05-24,6,42,7,No
4703,2024-02-04,5,47,6,Yes
1858,2024-08-26,1,13,21,No
2241,2024-06-21,8,35,15,Yes
462,2024-01-07,1,28,22,Yes
1914,2024-03-27,5,14,23,No
4347,2025-01-10,1,35,18,No
529,2024-05-23,1,2,8,No
2255,2024-03-03,3,33,21,No
1577,2024-04-23,2,46,11,No
4013,2024-01-13,5,22,5,No
1493,2024-01-25,6,6,6,Yes
4764,2024-08-15,3,58,2,No
3858,2024-09-19,1,6,10,Yes
1909,2024-11-16,1,34,6,No
2255,2024-10-06,4,52,24,No
3790,2024-08-04,5,42,17,No
1221,2024-09-09,1,59,8,No
3642,2024-11-28,4,20,9,No
71,2024-06-27,4,14,14,No
3898,2024-09-21,9,44,5,No
3219,2024-12-24,2,15,24,No
1663,2024-09-05,6,24,19,No
4587,2024-06-15,9,28,19,Yes
165,2024-06-23,3,29,15,Yes
4446,2024-12-15,3,48,17,No
225,2024-10-04,9,16,18,No
4584,2024-06-22,3,37,4,No
2932,2024-01-03,9,8,8,No
1945,2024-10-27,7,16,7,No
701,2024-06-22,6,59,20,No
2810,2024-10-21,8,37,19,Yes
2565,2025-01-20,2,53,2,Yes
2520,2024-02-19,4,31,1,No
551,2024-06-04,5,18,20,No
918,2024-06-20,8,43,5,Yes
943,2024-01-23,9,36,6,Yes
608,2024-05-31,6,49,13,No
3495,2024-11-12,3,53,21,Yes
441,2024-08-12,9,23,17,No
2170,2024-03-31,8,18,20,No
333,2024-05-07,2,6,16,No
3461,2024-07-19,5,48,14,No
2120,2024-07-30,3,33,1,No
613,2024-11-14,4,49,14,No
1364,2024-05-29,5,54,16,Yes
2489,2024-12-12,1,54,11,Yes
4774,2024-07-20,6,26,4,Yes
4116,2024-03-06,8,32,7,Yes
3915,2024-08-16,8,18,19,No
3442,2024-04-01,3,53,24,Yes
873,2024-09-13,7,26,21,Yes
2467,2024-08-07,4,27,15,No
2893,2024-06-22,8,41,22,No
2121,2024-02-23,7,3,17,No
4100,2024-10-03,4,21,13,Yes
4656,2024-03-04,3,18,5,Yes
345,2024-05-27,8,33,2,No
1830,2025-01-27,2,14,13,Yes
1226,2024-12-19,7,28,13,Yes
1885,2024-03-09,9,34,3,No
3498,2024-01-21,2,44,19,No
3672,2024-06-06,8,36,19,No
3361,2024-04-25,1,19,23,No
4410,2024-11-29,7,38,20,No
3877,2024-10-10,3,50,22,No
4790,2024-05-18,9,27,8,Yes
4951,2025-01-26,2,22,9,Yes
3378,2024-12-05,3,39,13,Yes
755,2024-06-14,8,5,16,Yes
4723,2024-01-24,7,50,17,No
2473,2024-12-15,9,4,6,Yes
1434,2024-12-18,9,35,3,Yes
1704,2024-05-12,6,40,21,No
4553,2024-07-24,2,56,19,No
4092,2024-03-15,4,44,23,No
1252,2024-02-24,9,28,17,Yes
105,2024-09-06,9,48,12,No
1396,2024-07-16,6,36,13,Yes
3963,2024-05-13,6,4,6,Yes
4267,2024-12-05,2,58,20,No
2380,2024-04-09,5,34,13,No
367,2024-05-31,4,48,14,No
3313,2024-11-05,1,52,5,Yes
1820,2024-04-13,1,56,3,No
1719,2024-10-20,9,5,23,Yes
4027,2024-05-26,2,34,12,Yes
2040,2024-02-24,6,49,17,No
3690,2024-08-05,4,27,19,Yes
2963,2025-01-01,4,53,15,Yes
4563,2025-01-20,1,21,9,Yes
1598,2024-07-12,8,11,11,Yes
4415,2024-08-17,8,19,14,Yes
1580,2024-05-11,4,30,16,No
487,2024-01-18,5,15,23,Yes
761,2024-08-14,7,38,3,Yes
461,2024-10-11,1,6,1,Yes
2721,2024-12-13,4,14,2,No
706,2024-10-13,2,33,1,No
2132,2024-12-10,6,35,22,Yes
2267,2024-12-21,7,39,23,Yes
3302,2024-08-02,4,35,3,No
4896,2024-10-15,6,59,11,Yes
3309,2024-09-18,6,26,18,No
3197,2025-01-11,2,57,21,No
3430,2024-12-22,5,14,24,No
1086,2024-07-03,6,42,10,No
3473,2024-09-29,8,43,8,No
1164,2024-06-10,3,33,2,No
3750,2024-08-16,7,22,24,Yes
2050,2024-05-18,4,22,2,No
1263,2024-11-13,3,19,9,Yes
4375,2024-02-08,7,33,20,No
3965,2025-01-19,3,57,10,No
4098,2024-02-14,9,37,16,No
1158,2024-01-28,4,33,14,No
2213,2024-07-21,8,53,23,Yes
4916,2024-11-26,2,38,17,Yes
1998,2024-08-11,9,50,22,No
1986,2024-08-22,3,9,15,No
1788,2024-11-24,3,46,9,Yes
731,2024-03-18,4,14,11,No
3022,2024-08-07,1,15,16,No
84,2024-05-28,3,35,23,Yes
1518,2024-02-16,1,5,22,Yes
3323,2024-09-15,3,17,2,No
4618,2024-08-17,4,29,9,Yes
4349,2024-11-15,5,11,7,Yes
1127,2024-04-30,4,27,10,No
692,2024-11-30,7,25,2,No
2600,2024-10-23,9,35,20,No
2780,2024-08-18,5,33,16,No
500,2024-10-02,5,30,22,No
4735,2024-11-08,3,39,1,No
3259,2024-06-11,4,17,23,Yes
1820,2024-04-20,6,5,19,No
1698,2024-08-20,8,9,12,Yes
2521,2024-08-30,8,14,13,Yes
1182,2024-01-27,4,53,19,No
4596,2024-02-07,4,17,23,Yes
2472,2024-03-22,1,2,11,No
58,2024-05-22,9,39,19,No
3731,2024-10-21,1,40,16,Yes
1841,2024-04-18,5,57,9,No
4755,2024-02-26,5,17,23,Yes
4792,2024-08-08,1,29,7,No
2656,2025-01-14,4,40,22,No
1503,2024-05-16,7,37,16,No
4094,2024-07-01,9,7,5,Yes
2332,2024-12-12,7,26,3,Yes
2296,2024-12-09,2,36,15,Yes
3133,2024-11-01,5,24,11,No
4019,2024-09-24,5,28,2,Yes
3838,2024-03-16,6,47,14,No
4097,2024-05-12,3,36,14,Yes
3046,2024-05-06,8,53,22,No
4919,2024-08-12,7,49,11,No
2828,2024-10-06,8,51,11,No
4722,2024-01-08,8,48,12,Yes
758,2024-05-18,9,19,18,Yes
4995,2024-08-13,8,11,7,No
4921,2024-01-02,8,49,24,No
2885,2024-05-29,3,47,4,No
3970,2024-01-21,3,16,24,No
3318,2024-09-04,6,2,13,No
978,2024-11-17,3,58,8,No
4978,2024-10-28,2,37,4,No
3751,2024-04-12,4,47,19,Yes
1115,2024-07-18,8,3,23,Yes
3654,2024-06-25,7,6,13,Yes
3995,2024-02-04,5,41,20,No
1467,2024-09-17,9,3,18,Yes
1939,2024-08-16,7,28,10,Yes
3127,2024-07-10,2,28,17,Yes
1098,2024-07-20,8,25,21,Yes
1752,2024-10-23,8,8,22,No
1090,2024-04-01,5,52,13,No
4991,2024-08-09,6,18,23,No
1315,2024-12-22,4,33,1,Yes
1173,2024-10-28,9,56,15,No
3484,2024-03-12,5,57,2,Yes
2045,2025-01-22,4,24,17,No
4737,2024-01-26,5,37,3,No
3550,2025-01-31,9,22,17,No
2827,2024-04-22,9,27,8,Yes
354,2024-12-08,9,47,24,Yes
4683,2025-01-06,4,12,17,Yes
3529,2024-03-22,4,57,7,No
2596,2024-08-28,7,41,11,Yes
1761,2024-04-16,3,6,15,No
1095,2024-06-24,1,36,9,Yes
4583,2024-09-11,2,46,6,Yes
2402,2024-03-01,8,35,10,No
2541,2024-03-13,5,25,23,Yes
2217,2024-07-05,6,24,6,No
2333,2024-07-18,1,59,23,No
4459,2024-09-04,7,15,20,Yes
1619,2024-04-04,2,11,15,No
1871,2024-02-07,1,27,8,No
812,2024-03-20,1,11,14,No
3247,2024-05-07,4,4,11,No
3174,2024-01-03,1,37,18,No
2738,2024-01-14,2,10,10,Yes
3782,2024-10-09,9,18,14,Yes
4258,2024-06-23,8,12,7,No
1972,2024-08-22,2,54,7,Yes
1897,2024-12-03,4,25,24,No
3885,2024-09-16,1,18,20,No
3934,2024-10-21,4,54,19,No
1935,2024-06-27,9,21,12,No
3535,2024-10-27,1,55,17,No
3210,2024-02-28,1,16,18,Yes
19,2024-07-07,1,2,2,Yes
2284,2024-04-29,6,17,16,Yes
2344,2024-03-13,9,26,19,Yes
3034,2024-12-27,3,8,19,No
4448,2024-06-05,8,43,9,Yes
4732,2024-04-02,6,50,17,Yes
4536,2024-06-23,8,37,12,No
1224,2024-07-17,9,38,13,No
613,2024-07-13,5,5,21,Yes
1575,2024-01-11,1,10,2,Yes
1703,2024-01-04,1,22,15,Yes
2916,2024-10-24,7,43,16,Yes
928,2024-10-03,4,31,7,No
2136,2025-01-05,7,9,13,Yes
3949,2024-01-01,3,29,20,No
3714,2024-06-19,2,3,22,Yes
4357,2024-09-08,3,59,10,No
2012,2024-10-02,7,11,13,Yes
1778,2024-04-18,2,36,10,No
857,2024-07-27,3,28,17,No
3991,2024-11-30,8,30,19,No
4620,2024-11-06,6,40,16,No
4188,2024-01-24,7,35,7,Yes
4692,2024-12-23,9,16,19,No
3850,2024-04-15,1,39,13,Yes
2452,2024-01-16,9,31,7,Yes
1637,2024-04-13,4,27,19,Yes
3162,2024-05-17,3,10,7,No
2993,2024-02-07,2,13,17,No
3274,2024-05-05,4,51,7,No
4591,2024-11-22,1,47,17,No
3371,2024-07-26,3,32,15,No
1228,2024-06-22,4,9,5,Yes
2861,2024-11-30,5,26,4,Yes
58,2024-04-06,5,39,1,No
2363,2024-03-05,4,23,11,No
4422,2024-10-28,8,27,2,Yes
1001,2024-09-20,5,24,17,Yes
2734,2024-06-14,4,31,23,No
2033,2024-08-10,2,56,15,Yes
2486,2025-01-09,8,43,17,No
3659,2024-10-01,8,49,14,Yes
607,2024-05-16,1,5,12,No
652,2024-11-11,4,16,6,No
3045,2024-12-13,4,28,19,Yes
344,2024-11-04,4,23,24,No
1195,2024-08-15,3,4,13,Yes
260,2025-01-03,6,47,8,No
111,2024-08-13,7,26,1,Yes
2265,2024-01-15,3,17,17,No
3497,2025-01-12,9,33,4,No
2846,2024-09-12,5,22,10,Yes
4228,2024-01-23,5,22,12,Yes
587,2024-08-06,9,5,10,No
1651,2024-01-23,1,56,5,No
3113,2024-01-13,8,27,23,Yes
500,2024-09-12,9,46,15,No
1543,2024-05-19,7,6,2,No
4573,2024-07-12,2,51,5,Yes
2742,2024-02-20,1,17,24,No
2162,2024-05-22,6,41,22,No
4961,2024-05-02,7,4,22,No
3807,2024-05-06,3,46,22,No
169,2024-08-15,3,49,21,No
1600,2024-01-17,6,17,23,No
1775,2024-01-27,6,18,19,Yes
686,2024-05-22,8,10,14,No
1439,2025-01-10,9,40,8,Yes
718,2024-10-29,6,56,22,No
1987,2024-02-10,2,17,18,No
206,2025-01-08,7,7,11,No
3576,2024-12-04,8,33,8,No
1144,2024-09-06,4,56,6,No
883,2024-06-07,3,36,11,No
4164,2024-05-25,3,33,18,Yes
1252,2024-04-10,8,1,7,Yes
1435,2024-07-17,5,5,10,No
2007,2024-10-13,3,55,22,No
3745,2024-08-12,7,58,18,No
689,2024-02-12,5,36,11,Yes
1029,2024-12-04,6,32,1,No
4313,2025-01-07,8,13,10,No
3231,2024-11-22,9,3,18,No
2644,2024-07-14,1,57,11,No
2090,2024-05-02,2,36,5,No
4352,2024-09-14,5,44,17,No
438,2024-12-25,7,55,14,No
2954,2024-08-22,8,36,13,No
4683,2024-08-11,1,23,19,No
3465,2024-04-05,4,53,15,No
443,2024-02-10,6,24,13,No
904,2024-07-02,3,57,11,No
2294,2024-09-01,3,58,24,No
2038,2024-12-28,9,6,8,No
2397,2024-09-07,7,18,18,No
3984,2024-06-03,4,31,20,No
1982,2024-01-04,4,47,4,No
4809,2025-01-13,1,35,24,Yes
4622,2024-06-15,5,56,18,No
2502,2024-05-10,7,34,1,No
4691,2024-07-10,2,13,16,No
1714,2024-09-13,9,55,2,No
3804,2024-08-11,6,32,9,Yes
3789,2024-08-07,8,24,11,No
3237,2024-03-03,6,26,7,No
439,2024-09-25,9,41,15,No
2093,2024-03-17,4,5,10,No
4734,2024-05-28,6,5,9,Yes
633,2025-01-24,1,59,3,No
2398,2024-10-03,9,13,23,No
4411,2025-01-05,5,8,21,No
612,2024-09-12,1,39,2,No
2596,2024-06-06,2,1,21,No
192,2024-02-04,8,44,7,No
4658,2024-05-20,7,44,12,No
1564,2024-03-28,6,59,14,Yes
4798,2024-09-07,5,36,19,Yes
863,2024-09-16,2,14,10,No
1531,2024-07-04,5,18,23,Yes
3101,2024-04-29,8,4,3,Yes
3531,2024-11-17,5,1,9,Yes
2447,2024-02-02,1,44,2,Yes
2569,2024-05-08,7,4,18,No
3444,2024-02-25,4,19,20,No
3771,2025-01-06,3,13,24,No
2295,2025-01-10,4,48,22,No
669,2024-11-05,5,48,13,Yes
4091,2024-09-14,6,53,12,No
969,2024-09-13,3,26,18,No
687,2024-08-28,7,46,24,No
2329,2024-03-29,7,43,14,No
815,2024-08-02,4,25,12,No
3740,2024-04-16,7,33,20,No
4212,2024-12-28,8,8,5,No
513,2024-05-12,3,12,8,Yes
3314,2024-12-17,4,20,13,No
984,2024-10-19,1,15,2,Yes
4975,2024-03-29,3,7,17,Yes
4835,2024-02-12,9,44,16,Yes
348,2024-11-20,7,30,23,Yes
142,2024-03-23,8,8,16,Yes
4640,2024-03-10,1,40,4,No
3343,2024-04-14,5,44,21,No
3170,2024-12-31,7,59,13,No
4998,2024-04-22,5,15,16,No
1920,2024-10-22,4,28,7,Yes
731,2024-10-26,3,57,6,No
1627,2024-09-25,3,6,8,Yes
2350,2024-03-22,8,49,19,Yes
4563,2024-03-03,3,58,5,No
1902,2024-06-09,9,33,3,No
4716,2024-10-15,4,41,3,No
435,2024-01-13,1,44,15,No
276,2024-01-08,2,22,22,No
489,2024-08-24,5,48,14,No
2115,2024-12-23,6,35,21,No
1607,2024-03-03,4,37,7,No
2053,2024-04-18,3,18,17,Yes
4372,2024-03-11,7,21,22,Yes
1939,2024-12-04,4,55,19,Yes
900,2024-12-22,2,9,14,No
2091,2024-01-04,5,16,6,No
1954,2024-05-28,6,47,14,Yes
249,2025-01-02,3,19,22,No
3048,2024-05-19,8,28,21,Yes
4559,2024-09-18,6,14,16,Yes
4372,2024-05-12,4,12,15,No
415,2024-06-28,8,3,9,Yes
335,2024-08-02,4,53,1,No
4171,2024-08-20,1,15,15,Yes
152,2024-09-04,8,13,8,Yes
2310,2024-02-06,3,58,9,Yes
488,2024-07-05,4,43,13,No
3167,2024-12-07,1,9,13,No
330,2024-05-16,5,18,21,No
4565,2024-02-26,8,23,1,No
2105,2025-01-10,4,20,1,No
1539,2024-08-25,9,40,10,No
3434,2024-11-28,3,36,7,No
3812,2024-12-22,3,19,10,Yes
4279,2024-07-13,1,25,7,No
4541,2024-07-18,4,30,10,No
3160,2024-01-04,5,35,13,No
4580,2024-05-31,5,18,20,No
694,2024-06-10,7,43,21,Yes
206,2024-08-01,8,23,23,No
993,2024-10-07,6,30,20,Yes
1697,2024-10-28,3,22,17,Yes
3240,2024-04-28,1,29,13,Yes
1760,2024-10-22,3,18,1,No
480,2024-02-13,7,12,3,Yes
4968,2024-02-20,1,1,8,No
4418,2024-07-24,8,11,9,Yes
717,2024-12-17,4,59,23,No
4269,2025-01-13,8,37,22,No
2886,2024-06-07,5,51,1,Yes
1277,2024-07-08,6,47,3,No
2089,2024-08-13,6,57,16,No
3989,2024-11-30,4,46,19,No
1309,2024-07-24,2,35,20,No
4225,2024-09-08,2,19,5,No
549,2024-12-07,9,7,21,No
1699,2024-08-18,7,53,1,No
4971,2025-01-19,8,15,2,No
2070,2024-07-23,1,23,2,Yes
1151,2024-07-09,1,38,18,Yes
4983,2024-08-30,5,27,1,No
3875,2025-01-03,5,38,24,No
2061,2024-08-09,5,47,24,No
4295,2024-07-16,2,49,19,Yes
458,2024-07-24,1,3,16,Yes
1071,2024-05-08,4,10,3,Yes
989,2024-09-03,6,57,10,No
2685,2024-07-20,3,45,11,Yes
248,2024-01-24,2,28,13,No
3840,2024-10-14,2,30,18,No
3644,2024-06-29,8,44,6,No
4786,2024-03-05,3,39,2,Yes
3882,2024-01-05,5,6,5,Yes
4629,2024-09-13,9,40,19,No
1557,2024-12-09,8,3,1,Yes
3816,2025-01-12,4,54,18,No
3497,2024-06-24,5,25,13,No
1740,2024-11-24,1,46,18,No
720,2024-03-12,8,55,7,Yes
1031,2024-10-27,5,44,10,Yes
1290,2024-08-11,5,40,5,Yes
3392,2024-06-08,2,13,18,No
1641,2024-06-17,6,11,6,Yes
4863,2024-06-13,1,54,14,No
323,2024-04-04,2,1,19,No
288,2024-02-06,4,4,21,No
4117,2024-09-08,1,21,4,Yes
1657,2024-07-05,8,25,11,Yes
4788,2024-02-01,4,32,2,Yes
2461,2024-05-27,3,53,5,No
4158,2024-10-20,5,5,4,No
1029,2024-11-15,7,35,1,No
1915,2024-10-02,1,1,17,No
480,2024-09-22,4,13,16,No
632,2024-09-10,8,36,18,No
1462,2024-09-27,5,39,3,Yes
3241,2024-03-09,4,55,12,Yes
3392,2024-10-30,7,32,13,Yes
3758,2024-10-12,9,51,19,Yes
372,2024-09-13,4,22,2,Yes
3706,2024-09-06,3,15,19,Yes
598,2024-03-14,1,30,3,No
4732,2024-08-27,8,51,9,No
101,2024-07-03,8,25,11,No
4480,2024-06-02,6,51,17,No
3093,2025-01-14,9,43,19,No
152,2024-05-21,2,3,15,Yes
980,2024-03-13,5,44,3,Yes
3603,2024-03-26,9,33,6,No
2600,2024-01-03,4,15,9,Yes
1861,2024-08-08,7,29,9,Yes
691,2024-02-09,4,51,22,No
2256,2024-12-17,1,52,6,No
1032,2024-12-24,4,41,15,Yes
618,2024-10-10,3,12,7,Yes
1390,2024-07-04,4,34,18,No
2876,2024-12-20,5,30,10,No
2081,2024-01-21,7,57,10,No
634,2024-07-31,5,34,18,No
1488,2024-11-06,4,52,14,No
130,2024-03-28,4,32,21,No
4594,2024-10-31,9,7,21,No
2721,2024-10-01,7,42,13,No
2284,2024-08-27,2,59,7,No
4556,2024-12-13,7,44,6,No
4104,2024-04-28,1,55,15,No
4355,2024-11-26,1,43,8,No
1806,2024-09-26,7,36,15,Yes
1755,2024-08-09,7,2,15,No
3265,2024-12-17,4,35,21,Yes
1310,2024-05-21,6,14,12,No
3755,2024-01-18,3,24,12,No
4590,2024-02-01,4,42,24,No
1954,2024-07-13,9,40,18,No
495,2024-09-02,4,40,10,No
4634,2024-03-12,9,26,20,Yes
1926,2024-06-05,8,16,23,Yes
4599,2024-07-31,6,3,19,No
108,2024-08-09,9,55,21,Yes
2307,2024-04-13,2,19,16,No
1172,2024-10-26,1,31,24,Yes
2255,2024-01-20,8,42,12,No
4315,2024-05-05,3,22,10,Yes
3279,2024-03-24,5,29,21,No
4664,2024-02-14,6,21,22,Yes
924,2024-05-11,5,22,8,Yes
546,2024-05-06,3,2,9,No
3152,2024-01-29,8,24,15,No
3886,2024-04-09,6,9,21,No
3407,2024-02-15,7,22,18,Yes
2731,2024-10-05,3,40,15,No
3528,2024-12-22,4,45,5,No
3220,2024-04-07,4,53,7,No
2067,2024-10-17,9,35,2,Yes
1398,2024-05-02,5,25,18,No
2682,2024-05-03,6,34,14,No
1842,2024-01-11,9,38,7,Yes
40,2024-02-10,6,54,18,Yes
3435,2024-02-25,7,57,24,No
3498,2024-02-27,5,41,22,Yes
4890,2024-09-17,7,6,21,No
1100,2024-05-14,9,32,16,No
48,2024-12-08,5,21,5,Yes
2895,2024-01-11,1,27,17,Yes
4826,2024-07-24,9,26,5,Yes
3480,2024-06-30,6,50,19,Yes
4691,2024-05-08,4,59,15,No
1727,2024-09-13,7,17,4,No
1176,2024-09-29,7,37,16,No
1290,2024-06-14,5,56,24,No
3862,2024-06-24,4,44,24,Yes
720,2024-09-24,1,27,14,No
3848,2024-09-12,7,31,13,No
4382,2024-06-12,4,9,17,No
3291,2024-07-09,4,36,1,Yes
4122,2024-03-09,7,57,4,No
4699,2024-12-22,4,46,13,No
2368,2024-05-28,7,43,11,No
3676,2024-07-01,2,53,10,Yes
2065,2024-03-19,4,44,10,No
4199,2024-10-18,8,46,5,Yes
4969,2024-07-20,6,51,15,No
1400,2024-02-23,5,18,1,No
4977,2024-06-24,9,49,18,Yes
509,2024-02-08,3,1,24,No
1672,2024-05-21,3,21,10,No
1614,2024-04-08,1,53,18,Yes
1312,2024-07-29,9,36,10,No
3567,2024-11-07,6,11,11,No
4589,2024-08-22,2,59,1,Yes
4001,2024-05-09,3,54,17,No
3991,2024-06-26,8,18,8,No
3167,2024-08-20,7,9,3,Yes
2994,2024-12-28,8,10,14,Yes
2970,2024-09-24,2,48,20,Yes
2818,2024-04-18,6,3,15,No
3112,2024-06-11,5,37,17,No
2459,2024-02-07,1,54,5,Yes
451,2024-08-19,6,7,2,Yes
2559,2024-10-19,4,8,2,No
2554,2024-10-06,5,9,11,No
4338,2024-04-12,4,45,11,Yes
1269,2024-11-28,5,18,4,No
2122,2024-09-13,7,47,9,Yes
325,2024-08-21,6,51,22,Yes
1320,2024-12-30,1,53,7,No
4576,2024-02-15,7,27,23,Yes
3864,2024-12-02,9,29,23,Yes
810,2024-05-03,1,18,10,No
1380,2024-06-17,9,34,10,Yes
263,2024-06-27,3,25,2,Yes
3085,2024-07-22,6,3,14,No
3190,2024-08-05,1,10,10,No
758,2024-11-12,1,51,8,Yes
143,2024-08-09,9,1,5,Yes
3278,2024-05-06,2,33,9,Yes
3535,2024-12-02,1,21,6,No
1873,2024-04-14,1,5,5,No
1543,2024-10-04,9,23,17,No
34,2024-12-30,4,29,14,No
569,2024-10-21,3,39,2,No
1222,2024-06-30,6,15,10,No
2238,2024-12-29,3,45,24,No
3653,2025-01-16,1,39,21,No
1435,2024-10-02,5,43,19,Yes
1206,2024-08-11,2,23,18,No
2184,2024-12-06,7,38,12,No
2180,2024-05-08,7,20,17,No
1602,2024-02-04,2,11,5,Yes
3776,2024-08-25,4,47,8,Yes
3843,2024-11-30,8,37,13,Yes
2784,2024-09-30,3,26,7,No
3251,2024-03-13,4,4,22,Yes
3702,2024-06-16,2,9,18,No
642,2024-12-15,5,24,8,No
4733,2024-07-17,8,29,14,No
3178,2024-01-24,5,19,6,Yes
1357,2024-12-20,5,33,5,Yes
278,2024-03-03,2,43,3,No
3510,2024-11-03,7,6,15,No
3414,2024-11-10,9,52,8,Yes
3725,2025-01-18,5,29,9,No
1124,2024-10-25,3,23,24,No
4954,2024-02-26,8,21,1,Yes
229,2025-01-31,1,57,18,Yes
733,2025-01-11,6,32,21,No
3162,2024-08-09,3,58,22,Yes
3882,2024-03-07,8,55,18,No
1767,2024-05-15,8,16,4,Yes
4322,2024-08-05,7,9,5,Yes
918,2024-11-04,4,34,22,Yes
3255,2024-06-05,6,35,14,No
4474,2024-11-20,8,15,7,No
4040,2024-08-28,1,54,1,No
1947,2024-08-03,5,14,22,No
550,2024-12-26,3,23,19,Yes
1549,2024-03-27,6,55,20,No
256,2024-10-30,7,43,10,No
1456,2024-04-10,5,33,2,Yes
2958,2024-07-20,8,53,21,Yes
4273,2024-12-16,5,55,23,Yes
4497,2024-10-01,7,57,11,No
2589,2024-05-25,1,9,21,Yes
3668,2024-03-11,9,10,4,No
2868,2024-08-08,1,48,11,Yes
2161,2024-09-25,4,30,23,No
3109,2024-07-04,6,48,22,Yes
2241,2024-02-29,8,55,15,No
2422,2024-09-05,8,14,3,No
941,2024-10-29,7,16,22,No
3189,2024-08-22,9,54,14,Yes
2472,2024-04-07,2,5,9,Yes
4321,2024-08-10,3,25,13,No
2691,2024-09-03,2,12,16,Yes
652,2024-10-16,7,3,10,Yes
1925,2025-01-07,8,44,3,No
2983,2024-11-06,3,51,21,No
1214,2024-01-25,2,17,12,No
741,2024-02-16,9,35,22,No
4405,2024-01-03,5,18,23,No
1551,2024-03-08,2,22,19,Yes
1441,2024-12-01,5,3,3,No
379,2024-09-10,7,3,10,No
1160,2024-02-09,7,37,14,No
4714,2024-11-06,5,24,11,No
2442,2025-01-23,6,27,18,No
4275,2024-01-30,4,44,23,No
4615,2024-12-13,2,18,7,No
2921,2024-11-13,8,57,24,Yes
63,2024-06-09,7,4,11,No
1490,2025-01-03,5,22,21,Yes
4638,2025-01-14,5,12,14,No
1411,2024-12-12,6,17,24,No
4859,2024-03-06,2,33,16,No
4140,2024-01-05,4,54,9,No
4088,2024-04-06,3,54,16,Yes
4534,2024-10-03,8,35,24,No
2120,2024-12-04,1,19,22,No
1827,2024-08-20,2,11,4,Yes
4032,2024-03-22,3,10,22,No
1649,2024-02-21,3,42,19,No
2423,2024-03-06,3,35,8,No
2142,2024-03-04,4,10,14,No
2688,2024-07-06,9,37,4,No
2091,2024-11-22,8,10,11,Yes
1515,2024-02-08,6,10,9,Yes
2178,2024-10-19,5,44,9,No
14,2024-01-22,9,8,16,No
1827,2024-11-20,6,10,10,No
4292,2024-05-20,2,21,8,No
2432,2024-06-29,1,41,23,Yes
895,2025-01-09,7,39,10,Yes
1089,2024-07-14,9,31,7,No
2091,2024-03-28,8,37,8,Yes
516,2024-06-05,3,3,3,No
37,2025-01-05,4,20,4,No
2607,2024-05-18,3,46,12,No
3500,2024-08-01,6,9,7,Yes
2830,2024-12-18,7,55,6,No
1542,2024-04-03,2,39,13,Yes
2213,2024-03-18,7,8,23,No
1067,2024-01-19,8,28,24,No
2494,2024-02-18,5,19,23,Yes
3515,2024-07-19,8,34,7,No
2198,2024-06-21,5,27,13,No
4209,2024-08-05,9,7,8,No
3821,2024-07-27,2,31,23,No
3984,2024-04-21,1,45,23,Yes
4361,2024-11-19,1,37,9,No
4518,2024-04-30,1,10,16,Yes
2327,2024-11-04,6,38,7,No
2005,2024-04-18,4,13,8,Yes
904,2024-12-13,9,32,17,Yes
196,2024-06-29,5,5,11,Yes
3589,2024-01-19,3,8,14,No
1970,2024-09-24,1,32,23,Yes
1990,2024-03-20,1,5,5,No
1174,2024-05-27,6,17,13,No
4481,2024-04-06,6,34,24,Yes
538,2025-01-09,5,32,22,No
2409,2024-03-08,1,16,10,Yes
990,2024-07-15,6,39,23,No
1890,2024-03-06,2,25,13,No
2025,2024-06-14,5,38,17,No
2274,2024-05-03,1,16,20,No
2828,2024-12-10,6,10,8,Yes
651,2024-10-02,9,15,1,Yes
2820,2024-02-16,4,5,17,Yes
4524,2024-05-21,2,52,9,Yes
4093,2024-01-08,6,16,5,Yes
937,2024-04-30,9,52,2,No
2523,2024-01-28,8,23,16,Yes
3349,2024-11-25,8,53,6,No
3298,2024-09-10,4,14,20,No
2486,2024-06-09,6,44,6,Yes
1810,2024-06-09,5,39,20,Yes
224,2024-10-31,9,13,23,No
3426,2025-01-22,3,35,20,Yes
3279,2024-09-26,6,13,19,Yes
2375,2024-05-25,3,6,20,No
894,2024-02-03,6,53,3,No
2236,2024-12-10,5,35,9,No
4767,2024-05-20,8,41,4,Yes
2484,2024-03-22,8,2,24,No
3970,2024-02-01,1,41,21,No
2854,2024-03-13,9,37,4,No
4405,2024-05-24,9,20,5,No
291,2024-09-27,6,48,14,Yes
3023,2024-06-01,5,15,2,No
2612,2024-04-07,1,19,19,No
651,2025-01-20,4,36,13,Yes
632,2024-06-26,3,16,18,Yes
3813,2024-01-26,3,32,20,Yes
1351,2024-09-06,9,58,3,Yes
4575,2024-05-23,2,22,4,No
4166,2024-07-07,8,33,9,Yes
3817,2024-01-08,7,13,1,No
3250,2025-01-24,4,22,11,No
2780,2025-01-16,3,46,16,Yes
3663,2024-11-03,5,40,16,No
2119,2024-04-18,5,15,21,No
2489,2025-01-12,1,41,16,No
4305,2024-05-06,6,55,11,Yes
1665,2024-04-04,1,59,11,Yes
3640,2024-09-20,2,9,6,No
4884,2024-01-28,5,56,23,Yes
460,2024-10-26,4,2,23,No
749,2024-11-23,9,45,8,Yes
2645,2024-10-16,8,42,17,No
2528,2024-11-07,2,5,15,No
4737,2024-08-26,6,36,22,No
2011,2024-01-13,4,21,12,Yes
554,2024-03-12,4,24,6,Yes
1933,2024-05-15,1,51,15,Yes
1277,2024-05-18,7,39,9,Yes
523,2024-01-03,6,1,2,No
2394,2024-06-03,5,44,3,No
1527,2024-04-13,2,52,21,Yes
1813,2024-02-14,7,14,19,No
259,2024-01-13,8,11,9,No
364,2024-11-13,6,22,1,Yes
3323,2024-01-07,9,7,9,No
3468,2024-08-27,1,5,6,No
4507,2024-09-04,2,18,7,No
1317,2024-02-19,2,42,22,No
4355,2024-12-08,2,20,6,No
2018,2024-10-12,8,21,9,No
4154,2024-03-30,7,44,6,No
3796,2024-04-30,4,31,4,No
3916,2024-12-12,8,26,12,Yes
4614,2024-06-17,7,36,1,Yes
147,2024-12-25,7,30,16,No
3613,2024-12-19,7,35,18,Yes
3416,2024-05-03,7,42,24,Yes
2285,2024-03-07,5,36,17,No
2806,2025-01-22,6,56,15,No
288,2024-09-07,1,12,21,No
2767,2024-08-31,2,13,18,No
2261,2024-11-18,2,13,17,No
2387,2024-11-25,3,57,5,Yes
491,2024-04-22,7,45,13,No
3156,2024-09-07,1,19,13,No
3645,2024-08-11,4,36,3,Yes
69,2024-06-30,6,45,24,No
122,2024-06-24,4,32,7,No
2435,2024-05-11,8,51,9,No
3494,2024-08-13,9,15,3,No
2668,2024-07-22,1,13,6,No
562,2024-02-03,8,24,14,Yes
2852,2024-08-12,3,5,15,Yes
660,2024-03-06,9,55,15,No
867,2024-08-15,7,56,16,Yes
763,2024-07-01,7,17,8,Yes
544,2024-08-31,3,50,6,No
4825,2024-04-25,5,44,21,No
2515,2024-06-21,1,46,2,Yes
1798,2024-06-13,3,23,21,No
1561,2024-06-07,6,57,19,No
749,2024-10-12,4,55,23,Yes
2056,2024-02-24,5,35,1,Yes
3926,2024-05-27,6,31,7,Yes
2263,2024-08-27,4,42,1,No
1326,2024-02-19,2,35,13,No
1656,2024-04-02,8,22,9,No
1095,2024-07-18,4,40,14,Yes
3729,2024-07-27,1,45,2,Yes
2037,2024-08-07,7,7,8,Yes
3480,2024-02-24,3,31,19,No
2834,2024-06-22,7,53,20,Yes
520,2024-12-15,4,44,14,Yes
971,2024-05-06,8,25,7,No
2437,2024-10-24,1,21,17,Yes
4615,2024-04-21,3,58,6,Yes
2735,2025-01-30,5,18,7,No
3477,2024-10-22,2,51,2,No
2410,2025-01-16,5,19,12,No
1754,2024-03-06,3,54,12,Yes
4703,2024-11-06,4,46,18,No
4211,2024-05-16,6,45,14,Yes
220,2024-04-01,5,32,2,No
2553,2024-08-24,5,58,8,No
4503,2024-12-28,1,53,21,No
1891,2024-01-27,8,8,18,Yes
2360,2024-03-12,4,57,3,Yes
456,2024-02-05,6,17,11,Yes
1549,2024-06-26,3,57,14,Yes
13,2024-01-31,4,15,20,Yes
4554,2024-11-24,3,16,13,No
2016,2024-02-20,8,16,22,No
1833,2024-04-16,7,5,18,Yes
1428,2024-05-10,7,36,7,No
1804,2024-04-23,2,24,20,Yes
4154,2024-11-21,9,15,2,No
1917,2024-05-07,8,50,21,No
3029,2024-10-18,1,51,23,No
3828,2024-01-26,8,13,10,No
1411,2024-08-11,3,7,5,Yes
1995,2024-03-21,9,11,22,No
1315,2024-08-29,9,42,21,No
2720,2024-11-12,3,37,16,No
3496,2025-01-14,5,37,3,No
578,2024-10-03,4,15,7,No
3654,2024-11-09,2,59,18,Yes
3020,2024-11-25,9,49,22,No
1238,2024-06-18,1,12,20,No
4853,2024-09-15,3,5,13,No
3660,2024-04-02,1,7,13,Yes
3547,2024-05-27,4,14,22,Yes
3001,2024-08-16,6,3,24,No
3735,2024-08-30,2,27,18,No
3967,2024-04-06,3,39,22,Yes
4822,2024-04-20,6,27,6,Yes
4920,2024-12-26,1,57,22,No
1602,2024-10-16,6,10,7,Yes
18,2024-02-05,9,15,1,No
404,2024-03-08,8,4,8,Yes
4493,2024-11-04,3,32,5,No
3447,2024-11-05,2,36,2,No
2393,2024-01-23,7,38,17,No
4127,2024-04-23,1,47,18,No
4283,2024-08-18,2,50,21,No
837,2024-02-27,7,14,10,No
4643,2024-12-18,1,27,2,Yes
1876,2024-11-03,2,30,20,No
1061,2024-02-26,2,44,22,Yes
1947,2024-03-16,9,28,7,Yes
3224,2024-08-14,1,50,4,No
4040,2024-06-26,7,4,18,Yes
4318,2024-11-02,5,29,19,No
4301,2024-05-04,4,10,1,Yes
4448,2024-10-17,3,9,12,No
2240,2024-12-22,8,27,14,No
65,2024-07-04,3,11,16,No
3825,2024-06-10,4,16,21,Yes
3888,2024-08-24,6,34,6,No
3,2024-12-07,1,20,20,No
526,2024-02-14,5,47,10,No
3254,2024-05-27,6,25,19,Yes
702,2024-04-02,9,58,17,No
242,2024-02-13,9,57,2,Yes
3511,2025-01-13,3,1,1,Yes
1573,2024-02-15,5,42,21,No
3775,2024-08-03,4,11,19,Yes
3786,2024-12-10,1,34,4,No
4540,2024-04-05,6,38,20,Yes
2476,2024-03-31,1,8,14,No
16,2024-01-18,5,43,11,No
3203,2024-12-27,5,36,19,No
883,2024-07-19,2,12,11,No
2655,2024-11-30,6,58,20,Yes
685,2025-01-04,3,7,24,Yes
1356,2024-12-10,2,46,20,No
3535,2024-06-15,9,8,23,No
3150,2024-11-02,6,46,8,No
1943,2024-02-15,2,42,18,No
1297,2024-01-24,6,45,4,No
2908,2024-01-02,1,31,2,Yes
2029,2025-01-02,5,37,15,No
869,2024-05-21,3,9,9,No
2716,2024-05-08,6,31,14,Yes
3921,2024-04-07,5,22,19,Yes
2573,2024-07-20,6,35,24,No
201,2024-05-08,2,22,23,No
3393,2024-04-20,1,12,1,Yes
4900,2024-07-19,2,21,4,Yes
1981,2024-05-16,1,58,4,Yes
3525,2024-05-28,5,52,3,Yes
4149,2024-05-08,3,13,11,No
1402,2024-04-17,4,22,5,No
1079,2024-03-23,5,31,22,No
34,2025-01-18,8,25,23,No
3811,2024-10-15,7,14,14,Yes
1360,2024-08-02,5,20,1,Yes
4501,2024-10-28,7,8,1,No
3089,2024-02-17,2,7,17,No
4031,2024-05-09,2,8,4,Yes
1738,2024-03-16,9,4,17,No
1354,2024-03-21,9,41,13,No
2933,2024-12-19,4,8,11,No
2973,2025-01-24,8,57,20,Yes
4007,2024-12-28,4,13,12,Yes
728,2024-01-04,2,55,19,No
690,2024-11-19,7,59,11,No
1008,2024-01-29,4,23,16,Yes
1871,2024-08-25,8,58,8,No
4506,2024-11-18,8,43,18,Yes
2535,2024-03-17,8,35,23,Yes
4933,2024-03-25,5,45,16,Yes
2038,2024-08-14,4,51,11,No
3908,2024-07-22,5,57,18,Yes
3737,2025-01-02,6,34,3,No
4638,2024-09-13,8,44,1,No
2601,2024-05-02,5,21,8,No
2539,2024-06-12,2,19,18,Yes
218,2024-03-21,6,47,10,Yes
1598,2024-08-24,3,21,10,No
2476,2024-09-17,2,49,18,No
3344,2024-01-25,3,43,21,No
3595,2024-11-17,9,10,20,No
718,2024-09-16,4,2,19,No
57,2024-08-16,5,19,1,Yes
3900,2024-10-06,3,21,1,No
4475,2024-06-12,5,26,1,No
3276,2024-12-08,4,15,17,Yes
4172,2024-09-03,4,25,11,Yes
3408,2024-02-24,3,46,6,Yes
4432,2024-01-29,3,17,21,Yes
497,2024-11-04,3,50,10,No
2301,2024-04-21,8,27,20,No
1905,2024-04-06,5,55,16,No
1032,2024-10-03,7,10,4,Yes
2254,2025-01-19,3,16,5,Yes
1203,2024-07-09,6,56,14,Yes
221,2024-04-21,6,29,4,Yes
4328,2024-01-21,4,38,16,No
1326,2024-01-08,4,6,4,Yes
3396,2024-01-23,9,7,14,No
1257,2024-10-28,9,7,3,Yes
2323,2024-01-23,1,45,17,No
1326,2024-01-31,3,32,7,No
3542,2024-12-06,3,10,8,Yes
1714,2024-08-04,4,15,1,Yes
1177,2024-04-18,7,10,21,No
1626,2024-11-20,8,40,20,Yes
3322,2024-03-12,6,52,3,Yes
3663,2024-06-24,5,42,20,No
3893,2024-09-20,3,7,8,No
93,2025-01-09,6,15,7,Yes
3206,2024-08-05,5,47,20,No
4326,2024-11-26,3,46,1,No
2684,2024-08-31,8,26,10,No
4806,2024-08-16,8,9,2,No
4531,2024-06-18,1,34,1,No
3988,2024-05-25,2,49,2,Yes
573,2024-07-25,4,47,3,No
4347,2024-07-08,6,43,21,No
3841,2024-10-09,9,20,1,Yes
4399,2024-07-30,5,24,24,No
3438,2024-03-02,7,8,20,Yes
2963,2024-09-02,3,43,17,Yes
2229,2024-03-25,8,6,5,No
307,2024-10-10,5,18,8,No
1984,2024-12-02,4,31,19,No
85,2024-06-07,2,45,3,Yes
4495,2024-08-24,5,29,16,Yes
4111,2024-11-30,3,13,8,No
2527,2024-01-15,8,28,16,Yes
165,2024-05-03,6,4,3,No
2817,2024-05-28,7,17,23,No
4067,2024-05-20,2,13,10,No
2546,2024-08-03,7,37,19,Yes
4357,2024-11-22,1,32,6,No
3353,2024-04-20,5,43,18,Yes
2309,2024-04-22,2,28,21,No
1985,2024-04-04,2,42,11,No
1467,2024-12-30,3,6,7,Yes
1303,2024-05-26,5,47,3,No
4893,2024-07-12,5,49,19,Yes
2910,2024-06-30,1,57,5,Yes
3325,2024-11-28,3,12,8,No
3587,2025-01-24,4,53,4,No
4501,2024-12-09,4,13,8,Yes
11,2024-07-30,8,43,17,Yes
3489,2024-09-27,7,52,12,No
1918,2024-05-25,9,34,22,Yes
697,2025-01-29,2,2,7,No
3330,2024-02-03,1,38,6,No
1853,2024-06-20,6,59,13,No
4406,2024-05-31,6,29,3,Yes
3228,2025-01-18,2,4,9,No
1476,2024-07-29,4,8,3,No
1923,2025-01-11,6,8,23,Yes
48,2024-04-12,6,14,14,No
454,2024-06-19,2,7,22,Yes
4668,2024-03-02,1,27,10,Yes
1073,2024-08-26,6,35,16,Yes
17,2024-06-09,4,23,12,Yes
4180,2024-09-10,8,11,10,No
1644,2024-04-14,1,24,22,No
2235,2024-06-09,1,14,18,Yes
34,2025-01-22,7,7,13,Yes
1949,2024-02-04,4,2,1,Yes
3334,2024-09-20,9,34,16,Yes
4077,2024-07-06,9,35,23,No
2143,2024-02-25,6,26,20,Yes
628,2025-01-08,6,18,11,Yes
3339,2024-09-12,2,6,14,No
3902,2024-07-21,9,28,17,No
244,2024-10-18,4,47,17,No
3130,2024-12-11,2,33,24,No
1663,2024-07-16,4,32,12,No
1636,2024-07-02,5,10,13,No
2789,2024-12-26,4,15,15,Yes
4848,2024-10-16,2,55,4,No
4249,2024-07-03,8,11,16,No
2527,2024-10-23,9,49,19,No
4755,2024-07-28,7,21,22,No
4105,2024-06-16,1,52,15,No
4473,2024-07-29,9,17,17,No
4383,2024-01-07,3,44,18,Yes
2456,2024-01-22,2,2,21,Yes
4589,2024-11-23,9,24,11,Yes
612,2025-01-28,7,59,13,No
4095,2024-04-27,8,21,10,Yes
602,2024-12-27,5,44,8,No
2068,2024-04-22,2,59,2,No
3333,2024-08-17,5,52,10,No
3248,2025-01-15,4,50,9,No
859,2024-06-10,4,58,16,Yes
1580,2024-03-19,9,45,5,No
1875,2024-04-03,6,7,19,No
1475,2024-10-18,6,24,16,No
3385,2024-07-21,9,10,2,No
1850,2025-01-12,3,53,3,No
4885,2024-05-19,4,8,10,No
4054,2024-09-21,2,7,24,Yes
4939,2024-05-11,1,57,21,Yes
1015,2024-11-22,2,32,8,Yes
614,2024-03-12,4,5,19,No
316,2024-02-15,4,17,16,No
4743,2024-01-05,3,19,24,No
2274,2024-10-15,7,55,16,No
4007,2024-03-22,2,35,10,Yes
1108,2024-04-04,4,25,2,Yes
3610,2024-03-06,9,15,16,Yes
2035,2024-06-15,1,8,22,No
829,2024-02-17,5,18,9,Yes
3709,2025-01-09,2,36,4,No
2890,2024-05-15,7,12,11,Yes
4348,2024-06-22,4,48,6,No
16,2024-06-29,6,17,8,Yes
660,2024-09-02,9,42,8,No
2074,2024-10-27,9,54,13,Yes
4481,2024-11-20,5,23,15,No
1877,2024-07-07,8,54,14,No
372,2025-01-03,4,14,11,No
1931,2024-04-11,7,2,14,Yes
3197,2024-08-20,7,43,12,No
4361,2024-11-24,2,10,1,No
1387,2024-03-07,9,46,13,No
1243,2024-04-27,3,10,24,Yes
2316,2024-09-05,1,45,18,Yes
2565,2024-07-22,2,14,1,No
3479,2024-07-30,3,55,11,No
4079,2024-01-24,6,54,6,Yes
1752,2024-05-19,6,6,5,Yes
295,2024-02-05,1,43,9,Yes
1897,2024-05-25,8,30,19,Yes
1661,2024-03-14,9,21,8,No
4726,2024-08-07,5,18,10,No
428,2024-06-06,5,49,7,No
4036,2024-04-19,3,22,16,No
4253,2024-01-30,8,9,9,No
7,2024-04-04,8,7,11,Yes
2158,2024-11-12,6,31,16,No
4726,2024-08-29,2,3,17,Yes
716,2024-01-24,6,19,14,Yes
2106,2024-10-06,7,4,2,No
3086,2024-02-09,2,41,20,Yes
3952,2024-04-22,4,20,22,Yes
231,2024-09-06,6,28,15,Yes
4626,2024-03-20,8,6,9,No
2004,2024-04-01,6,48,13,Yes
2203,2024-10-29,9,27,20,Yes
2189,2024-10-13,6,43,12,No
901,2024-03-14,5,57,9,Yes
2362,2024-03-03,2,38,21,Yes
1237,2024-01-09,8,37,24,No
2945,2024-11-13,1,16,23,No
2468,2024-04-12,1,58,15,Yes
3794,2024-07-04,2,28,4,Yes
248,2024-11-22,1,49,2,No
4467,2025-01-22,4,6,14,No
1671,2024-03-17,5,40,16,Yes
236,2024-06-08,1,57,4,No
2849,2024-12-09,1,59,5,Yes
1394,2024-04-07,6,35,24,No
4711,2024-11-06,9,45,10,No
3478,2024-03-19,1,36,20,No
564,2024-03-26,2,33,3,No
3268,2024-11-06,7,48,22,No
3029,2024-11-22,4,17,10,No
2551,2024-07-08,4,10,9,No
4168,2024-01-17,4,57,8,No
872,2024-02-14,3,55,24,No
2176,2025-01-01,9,34,21,No
2160,2024-12-10,8,19,3,Yes
2426,2024-12-07,9,49,12,Yes
3800,2024-06-05,1,28,3,Yes
2427,2024-10-17,2,26,8,No
3376,2024-07-20,6,48,18,No
522,2024-03-09,3,5,21,No
4534,2024-10-12,5,38,7,Yes
169,2024-05-13,9,15,4,No
2170,2024-01-14,1,6,6,Yes
2803,2024-08-23,1,29,11,No
2878,2024-08-09,2,17,7,No
4464,2024-12-12,1,47,4,No
2671,2024-11-26,1,19,18,No
798,2024-12-07,8,50,11,Yes
2994,2024-10-29,2,32,2,No
1960,2024-06-17,6,33,9,Yes
1501,2024-04-11,6,56,5,No
4547,2024-11-04,2,55,2,Yes
2331,2024-01-28,4,6,13,No
2482,2024-10-06,3,59,14,No
1712,2024-08-27,8,50,1,No
2675,2024-10-02,5,54,14,No
3330,2024-04-18,3,46,3,Yes
4487,2024-12-03,3,30,9,No
1028,2024-12-02,6,7,12,No
2224,2024-05-30,2,58,3,No
869,2025-01-19,1,16,9,No
3609,2024-09-12,8,35,23,No
118,2024-07-25,3,21,18,No
3838,2024-08-22,9,5,17,No
2396,2024-12-17,2,18,7,No
2108,2024-11-15,1,40,9,Yes
3149,2024-01-13,4,10,1,Yes
2011,2024-01-26,4,6,11,No
1802,2024-08-12,8,55,19,No
4150,2024-09-15,7,35,2,Yes
4269,2024-03-20,8,15,19,No
2082,2024-06-08,6,18,22,Yes
1834,2024-06-04,3,31,6,No
2587,2024-07-23,1,10,22,No
350,2024-08-08,6,5,8,Yes
1980,2024-07-19,6,39,8,Yes
1781,2024-07-12,9,34,6,Yes
1323,2024-11-07,4,7,13,Yes
3152,2024-06-07,4,55,24,No
3254,2024-12-18,8,56,13,No
4523,2024-10-14,5,48,21,No
4973,2024-04-23,6,26,14,Yes
4615,2024-08-08,2,5,5,No
3264,2024-12-16,6,27,19,No
1356,2024-01-03,3,2,22,No
3191,2024-12-14,9,18,20,No
4617,2024-10-16,9,51,18,Yes
4186,2024-11-20,8,34,24,Yes
3022,2024-06-07,9,24,15,No
3955,2024-04-17,2,38,14,No
35,2024-09-22,8,4,9,Yes
3549,2024-07-28,1,47,17,No
995,2024-09-15,8,3,4,Yes
3142,2024-03-22,1,22,23,Yes
2408,2024-12-15,3,43,13,Yes
3648,2025-01-15,6,24,12,Yes
1030,2024-07-01,7,38,13,No
4655,2025-01-08,8,55,23,Yes
1420,2024-01-09,8,35,11,No
4982,2024-09-28,1,26,15,No
2927,2024-06-16,1,25,10,Yes
3700,2024-06-20,6,31,12,No
3053,2024-10-23,5,41,17,No
4042,2024-04-02,3,42,22,Yes
2549,2024-06-20,7,55,7,Yes
3588,2024-11-20,5,37,19,Yes
163,2024-08-06,9,45,18,Yes
4018,2024-03-25,4,52,13,Yes
1079,2024-10-19,5,13,20,No
1808,2024-09-01,9,13,22,Yes
3309,2024-04-04,3,43,8,No
4269,2024-07-12,4,45,14,Yes
2446,2024-07-13,3,10,2,Yes
3309,2024-10-16,4,14,5,No
2365,2025-01-19,4,8,19,No
1950,2024-03-15,2,52,8,No
2951,2024-04-17,3,38,9,No
4132,2024-03-14,5,57,20,Yes
707,2024-06-16,3,58,19,No
1572,2024-08-17,9,35,2,No
1437,2025-01-11,4,58,5,No
4799,2024-03-22,1,42,3,No
3877,2024-09-06,7,26,21,No
4350,2024-05-05,2,36,8,Yes
3442,2024-11-19,7,12,11,Yes
4087,2024-06-04,8,13,4,Yes
3759,2025-01-02,3,38,1,No
2254,2024-07-30,2,16,7,No
1161,2024-10-03,4,1,3,Yes
938,2025-01-02,7,13,12,No
1872,2024-11-06,1,44,16,Yes
714,2024-12-30,4,59,10,No
1915,2024-03-25,7,57,9,No
4448,2024-08-30,5,46,17,Yes
598,2024-01-29,3,9,19,No
2611,2025-01-07,2,44,10,No
3648,2024-12-15,1,36,23,No
729,2024-05-18,4,1,20,Yes
800,2024-08-27,9,2,22,No
2861,2024-03-31,4,26,11,Yes
2008,2024-04-08,8,27,10,No
1252,2024-12-10,4,39,17,No
3838,2024-12-14,1,15,24,No
3403,2024-05-03,9,31,12,Yes
1858,2024-05-09,9,50,6,Yes
1230,2024-11-22,1,30,9,No
2951,2024-05-08,8,2,3,No
1011,2024-08-08,1,59,22,No
3143,2024-08-01,7,41,16,Yes
4069,2024-07-22,2,47,6,No
3047,2024-02-23,9,5,5,No
3653,2024-01-24,6,22,21,Yes
4282,2024-06-29,7,4,1,Yes
3044,2024-02-21,3,47,4,No
2350,2024-06-01,9,35,6,No
2280,2024-11-02,2,19,17,Yes
1533,2025-01-08,5,20,22,Yes
2605,2025-01-15,7,39,10,No
3645,2024-07-16,7,32,13,No
3716,2024-02-14,6,42,7,No
415,2024-10-06,6,1,13,Yes
3551,2024-01-25,3,15,24,No
2459,2024-07-12,7,47,19,No
4521,2024-09-19,7,34,9,No
2238,2024-07-21,7,5,23,Yes
2005,2024-03-27,1,44,7,No
2250,2024-09-14,3,40,19,Yes
3897,2024-10-08,5,30,24,No
8,2024-07-16,8,8,2,No
4082,2025-01-22,2,44,9,Yes
3818,2025-01-13,6,50,24,No
3565,2025-01-17,2,31,15,Yes
1965,2024-09-23,9,26,18,Yes
3734,2024-12-22,6,19,3,No
4586,2024-09-24,1,12,19,Yes
529,2024-08-29,4,1,5,Yes
27,2024-11-11,2,4,20,Yes
2876,2024-03-27,7,52,10,No
4241,2024-05-19,9,49,11,No
802,2024-05-08,6,14,14,Yes
88,2024-11-05,9,53,16,No
4961,2024-05-10,2,54,14,No
2410,2024-01-10,3,19,9,No
983,2025-01-21,4,34,5,No
767,2024-05-05,7,54,9,Yes
2619,2024-12-14,2,54,4,Yes
108,2025-01-23,5,39,18,No
1343,2024-11-28,1,23,4,No
922,2024-12-12,7,15,21,Yes
3140,2024-11-14,4,33,4,No
4781,2024-07-03,1,1,18,Yes
4155,2024-02-12,1,5,13,Yes
1186,2024-09-23,3,8,4,Yes
2795,2024-08-06,2,7,3,No
764,2024-11-14,6,49,16,No
2626,2024-12-28,4,46,2,No
4167,2024-06-14,7,27,8,Yes
1169,2024-08-01,5,26,4,Yes
4831,2024-02-14,2,33,5,Yes
1377,2024-04-27,3,56,1,Yes
3635,2024-12-07,2,39,21,Yes
414,2024-06-02,3,18,21,Yes
3729,2024-05-19,3,24,22,Yes
179,2024-01-25,1,2,8,No
3106,2024-10-14,8,4,22,Yes
4154,2024-10-03,1,48,20,No
1964,2024-04-26,4,59,12,No
791,2024-12-22,7,14,15,No
4565,2024-12-01,4,53,24,No
3307,2024-04-30,5,52,8,No
4761,2024-02-21,4,33,10,Yes
3586,2024-10-05,1,7,18,Yes
2302,2024-05-06,2,27,14,Yes
214,2024-10-05,3,31,23,No
3208,2024-01-15,6,39,21,Yes
4131,2024-03-03,9,14,12,Yes
3856,2024-07-21,9,30,2,No
2332,2024-10-23,7,21,21,No
1313,2025-01-14,8,32,17,Yes
4624,2024-04-07,6,23,2,Yes
4739,2024-05-17,5,36,17,Yes
4691,2024-08-28,5,3,6,No
3464,2024-08-03,7,35,23,Yes
2025,2024-10-26,4,36,16,No
2403,2024-02-04,3,36,14,Yes
3388,2024-03-10,8,21,19,No
3317,2024-11-26,5,4,16,Yes
1227,2024-04-14,9,38,8,Yes
2971,2024-09-09,5,3,24,Yes
4085,2024-09-09,8,3,7,No
4706,2024-11-04,2,9,15,Yes
3773,2024-05-06,5,26,19,No
843,2024-11-19,6,19,4,No
3970,2024-11-08,3,20,6,No
4872,2024-10-09,3,43,17,Yes
732,2024-01-02,1,30,24,No
4743,2024-02-16,8,29,10,No
2690,2024-12-10,9,32,23,No
3361,2024-03-21,6,32,5,No
4328,2024-03-22,1,14,22,No
227,2024-01-15,6,50,7,No
3953,2024-02-09,9,55,5,Yes
3421,2024-07-16,3,10,14,No
554,2024-04-20,3,58,15,Yes
3054,2024-02-19,7,20,24,No
4990,2024-09-13,4,29,14,No
2762,2025-01-26,7,5,21,No
2552,2024-07-06,9,28,19,Yes
2600,2024-04-02,4,13,4,No
4618,2024-01-16,9,47,1,No
1118,2024-01-04,2,36,8,No
345,2024-11-17,6,2,23,No
3616,2024-03-19,2,10,12,No
558,2024-05-03,8,20,14,No
3334,2024-10-23,5,48,4,No
2647,2024-02-20,1,17,2,No
3562,2024-07-05,9,41,4,No
3088,2024-03-18,9,40,5,No
3376,2024-04-20,7,20,2,No
1964,2024-02-07,4,13,2,No
3891,2024-04-09,8,30,20,No
2426,2024-05-04,3,34,17,No
2623,2024-07-21,7,57,19,No
4125,2024-11-22,9,13,14,Yes
224,2025-01-24,1,2,22,No
596,2024-12-17,7,2,21,No
816,2024-04-21,8,27,3,No
1007,2024-12-13,6,20,3,No
1770,2024-02-04,5,24,18,No
4884,2024-05-29,3,52,3,No
2384,2025-01-28,4,57,7,No
446,2024-01-03,3,34,11,No
4841,2024-10-30,4,57,10,No
3319,2024-10-10,5,7,22,Yes
335,2024-03-31,2,7,18,Yes
2470,2024-02-10,9,11,10,No
4617,2024-03-26,3,7,22,No
4358,2024-09-05,9,44,8,Yes
2154,2024-01-24,3,15,18,No
1901,2024-04-03,9,22,20,No
2247,2024-05-05,3,16,6,No
1438,2024-03-03,1,21,9,No
3286,2024-10-08,3,28,2,No
1504,2024-10-31,2,56,21,No
2155,2024-08-06,1,18,4,No
3620,2024-09-04,7,15,1,No
4016,2024-04-05,2,52,5,No
1936,2024-01-18,3,32,23,No
261,2024-02-27,7,51,13,Yes
3911,2024-04-03,3,53,20,No
1558,2024-11-14,2,36,23,No
3830,2024-06-27,3,38,7,No
2159,2024-11-05,1,9,6,No
4953,2024-01-10,8,9,2,Yes
4526,2024-05-05,2,37,11,Yes
3493,2024-02-20,8,9,13,Yes
3746,2024-12-05,1,42,22,No
611,2025-01-30,1,14,10,No
3121,2024-08-21,7,15,22,No
3907,2024-09-05,8,38,18,Yes
439,2024-11-21,1,14,11,No
1433,2024-06-12,4,50,16,No
3492,2024-07-23,1,34,19,No
3901,2024-10-21,8,35,17,Yes
3679,2024-12-23,3,27,5,Yes
358,2024-12-18,8,19,5,No
961,2024-01-08,9,42,6,No
1372,2024-01-04,3,37,21,No
2067,2024-12-23,5,47,21,Yes
4900,2024-01-03,5,38,15,No
1741,2024-12-19,9,35,7,No
3895,2024-02-23,8,12,7,No
3433,2024-12-01,3,56,19,Yes
821,2024-10-24,1,19,20,Yes
3856,2024-11-23,3,2,5,No
4978,2025-01-19,1,13,24,No
462,2025-01-18,5,41,6,No
2045,2024-02-10,8,46,16,No
1177,2024-08-25,8,3,1,Yes
1606,2024-07-11,2,21,17,No
349,2024-06-24,5,5,1,No
4394,2024-04-18,9,7,21,No
2696,2025-01-22,2,26,17,No
4247,2024-03-30,7,34,6,Yes
3212,2024-05-30,1,25,9,No
3748,2024-06-07,3,13,17,Yes
4063,2024-09-28,8,22,23,No
3424,2024-05-02,3,34,17,No
280,2024-05-11,8,7,18,Yes
1781,2024-04-21,8,41,6,No
3901,2024-09-18,5,19,9,Yes
3630,2024-09-03,8,37,1,No
644,2024-02-28,7,57,14,Yes
2694,2024-07-09,3,33,23,Yes
4306,2024-02-07,8,48,8,No
4424,2024-06-09,4,43,24,Yes
4268,2024-05-25,8,30,18,No
410,2025-01-03,1,28,15,No
1068,2024-09-09,5,8,8,Yes
2328,2024-06-04,3,31,23,No
2692,2024-08-10,1,4,14,No
3045,2024-11-12,3,50,19,No
403,2024-02-29,3,29,8,No
2903,2024-02-28,9,10,13,No
4079,2024-08-26,3,35,15,No
3582,2024-11-16,8,30,3,Yes
92,2024-01-30,3,10,3,No
1763,2025-01-01,8,43,8,Yes
1904,2024-12-19,9,1,7,Yes
729,2024-10-09,7,33,20,Yes
2862,2024-08-19,5,51,11,No
4191,2024-01-06,8,58,12,No
868,2024-03-09,6,21,15,Yes
1956,2024-09-04,7,21,20,Yes
309,2024-03-13,9,6,23,No
4020,2024-09-29,1,39,11,No
1851,2024-04-05,5,46,22,Yes
2460,2024-01-17,8,27,12,No
1698,2024-05-10,8,28,7,Yes
417,2024-01-28,2,10,2,No
4162,2024-01-24,8,32,7,No
4205,2024-11-15,3,25,3,Yes
3960,2024-05-01,2,2,13,Yes
1883,2024-12-02,2,43,21,Yes
2882,2025-01-10,7,37,23,Yes
563,2025-01-03,6,10,16,No
1371,2024-09-23,3,34,21,No
2118,2024-01-05,2,32,7,Yes
4781,2024-10-06,9,42,17,Yes
2904,2025-01-07,5,36,19,Yes
2576,2024-04-13,6,35,6,No
3251,2024-05-24,4,14,16,No
312,2024-11-17,8,22,3,No
4524,2024-12-31,2,43,4,No
977,2024-10-17,2,37,4,No
958,2024-11-24,2,12,23,Yes
3473,2024-02-28,9,45,6,No
4899,2024-04-01,7,31,21,No
663,2024-04-14,9,24,4,Yes
3954,2024-03-26,5,20,3,No
655,2024-02-27,9,15,7,Yes
2058,2024-07-13,4,11,1,No
177,2024-12-07,1,18,15,Yes
136,2024-12-14,4,5,2,No
4204,2024-01-07,5,39,14,No
239,2024-01-13,8,17,24,No
1107,2024-07-10,6,46,18,No
3631,2024-11-03,6,44,8,No
838,2024-12-29,5,5,7,Yes
4754,2024-04-19,7,11,10,No
3068,2024-04-01,6,54,4,No
4882,2024-05-15,1,47,11,No
2235,2024-12-23,3,50,14,No
309,2024-02-08,3,49,10,Yes
1543,2024-10-06,1,11,3,No
3645,2024-04-29,6,42,23,Yes
1285,2024-03-12,1,13,11,Yes
3247,2024-12-15,4,13,18,Yes
1230,2025-01-11,7,16,17,Yes
3617,2025-01-21,1,55,13,No
2003,2024-06-28,6,16,20,No
4752,2024-04-05,3,51,13,Yes
3158,2024-12-30,6,9,4,No
892,2024-08-18,9,54,15,No
2014,2024-07-15,5,19,22,No
3153,2024-03-23,2,51,12,No
2682,2024-07-03,9,24,17,Yes
1718,2024-03-16,6,35,6,Yes
3733,2024-12-01,9,11,21,Yes
1509,2024-01-22,7,20,12,Yes
1147,2024-03-24,9,34,15,Yes
4036,2024-02-15,6,32,13,Yes
4134,2024-04-22,2,23,18,No
3271,2024-02-27,8,18,23,No
3877,2024-02-20,7,2,20,No
4039,2024-08-11,2,56,6,Yes
791,2024-08-27,2,41,15,No
3197,2024-10-15,3,21,8,Yes
2057,2024-06-26,6,26,17,Yes
1892,2025-01-06,7,48,10,No
2805,2024-05-28,9,16,14,Yes
4496,2024-03-25,1,37,1,Yes
3107,2024-09-27,7,41,7,Yes
3027,2025-01-16,1,38,5,No
4087,2024-04-20,3,14,1,No
4233,2024-03-26,9,27,19,No
4189,2024-07-16,7,37,20,No
3527,2024-09-09,9,51,11,Yes
770,2024-12-13,8,4,24,No
1170,2024-01-14,6,58,16,No
3542,2024-02-21,7,16,16,Yes
2863,2025-01-18,3,7,16,Yes
1779,2025-01-22,2,10,5,No
1851,2024-02-12,8,39,12,Yes
3504,2024-07-24,4,43,6,No
2076,2024-08-16,9,44,22,Yes
4906,2024-09-15,6,8,16,Yes
4292,2024-02-26,1,11,21,No
4664,2024-02-27,7,43,7,Yes
963,2024-08-09,3,53,10,No
2350,2024-08-27,1,50,20,Yes
73,2025-01-14,8,19,12,Yes
254,2024-10-01,5,43,3,Yes
3728,2024-07-29,6,34,11,No
2134,2025-01-12,3,9,1,No
4675,2024-03-10,6,8,17,No
3892,2024-11-02,2,42,11,Yes
4324,2024-01-04,9,22,15,Yes
924,2024-04-01,8,39,9,No
3737,2024-06-12,4,4,16,Yes
1080,2024-02-19,8,22,23,Yes
1005,2024-06-19,3,32,21,No
4031,2024-04-06,5,21,4,No
955,2024-09-16,7,29,22,No
2397,2024-07-22,6,21,23,No
2334,2024-05-11,2,38,12,No
3085,2025-01-21,2,14,10,No
1494,2024-03-27,1,46,2,No
3525,2024-08-09,4,56,2,No
2851,2024-08-14,2,17,1,No
2578,2024-04-29,2,33,9,Yes
2563,2024-01-09,6,3,17,No
2426,2024-03-28,9,56,24,Yes
1044,2024-03-28,1,4,22,No
1366,2024-01-21,5,52,21,No
94,2024-11-10,8,28,23,Yes
2919,2024-10-20,5,11,20,No
4462,2024-06-02,5,8,7,No
4856,2024-02-12,7,17,18,Yes
3871,2024-09-04,3,57,11,Yes
1755,2024-12-17,6,56,18,No
3188,2024-06-22,1,25,24,Yes
4113,2024-04-16,8,37,10,Yes
3135,2024-11-24,3,40,4,No
3160,2024-01-12,2,13,1,No
1590,2024-05-24,3,39,21,Yes
804,2024-12-10,9,21,16,Yes
97,2024-01-07,4,53,14,Yes
2073,2024-07-03,8,36,21,Yes
2525,2024-04-11,6,46,14,No
3096,2024-02-09,7,24,16,No
3882,2024-11-07,8,42,15,No
468,2024-09-24,3,28,9,Yes
1344,2024-05-23,4,50,17,No
4036,2024-02-08,5,23,21,Yes
462,2024-02-01,4,47,14,Yes
2138,2024-12-06,5,44,18,No
151,2024-06-24,1,23,13,No
2335,2024-01-15,4,47,11,No
528,2024-08-17,2,11,18,No
2287,2024-06-14,3,49,11,No
403,2024-06-12,9,51,24,Yes
2382,2024-01-02,3,31,15,Yes
546,2024-09-27,6,28,16,No
804,2024-05-12,5,59,14,No
3258,2024-09-13,9,8,2,No
3398,2024-06-12,5,6,9,Yes
4130,2024-03-24,2,50,19,No
685,2024-10-07,4,35,1,Yes
2226,2024-05-29,9,44,22,Yes
2900,2024-07-30,9,22,15,No
839,2024-09-07,9,32,23,No
1854,2024-08-16,4,36,2,Yes
2520,2024-02-01,6,57,14,No
1776,2024-04-29,2,38,1,No
2493,2024-09-11,9,27,20,No
3422,2024-09-15,4,47,8,No
1794,2024-05-08,7,16,14,No
1954,2024-08-11,1,53,9,No
3056,2024-08-19,1,34,1,Yes
2320,2024-11-08,7,59,24,No
1040,2024-09-08,4,7,7,Yes
1759,2024-01-26,2,29,5,Yes
4954,2025-01-10,3,3,8,No
1054,2024-01-04,4,27,7,Yes
4852,2024-10-13,7,33,16,Yes
3530,2024-12-01,9,10,7,No
1051,2025-01-06,4,38,10,No
3810,2024-04-26,2,25,23,No
1582,2024-01-13,4,56,13,Yes
1761,2024-11-29,9,13,24,No
3555,2024-08-18,4,9,6,No
1760,2024-07-20,8,46,24,No
1606,2024-05-19,8,32,11,No
1045,2024-12-03,2,6,12,No
2153,2024-05-30,1,31,7,No
29,2024-01-21,6,37,7,Yes
4962,2024-06-22,2,29,24,Yes
236,2024-09-18,5,8,7,No
3015,2024-04-28,1,14,14,No
654,2024-06-13,3,13,14,No
815,2024-06-16,8,39,22,Yes
3374,2025-01-02,6,47,16,No
4837,2024-01-04,2,5,2,No
1174,2024-02-13,5,22,22,No
2952,2024-09-11,7,34,11,No
4640,2024-03-24,8,8,1,No
2469,2024-08-14,7,46,23,No
1777,2024-03-26,8,35,5,No
3200,2024-08-20,9,58,13,Yes
1828,2024-11-24,2,38,12,Yes
2171,2024-10-31,2,10,12,No
2351,2024-08-14,5,52,14,No
3215,2024-05-04,4,48,9,No
3391,2025-01-06,6,45,23,Yes
406,2024-03-11,7,17,14,No
501,2024-10-07,5,20,1,No
2906,2024-04-05,3,55,16,Yes
1961,2024-10-16,6,23,2,No
4043,2024-01-14,5,39,21,Yes
4705,2024-03-01,1,15,15,Yes
2957,2024-12-19,4,9,7,No
4837,2024-10-07,3,34,1,Yes
4505,2024-04-30,1,53,22,No
3513,2024-03-07,2,43,4,No
4881,2024-01-06,7,10,4,No
1660,2024-07-03,7,30,19,No
1040,2024-02-25,6,38,19,Yes
256,2024-02-16,3,48,14,No
3044,2025-01-19,3,55,5,No
827,2024-03-21,6,17,24,Yes
2216,2024-02-02,6,41,21,No
985,2024-04-08,3,47,16,No
863,2024-05-10,3,45,10,No
4412,2024-01-15,2,42,18,Yes
3441,2024-08-06,9,16,13,Yes
3388,2024-04-10,9,10,10,No
2622,2024-07-15,8,16,24,No
2393,2024-09-30,5,1,9,Yes
3929,2024-01-16,2,24,17,No
3779,2024-02-07,4,33,15,Yes
941,2024-11-12,6,23,6,No
1126,2024-11-01,1,33,18,No
1393,2024-01-21,5,27,14,Yes
1818,2024-07-05,5,12,5,No
4444,2024-01-16,1,45,16,No
4348,2024-04-01,3,17,10,No
125,2024-06-04,6,44,19,No
3459,2024-01-22,1,16,16,Yes
929,2024-07-24,9,1,24,No
1298,2024-06-10,7,10,1,Yes
960,2024-02-02,9,13,15,No
3592,2024-02-03,1,53,7,No
3664,2024-12-11,1,18,4,No
24,2024-08-28,9,22,20,Yes
345,2024-11-22,6,19,15,Yes
4244,2024-12-31,5,4,24,No
44,2024-05-19,9,14,15,No
2361,2024-08-31,7,22,14,Yes
1559,2024-02-09,1,11,1,Yes
2332,2025-01-03,3,6,18,Yes
4817,2024-02-15,9,13,3,No
2169,2024-08-23,2,39,22,Yes
1101,2024-01-26,4,46,4,No
4235,2024-12-08,1,33,4,No
3738,2024-07-20,1,33,14,Yes
1151,2024-05-19,9,18,6,Yes
43,2024-10-03,8,29,22,No
1242,2024-06-29,2,31,5,Yes
4885,2024-08-13,3,12,6,Yes
4095,2024-10-17,4,42,10,No
823,2024-08-11,5,35,5,Yes
1572,2024-09-18,3,25,18,No
4489,2024-10-11,6,36,8,Yes
1649,2024-07-26,5,29,9,Yes
2507,2024-04-09,4,17,14,No
979,2024-11-18,3,45,11,No
150,2024-12-02,7,35,4,No
1618,2024-02-15,6,44,20,Yes
3451,2024-03-24,9,1,9,No
4083,2024-05-10,2,12,16,No
3959,2024-01-29,6,5,23,Yes
3926,2024-08-17,1,59,11,Yes
3640,2025-01-12,5,51,23,Yes
1134,2024-12-04,2,14,16,Yes
3711,2024-11-05,4,24,14,Yes
2376,2024-01-13,4,30,23,No
1535,2024-06-06,5,8,13,No
4964,2024-11-20,4,31,5,No
4272,2024-06-01,8,31,20,Yes
1860,2024-10-05,3,54,11,Yes
3923,2024-12-16,1,49,14,No
2152,2024-02-11,8,55,7,Yes
2169,2024-05-06,4,53,2,No
2706,2024-10-04,8,39,21,No
4850,2024-12-02,9,57,7,No
2081,2024-09-23,4,15,11,No
1582,2024-03-02,5,32,18,No
1518,2024-10-22,9,49,18,Yes
4263,2024-02-01,3,26,6,No
2079,2024-03-04,8,55,17,No
4500,2024-02-21,1,12,9,Yes
1595,2025-01-20,7,10,12,No
1438,2024-05-20,6,41,4,Yes
207,2024-06-20,8,23,17,No
400,2024-12-23,6,33,2,Yes
379,2024-07-27,3,16,21,No
2766,2024-09-12,8,5,2,No
3221,2024-12-21,3,23,2,No
3343,2024-07-24,5,39,17,No
4003,2024-08-25,8,11,6,No
3681,2024-08-12,6,13,19,No
1255,2024-08-01,6,37,10,Yes
3153,2024-02-06,1,12,19,Yes
3214,2024-10-26,6,44,1,Yes
2419,2024-06-22,3,15,19,No
3764,2024-03-07,8,28,22,No
162,2024-05-17,7,24,14,Yes
1492,2024-10-16,8,10,16,No
1256,2024-07-23,3,41,14,Yes
1050,2025-01-12,3,18,6,No
461,2024-01-15,4,40,6,No
4414,2024-02-19,9,13,7,No
3417,2024-09-04,2,1,5,Yes
2531,2024-01-20,6,59,10,No
3599,2024-10-17,1,24,20,Yes
2504,2024-03-19,3,39,17,No
1834,2024-02-18,4,39,19,Yes
783,2024-08-18,3,6,1,Yes
1394,2024-08-04,8,7,7,No
2798,2024-06-05,4,34,3,No
2451,2024-06-18,1,1,20,No
3093,2024-02-08,6,18,22,Yes
1664,2024-09-04,5,28,8,Yes
3120,2024-08-26,5,27,3,Yes
4901,2025-01-23,1,34,8,No
4526,2024-01-21,3,26,17,No
912,2024-03-07,6,47,15,No
4534,2024-03-19,6,58,24,No
357,2024-12-06,9,23,24,No
1017,2024-04-15,6,37,2,Yes
866,2024-10-11,6,1,3,Yes
478,2024-01-03,4,29,21,Yes
140,2024-05-08,2,33,16,Yes
2181,2024-12-26,4,15,5,No
2013,2024-06-28,3,21,23,Yes
1255,2024-04-27,3,23,24,Yes
3511,2024-06-05,4,11,9,No
911,2024-08-19,6,53,20,No
833,2024-09-15,6,33,4,No
1663,2024-03-24,3,28,1,Yes
276,2024-08-13,5,44,15,Yes
2302,2024-08-23,4,58,5,No
4837,2024-12-02,6,25,4,No
3748,2024-03-10,3,55,11,No
1145,2024-06-14,7,17,14,No
1454,2024-04-07,2,57,3,No
2093,2025-01-08,5,40,18,No
682,2024-03-17,7,43,11,No
3234,2024-01-31,6,2,15,No
2541,2024-11-12,8,23,16,No
2667,2024-06-29,1,52,20,Yes
2862,2024-11-21,2,7,16,No
3538,2024-10-28,7,14,7,No
970,2024-11-25,8,27,8,No
3765,2024-12-19,1,3,7,No
2036,2024-04-03,4,38,8,No
81,2024-09-29,8,10,3,No
4394,2024-05-17,6,15,4,Yes
635,2024-09-25,7,3,4,Yes
574,2024-10-15,5,39,20,Yes
2876,2024-10-11,5,50,11,No
4268,2024-08-30,8,10,16,No
4499,2024-04-30,3,20,7,No
1300,2024-07-03,6,32,19,No
362,2024-12-28,5,38,3,No
2049,2024-09-14,3,31,5,No
845,2024-09-12,1,44,23,No
550,2024-03-30,1,59,4,Yes
3511,2024-08-22,8,8,3,No
4727,2024-03-28,8,17,3,No
3082,2024-11-13,4,3,19,No
802,2024-11-07,1,37,12,No
1233,2024-04-07,5,41,10,Yes
371,2024-04-20,4,16,16,No
4263,2024-11-17,2,35,2,Yes
3844,2025-01-06,5,41,3,Yes
228,2024-06-22,2,49,24,No
3434,2024-12-24,7,51,6,Yes
2735,2024-08-29,4,16,1,No
2036,2024-12-16,9,50,19,Yes
4638,2024-11-17,4,51,20,Yes
2238,2024-01-09,2,1,21,Yes
4026,2024-03-24,4,21,12,No
3711,2024-12-24,5,19,17,No
1204,2024-05-10,1,53,21,No
2622,2024-01-16,9,42,17,Yes
2288,2024-11-09,5,7,11,No
4145,2024-05-04,8,28,4,No
1146,2024-10-21,5,10,24,No
4816,2024-09-14,8,37,19,No
1950,2024-07-24,1,35,19,Yes
4688,2024-12-06,1,28,19,No
2744,2024-08-04,7,18,8,No
1086,2024-04-10,4,41,3,No
2939,2024-12-31,5,54,22,No
665,2024-11-06,1,51,18,Yes
4915,2024-09-27,5,55,6,No
870,2024-06-06,2,14,5,No
2440,2025-01-27,4,7,6,Yes
2466,2024-07-15,3,41,24,No
4747,2024-05-26,1,18,20,No
3607,2024-09-30,1,45,7,No
4438,2024-05-26,9,2,23,No
3283,2024-05-16,1,46,13,No
1594,2024-03-10,8,5,9,No
3436,2024-12-12,4,43,13,No
2623,2024-08-20,7,28,5,Yes
538,2024-05-07,5,48,23,Yes
4618,2024-10-26,5,49,11,No
1368,2024-10-12,5,57,1,Yes
760,2024-04-29,7,59,8,Yes
2532,2024-06-12,7,16,14,Yes
1999,2025-01-05,2,49,20,No
4173,2025-01-23,3,40,16,No
1189,2024-07-20,7,13,23,No
4699,2024-12-12,4,40,22,Yes
558,2024-06-26,6,44,19,Yes
4873,2024-03-08,6,55,4,Yes
1747,2024-12-29,4,47,2,No
1558,2024-05-02,5,44,6,No
1456,2024-11-04,8,53,24,Yes
3316,2024-02-09,7,52,10,No
2330,2024-10-10,4,58,23,No
3903,2025-01-10,3,33,11,No
4836,2024-10-10,3,3,21,No
529,2024-08-01,9,27,17,No
3023,2024-12-04,2,37,1,Yes
4489,2024-08-20,5,38,23,Yes
1240,2024-07-26,2,56,12,No
1782,2024-03-26,1,37,15,No
804,2024-03-20,5,3,20,No
1362,2024-08-30,6,32,7,Yes
2293,2024-05-07,1,7,6,No
589,2024-06-19,8,17,13,No
4163,2024-04-25,1,59,18,Yes
1651,2024-04-30,7,43,7,Yes
4240,2024-06-08,8,35,24,No
2956,2024-01-02,3,15,11,No
2809,2024-07-18,2,2,9,Yes
1589,2024-11-18,6,37,23,Yes
4395,2024-03-21,3,50,19,No
4972,2024-01-29,5,33,1,No
1696,2024-02-23,2,12,16,Yes
945,2024-07-29,5,16,4,Yes
3520,2024-08-05,9,32,9,No
2808,2024-04-09,4,13,8,Yes
4641,2024-05-05,5,31,4,No
2373,2024-05-18,5,28,22,No
1036,2024-01-31,9,32,1,No
4514,2024-02-29,7,17,23,Yes
1487,2024-05-14,8,31,22,Yes
2817,2024-12-19,8,22,18,No
3633,2024-03-09,5,44,9,Yes
1618,2024-02-17,1,17,4,Yes
947,2024-07-10,8,17,15,No
1763,2024-07-22,5,17,18,Yes
144,2024-12-19,9,7,23,No
3955,2024-04-10,4,2,13,No
1634,2024-05-10,7,16,12,Yes
1079,2024-12-18,3,43,19,No
1952,2024-06-24,6,31,4,No
2832,2024-03-31,2,25,19,Yes
1350,2024-07-31,1,1,10,No
175,2024-04-18,9,38,12,No
1219,2024-07-24,4,54,14,No
1419,2024-03-28,9,4,3,No
2626,2024-09-27,5,35,7,Yes
4984,2024-10-11,2,48,3,Yes
1470,2024-08-02,8,50,2,No
2018,2024-04-03,9,49,22,No
1869,2024-04-21,8,51,23,No
1926,2024-04-09,9,44,4,Yes
418,2024-07-05,4,36,8,No
2701,2024-08-23,6,40,1,No
3873,2024-01-17,4,17,16,No
4400,2024-05-25,9,58,24,No
2871,2024-05-21,9,40,19,Yes
4915,2024-05-16,7,13,21,No
4296,2024-07-05,1,32,22,No
2433,2024-07-04,6,5,24,No
1851,2025-01-01,3,59,19,No
2896,2024-03-01,6,33,15,No
4055,2025-01-13,4,7,8,No
2749,2024-11-30,3,13,1,No
808,2024-06-05,8,18,18,No
3989,2024-04-14,5,24,24,Yes
1150,2024-05-18,9,56,11,Yes
3731,2024-05-28,8,7,5,No
623,2024-03-16,4,23,8,Yes
4674,2024-02-13,2,3,12,No
846,2024-02-09,1,34,7,No
2520,2024-02-23,6,35,21,No
3257,2024-08-27,7,54,22,Yes
2957,2024-06-22,3,22,7,Yes
1462,2024-05-15,9,11,3,Yes
4805,2024-10-21,1,59,24,Yes
2909,2024-05-15,4,10,22,No
32,2024-05-30,2,36,10,No
2389,2024-10-17,2,46,11,No
4342,2024-06-19,1,28,11,No
602,2024-09-01,4,42,24,Yes
4152,2024-11-24,3,42,11,Yes
4515,2024-05-27,1,19,13,No
2793,2024-03-26,5,13,15,No
27,2025-01-26,7,41,2,No
3695,2024-02-11,7,45,8,Yes
1818,2024-11-19,2,54,22,No
2323,2024-10-10,5,31,15,No
2942,2024-09-29,5,47,17,No
865,2025-01-02,2,2,2,No
3133,2024-06-02,1,34,18,No
3740,2024-04-01,6,14,12,No
1745,2024-11-16,1,29,17,No
2466,2025-01-28,8,46,17,No
3568,2024-06-02,9,56,13,No
2740,2024-07-12,6,56,10,No
3186,2024-05-01,1,32,23,Yes
201,2024-09-15,3,2,18,Yes
2261,2024-02-26,7,53,19,Yes
744,2024-07-06,3,36,22,Yes
2379,2024-02-08,5,10,20,Yes
241,2024-03-23,4,8,2,No
345,2024-11-15,5,25,13,Yes
3197,2024-02-26,7,51,12,No
340,2024-03-03,3,30,12,No
821,2024-07-27,6,5,3,Yes
228,2024-05-19,4,17,6,No
346,2025-01-20,8,5,18,Yes
806,2024-09-08,7,49,20,No
2499,2024-11-24,9,17,3,Yes
4896,2024-11-08,3,56,23,No
1640,2024-03-29,2,2,4,Yes
4539,2024-05-08,7,40,16,No
3622,2024-12-04,8,10,7,Yes
4692,2024-07-17,4,4,17,No
1753,2024-05-27,3,36,10,No
4694,2024-04-01,5,28,5,No
901,2024-10-27,8,14,24,No
2322,2024-11-01,6,56,21,No
3682,2024-09-13,9,42,22,Yes
4126,2024-08-14,4,49,1,Yes
806,2024-03-29,6,17,13,Yes
290,2024-05-09,9,20,10,Yes
2332,2024-08-13,6,4,2,No
1747,2025-01-07,4,59,19,No
1073,2024-04-14,3,56,10,No
293,2024-06-14,8,51,5,No
3727,2024-04-19,1,22,4,Yes
140,2024-11-29,9,24,24,Yes
1640,2024-11-14,1,57,12,No
1960,2024-11-12,1,20,17,No
3163,2024-09-27,9,49,23,No
4637,2024-09-10,9,23,7,No
3418,2024-07-10,3,46,12,Yes
911,2025-01-26,4,13,20,No
3951,2024-11-26,7,31,7,Yes
1484,2024-10-18,1,5,3,Yes
1486,2024-03-01,8,1,6,Yes
159,2024-07-03,3,13,18,No
1362,2024-05-02,3,42,11,Yes
4869,2024-01-02,8,44,4,Yes
354,2024-02-01,3,40,6,No
1211,2024-08-25,4,43,13,Yes
1421,2024-06-10,8,11,1,No
3886,2024-03-02,1,56,24,Yes
1177,2024-05-13,6,45,23,No
3231,2024-07-07,4,53,3,No
4,2024-11-29,7,3,7,Yes
3320,2024-02-08,9,26,16,No
4406,2024-09-27,7,39,13,No
2372,2024-04-22,2,50,23,No
3230,2024-05-22,6,49,23,Yes
4806,2024-09-02,5,56,19,Yes
3307,2024-10-18,5,16,6,No
4634,2024-03-31,8,5,17,No
1234,2024-12-17,9,39,21,Yes
3529,2024-04-30,9,3,19,No
3380,2024-01-25,1,3,7,Yes
3529,2024-06-22,7,36,23,Yes
73,2024-08-26,1,52,11,No
2473,2024-10-12,9,45,16,Yes
3377,2024-03-28,2,17,8,No
2024,2024-05-13,8,17,4,Yes
853,2024-06-15,7,40,1,Yes
2216,2025-01-13,6,23,6,No
4194,2024-04-10,4,5,18,Yes
3265,2024-02-09,3,13,1,Yes
2623,2024-01-14,6,44,8,No
4033,2025-01-05,5,24,9,No
1279,2024-09-14,1,31,15,No
3798,2024-02-16,5,40,10,No
3327,2024-03-12,1,54,21,Yes
3186,2024-05-08,5,11,7,No
519,2024-07-26,5,48,7,Yes
2169,2024-06-02,6,53,4,No
4466,2024-05-02,8,16,2,Yes
2188,2025-01-15,8,55,15,Yes
230,2024-09-01,7,14,3,Yes
3073,2024-09-30,4,54,5,No
265,2024-11-23,5,40,18,No
260,2024-12-14,3,36,8,Yes
4500,2024-07-15,2,43,24,No
3229,2024-03-27,2,34,18,No
4681,2024-06-06,8,12,15,No
149,2024-04-15,6,44,18,No
3029,2025-01-16,2,8,6,No
592,2024-01-25,4,19,23,Yes
1239,2024-11-21,1,9,2,No
3015,2024-02-06,5,3,13,Yes
3431,2024-05-17,8,39,3,No
4789,2024-11-19,1,46,10,No
2981,2024-07-31,5,20,23,No
885,2024-01-07,6,40,13,Yes
3545,2024-08-05,8,3,8,Yes
4537,2024-08-03,8,26,10,Yes
1302,2025-01-12,2,57,10,No
1562,2025-01-15,5,28,23,No
1245,2024-10-29,3,58,7,No
3553,2024-07-18,5,8,14,Yes
4243,2024-02-28,5,23,24,Yes
25,2025-01-06,6,28,9,No
4343,2024-01-14,9,48,13,Yes
2152,2024-07-12,6,32,5,Yes
4142,2024-10-31,8,44,3,No
2480,2024-11-16,4,6,9,No
3818,2024-07-30,6,49,24,No
493,2024-05-04,6,49,14,No
1903,2025-01-18,8,35,1,Yes
288,2024-08-16,3,35,13,No
3969,2024-06-07,8,49,21,Yes
2305,2024-11-06,5,25,14,Yes
267,2024-02-22,5,12,6,Yes
3406,2024-03-16,6,27,24,No
4965,2024-02-02,5,47,2,Yes
992,2024-09-22,1,39,13,Yes
2526,2024-09-08,6,26,15,No
606,2024-11-02,5,9,18,No
2056,2024-12-24,7,36,7,Yes
4671,2024-11-17,8,1,3,No
3250,2024-01-19,2,32,1,Yes
2308,2024-07-16,6,16,14,Yes
1125,2024-06-22,6,12,14,No
3751,2024-01-05,7,40,6,No
1039,2024-08-05,4,47,16,Yes
1660,2024-02-09,1,14,21,Yes
4603,2025-01-30,2,19,10,Yes
4142,2024-05-16,6,38,15,Yes
589,2024-08-12,4,26,1,No
4698,2024-02-12,7,38,23,No
1000,2024-06-28,3,10,10,No
1256,2024-10-24,8,30,13,Yes
590,2024-01-05,6,22,14,Yes
2445,2024-02-22,3,2,21,Yes
199,2024-02-25,9,46,11,Yes
221,2024-03-25,2,41,18,No
3012,2024-06-12,7,16,10,Yes
4139,2024-01-02,3,2,6,No
2891,2024-03-12,7,57,21,No
2319,2025-01-07,4,53,16,Yes
4737,2024-04-07,1,3,9,Yes
347,2024-02-11,1,29,6,No
2567,2024-07-31,1,12,9,Yes
4289,2024-01-23,6,35,1,No
1838,2024-01-01,3,21,2,Yes
4951,2024-05-10,1,41,14,No
4645,2025-01-24,7,56,14,No
1866,2024-01-27,4,26,19,Yes
1387,2024-04-05,8,3,9,Yes
1822,2024-09-03,1,35,23,Yes
2203,2024-03-25,6,32,13,No
2386,2024-10-12,3,20,23,No
1372,2024-11-13,8,54,20,No
4074,2024-10-04,4,48,6,No
3108,2024-07-31,7,11,15,No
4486,2024-09-18,3,46,24,Yes
4763,2024-04-26,3,8,4,No
3276,2024-11-23,2,22,1,Yes
4209,2024-03-09,3,33,3,No
208,2024-02-27,9,57,21,Yes
2334,2024-03-29,2,26,17,No
4819,2024-01-31,2,40,24,No
3011,2024-10-10,3,18,3,Yes
3265,2024-07-19,6,44,4,No
156,2024-02-10,7,59,6,No
849,2024-05-15,5,33,6,No
1339,2025-01-17,2,12,10,No
3211,2024-12-25,1,19,7,Yes
454,2024-11-11,3,21,16,No
3871,2024-10-07,5,29,7,No
2782,2024-05-31,2,1,2,Yes
2850,2024-03-13,3,45,6,No
1913,2024-07-09,9,15,18,No
709,2024-01-19,3,59,19,No
69,2024-08-24,5,7,14,No
4758,2024-11-12,8,55,19,No
3380,2024-07-21,4,44,14,No
3792,2025-01-25,6,3,8,No
3358,2024-07-13,7,2,20,No
3893,2024-11-12,7,3,21,No
3586,2024-11-05,6,9,21,No
4901,2024-11-21,7,6,11,No
2527,2025-01-20,9,24,18,No
47,2024-08-19,3,6,7,No
4243,2024-09-15,3,33,20,No
3761,2024-05-13,2,18,23,No
4417,2024-03-24,8,30,19,No
1028,2024-01-17,7,28,22,No
1697,2024-02-01,2,22,19,Yes
4446,2024-11-27,9,15,20,No
2424,2024-02-04,3,41,8,Yes
4174,2024-05-26,5,26,24,No
2696,2024-02-13,9,40,14,No
2297,2024-05-22,3,36,8,No
3055,2024-05-18,8,42,7,No
755,2024-03-10,8,16,21,Yes
3907,2024-05-11,2,53,13,Yes
4147,2024-07-19,8,52,15,Yes
818,2024-01-08,9,55,8,No
679,2024-11-24,4,57,21,No
443,2024-08-31,4,41,8,No
3910,2024-04-24,4,4,8,Yes
262,2024-09-07,7,36,21,Yes
1741,2024-03-27,1,50,8,No
2947,2024-05-06,5,31,15,Yes
2203,2024-12-27,4,33,13,No
2473,2024-09-30,6,8,2,Yes
1313,2024-08-04,6,10,11,No
184,2024-02-04,4,14,21,No
2618,2025-01-02,4,25,24,Yes
3906,2024-06-30,1,54,21,No
2249,2024-10-23,2,12,5,No
4962,2024-07-07,1,43,4,Yes
153,2024-03-27,6,14,19,No
3116,2024-09-22,1,40,16,No
3905,2024-12-26,2,43,6,No
2765,2024-06-13,6,51,1,Yes
3238,2025-01-13,7,48,10,No
1582,2024-11-02,9,43,9,No
2911,2024-12-28,4,51,18,No
3557,2024-11-03,2,41,12,No
1311,2024-05-19,7,38,9,No
2555,2024-08-21,1,59,9,Yes
2733,2024-06-14,5,10,1,No
2641,2024-12-03,9,41,1,No
3320,2024-08-28,3,20,15,No
2233,2024-12-23,4,13,5,Yes
4959,2024-08-11,2,31,11,No
3159,2024-04-19,6,58,16,Yes
1146,2025-01-20,1,52,13,Yes
2138,2024-09-07,6,5,12,No
3676,2024-12-25,8,41,15,No
4609,2025-01-26,1,13,14,No
1014,2024-11-07,7,53,8,No
3207,2024-09-14,2,23,1,Yes
2066,2024-03-28,7,35,16,No
320,2024-10-30,8,9,11,Yes
232,2024-04-27,6,13,1,No
2693,2024-01-15,1,58,11,Yes
4771,2024-06-23,3,33,13,Yes
4519,2024-06-09,5,26,22,No
126,2024-09-12,3,31,19,No
1774,2024-09-01,6,5,22,No
4892,2024-10-21,9,44,16,Yes
2455,2024-08-28,2,25,23,No
1997,2024-12-03,1,4,3,Yes
3341,2024-11-03,9,28,18,No
2349,2024-11-24,2,39,6,Yes
2509,2024-09-30,5,57,6,No
2979,2024-04-16,5,43,12,No
554,2024-07-18,3,6,2,No
1144,2024-08-15,3,11,17,Yes
546,2024-08-10,4,46,7,Yes
2308,2024-01-09,1,54,13,Yes
4620,2024-08-28,8,16,14,No
970,2024-06-08,4,34,17,No
4074,2025-01-03,2,17,13,No
2017,2024-11-16,8,40,2,No
804,2024-02-21,8,40,9,No
4621,2024-01-21,2,55,2,Yes
3002,2024-07-07,2,22,13,Yes
1537,2024-10-27,1,4,1,No
4795,2024-04-21,7,13,5,Yes
2961,2024-11-05,5,22,18,No
4552,2024-05-19,9,3,9,Yes
2288,2025-01-08,5,53,19,Yes
1245,2024-12-10,1,17,18,No
748,2024-10-01,5,23,15,No
4329,2024-02-22,1,6,23,No
1508,2024-06-11,5,36,5,No
1907,2024-01-03,7,31,6,Yes
97,2025-01-30,8,38,14,Yes
4178,2024-05-23,1,32,4,No
4596,2024-04-27,6,11,9,No
2502,2024-10-18,5,14,18,No
2784,2024-01-29,6,2,1,No
4975,2024-05-01,8,30,7,No
3792,2024-06-23,9,53,8,Yes
1345,2024-08-10,9,31,5,Yes
4412,2025-01-14,1,23,4,No
2856,2024-01-14,8,52,24,No
3525,2024-03-09,7,4,23,Yes
2336,2024-09-28,5,49,18,No
2398,2024-07-01,6,19,7,Yes
630,2025-01-27,2,36,21,No
3138,2024-10-09,4,46,24,No
3781,2024-11-19,4,30,23,No
1510,2024-07-28,3,50,12,No
2734,2024-11-12,5,36,13,Yes
2110,2024-11-19,2,20,21,No
2412,2024-07-15,2,45,21,No
4697,2024-08-05,8,17,17,No
4233,2025-01-01,1,59,23,Yes
1883,2024-01-08,1,41,3,Yes
2299,2024-11-12,2,59,16,Yes
1082,2024-08-02,9,12,4,Yes
3523,2024-04-18,2,59,16,No
4372,2024-07-01,3,49,3,No
3419,2024-06-06,9,51,12,Yes
358,2024-12-12,1,52,3,No
3946,2024-08-27,4,47,19,No
2720,2024-07-20,6,46,8,Yes
945,2024-01-09,2,15,24,Yes
2179,2024-09-05,5,4,15,No
2009,2024-06-16,5,25,14,Yes
1514,2024-02-11,7,6,2,No
127,2024-03-28,5,40,17,Yes
1985,2024-02-14,3,54,10,Yes
1864,2024-01-30,8,47,7,No
2938,2024-02-15,8,19,24,Yes
4383,2024-09-13,3,17,15,No
646,2024-05-28,7,10,24,No
1072,2024-03-07,5,18,19,Yes
17,2024-07-18,8,42,7,Yes
4447,2024-03-25,6,55,18,No
315,2024-12-05,4,55,13,Yes
4453,2024-03-11,7,31,16,Yes
1337,2024-07-13,9,47,24,Yes
684,2024-06-08,9,20,1,No
229,2024-12-01,8,54,6,No
2604,2024-05-26,6,54,15,Yes
3184,2024-02-23,8,28,20,No
1224,2024-09-26,7,10,5,Yes
3829,2024-01-12,2,57,21,No
858,2024-03-07,1,7,3,No
2290,2024-05-22,5,41,5,No
3300,2024-06-25,1,2,20,No
685,2024-10-25,8,56,5,No
3181,2024-05-30,8,12,10,No
2916,2024-02-01,5,25,12,No
1716,2024-09-13,2,43,19,No
3400,2024-06-27,5,10,20,No
1692,2024-11-06,7,30,5,No
118,2024-11-20,3,18,21,No
2118,2024-04-29,3,38,16,No
1172,2024-06-13,3,31,14,No
2293,2024-07-26,4,31,20,No
520,2024-07-10,4,42,16,No
3448,2024-05-03,1,2,19,No
3812,2024-06-21,9,1,11,No
2536,2024-03-21,6,11,16,No
4236,2024-05-21,7,36,2,No
1881,2024-11-24,3,6,15,Yes
2892,2024-05-05,8,45,18,No
3202,2024-08-28,4,22,16,No
2421,2025-01-30,2,12,9,No
81,2024-08-20,1,37,20,Yes
794,2025-01-26,9,2,22,No
291,2025-01-08,1,18,24,No
3650,2024-10-29,7,44,12,No
1437,2024-06-18,4,2,6,No
3736,2024-01-20,1,14,15,Yes
2936,2024-08-16,2,30,20,No
102,2025-01-05,4,29,17,No
2553,2024-08-01,1,44,4,No
3132,2024-12-15,4,26,22,No
3106,2024-07-04,3,5,21,Yes
3621,2025-01-31,5,7,2,Yes
1993,2025-01-31,9,27,11,No
4580,2024-06-14,6,12,8,Yes
4800,2024-08-22,4,56,5,Yes
2512,2024-04-24,8,1,20,Yes
3337,2024-09-05,2,12,9,No
969,2024-05-09,6,36,23,Yes
1079,2024-10-13,8,22,6,No
2224,2025-01-18,8,55,8,Yes
2213,2025-01-07,7,59,18,Yes
3393,2024-06-29,5,2,17,No
4665,2025-01-07,5,5,21,No
3558,2025-01-18,2,31,10,Yes
656,2024-03-20,3,34,5,No
1329,2024-06-18,1,51,11,Yes
3693,2024-02-08,3,18,13,No
2194,2024-03-28,8,17,16,No
1257,2024-03-28,6,4,24,No
2081,2024-06-18,7,14,3,No
139,2025-01-16,1,8,19,No
1127,2024-10-09,7,58,24,No
2569,2024-05-28,3,30,21,Yes
708,2024-08-02,6,58,9,Yes
3458,2024-08-22,2,25,16,No
925,2024-10-30,2,39,1,No
4632,2024-11-23,2,10,16,Yes
334,2024-01-27,7,31,3,No
3471,2024-02-12,9,35,4,Yes
730,2024-12-03,5,12,15,No
716,2024-09-08,9,46,6,No
2448,2024-06-15,3,9,9,Yes
3102,2025-01-30,6,36,5,No
4832,2024-03-27,7,53,10,No
362,2024-03-21,8,44,20,Yes
3301,2024-09-02,7,44,6,Yes
2708,2024-10-28,9,16,23,Yes
464,2025-01-19,7,22,10,No
185,2024-11-20,5,53,22,Yes
3386,2024-03-30,4,7,21,No
3431,2024-11-14,3,29,13,Yes
1310,2024-05-20,6,20,6,No
1208,2024-10-15,7,44,5,Yes
1409,2024-12-17,7,14,11,Yes
2540,2025-01-24,4,14,10,No
754,2024-08-07,2,27,2,No
3753,2024-06-16,6,35,3,No
143,2024-03-23,2,47,11,No
2026,2024-04-17,9,54,20,Yes
143,2024-11-15,5,28,12,Yes
3810,2024-07-22,4,40,19,No
2220,2024-09-11,8,40,19,Yes
1479,2024-05-10,4,40,2,Yes
2179,2024-12-13,4,58,17,No
3693,2024-10-26,8,22,14,No
1797,2024-10-15,6,55,21,No
1964,2024-11-11,2,56,12,Yes
4842,2024-01-28,5,56,17,No
2543,2024-03-13,1,10,2,Yes
3880,2024-01-31,9,39,12,Yes
2563,2024-04-24,8,35,16,No
3599,2024-12-06,2,58,7,No
4523,2024-09-21,1,42,19,No
4221,2024-06-22,6,35,2,No
1778,2024-05-17,2,28,18,Yes
1595,2024-01-20,5,55,18,No
2249,2024-08-12,6,52,7,No
169,2024-01-01,2,58,7,No
3781,2024-01-31,9,12,21,Yes
2401,2024-10-13,8,18,17,No
1023,2024-05-14,6,39,21,Yes
4801,2025-01-23,7,44,10,Yes
1224,2024-02-15,7,30,14,No
3989,2024-06-24,5,12,15,No
1129,2024-10-19,7,15,7,Yes
4901,2024-12-31,6,56,14,Yes
706,2024-02-12,7,55,12,No
2246,2024-03-06,4,20,14,No
2466,2024-05-24,2,55,14,Yes
839,2024-03-14,8,10,11,No
3737,2024-07-31,7,26,15,No
446,2024-10-15,7,43,20,No
3944,2025-01-13,2,56,15,No
1659,2024-06-12,3,11,5,No
1854,2024-08-28,7,46,6,No
2768,2024-06-12,7,23,15,No
135,2024-04-23,7,11,11,No
1873,2024-12-21,8,59,9,No
2732,2024-10-05,8,50,10,Yes
4788,2024-06-23,3,58,22,No
1995,2024-02-05,7,11,3,Yes
4472,2024-12-28,2,21,4,No
3209,2024-04-13,1,43,20,No
1860,2024-12-11,4,10,1,No
3152,2024-11-07,6,43,24,Yes
4240,2024-09-03,3,14,21,No
2982,2024-07-11,9,46,20,No
4460,2024-12-27,8,40,21,No
1402,2024-05-06,8,27,1,No
3419,2024-06-19,1,38,22,No
3044,2024-03-23,6,27,1,Yes
4312,2024-11-10,9,16,2,No
1193,2024-05-25,4,19,2,No
3659,2024-08-01,3,17,20,Yes
4733,2024-02-06,2,3,20,Yes
4813,2024-06-08,5,26,23,No
1810,2024-03-07,4,51,19,No
3445,2025-01-05,9,5,19,No
3975,2024-08-10,6,8,16,No
758,2025-01-17,5,40,11,No
4898,2024-03-26,7,11,4,Yes
4507,2024-01-12,7,37,17,Yes
3979,2024-05-18,6,3,20,No
3845,2024-01-31,9,50,8,No
1470,2024-09-18,4,15,7,Yes
2780,2024-06-30,6,18,21,No
3096,2024-03-13,8,7,3,Yes
2395,2024-01-12,9,41,8,No
4555,2024-07-22,9,3,19,Yes
1420,2024-05-05,6,43,16,No
3452,2024-04-14,8,37,18,Yes
956,2024-05-14,7,58,15,No
4746,2024-07-27,9,58,8,No
2882,2024-02-09,9,29,18,No
2426,2024-02-05,9,20,22,No
1176,2024-09-26,2,25,15,Yes
1285,2024-11-02,2,43,17,Yes
3803,2024-09-12,5,25,13,Yes
3401,2024-09-26,1,16,10,No
3600,2024-09-10,1,12,14,No
4623,2024-04-06,8,2,21,No
931,2024-08-17,5,13,20,No
4358,2024-03-14,7,13,7,No
1756,2024-09-23,4,28,20,No
3530,2024-04-01,8,18,10,No
1163,2024-11-29,2,30,2,No
2881,2024-07-14,7,3,15,Yes
3309,2024-06-27,8,4,8,Yes
1485,2024-11-04,7,3,12,Yes
2797,2024-04-06,6,12,11,No
1279,2024-12-03,2,9,12,No
2069,2024-04-21,5,14,2,Yes
2389,2024-12-20,8,9,18,Yes
1757,2024-09-16,7,17,15,Yes
1872,2024-01-22,7,15,24,No
2661,2024-05-26,4,30,1,Yes
2293,2024-02-22,3,43,10,No
86,2024-12-30,9,58,24,No
177,2024-11-09,3,36,12,Yes
3098,2024-02-03,6,21,4,No
108,2024-09-03,4,25,17,No
1833,2024-02-13,9,21,10,No
4550,2024-07-15,2,2,10,No
1229,2024-01-25,9,4,17,Yes
1633,2024-05-05,5,49,8,No
1377,2024-04-13,7,45,15,Yes
2616,2025-01-12,3,22,13,No
854,2024-12-12,1,38,1,Yes
4896,2024-04-28,1,49,3,No
1034,2024-02-01,6,49,11,No
1290,2024-09-15,9,41,11,No
3104,2024-07-10,5,40,5,Yes
10,2024-05-29,8,54,10,No
3212,2024-05-24,1,19,9,No
2218,2024-02-14,1,33,13,No
1497,2024-09-27,4,17,19,Yes
4183,2024-11-28,1,19,22,Yes
543,2024-06-03,8,28,19,No
2233,2024-05-07,1,51,4,No
4696,2024-08-02,2,53,10,No
298,2024-11-30,9,33,7,Yes
1261,2024-08-08,7,52,19,No
1479,2024-01-28,4,1,5,Yes
3991,2024-12-06,3,57,21,No
3980,2024-04-02,8,13,22,No
2067,2024-12-12,5,27,23,No
1449,2024-01-09,2,57,16,No
408,2024-11-18,7,27,3,No
3310,2024-11-05,8,5,6,Yes
4318,2024-04-11,6,34,13,No
702,2024-02-14,7,56,17,No
56,2024-04-23,2,25,6,No
4457,2024-08-29,4,5,20,No
3727,2024-10-10,1,34,1,Yes
3743,2024-10-03,4,13,7,Yes
1021,2024-01-25,4,31,3,Yes
2736,2025-01-09,7,55,19,No
2778,2024-03-22,5,30,22,No
4420,2024-12-16,7,31,15,Yes
3036,2024-02-04,8,21,19,Yes
498,2024-01-17,5,34,18,No
2610,2024-10-24,4,37,1,Yes
1168,2024-05-03,9,5,9,No
2592,2024-07-31,9,30,5,Yes
2476,2024-09-05,1,17,16,Yes
4705,2025-01-06,6,28,11,No
4511,2025-01-05,5,21,15,No
491,2024-07-30,5,3,21,Yes
1002,2024-09-12,1,10,22,No
2031,2024-08-22,7,15,8,Yes
147,2024-08-25,6,28,9,No
2721,2024-08-20,5,25,12,Yes
1374,2024-05-02,3,23,12,Yes
4636,2024-08-01,9,33,10,Yes
3484,2024-06-24,8,25,10,No
4221,2025-01-26,1,20,1,No
2290,2024-08-21,3,25,23,No
4248,2024-07-12,8,52,16,No
2404,2024-06-08,7,53,23,No
1,2024-07-01,5,16,4,No
545,2024-06-27,8,59,15,No
1055,2024-06-01,5,31,17,No
2852,2024-06-18,3,53,14,No
4105,2024-11-12,2,34,7,Yes
4592,2024-01-30,7,30,1,No
1698,2024-04-16,5,26,19,No
3615,2024-05-08,9,46,23,Yes
4494,2024-09-15,8,13,18,Yes
1719,2024-02-26,4,55,20,No
4055,2024-11-10,5,35,6,Yes
2987,2024-06-18,1,20,9,Yes
2600,2024-12-22,9,10,7,No
168,2024-05-08,8,1,6,Yes
1093,2024-04-13,9,2,10,No
3790,2024-07-02,6,41,12,No
3252,2025-01-30,2,41,20,Yes
98,2025-01-13,5,18,17,Yes
3949,2025-01-04,1,53,7,No
4890,2024-02-26,9,46,13,No
2248,2024-02-25,7,10,13,No
4561,2024-01-26,7,30,18,No
877,2024-03-12,5,35,2,No
2834,2024-07-14,7,9,13,Yes
4437,2024-11-15,9,51,22,No
3229,2024-04-14,4,14,17,No
1776,2024-10-20,2,13,14,Yes
1053,2024-06-10,4,47,20,No
1487,2024-07-09,7,40,19,No
2838,2024-04-15,6,48,22,No
3138,2024-04-30,3,4,24,No
1190,2024-01-26,6,53,5,No
3950,2024-10-02,2,18,22,No
1683,2024-11-12,9,56,6,No
4958,2025-01-09,5,53,5,No
176,2025-01-19,4,31,19,Yes
2556,2024-03-10,1,37,24,No
2114,2024-04-08,3,39,22,No
690,2024-12-19,5,10,8,No
4081,2024-05-07,9,8,21,No
4590,2024-04-06,8,10,22,No
1332,2024-11-30,3,2,18,No
2270,2024-02-12,9,51,4,No
4369,2024-04-15,3,28,8,Yes
4278,2024-07-05,3,27,15,No
1830,2024-12-13,1,16,3,No
1892,2025-01-16,5,2,5,No
2800,2024-02-05,8,35,7,No
3916,2024-06-08,1,16,22,No
3447,2024-12-01,8,2,13,Yes
915,2024-09-23,9,4,23,No
3631,2024-06-10,2,32,8,Yes
1193,2024-06-21,2,38,15,No
2306,2025-01-17,6,8,15,Yes
2947,2024-01-15,6,10,11,Yes
2489,2024-08-25,2,13,11,Yes
344,2024-01-12,3,21,10,Yes
4839,2024-03-14,4,48,3,Yes
4126,2024-07-11,2,44,22,No
839,2024-05-08,8,17,1,No
61,2024-01-09,3,30,1,Yes
2299,2024-08-09,4,57,7,No
1691,2024-03-11,2,19,18,Yes
1012,2024-08-04,7,53,17,Yes
4332,2024-01-08,1,47,6,Yes
1938,2024-07-16,4,9,7,No
266,2024-08-13,6,5,23,No
2907,2024-05-24,8,32,15,No
4923,2025-01-02,1,15,21,No
3057,2024-02-24,9,7,20,No
4968,2024-06-12,2,38,18,No
373,2024-11-19,1,48,13,No
3282,2024-03-04,1,8,3,No
1691,2025-01-17,7,25,3,No
651,2024-06-01,3,19,23,No
589,2024-06-05,1,27,15,Yes
1147,2024-09-16,9,40,13,No
3998,2024-09-01,5,4,13,No
3920,2024-08-11,8,52,1,Yes
2129,2024-03-21,7,4,8,No
920,2024-02-24,9,23,22,Yes
4705,2024-08-03,6,45,22,Yes
3031,2024-05-26,7,22,20,No
2698,2024-10-14,8,8,8,No
3284,2024-05-05,4,21,4,No
2990,2025-01-11,7,37,15,Yes
3412,2024-05-10,7,41,18,No
4533,2024-12-04,5,48,14,No
3772,2024-03-10,4,36,13,Yes
1190,2024-08-20,9,30,22,No
270,2024-12-22,1,57,11,Yes
1531,2024-10-23,9,59,11,No
205,2024-08-20,2,29,11,No
3500,2024-05-07,7,14,1,No
677,2024-01-28,3,13,7,Yes
2748,2024-03-30,7,24,20,No
286,2024-10-25,7,15,21,Yes
4688,2024-05-24,2,32,13,Yes
186,2024-01-28,8,43,18,No
4078,2024-08-11,9,22,10,Yes
2072,2024-10-17,6,41,11,No
3858,2024-06-16,1,24,16,No
3080,2024-09-01,6,49,8,No
4027,2024-03-27,4,49,17,Yes
3016,2024-06-25,2,57,1,No
2558,2024-03-26,5,24,10,No
3050,2024-12-07,1,24,7,No
2552,2024-01-18,8,1,17,No
463,2024-03-21,1,13,24,No
3529,2024-04-27,2,19,10,No
2100,2025-01-14,5,3,10,Yes
2601,2025-01-31,4,33,12,Yes
1218,2024-07-03,7,48,14,No
3818,2024-09-16,5,49,15,No
4145,2024-11-13,3,23,1,No
4222,2024-04-15,8,40,7,Yes
3148,2024-08-20,8,6,4,Yes
259,2024-08-24,1,41,1,No
3160,2025-01-28,2,5,19,Yes
4973,2024-02-27,8,7,4,Yes
4887,2024-03-23,1,48,5,No
1828,2024-07-10,8,17,21,Yes
1378,2024-10-06,7,50,2,No
2909,2024-04-02,6,51,16,Yes
4689,2024-10-01,6,56,12,No
432,2024-05-15,8,5,24,No
766,2024-09-28,3,36,2,No
4427,2025-01-27,9,4,6,No
18,2024-10-13,6,4,11,No
3303,2024-11-04,8,25,8,Yes
4919,2024-02-13,3,32,24,No
895,2024-10-29,8,7,13,Yes
3390,2024-12-08,1,25,13,No
2561,2025-01-02,8,31,16,Yes
4223,2024-10-28,9,31,8,No
841,2024-06-02,7,51,12,No
2251,2024-11-04,3,1,3,No
4581,2024-07-02,1,17,6,Yes
4040,2024-02-12,4,57,6,Yes
4899,2024-07-15,6,55,15,No
1242,2024-12-13,6,52,24,No
1634,2025-01-06,8,23,22,No
778,2024-06-19,6,45,24,No
1766,2024-11-15,5,6,19,Yes
2423,2024-10-25,9,12,14,Yes
183,2024-02-04,9,5,9,Yes
1771,2025-01-18,8,53,13,No
3185,2024-12-27,1,22,10,Yes
4975,2024-12-24,1,11,24,No
2116,2024-10-25,1,54,13,No
1211,2024-05-21,1,13,17,No
2204,2024-06-09,1,31,20,No
4699,2024-07-20,2,49,8,Yes
4324,2024-12-02,9,52,10,No
2897,2024-05-30,1,40,6,No
3287,2024-06-01,1,24,17,No
2758,2024-08-09,4,11,17,Yes
2502,2024-05-08,4,29,9,No
4233,2025-01-27,6,51,16,Yes
3057,2024-06-13,1,31,20,No
2902,2024-03-14,3,12,1,Yes
1661,2024-05-01,3,1,18,No
2239,2024-10-26,4,16,3,Yes
3878,2024-01-04,4,10,11,Yes
1121,2024-01-16,4,36,16,Yes
3855,2024-05-12,9,40,16,Yes
3109,2024-02-07,6,29,11,Yes
482,2024-07-08,6,47,1,No
3000,2024-03-27,7,57,12,No
4561,2024-06-04,7,1,20,No
439,2024-03-20,5,1,18,No
4753,2025-01-12,8,11,3,No
4034,2024-09-26,1,53,12,No
2727,2024-07-11,8,55,5,No
2761,2024-09-10,6,26,23,No
3661,2024-10-02,7,5,11,No
4617,2024-07-06,4,15,6,No
784,2024-06-18,3,4,17,Yes
1515,2024-05-10,3,28,3,No
4595,2024-09-09,9,30,11,Yes
1423,2024-01-05,2,46,20,No
4983,2024-02-05,7,58,1,No
887,2024-09-14,9,52,15,No
1099,2024-10-28,6,37,20,No
350,2024-08-28,7,53,18,Yes
3487,2025-01-25,6,49,11,Yes
510,2024-09-06,7,50,20,Yes
293,2024-11-02,5,28,2,No
3116,2024-12-17,1,13,3,No
1425,2024-06-26,6,59,2,No
3609,2025-01-26,4,34,21,Yes
3742,2024-01-24,5,3,13,No
549,2024-03-04,1,18,4,No
1522,2024-12-16,4,39,10,No
491,2024-06-03,8,25,6,Yes
1815,2024-07-11,9,16,19,No
3218,2024-08-19,6,52,24,No
4131,2024-01-23,8,3,24,Yes
4109,2025-01-18,9,10,11,Yes
2621,2024-11-11,7,29,8,No
3498,2024-12-13,3,2,23,Yes
2104,2025-01-20,8,56,2,No
2400,2024-04-26,3,44,22,Yes
3147,2024-08-04,1,19,9,No
4209,2024-09-07,3,57,3,No
2437,2024-03-14,7,13,4,No
998,2025-01-23,7,42,8,Yes
2668,2024-11-24,5,5,4,Yes
1368,2024-06-24,5,2,19,Yes
899,2024-01-23,2,10,6,No
27,2025-01-15,8,4,20,No
2765,2024-03-06,6,37,14,No
682,2024-09-14,5,38,16,Yes
4042,2024-12-23,9,26,15,Yes
2332,2024-01-15,3,43,22,No
603,2024-01-30,3,3,16,No
2130,2024-12-19,7,27,14,Yes
4845,2024-06-07,1,15,17,Yes
2628,2024-12-07,4,38,15,Yes
3557,2024-02-09,9,18,23,Yes
736,2024-08-24,5,53,2,Yes
991,2024-09-04,4,29,16,Yes
1492,2024-12-30,9,22,6,Yes
2114,2024-01-17,2,51,8,No
1133,2024-11-21,6,16,3,No
1196,2024-09-10,5,27,13,No
708,2024-05-03,5,57,14,No
1710,2024-05-18,6,50,11,No
260,2024-12-24,6,30,12,No
1717,2024-08-04,2,6,10,Yes
2728,2024-01-22,6,49,19,No
1111,2024-12-10,1,53,3,No
790,2024-05-07,7,37,18,No
934,2024-02-24,3,27,5,Yes
1632,2024-07-30,4,49,16,No
1396,2024-02-20,4,53,23,No
235,2024-04-23,6,57,2,No
3185,2024-12-05,5,50,22,Yes
638,2024-06-01,6,19,10,Yes
4286,2024-01-07,7,29,5,No
2722,2025-01-17,3,53,3,Yes
3883,2024-09-06,8,50,11,No
3957,2024-10-27,4,20,12,Yes
808,2024-11-12,7,42,7,No
4719,2024-03-06,8,45,22,Yes
3254,2024-12-16,7,16,7,No
3982,2025-01-16,3,42,8,No
2645,2024-02-14,3,26,17,No
3134,2024-07-16,8,11,20,No
3566,2024-05-17,6,22,18,Yes
3780,2024-06-28,5,2,8,Yes
340,2024-09-03,4,32,22,No
833,2024-06-14,1,43,17,Yes
2643,2024-03-31,3,50,14,No
2379,2024-09-06,5,1,16,No
2671,2024-06-25,6,5,9,No
4252,2024-05-27,3,46,21,No
2653,2024-11-27,6,30,9,No
23,2024-04-01,8,17,12,No
478,2025-01-02,8,44,11,No
808,2024-09-14,6,2,18,No
3746,2024-12-30,4,50,16,No
2989,2024-12-07,2,49,19,No
4161,2024-04-13,8,23,22,No
2385,2024-03-05,9,28,12,No
3804,2025-01-24,6,49,3,Yes
2586,2024-10-14,1,16,24,No
2710,2025-01-21,8,51,9,Yes
4885,2024-07-23,1,10,20,Yes
3807,2024-09-07,8,53,7,Yes
1850,2024-12-17,4,41,3,Yes
729,2024-09-14,2,40,13,Yes
709,2024-06-22,3,8,8,No
1739,2024-02-16,6,7,8,Yes
1294,2024-06-30,5,48,13,No
3860,2024-12-14,8,37,12,No
3413,2024-01-27,7,27,16,Yes
1517,2024-08-04,4,46,11,No
1618,2024-07-19,8,7,2,No
3032,2024-09-23,6,9,3,Yes
4382,2024-09-17,1,11,6,Yes
4776,2024-02-05,4,33,9,No
854,2024-06-26,6,38,15,No
2830,2024-07-02,1,37,18,No
893,2025-01-15,5,39,19,Yes
512,2024-08-27,5,5,13,Yes
4102,2024-02-26,2,24,1,No
154,2024-12-20,1,51,14,Yes
692,2024-06-15,3,46,21,Yes
2092,2024-07-05,6,32,6,Yes
681,2024-07-31,8,15,22,No
2247,2024-12-12,8,27,3,No
2292,2024-08-01,8,4,15,No
1312,2024-02-11,6,57,17,No
4867,2024-08-03,7,20,4,No
2745,2024-07-31,8,17,6,No
4724,2024-10-13,7,3,13,No
3706,2024-10-25,9,35,19,No
3892,2024-06-03,9,53,24,Yes
3151,2024-01-23,6,6,22,No
1063,2024-10-16,4,28,23,Yes
2088,2024-05-02,2,51,7,No
3929,2024-08-03,8,38,18,No
3124,2025-01-17,4,35,23,Yes
302,2024-05-02,3,11,11,No
4157,2024-07-17,3,3,15,No
3955,2024-05-08,2,51,9,No
3881,2024-07-27,7,40,22,No
2801,2024-11-23,6,20,19,No
925,2024-01-08,7,18,18,No
3767,2024-06-23,8,7,14,No
2180,2024-10-18,9,22,13,Yes
385,2024-07-08,4,51,11,No
538,2024-06-09,3,12,3,No
3530,2024-03-02,1,52,10,No
2793,2024-12-22,1,48,21,Yes
2379,2024-07-30,5,39,20,No
2414,2024-02-29,8,59,24,No
4849,2024-02-06,2,17,23,No
1451,2024-04-22,8,22,6,Yes
1919,2024-04-16,5,54,15,No
2519,2024-10-27,2,22,16,No
2859,2024-06-20,4,14,5,Yes
3278,2024-07-31,1,23,18,No
3482,2024-04-06,2,35,4,Yes
3545,2024-04-05,9,48,19,Yes
4708,2024-03-08,9,57,12,No
4861,2024-05-13,5,54,24,No
986,2024-07-09,3,24,23,No
4252,2024-02-08,4,30,24,No
1078,2024-09-18,1,17,22,Yes
16,2024-03-17,3,14,19,No
1392,2024-07-10,2,30,12,Yes
1198,2024-07-21,9,42,11,No
1150,2024-11-06,6,38,11,No
4355,2024-07-25,5,7,5,Yes
2579,2024-02-04,3,5,5,No
316,2024-10-30,2,39,5,No
508,2024-03-06,3,6,22,No
2023,2024-02-11,7,24,6,No
4446,2024-03-15,7,13,21,Yes
36,2024-11-24,6,29,20,Yes
2917,2024-12-29,4,31,23,No
2167,2024-08-07,8,17,4,No
4191,2024-10-17,8,18,5,No
3466,2024-08-18,8,13,20,No
551,2025-01-13,8,46,6,No
303,2024-06-08,5,5,1,Yes
1123,2024-10-12,2,35,15,No
3325,2025-01-24,9,10,19,No
915,2024-12-24,7,15,6,No
148,2024-07-17,9,29,22,No
3653,2024-10-23,6,58,16,No
4600,2024-09-05,6,27,12,Yes
4878,2024-10-10,5,46,22,Yes
3871,2024-06-04,3,21,23,No
3066,2024-09-26,6,7,16,No
2300,2024-09-03,7,47,8,No
282,2024-10-19,2,28,16,Yes
1327,2025-01-20,3,36,21,No
2940,2024-09-16,8,2,17,Yes
77,2024-11-17,7,58,1,No
4643,2024-11-06,9,51,12,No
817,2024-07-28,8,39,16,No
1151,2025-01-13,4,43,7,Yes
1655,2024-04-11,1,28,24,No
2727,2024-02-13,4,21,19,Yes
4703,2024-10-19,2,28,4,No
3681,2024-08-05,2,57,19,No
78,2024-04-24,4,15,17,No
4888,2024-01-30,2,55,6,No
2050,2024-06-26,6,18,22,No
2393,2024-03-23,2,43,12,No
34,2024-09-10,6,50,6,No
3962,2024-11-17,5,55,1,No
3647,2024-01-27,4,49,18,No
1218,2024-05-13,9,23,15,Yes
195,2024-12-28,9,26,18,Yes
2453,2024-04-14,4,19,18,No
3554,2024-07-18,3,35,16,Yes
166,2024-10-19,4,2,2,Yes
1201,2024-04-03,8,23,11,No
971,2024-04-02,6,45,20,No
2708,2025-01-25,8,46,23,Yes
3542,2024-06-26,1,38,13,No
4055,2024-10-15,6,52,9,No
3653,2025-01-09,5,29,3,No
2473,2024-02-10,4,48,17,Yes
3005,2024-08-04,5,13,11,Yes
3897,2024-05-08,2,33,4,Yes
1951,2024-03-09,3,17,9,Yes
2863,2024-04-30,6,49,23,Yes
2457,2024-01-03,3,46,19,No
4599,2024-03-02,5,25,17,Yes
4380,2024-03-09,4,17,15,Yes
2634,2024-09-04,9,58,2,No
3259,2024-05-24,9,6,19,Yes
1288,2024-07-26,9,8,13,No
1311,2024-10-27,3,28,18,No
3213,2025-01-02,8,53,2,Yes
1618,2025-01-27,4,34,19,No
1296,2024-01-06,8,33,18,Yes
4965,2024-02-26,4,48,14,No
4118,2024-09-06,1,23,7,No
3258,2024-07-18,6,49,4,Yes
4211,2024-04-14,2,46,11,No
4032,2024-02-25,3,14,17,No
3396,2025-01-20,1,7,19,No
501,2024-11-06,6,21,13,No
3527,2024-02-16,3,1,19,No
2173,2024-10-19,1,37,21,No
2054,2024-09-14,3,38,4,Yes
2736,2024-08-05,5,16,5,Yes
194,2024-05-04,9,25,24,No
3971,2024-08-26,2,6,8,No
4042,2024-12-15,9,45,20,No
2737,2024-11-29,7,49,1,No
2409,2024-01-09,3,49,12,No
4696,2024-09-25,3,40,22,No
2344,2024-07-04,8,23,12,No
1788,2024-12-07,2,21,8,Yes
4391,2024-06-26,9,9,9,Yes
1828,2024-04-25,5,35,11,No
2847,2024-07-17,4,16,8,No
2086,2024-01-03,3,14,6,Yes
1809,2024-08-03,7,33,8,Yes
4503,2024-03-17,5,50,4,No
3893,2024-03-29,6,49,11,No
2004,2024-04-08,4,34,21,No
2981,2024-01-07,9,59,9,No
1788,2024-07-30,6,49,15,No
4744,2024-04-06,4,3,17,No
152,2024-06-27,9,34,20,No
252,2024-08-01,6,3,16,Yes
2550,2024-08-28,3,49,6,No
4753,2024-04-15,4,34,23,Yes
341,2024-11-24,6,25,11,No
4554,2025-01-12,2,13,21,Yes
3423,2024-06-29,3,55,19,No
2952,2024-09-08,2,53,17,Yes
3927,2024-08-20,8,16,9,No
3819,2024-07-10,9,7,23,No
4442,2024-07-19,7,42,9,No
2271,2024-11-13,7,5,23,No
2722,2025-01-09,3,38,16,No
3472,2024-05-28,2,26,20,Yes
1902,2024-03-26,5,54,23,Yes
1787,2025-01-27,6,43,11,Yes
132,2024-11-07,2,46,14,No
3087,2024-09-23,1,36,2,No
660,2024-06-07,9,51,3,No
745,2024-02-03,1,34,20,No
1487,2024-01-01,8,11,3,No
1617,2024-06-01,3,3,9,Yes
3009,2024-01-05,9,45,14,No
2523,2024-12-29,6,21,23,No
1532,2024-01-19,7,54,4,No
2204,2024-04-21,8,23,18,No
3073,2025-01-16,6,43,22,Yes
3971,2024-03-22,2,12,1,Yes
4922,2024-08-28,8,45,10,Yes
1136,2024-04-14,1,9,5,Yes
4532,2024-01-10,7,29,16,Yes
229,2024-04-21,4,35,10,No
1944,2025-01-20,9,44,4,No
2368,2024-03-06,6,18,20,No
447,2024-06-06,6,51,13,No
3012,2025-01-27,8,14,15,Yes
3654,2024-09-25,1,15,2,Yes
1814,2024-03-30,3,8,10,Yes
2116,2024-12-29,4,22,1,No
4985,2024-08-15,7,35,1,Yes
4286,2024-06-04,2,48,7,No
2888,2024-12-21,9,9,18,No
4247,2024-07-14,5,58,6,No
2315,2024-04-15,1,17,24,Yes
3694,2025-01-18,8,57,8,No
1578,2024-06-15,6,48,2,No
2996,2024-03-06,2,37,10,No
1366,2024-12-15,4,48,24,No
2133,2025-01-06,1,17,24,Yes
2125,2024-04-27,2,54,21,Yes
3951,2024-06-23,6,11,10,Yes
2165,2024-07-30,6,56,20,No
2526,2024-02-11,4,44,22,No
3649,2024-02-29,3,59,7,Yes
4619,2024-10-12,2,40,13,Yes
1183,2024-09-20,6,28,16,Yes
1394,2024-12-19,2,54,23,No
4850,2025-01-20,1,48,16,Yes
1593,2024-03-18,2,38,16,Yes
4818,2024-01-07,6,13,15,Yes
4816,2024-05-04,4,44,2,Yes
860,2024-10-03,3,57,15,No
4720,2024-01-02,3,36,10,Yes
2533,2024-12-17,3,40,19,No
2963,2024-08-07,3,37,10,No
2330,2024-12-10,3,58,2,No
4906,2024-12-26,4,45,11,No
3624,2025-01-03,1,36,17,No
3139,2024-10-25,9,30,24,Yes
3992,2024-06-17,4,26,9,Yes
2116,2024-09-15,5,10,18,Yes
1601,2024-12-07,8,27,18,Yes
1875,2024-07-30,6,19,9,No
2039,2024-03-12,7,20,6,No
3005,2024-12-04,2,35,16,No
4630,2024-02-04,6,37,1,No
3417,2024-10-14,1,12,4,No
3337,2024-06-20,3,32,2,No
673,2024-04-12,3,15,8,Yes
1701,2024-11-28,6,5,12,Yes
1436,2024-12-06,2,4,2,No
2080,2024-02-02,2,5,13,No
1879,2024-12-29,2,9,16,Yes
657,2024-02-22,5,24,22,Yes
1849,2024-02-18,5,25,2,No
3188,2024-12-01,3,12,5,Yes
4953,2024-03-24,4,15,4,No
4473,2024-09-14,3,53,1,No
3559,2025-01-25,7,53,21,No
4979,2024-02-10,8,56,23,No
393,2024-08-26,1,20,19,No
3388,2024-09-05,5,13,15,Yes
4787,2024-11-04,9,45,11,Yes
2137,2024-01-16,1,43,22,No
651,2024-04-17,9,46,12,Yes
479,2024-11-22,6,6,16,No
3631,2024-07-19,6,29,2,No
4455,2024-08-05,3,50,18,Yes
533,2024-07-16,9,29,5,Yes
4227,2024-07-20,1,17,22,No
3348,2024-04-27,1,7,15,No
3803,2024-07-19,5,21,7,No
2028,2024-11-29,2,4,15,Yes
310,2025-01-03,6,15,9,No
797,2024-11-11,6,59,9,No
737,2024-06-04,6,40,5,No
2622,2024-09-02,2,54,3,No
3829,2024-03-30,7,39,14,Yes
280,2024-09-16,5,42,3,Yes
497,2024-02-07,5,24,8,Yes
4709,2024-11-28,1,19,23,Yes
1995,2024-05-06,4,50,4,No
3274,2024-03-22,8,13,14,No
4980,2024-07-31,9,31,21,Yes
4113,2024-06-16,1,29,12,Yes
1855,2024-10-24,1,8,22,No
3614,2024-09-20,1,36,22,Yes
2989,2024-05-23,6,20,17,No
532,2024-06-21,7,36,8,No
1581,2024-01-06,8,26,15,No
425,2024-04-08,9,30,16,No
49,2024-04-12,7,59,11,No
3735,2024-12-16,8,1,3,No
490,2024-09-08,5,47,18,Yes
4296,2024-11-08,8,7,21,Yes
4670,2024-01-26,9,23,22,No
1623,2025-01-02,9,19,22,Yes
4309,2024-03-29,2,39,7,Yes
1639,2024-12-07,6,2,18,No
972,2024-12-05,6,36,1,No
119,2024-11-03,4,9,24,No
2574,2024-05-22,9,39,1,No
3860,2024-01-16,1,26,11,No
3665,2024-04-25,5,34,1,Yes
1483,2024-09-08,6,37,15,No
1117,2024-07-03,1,34,1,Yes
49,2024-04-21,3,44,5,Yes
218,2024-06-25,7,42,21,No
443,2024-11-20,3,37,8,No
1733,2024-12-18,1,13,2,Yes
4280,2024-04-11,7,29,10,No
4021,2024-12-07,2,58,24,No
31,2025-01-15,6,20,1,No
2144,2024-02-25,7,46,16,No
3596,2024-12-03,7,30,18,Yes
3616,2024-04-12,7,47,16,Yes
3799,2024-03-20,5,51,17,Yes
1738,2024-12-29,8,26,17,No
1357,2024-05-08,2,29,20,Yes
4592,2025-01-13,2,50,14,No
1493,2024-06-24,7,45,21,No
449,2024-03-05,1,31,5,Yes
4577,2024-12-18,7,22,11,Yes
3768,2024-08-17,8,5,19,No
3178,2024-12-18,4,16,16,Yes
920,2024-06-17,1,20,16,Yes
2844,2024-07-31,5,46,4,No
1831,2024-08-19,8,36,7,Yes
1287,2024-02-20,7,53,5,No
3048,2024-10-25,9,26,4,Yes
3806,2024-11-19,5,7,19,Yes
4570,2024-06-24,4,18,19,No
1045,2024-01-25,3,23,21,No
4752,2025-01-09,8,50,23,No
334,2024-05-07,9,16,4,No
3243,2024-01-28,2,10,13,Yes
1333,2024-07-08,1,58,6,No
342,2024-07-25,8,33,5,No
1175,2024-09-13,4,32,10,Yes
2656,2024-08-20,8,49,13,No
3380,2024-10-11,2,55,18,Yes
1350,2024-02-01,4,42,22,No
3104,2024-08-21,6,45,11,No
1635,2024-02-04,1,46,18,Yes
1417,2024-03-05,2,46,22,Yes
3228,2024-12-24,4,40,15,No
2580,2025-01-30,3,26,13,Yes
2746,2024-07-22,2,27,10,No
3562,2024-06-17,8,32,5,No
3979,2024-03-18,9,18,14,No
2642,2024-05-25,6,25,19,Yes
543,2024-11-14,8,19,23,No
536,2024-05-29,9,38,16,Yes
117,2024-10-04,9,32,7,No
3868,2024-11-05,9,13,6,Yes
250,2024-02-06,2,13,23,Yes
4196,2024-09-13,8,8,21,Yes
3124,2024-07-01,9,31,12,No
1991,2024-03-22,3,19,20,No
3683,2025-01-05,6,49,16,Yes
4459,2024-11-02,4,57,8,No
4375,2024-09-15,4,28,4,No
2145,2024-05-01,1,48,10,No
3257,2024-09-16,7,42,13,No
3214,2024-09-14,3,38,5,No
2739,2024-03-27,9,5,6,No
3998,2024-01-03,8,16,20,No
266,2024-12-31,1,49,13,Yes
3127,2024-02-07,5,4,2,Yes
893,2024-06-16,1,1,22,No
3385,2024-03-02,1,42,23,No
2772,2024-05-21,9,22,22,No
730,2024-10-27,1,9,12,No
4567,2024-08-27,6,38,1,No
4970,2024-08-14,5,17,20,Yes
838,2024-09-11,9,25,16,Yes
2533,2024-07-30,3,8,13,Yes
2439,2024-05-17,5,28,11,Yes
744,2024-10-21,8,41,24,Yes
8,2024-02-15,9,3,16,Yes
2052,2024-05-05,6,53,15,No
2544,2024-07-23,9,31,5,Yes
1712,2025-01-06,3,54,2,No
1622,2024-02-13,9,56,21,Yes
772,2024-07-28,4,29,14,No
2923,2024-06-29,6,51,8,No
1436,2024-08-13,5,50,23,Yes
2971,2024-07-30,9,51,11,No
489,2024-06-26,9,42,24,Yes
2138,2024-03-11,1,52,4,Yes
2448,2024-09-17,4,23,14,No
1291,2024-03-26,4,39,5,Yes
715,2024-03-09,9,34,12,Yes
2629,2024-12-26,9,19,12,Yes
3580,2025-01-19,7,11,11,No
921,2024-07-17,7,59,11,No
313,2024-02-25,7,24,14,Yes
539,2024-10-17,5,1,23,Yes
444,2024-12-01,5,55,12,Yes
3013,2024-06-16,8,8,1,No
4269,2024-12-02,9,55,15,Yes
2179,2024-05-17,9,57,11,No
2733,2024-12-28,2,11,8,Yes
1784,2024-10-15,7,20,4,No
3533,2024-12-07,6,15,3,No
3393,2024-01-13,5,55,16,No
1019,2024-03-08,6,42,13,Yes
588,2024-10-15,4,29,23,No
928,2024-06-05,9,50,10,No
211,2024-10-14,8,28,15,Yes
1871,2024-05-14,5,20,12,No
4644,2024-10-24,8,42,6,No
2905,2024-05-31,3,38,2,No
4183,2024-04-07,8,17,10,No
2075,2024-12-09,1,14,20,No
4443,2025-01-16,7,15,4,No
4486,2024-05-11,2,34,1,No
437,2025-01-14,7,52,14,Yes
3101,2024-06-12,2,50,8,Yes
3122,2024-08-22,6,54,7,No
4607,2024-09-02,5,1,14,No
1906,2024-07-28,4,16,24,Yes
1628,2024-07-21,1,51,10,No
4687,2024-02-09,1,1,4,No
3602,2025-01-04,9,54,12,Yes
119,2024-05-01,5,7,21,No
1398,2024-10-04,1,15,22,Yes
3060,2024-10-01,1,40,23,No
3343,2024-08-11,7,53,6,Yes
1976,2024-06-24,2,41,1,No
1896,2024-11-16,5,35,17,No
4014,2024-06-23,4,42,14,Yes
3276,2024-01-09,1,20,24,No
2847,2025-01-12,7,17,16,Yes
3725,2024-01-18,7,21,20,Yes
696,2024-12-28,9,28,22,No
4094,2024-10-25,9,26,1,No
2411,2024-02-16,6,55,9,No
2921,2024-12-23,6,40,10,No
4989,2024-07-07,6,10,1,No
2998,2024-10-31,6,33,16,Yes
2163,2024-06-26,2,3,19,Yes
545,2025-01-03,8,7,8,No
1743,2024-07-23,3,48,18,Yes
2450,2025-01-16,8,40,23,No
2542,2024-08-15,1,38,10,Yes
2721,2024-09-20,4,16,3,Yes
66,2024-04-06,3,1,15,No
849,2024-03-13,7,23,13,No
2384,2024-04-16,8,24,19,No
80,2024-10-15,1,2,1,No
2415,2024-12-22,2,23,21,No
3079,2024-11-29,9,13,2,No
1833,2025-01-14,8,27,7,No
2904,2025-01-26,1,32,1,No
769,2024-07-05,3,18,2,No
4631,2025-01-22,8,43,3,No
2184,2024-10-29,6,57,3,No
1144,2025-01-22,6,44,22,No
4983,2024-04-06,6,20,23,Yes
3657,2024-07-15,6,11,9,Yes
2883,2024-01-08,6,27,14,No
1394,2024-02-29,5,35,24,No
614,2024-10-23,9,59,2,No
3480,2024-05-25,2,30,16,No
487,2024-02-14,1,24,9,No
1849,2024-03-19,5,8,11,No
1158,2024-11-22,8,32,20,Yes
606,2024-08-23,7,23,6,Yes
1797,2024-01-16,7,22,15,Yes
3467,2024-07-31,5,3,1,Yes
2139,2024-07-15,9,7,16,Yes
3765,2024-02-24,7,23,10,Yes
120,2024-10-14,8,14,8,No
1813,2025-01-31,5,11,19,Yes
1748,2024-06-16,8,31,22,No
4376,2024-12-09,8,51,7,No
779,2024-04-27,7,15,24,No
4922,2024-07-28,3,53,8,No
3642,2024-01-18,6,19,23,Yes
3708,2024-12-27,9,12,10,No
697,2024-09-28,5,15,14,No
3698,2024-09-09,4,53,1,No
1361,2024-09-30,7,46,18,Yes
4771,2024-01-22,6,56,15,No
3148,2024-08-12,6,17,10,Yes
1755,2024-03-10,9,16,4,Yes
1594,2024-01-01,4,27,2,No
494,2024-12-08,2,8,15,No
4049,2024-03-12,7,26,20,No
398,2024-01-15,8,25,13,Yes
1562,2024-04-24,1,18,11,No
1146,2024-11-20,8,36,17,No
596,2024-12-30,6,36,3,No
2753,2024-04-19,8,14,12,No
1071,2024-10-08,7,56,24,Yes
221,2024-10-08,6,29,12,No
4848,2024-02-21,2,51,15,Yes
30,2024-02-04,8,1,16,Yes
264,2024-03-21,1,44,6,Yes
2497,2024-01-06,8,24,17,No
2634,2025-01-23,1,47,14,Yes
3240,2024-10-22,1,41,16,Yes
4985,2024-11-12,4,36,7,Yes
1423,2024-08-06,8,33,16,Yes
3038,2024-07-21,5,15,16,No
2420,2024-09-01,6,46,17,No
733,2024-08-07,3,26,16,No
2769,2024-04-22,8,18,18,No
1394,2024-08-14,5,57,12,Yes
4674,2024-03-24,9,49,22,No
4957,2024-01-09,4,52,14,No
4801,2024-04-12,3,3,24,No
2875,2024-11-27,1,49,10,No
246,2024-08-15,9,45,6,Yes
2617,2024-04-24,2,2,5,No
4043,2024-05-31,6,29,4,No
136,2025-01-31,3,43,11,No
1144,2024-05-08,7,36,19,No
353,2024-09-14,4,50,11,No
805,2024-04-24,7,38,12,Yes
114,2024-07-11,6,10,6,Yes
3236,2024-07-04,7,4,8,No
2242,2024-08-03,6,47,8,No
2608,2024-09-04,6,8,22,No
4689,2024-01-01,8,56,16,Yes
2421,2024-08-23,7,18,23,Yes
1049,2024-11-23,8,16,19,Yes
753,2024-02-21,9,12,5,Yes
2176,2024-10-23,5,31,5,No
4158,2024-11-18,1,53,19,No
1884,2024-12-22,3,27,8,No
4891,2024-01-02,5,26,16,Yes
1704,2024-06-26,2,59,5,No
3655,2024-07-26,7,46,8,No
4859,2024-12-03,6,46,8,Yes
1518,2024-06-15,4,45,3,No
71,2024-09-08,9,49,22,No
1292,2024-05-26,3,49,22,No
802,2024-04-09,1,59,13,No
4836,2024-10-28,1,1,6,Yes
4790,2024-07-27,6,37,10,Yes
1806,2024-09-07,5,59,16,Yes
3816,2024-09-01,8,4,7,No
3892,2024-01-18,2,39,8,No
4413,2024-06-11,9,22,6,Yes
1309,2024-05-13,9,35,12,No
3936,2024-07-19,7,10,21,Yes
4951,2024-08-18,9,35,6,No
659,2024-04-13,4,43,20,Yes
1326,2024-11-03,2,29,17,Yes
258,2024-05-04,9,54,11,No
3038,2024-02-08,8,5,8,No
676,2024-07-19,8,24,22,Yes
51,2024-05-08,8,27,19,Yes
2863,2025-01-06,7,20,17,No
4693,2024-11-01,3,57,20,Yes
1570,2024-01-03,8,50,23,Yes
429,2024-10-29,8,29,24,No
3385,2025-01-15,3,45,11,No
3995,2024-06-23,6,24,4,No
876,2024-05-18,1,25,10,Yes
2859,2024-08-05,3,7,18,No
3694,2024-10-08,9,51,4,Yes
4936,2024-11-30,6,24,3,Yes
3386,2024-09-29,2,16,5,No
3956,2024-09-10,6,15,16,No
339,2025-01-17,7,11,7,No
1950,2024-05-03,5,25,20,No
4983,2025-01-02,6,55,8,No
686,2024-12-04,7,38,11,Yes
2126,2024-01-26,5,53,5,Yes
2717,2025-01-21,4,58,20,No
368,2024-06-30,4,51,7,No
4191,2024-09-21,9,37,6,Yes
601,2024-09-14,9,38,2,No
4355,2024-08-07,6,46,18,No
2585,2024-09-30,1,9,6,No
2641,2024-03-04,1,24,17,No
589,2024-01-30,2,19,10,No
4798,2024-03-23,6,5,12,No
2385,2024-06-18,8,46,17,No
1388,2024-04-18,4,53,23,No
1965,2024-02-18,6,4,20,No
122,2024-03-10,6,1,9,No
2347,2024-10-28,7,20,3,No
3734,2024-03-31,1,35,20,Yes
2388,2024-08-04,3,16,8,No
3490,2024-08-02,6,54,16,Yes
4305,2024-03-06,1,33,14,No
3834,2024-06-10,1,33,10,Yes
2038,2024-05-19,1,59,9,No
3134,2024-09-10,7,18,1,Yes
933,2024-09-17,5,48,2,Yes
3020,2024-01-25,3,49,5,No
2910,2024-12-17,6,22,19,No
1671,2024-01-17,8,35,7,No
4364,2024-10-15,3,32,1,Yes
358,2024-06-16,7,55,5,No
1436,2024-09-21,5,20,16,No
3515,2024-01-27,4,49,14,No
4809,2024-06-05,5,30,20,No
3788,2024-01-08,6,48,15,Yes
477,2024-02-16,8,52,21,No
412,2024-05-30,7,57,7,No
1552,2024-07-16,7,31,21,No
1244,2024-03-03,2,28,15,No
3324,2024-06-10,6,23,24,Yes
49,2024-11-07,8,52,23,No
400,2024-08-27,8,48,3,Yes
4858,2025-01-28,2,37,11,No
4988,2025-01-10,2,57,18,No
583,2024-01-07,5,57,19,No
310,2024-01-21,4,49,13,No
3432,2024-01-14,2,50,20,Yes
290,2024-02-06,2,27,2,Yes
1140,2024-10-23,5,55,13,No
3906,2024-12-09,2,37,10,No
4023,2024-01-29,7,23,5,No
1490,2024-01-18,2,5,16,No
1245,2024-08-18,3,48,23,No
1340,2024-04-17,3,45,20,Yes
4304,2024-09-22,5,55,3,Yes
3444,2024-09-16,7,53,15,No
428,2024-06-12,4,39,22,No
1833,2024-05-11,6,56,23,Yes
472,2024-07-19,5,11,17,No
3901,2024-08-13,3,28,22,Yes
1522,2025-01-23,3,12,4,No
1401,2024-12-29,9,43,9,No
555,2024-04-28,5,8,4,Yes
3012,2024-11-18,4,1,14,Yes
804,2024-06-07,5,51,22,No
4019,2025-01-07,8,27,20,Yes
2267,2024-09-11,1,10,14,No
2836,2024-05-24,4,11,14,No
460,2024-05-04,4,35,15,Yes
3590,2024-07-24,4,7,8,No
2290,2025-01-20,7,16,5,No
403,2024-10-20,4,3,8,Yes
4046,2024-04-28,8,57,7,Yes
1835,2024-10-20,4,25,19,No
3674,2024-11-21,3,6,12,No
1946,2024-01-17,8,28,20,No
4576,2024-10-10,4,12,16,No
629,2024-11-05,9,56,5,No
694,2024-05-21,7,40,24,No
1987,2024-02-23,1,29,2,No
2299,2024-04-17,1,55,17,No
194,2024-02-24,3,12,19,No
1301,2024-10-21,5,16,21,No
4971,2024-09-28,9,56,8,Yes
567,2024-06-11,5,36,17,No
250,2024-10-21,6,38,16,No
1608,2024-07-12,4,19,19,No
4118,2024-09-11,9,14,2,No
4937,2024-02-04,4,16,16,Yes
3731,2024-09-25,9,12,12,Yes
4836,2024-04-22,8,6,23,Yes
3678,2024-03-14,5,51,14,Yes
39,2024-02-25,6,55,24,Yes
1687,2024-04-12,1,29,12,No
1443,2024-01-07,5,28,12,Yes
3426,2024-06-28,7,20,3,No
2691,2024-05-30,7,28,4,Yes
2332,2024-03-05,8,49,13,No
3914,2024-12-04,2,57,2,Yes
3855,2024-10-04,4,2,14,Yes
4622,2024-11-22,8,49,15,No
4070,2024-05-09,4,15,11,Yes
3241,2024-12-01,9,52,23,No
1877,2024-12-29,3,49,6,No
132,2024-03-30,3,34,17,Yes
1340,2024-07-02,8,18,13,No
4576,2024-11-18,5,14,22,No
4428,2024-02-04,4,37,2,No
722,2024-02-23,3,55,16,Yes
791,2024-02-14,4,52,24,No
2943,2024-10-25,9,17,13,Yes
4897,2024-12-01,1,37,19,No
3706,2024-01-22,3,25,14,No
333,2024-04-10,7,9,15,Yes
4742,2025-01-21,9,5,19,Yes
987,2024-06-29,6,31,7,No
3171,2024-11-03,7,4,19,No
3170,2024-06-02,5,41,24,Yes
809,2025-01-17,2,15,12,No
4572,2024-01-08,8,56,14,No
4899,2024-10-22,1,29,12,Yes
1592,2024-05-30,6,31,8,No
3630,2024-03-26,3,16,8,No
3411,2024-12-04,5,30,8,Yes
535,2024-10-22,1,16,15,Yes
2983,2024-05-24,1,12,3,No
271,2024-02-02,3,39,6,No
783,2024-04-02,3,34,12,No
1410,2024-06-09,2,16,19,Yes
588,2024-10-16,3,42,8,No
1317,2024-08-17,3,52,17,Yes
3842,2024-11-14,3,48,5,No
1671,2024-11-15,5,38,16,No
51,2025-01-13,8,38,21,Yes
2819,2024-10-28,7,53,6,No
3127,2024-01-19,4,44,16,Yes
744,2025-01-08,3,35,24,No
4224,2024-12-15,9,9,20,Yes
3226,2024-04-26,3,13,4,No
4415,2025-01-24,4,10,19,No
4125,2025-01-30,6,54,11,No
512,2024-03-12,3,9,10,No
335,2024-05-06,6,50,6,No
3042,2024-10-12,8,40,10,Yes
2830,2024-10-04,3,50,6,No
177,2024-12-29,6,25,11,No
4289,2024-08-17,7,48,2,No
1740,2024-12-13,5,32,10,Yes
1452,2024-08-02,9,18,12,No
4576,2024-08-27,1,46,1,No
766,2024-07-18,2,23,5,No
4405,2024-08-08,3,29,4,Yes
1348,2024-01-19,3,43,4,No
379,2024-11-19,5,53,23,Yes
200,2024-07-17,7,59,1,No
3035,2024-03-25,1,1,14,No
4454,2025-01-07,5,21,7,Yes
3773,2024-09-25,5,57,11,No
1360,2024-10-22,7,56,2,No
3000,2024-06-12,7,35,11,Yes
1399,2024-02-06,8,25,20,No
3003,2024-04-13,7,50,9,No
4359,2024-06-07,8,33,20,Yes
2279,2024-01-09,5,48,24,No
4769,2024-11-27,1,58,14,Yes
717,2024-04-18,9,32,24,No
1563,2024-10-15,8,35,6,No
4395,2024-11-09,5,4,22,No
1222,2024-08-28,2,36,18,No
252,2024-10-08,6,33,8,Yes
4087,2024-04-21,4,12,21,No
3130,2024-09-30,7,41,12,No
819,2024-08-24,7,27,15,Yes
2133,2024-05-26,8,18,24,Yes
2186,2024-05-28,4,1,24,No
2629,2024-12-08,2,42,6,Yes
1893,2024-12-24,7,1,1,No
4193,2024-11-30,5,23,16,No
4943,2024-04-09,3,46,4,No
3639,2024-01-11,8,51,15,No
3457,2024-09-27,3,16,8,Yes
1080,2024-02-21,5,33,15,No
1546,2024-09-18,6,29,16,Yes
3623,2024-04-10,4,43,21,No
3799,2024-07-27,7,51,24,Yes
910,2024-05-02,9,15,9,No
155,2024-03-23,2,33,12,No
365,2024-12-19,2,13,13,No
2893,2025-01-22,3,32,12,Yes
2276,2024-10-18,4,50,6,Yes
3627,2024-12-06,7,39,8,Yes
2698,2024-04-14,2,39,10,No
2472,2024-11-20,1,25,12,Yes
2370,2024-11-15,4,14,6,Yes
1915,2024-12-16,2,55,19,No
4874,2024-08-17,4,25,4,No
4740,2024-12-27,3,45,23,No
1048,2024-01-05,3,6,2,No
2256,2024-04-02,9,48,2,Yes
899,2024-07-16,6,54,7,No
1080,2025-01-20,9,54,6,No
3653,2024-07-14,7,54,3,No
1727,2024-05-04,1,38,14,No
1290,2024-09-18,2,35,6,No
287,2024-03-26,6,33,1,No
3280,2024-01-03,1,19,22,No
1839,2024-08-29,7,16,9,Yes
4184,2024-03-03,7,53,1,No
233,2024-06-27,9,38,13,No
255,2024-06-07,4,6,11,No
536,2024-10-13,4,17,19,Yes
3535,2024-02-10,4,42,6,No
4216,2024-10-09,7,25,8,No
3006,2024-06-15,3,43,11,No
124,2024-03-01,8,51,15,No
3368,2024-04-23,3,22,15,Yes
4312,2024-04-24,3,19,6,Yes
3472,2024-02-23,8,44,15,Yes
3039,2024-02-09,2,55,21,No
2985,2024-08-28,2,43,19,No
1499,2024-09-17,4,50,5,No
3466,2024-07-31,5,54,9,No
2874,2024-01-29,4,11,1,No
4608,2024-06-23,1,29,12,No
232,2024-08-12,1,7,21,Yes
2186,2024-08-17,1,14,18,Yes
2133,2024-07-26,2,44,17,Yes
3175,2024-08-19,3,8,11,No
3948,2024-09-09,1,15,23,No
1524,2024-02-06,1,31,16,No
1652,2024-10-30,3,55,11,Yes
1432,2024-03-10,5,28,22,Yes
4498,2024-12-26,4,41,24,No
4304,2024-12-06,7,15,19,Yes
3528,2024-10-13,9,54,23,No
1003,2024-10-09,5,27,18,Yes
1194,2024-11-06,8,47,6,No
1912,2024-03-10,2,54,22,No
1453,2025-01-25,8,23,5,No
4943,2024-01-18,5,21,1,No
657,2024-04-26,6,44,14,No
227,2024-01-31,4,56,8,No
4516,2024-03-20,4,1,17,No
3428,2024-09-28,1,58,21,No
759,2024-08-15,3,50,22,No
250,2024-06-12,2,14,16,No
4694,2024-08-12,7,1,5,No
1254,2024-05-18,9,6,24,Yes
280,2024-01-18,6,22,7,No
2661,2024-07-02,2,48,1,Yes
2636,2024-09-14,6,15,3,No
3527,2024-11-15,3,24,20,No
2172,2025-01-20,4,17,18,Yes
4403,2024-04-05,9,43,11,Yes
3367,2024-05-01,5,16,10,Yes
4771,2024-12-13,6,9,7,No
4570,2024-01-07,3,40,20,Yes
3993,2024-04-17,9,2,7,Yes
3096,2024-08-01,9,19,11,No
3295,2024-01-07,8,57,10,Yes
4799,2024-07-12,8,15,14,No
2703,2024-08-12,3,23,12,Yes
3459,2024-09-07,8,51,15,No
2585,2024-09-28,8,5,18,No
4060,2024-09-03,2,36,17,No
1682,2024-02-26,3,57,16,No
4320,2024-10-31,1,30,13,No
2393,2024-11-25,4,37,14,Yes
3784,2024-03-27,8,46,20,Yes
393,2024-05-16,6,48,14,No
972,2025-01-23,5,21,15,No
4534,2024-11-01,3,34,8,No
256,2024-08-29,3,25,9,No
650,2024-12-05,4,8,1,No
3590,2024-03-30,2,28,22,No
3398,2024-07-12,4,52,17,Yes
2469,2024-06-14,7,3,22,No
4994,2024-06-23,2,43,19,Yes
2761,2025-01-19,1,11,17,No
2463,2024-08-26,9,11,13,Yes
3280,2024-02-02,6,26,21,No
1177,2024-04-06,3,35,9,No
4563,2024-07-26,7,17,6,No
3608,2024-05-24,8,50,14,No
3382,2024-10-22,2,38,9,No
3895,2024-07-31,3,43,19,Yes
2399,2024-09-01,4,51,19,No
898,2024-05-12,7,35,24,No
3281,2024-12-23,9,23,4,Yes
4796,2024-07-05,2,16,10,Yes
984,2024-02-18,4,7,21,No
4814,2024-12-21,7,44,11,No
4755,2025-01-16,4,16,17,No
679,2024-06-07,3,45,23,Yes
322,2024-06-10,6,10,13,Yes
4247,2024-04-27,9,36,17,Yes
1958,2024-08-19,2,42,21,Yes
603,2024-07-01,1,20,10,Yes
3853,2025-01-26,5,24,13,No
1374,2024-03-31,4,10,7,Yes
1017,2024-06-30,3,34,19,Yes
836,2024-08-15,8,40,19,No
3854,2025-01-03,7,57,6,No
2945,2024-06-02,8,55,4,No
304,2024-06-01,5,19,9,Yes
1590,2024-12-13,4,47,10,No
2687,2024-09-22,5,23,4,No
4747,2024-09-29,5,53,8,Yes
3981,2024-03-15,9,12,5,No
294,2024-06-14,2,47,21,Yes
1197,2024-03-12,9,47,14,No
533,2025-01-03,9,2,23,No
3220,2024-08-02,7,57,4,No
4228,2024-12-01,2,30,22,No
4076,2024-11-05,4,39,19,No
1543,2024-10-20,9,6,3,Yes
3958,2024-01-25,2,36,24,No
4760,2024-12-28,6,7,19,Yes
4058,2024-02-27,5,16,10,No
1570,2024-09-23,8,26,3,Yes
3297,2024-07-06,6,38,6,Yes
2773,2024-02-23,2,5,5,Yes
2563,2025-01-25,3,17,20,No
2428,2024-02-22,8,40,16,No
284,2024-02-27,9,16,23,No
1508,2024-06-10,4,31,23,Yes
3672,2025-01-11,9,52,21,No
1632,2024-08-09,5,10,13,Yes
2986,2024-08-31,1,57,19,No
1972,2024-05-07,2,50,13,No
3493,2024-04-28,8,50,1,No
369,2024-10-05,9,29,9,Yes
3666,2024-06-25,6,22,21,Yes
4374,2024-02-08,8,45,15,Yes
2790,2024-06-12,6,5,20,Yes
1776,2024-08-23,9,26,24,No
574,2024-08-07,7,43,9,No
2401,2024-05-26,5,6,3,No
1710,2025-01-11,9,52,1,Yes
3155,2024-08-03,1,26,13,No
1212,2024-09-10,5,26,5,Yes
3544,2024-01-19,5,11,24,Yes
4368,2024-11-28,1,8,8,No
2206,2024-07-07,5,20,16,No
1423,2024-01-31,2,28,6,Yes
2027,2024-12-04,1,14,8,No
4747,2024-07-30,2,20,5,Yes
1959,2025-01-19,1,57,1,No
330,2024-09-29,9,59,22,Yes
4074,2024-01-05,5,9,20,No
1162,2024-11-07,7,20,5,No
3930,2024-10-05,2,52,1,No
4373,2024-04-13,5,3,7,No
849,2024-09-15,6,59,4,Yes
668,2025-01-11,9,6,14,Yes
433,2024-04-17,1,53,17,No
844,2024-02-04,1,14,16,Yes
151,2024-10-25,5,49,11,No
4922,2024-04-24,1,23,16,No
3168,2024-05-12,6,21,11,No
2072,2024-08-10,8,40,17,No
1034,2024-06-14,2,34,12,No
418,2024-12-25,2,14,21,Yes
2090,2024-01-31,5,18,6,No
1777,2024-03-31,5,5,22,Yes
3382,2025-01-23,4,44,19,No
2619,2024-09-05,4,27,23,No
1714,2024-06-12,5,36,15,No
2703,2024-09-17,2,8,20,No
478,2024-08-07,9,41,13,No
1942,2024-01-27,5,24,17,No
1123,2024-05-07,7,47,16,Yes
3841,2024-11-16,8,39,11,No
1803,2024-06-02,7,47,20,No
2316,2025-01-17,1,6,24,Yes
2075,2025-01-16,5,38,6,No
3602,2024-06-25,8,44,1,No
1188,2024-07-11,8,26,16,No
37,2024-04-13,6,2,24,No
1414,2024-12-18,4,56,12,No
4500,2024-05-03,1,18,10,Yes
3298,2024-04-15,4,6,19,Yes
3980,2024-10-03,7,25,21,Yes
2762,2024-10-22,3,49,13,Yes
790,2024-03-18,7,12,20,Yes
4240,2024-05-05,8,16,19,No
4034,2024-06-02,7,34,1,No
398,2024-11-15,8,48,17,No
4150,2024-07-03,8,51,23,No
2486,2024-03-11,3,53,6,Yes
838,2024-05-22,4,26,19,No
3246,2025-01-28,9,15,2,No
4087,2024-06-13,8,17,5,No
859,2024-08-19,1,48,4,Yes
4667,2024-01-28,5,56,6,No
275,2024-06-22,9,14,3,No
4169,2024-02-09,2,31,22,No
4910,2024-06-11,9,31,1,No
734,2024-06-21,5,44,14,No
2251,2025-01-04,9,13,21,No
4171,2024-08-28,3,45,6,Yes
1117,2024-09-28,7,8,11,No
3424,2024-11-22,6,13,16,No
4446,2024-03-09,7,15,24,No
4991,2024-07-25,7,49,16,Yes
2604,2024-04-08,8,52,11,No
743,2024-10-01,8,34,14,No
2427,2024-10-05,4,36,10,Yes
2266,2024-01-04,1,4,3,No
1333,2024-11-23,2,58,1,No
1966,2024-04-13,2,41,7,No
3030,2024-03-26,6,31,13,Yes
3720,2024-05-17,1,21,12,Yes
2077,2024-12-12,7,39,9,No
1504,2025-01-13,5,20,1,No
2518,2024-03-15,2,22,20,No
4524,2024-08-25,7,25,2,No
3685,2024-02-15,8,55,23,Yes
4229,2024-07-12,7,7,12,Yes
2248,2024-02-26,6,49,10,No
3825,2024-12-06,3,41,24,Yes
4204,2024-09-25,1,31,23,No
451,2025-01-17,2,42,19,Yes
1657,2024-12-09,1,59,11,No
4574,2024-07-18,3,7,21,No
3441,2025-01-30,2,6,11,No
2223,2024-03-23,2,27,24,No
603,2025-01-01,8,54,12,No
3020,2024-12-18,4,31,3,Yes
4276,2024-09-18,3,19,14,No
1930,2024-11-19,3,58,16,No
3723,2024-07-12,5,42,19,Yes
4664,2024-10-23,4,10,23,Yes
1616,2024-08-24,1,14,3,No
157,2025-01-11,4,19,23,No
1740,2024-05-08,5,57,17,Yes
3046,2024-09-03,3,38,17,Yes
2186,2024-08-01,7,39,23,Yes
4500,2025-01-05,2,21,16,Yes
4316,2024-04-02,3,21,20,Yes
3140,2024-04-20,9,37,14,No
3082,2024-11-19,2,13,3,No
2919,2024-08-28,7,30,22,No
1132,2024-01-13,2,55,8,No
3485,2024-04-17,5,30,22,Yes
3268,2024-12-16,3,3,9,No
4938,2024-10-11,4,52,8,Yes
4129,2024-06-25,4,39,22,Yes
2759,2024-11-29,6,56,1,No
3728,2024-05-22,4,16,24,Yes
534,2024-08-28,5,42,21,Yes
4780,2024-10-13,5,31,10,Yes
736,2025-01-22,8,1,14,Yes
3019,2024-08-15,9,15,11,Yes
1589,2025-01-20,7,27,16,No
1373,2024-12-21,2,19,17,Yes
445,2024-04-04,3,7,20,No
893,2024-07-30,4,4,23,Yes
779,2024-09-26,9,14,17,No
4640,2024-02-19,8,48,8,No
4310,2024-10-19,5,2,18,Yes
3602,2024-04-06,1,58,10,No
706,2024-03-03,8,1,15,Yes
2702,2024-11-08,1,40,20,Yes
1997,2024-03-20,8,41,21,No
4360,2024-04-01,3,27,21,Yes
1646,2025-01-05,8,29,9,No
2685,2024-10-19,6,14,22,Yes
4609,2024-05-23,3,8,23,Yes
1857,2024-02-16,2,58,11,No
3865,2025-01-30,2,52,23,No
4426,2024-12-30,4,46,15,No
118,2024-03-30,6,2,17,No
3707,2024-12-25,4,3,1,No
707,2024-04-24,2,20,17,No
1688,2024-03-12,6,40,22,No
2358,2024-09-18,8,37,8,No
225,2025-01-20,5,55,17,No
1365,2024-12-22,6,10,18,No
3930,2024-01-01,6,2,20,No
2614,2025-01-26,5,48,17,Yes
2959,2024-07-19,1,12,15,Yes
317,2024-04-04,2,53,23,No
3826,2024-06-27,6,17,2,No
548,2024-05-03,8,30,2,Yes
2451,2024-12-16,1,55,10,No
2445,2024-10-23,5,21,1,No
3609,2024-05-08,1,55,11,Yes
2449,2025-01-09,1,38,20,Yes
2956,2024-02-18,8,39,16,No
4569,2024-09-13,3,16,19,No
1587,2024-07-03,4,39,23,No
1289,2024-05-20,3,11,14,No
4376,2024-06-23,1,3,11,Yes
944,2024-07-07,6,55,15,No
2093,2024-05-22,4,51,22,No
2369,2024-02-02,5,44,13,No
3405,2024-10-03,4,7,11,No
1559,2024-11-09,2,1,6,Yes
3185,2024-03-25,3,18,14,No
661,2024-06-11,5,34,11,No
2679,2024-10-02,4,50,18,No
526,2024-09-28,7,8,13,No
2042,2024-05-02,2,11,18,No
4015,2024-02-13,9,16,7,No
2918,2024-05-13,2,41,13,Yes
2680,2025-01-27,2,59,8,No
1755,2024-01-02,8,24,6,Yes
1356,2024-01-27,5,30,7,Yes
82,2024-04-28,5,41,3,No
3774,2024-06-26,4,11,6,No
1275,2024-07-24,2,14,4,Yes
1964,2024-04-25,6,13,18,No
4424,2024-01-15,3,34,13,No
4892,2024-04-13,1,25,5,No
4074,2024-03-22,2,10,6,Yes
4316,2024-09-15,9,5,13,No
4128,2024-03-18,5,39,7,Yes
94,2024-08-08,3,53,12,No
2118,2024-08-31,9,18,13,No
3487,2024-04-07,9,31,24,Yes
4992,2024-06-16,6,18,12,Yes
3993,2024-12-07,5,57,6,Yes
3,2024-06-04,6,6,9,Yes
4993,2024-11-09,4,27,21,No
781,2024-01-05,9,38,1,Yes
2689,2024-06-06,9,32,22,No
4468,2024-08-16,8,10,1,Yes
4416,2024-10-23,9,16,3,Yes
4074,2025-01-21,1,36,15,No
3256,2024-10-06,2,24,7,Yes
1345,2024-07-13,3,14,4,No
4058,2024-07-03,9,44,5,No
4120,2024-08-14,7,20,1,No
2680,2024-02-21,4,39,16,No
2380,2024-08-06,5,15,16,No
17,2024-09-14,4,18,4,Yes
4335,2024-10-26,2,22,18,No
4259,2024-12-31,3,53,16,Yes
2020,2024-08-11,3,49,3,No
1503,2024-11-30,2,40,5,No
914,2024-03-12,3,25,11,No
2705,2024-02-17,2,2,17,No
2367,2024-04-09,8,48,9,Yes
2414,2024-03-16,7,50,13,No
1985,2025-01-13,3,53,4,Yes
2291,2024-07-06,2,48,13,Yes
3193,2024-01-31,3,4,13,No
161,2024-09-25,4,26,13,Yes
1151,2024-08-01,8,11,15,Yes
1315,2024-03-29,3,37,4,No
4600,2024-10-03,1,32,5,No
2864,2024-07-27,6,18,12,No
2616,2024-10-01,3,32,18,No
3139,2024-06-09,1,33,13,No
4913,2024-07-16,5,12,18,No
403,2024-05-29,6,46,22,Yes
1390,2024-11-16,9,23,5,No
3556,2024-04-17,9,56,16,No
3161,2024-06-01,5,45,20,Yes
3120,2024-08-12,5,43,12,No
524,2024-07-16,1,47,20,No
1919,2024-01-26,6,44,17,Yes
3902,2024-12-16,5,55,21,No
795,2024-12-14,8,42,1,Yes
4902,2024-09-25,8,14,21,No
2386,2024-10-02,1,58,19,No
4810,2024-03-30,2,54,4,Yes
3186,2024-04-17,8,17,24,Yes
1283,2024-01-11,6,2,6,No
3837,2024-10-22,9,52,24,No
452,2024-03-28,5,48,18,No
3385,2024-07-04,6,27,20,Yes
4742,2024-10-05,2,59,19,Yes
2986,2024-08-12,5,6,12,No
3130,2024-03-31,9,13,16,No
2101,2024-09-23,6,26,6,No
3205,2024-11-02,9,6,11,Yes
524,2024-11-29,2,43,9,Yes
2678,2024-11-23,3,15,17,Yes
1839,2024-05-28,2,3,3,No
3332,2024-07-21,9,1,1,No
1761,2024-08-27,4,43,23,No
1623,2024-12-06,5,35,22,No
4303,2024-04-19,7,32,15,Yes
1772,2024-07-20,2,43,20,No
685,2024-04-17,7,39,12,No
4951,2024-02-09,5,17,1,No
2416,2024-07-22,2,14,4,No
484,2024-04-13,7,9,19,No
3064,2024-05-04,3,21,11,Yes
17,2024-01-09,6,25,3,No
462,2024-10-10,6,55,3,Yes
4099,2024-05-30,6,58,7,Yes
299,2024-07-17,6,43,13,No
1876,2024-01-22,8,38,17,Yes
289,2024-02-22,3,22,11,Yes
4090,2024-08-28,9,27,8,No
2599,2024-03-21,8,57,23,No
2252,2025-01-16,7,41,3,Yes
142,2024-07-20,5,43,2,No
4895,2024-03-18,8,51,4,No
4675,2024-09-20,4,57,4,No
2245,2025-01-28,2,33,2,Yes
1674,2024-01-08,7,55,14,Yes
3870,2024-04-30,9,1,12,No
1607,2024-04-16,5,55,23,Yes
1013,2024-12-24,7,43,14,No
4468,2024-07-26,5,11,12,Yes
4820,2024-06-08,6,38,15,No
1421,2024-11-07,2,37,7,Yes
195,2024-01-26,4,58,12,No
1217,2024-09-20,4,12,15,Yes
2418,2024-05-25,5,1,17,No
812,2024-12-07,1,25,10,No
1917,2024-09-12,9,48,23,Yes
3855,2024-05-24,2,17,24,No
175,2024-10-19,6,42,9,No
2607,2024-02-11,9,48,19,No
4013,2024-11-19,1,18,14,No
125,2024-02-16,4,6,18,No
2546,2024-08-09,5,35,3,No
3219,2024-05-02,2,59,7,Yes
3394,2024-05-10,8,43,21,No
586,2024-11-29,5,45,21,Yes
1141,2024-12-28,2,25,15,Yes
2343,2024-04-23,8,13,18,No
4948,2024-12-14,3,12,15,No
3511,2024-01-18,1,3,17,No
4385,2024-04-27,4,24,15,Yes
1453,2024-02-18,8,42,3,No
948,2024-02-01,3,28,6,No
1323,2024-12-31,7,59,6,No
2189,2024-12-19,6,10,19,Yes
377,2024-02-20,6,40,13,Yes
3449,2024-07-17,3,26,7,Yes
3399,2024-07-29,6,16,9,Yes
2916,2024-04-30,1,24,18,No
2644,2025-01-28,6,58,11,No
3238,2024-07-11,4,24,21,No
1414,2024-08-08,9,40,24,No
842,2024-04-01,2,31,20,Yes
4141,2025-01-19,5,49,13,Yes
3008,2024-03-14,2,41,21,No
3505,2024-09-25,6,18,6,Yes
3821,2024-05-20,6,52,6,No
