user_id,signup_date,city,pincode,device_type,user_segment,is_subscription_user,marketing_source
1,2024-11-23,Pune,402764,Android,Regular,1,Google Ads
2,2024-02-27,Hyderabad,492911,Android,Regular,0,Google Ads
3,2024-01-13,Bangalore,455481,Android,Regular,1,Organic
4,2025-01-14,Hyderabad,518095,Android,Regular,0,Instagram
5,2024-05-20,Hyderabad,556380,Android,Regular,1,Google Ads
6,2024-05-05,Delhi,411065,Android,Budget,0,Google Ads
7,2024-04-24,Bangalore,476849,Android,Budget,0,Google Ads
8,2024-03-12,Bangalore,437549,Android,Budget,0,Organic
9,2025-01-12,Bangalore,406477,Android,Regular,0,Organic
10,2024-02-22,Hyderabad,490102,Android,Budget,0,Google Ads
11,2024-12-12,Pune,402383,iOS,Premium,0,Organic
12,2025-01-14,Bangalore,558019,Android,Regular,0,Instagram
13,2024-10-06,Chennai,479699,Android,Regular,1,Organic
14,2024-02-14,Hyderabad,553408,Android,Premium,0,Google Ads
15,2024-10-29,Delhi,445096,Android,Premium,0,Instagram
16,2024-08-04,Pune,529975,Android,Premium,1,Organic
17,2024-01-17,Chennai,427198,Android,Regular,0,Google Ads
18,2024-01-16,Chennai,527620,Android,Budget,1,Referral
19,2024-02-17,Delhi,422011,Android,Premium,0,Referral
20,2024-04-21,Pune,555196,Android,Premium,0,Instagram
21,2024-04-29,Hyderabad,487924,Android,Premium,0,Instagram
22,2024-09-15,Mumbai,533963,Android,Regular,0,Instagram
23,2024-11-04,Pune,530527,Android,Regular,0,Organic
24,2024-01-14,Delhi,509163,Android,Budget,0,Instagram
25,2024-10-14,Chennai,520928,Android,Regular,0,Organic
26,2024-04-11,Hyderabad,408027,iOS,Budget,0,Google Ads
27,2025-01-01,Pune,464926,iOS,Budget,0,Organic
28,2024-11-28,Mumbai,468843,Android,Regular,0,Organic
29,2024-12-25,Mumbai,433666,Android,Regular,1,Google Ads
30,2024-10-06,Bangalore,409278,Android,Budget,0,Referral
31,2024-08-02,Bangalore,448009,iOS,Premium,1,Organic
32,2024-04-22,Delhi,414684,Android,Premium,0,Organic
33,2024-08-17,Pune,531743,Android,Regular,1,Google Ads
34,2024-10-28,Pune,548962,Android,Regular,0,Instagram
35,2024-05-22,Chennai,478543,Android,Premium,0,Google Ads
36,2024-01-04,Chennai,454320,Android,Budget,0,Referral
37,2025-01-23,Chennai,492068,Android,Regular,0,Instagram
38,2024-03-22,Bangalore,552712,Android,Budget,0,Referral
39,2024-12-23,Pune,547706,Android,Budget,0,Organic
40,2024-08-04,Pune,468976,iOS,Regular,0,Referral
41,2024-06-23,Mumbai,501159,Android,Regular,0,Referral
42,2024-05-22,Bangalore,411578,Android,Budget,0,Google Ads
43,2024-03-20,Hyderabad,477300,Android,Budget,0,Instagram
44,2024-04-20,Bangalore,420177,Android,Regular,0,Organic
45,2025-01-25,Hyderabad,463973,Android,Regular,1,Organic
46,2024-06-21,Mumbai,520019,Android,Regular,0,Organic
47,2024-02-22,Delhi,419997,Android,Budget,0,Instagram
48,2024-02-17,Pune,500923,Android,Regular,0,Instagram
49,2024-07-13,Mumbai,486599,Android,Budget,0,Referral
50,2024-02-19,Pune,435932,Android,Budget,0,Referral
51,2024-07-02,Chennai,524169,Android,Regular,0,Instagram
52,2024-06-25,Delhi,523100,Android,Regular,1,Organic
53,2024-11-05,Delhi,434694,Android,Budget,0,Instagram
54,2024-05-15,Mumbai,508945,Android,Budget,0,Google Ads
55,2024-01-23,Delhi,417375,Android,Regular,0,Instagram
56,2025-01-08,Hyderabad,481472,Android,Budget,0,Instagram
57,2024-08-23,Delhi,445914,Android,Budget,0,Organic
58,2024-10-01,Pune,523684,Android,Regular,0,Referral
59,2024-03-04,Pune,444517,Android,Budget,0,Google Ads
60,2024-07-12,Pune,487797,iOS,Budget,0,Google Ads
61,2024-02-10,Pune,426070,Android,Premium,0,Google Ads
62,2024-10-09,Hyderabad,518334,Android,Regular,1,Instagram
63,2024-05-30,Bangalore,484812,Android,Regular,0,Organic
64,2024-11-17,Chennai,518029,Android,Regular,0,Instagram
65,2024-11-12,Mumbai,439179,Android,Regular,0,Referral
66,2024-07-04,Pune,432822,Android,Premium,0,Organic
67,2024-10-22,Delhi,417000,Android,Regular,1,Google Ads
68,2024-04-08,Pune,438713,Android,Budget,1,Instagram
69,2024-12-26,Delhi,433723,Android,Regular,0,Organic
70,2024-02-05,Chennai,410626,Android,Regular,0,Instagram
71,2024-01-24,Chennai,406860,Android,Regular,0,Organic
72,2024-12-04,Chennai,510987,Android,Regular,1,Google Ads
73,2024-04-26,Delhi,421840,iOS,Premium,0,Referral
74,2025-01-30,Pune,427217,Android,Regular,1,Referral
75,2024-05-28,Chennai,452954,Android,Budget,0,Instagram
76,2024-02-10,Hyderabad,449523,Android,Budget,0,Google Ads
77,2024-04-29,Delhi,535959,Android,Regular,1,Instagram
78,2024-02-21,Delhi,511250,iOS,Budget,1,Instagram
79,2024-07-13,Pune,407486,iOS,Budget,0,Organic
80,2024-05-22,Delhi,547840,Android,Budget,1,Organic
81,2024-08-20,Delhi,512702,iOS,Budget,1,Organic
82,2024-11-21,Chennai,559526,Android,Premium,1,Google Ads
83,2024-07-05,Pune,502639,Android,Budget,1,Google Ads
84,2024-03-24,Chennai,412227,iOS,Budget,0,Instagram
85,2024-07-08,Chennai,493406,iOS,Budget,0,Organic
86,2024-06-30,Pune,422589,Android,Regular,1,Google Ads
87,2024-04-17,Mumbai,437020,iOS,Budget,0,Instagram
88,2024-12-09,Chennai,465134,iOS,Regular,0,Google Ads
89,2024-05-16,Hyderabad,514445,iOS,Budget,0,Instagram
90,2024-12-25,Hyderabad,517604,iOS,Regular,1,Referral
91,2024-12-15,Delhi,558599,iOS,Premium,0,Organic
92,2024-11-27,Hyderabad,528586,Android,Budget,0,Referral
93,2024-02-06,Delhi,443396,iOS,Regular,0,Instagram
94,2024-11-07,Mumbai,555104,Android,Regular,0,Instagram
95,2024-11-21,Pune,525815,iOS,Regular,0,Organic
96,2024-03-28,Pune,512600,Android,Regular,0,Organic
97,2024-09-30,Pune,425940,Android,Regular,0,Instagram
98,2025-01-08,Hyderabad,551397,Android,Regular,1,Google Ads
99,2024-05-05,Mumbai,553940,Android,Regular,0,Organic
100,2024-03-24,Hyderabad,400204,Android,Budget,1,Instagram
101,2024-08-24,Hyderabad,547617,iOS,Budget,0,Organic
102,2024-07-13,Mumbai,546972,iOS,Regular,1,Organic
103,2024-05-18,Mumbai,429064,Android,Premium,0,Referral
104,2024-11-23,Mumbai,490881,iOS,Premium,0,Referral
105,2024-12-18,Mumbai,403749,iOS,Premium,0,Google Ads
106,2024-10-12,Pune,517270,Android,Regular,0,Organic
107,2024-04-22,Bangalore,480765,Android,Regular,0,Instagram
108,2024-12-16,Bangalore,551957,iOS,Regular,0,Instagram
109,2024-06-15,Mumbai,556256,Android,Regular,1,Organic
110,2025-01-28,Bangalore,508037,iOS,Regular,0,Organic
111,2024-01-29,Bangalore,550332,iOS,Budget,1,Google Ads
112,2024-04-27,Mumbai,516526,iOS,Budget,0,Google Ads
113,2024-01-17,Bangalore,485680,Android,Regular,1,Google Ads
114,2024-06-10,Hyderabad,525830,Android,Regular,0,Instagram
115,2024-07-24,Delhi,528217,Android,Budget,0,Referral
116,2024-05-17,Delhi,533176,Android,Budget,0,Google Ads
117,2024-02-03,Mumbai,465902,Android,Premium,1,Instagram
118,2024-04-18,Pune,547176,Android,Regular,0,Google Ads
119,2024-10-17,Mumbai,498047,Android,Regular,0,Instagram
120,2025-01-02,Pune,490013,iOS,Regular,0,Organic
121,2024-06-10,Delhi,478279,Android,Regular,0,Instagram
122,2024-04-18,Mumbai,412392,Android,Budget,0,Organic
123,2024-12-01,Chennai,502477,Android,Regular,0,Instagram
124,2024-09-12,Hyderabad,559974,Android,Regular,1,Referral
125,2024-07-21,Bangalore,520722,Android,Budget,0,Instagram
126,2024-11-25,Pune,497538,Android,Budget,1,Organic
127,2024-08-22,Chennai,481160,Android,Budget,0,Referral
128,2024-03-14,Bangalore,531041,Android,Regular,0,Instagram
129,2024-05-15,Bangalore,435504,Android,Budget,1,Instagram
130,2024-03-12,Mumbai,475404,iOS,Regular,0,Google Ads
131,2024-05-06,Bangalore,464287,iOS,Regular,0,Referral
132,2025-01-16,Hyderabad,474843,iOS,Premium,1,Organic
133,2024-10-14,Chennai,504928,iOS,Regular,0,Referral
134,2024-10-02,Bangalore,414909,iOS,Budget,0,Organic
135,2024-05-14,Mumbai,437229,iOS,Regular,0,Google Ads
136,2025-01-17,Hyderabad,423387,Android,Regular,0,Google Ads
137,2024-10-26,Delhi,428303,Android,Budget,0,Organic
138,2024-08-07,Chennai,460816,Android,Regular,0,Organic
139,2024-10-25,Bangalore,463345,Android,Premium,0,Organic
140,2024-07-23,Mumbai,511604,Android,Budget,1,Google Ads
141,2024-07-04,Delhi,461115,Android,Regular,0,Referral
142,2024-04-22,Delhi,425526,iOS,Premium,0,Google Ads
143,2024-03-11,Pune,479819,iOS,Regular,0,Instagram
144,2024-09-17,Hyderabad,514590,Android,Regular,1,Google Ads
145,2024-09-09,Bangalore,545407,Android,Budget,1,Instagram
146,2024-02-16,Mumbai,494716,iOS,Budget,1,Instagram
147,2025-01-21,Pune,406645,Android,Regular,1,Google Ads
148,2024-01-25,Hyderabad,501155,iOS,Regular,0,Google Ads
149,2024-02-26,Pune,443470,Android,Premium,0,Google Ads
150,2024-03-19,Chennai,506610,Android,Budget,0,Referral
151,2024-11-17,Hyderabad,548448,Android,Regular,0,Google Ads
152,2024-03-22,Hyderabad,465207,iOS,Budget,0,Organic
153,2024-12-14,Bangalore,496463,Android,Budget,0,Google Ads
154,2024-08-04,Hyderabad,483179,Android,Regular,0,Instagram
155,2024-11-01,Pune,555066,Android,Budget,1,Referral
156,2024-02-02,Hyderabad,486725,Android,Budget,0,Referral
157,2024-07-16,Bangalore,496394,iOS,Budget,0,Instagram
158,2024-07-14,Bangalore,527315,iOS,Budget,0,Referral
159,2024-11-01,Chennai,476313,Android,Premium,0,Referral
160,2024-08-27,Pune,475325,Android,Regular,0,Organic
161,2024-09-27,Delhi,471197,Android,Budget,0,Organic
162,2024-05-08,Delhi,470015,Android,Premium,0,Referral
163,2024-10-10,Hyderabad,539283,iOS,Regular,0,Google Ads
164,2024-01-06,Chennai,541995,Android,Premium,0,Referral
165,2024-12-14,Mumbai,433341,Android,Budget,0,Organic
166,2025-01-04,Hyderabad,439851,Android,Regular,0,Referral
167,2024-02-28,Chennai,513712,iOS,Premium,0,Google Ads
168,2024-12-15,Pune,411095,iOS,Budget,0,Google Ads
169,2024-10-01,Pune,487960,iOS,Premium,1,Organic
170,2025-01-19,Pune,405742,Android,Premium,0,Referral
171,2024-05-16,Pune,511586,Android,Premium,1,Organic
172,2025-01-28,Pune,522565,iOS,Budget,1,Instagram
173,2024-11-24,Chennai,468799,Android,Budget,1,Organic
174,2024-06-23,Chennai,516027,Android,Budget,1,Organic
175,2024-02-27,Bangalore,510131,Android,Premium,1,Organic
176,2024-05-30,Delhi,422165,iOS,Budget,0,Referral
177,2024-08-10,Pune,430258,Android,Regular,0,Instagram
178,2024-03-21,Mumbai,545284,Android,Regular,0,Referral
179,2024-08-20,Chennai,495990,Android,Budget,0,Google Ads
180,2024-01-02,Mumbai,536305,Android,Budget,0,Instagram
181,2025-01-04,Mumbai,452692,Android,Regular,0,Organic
182,2025-01-03,Mumbai,479769,iOS,Premium,1,Organic
183,2024-05-14,Bangalore,556686,iOS,Budget,0,Organic
184,2024-09-13,Chennai,414027,Android,Premium,0,Referral
185,2025-01-25,Mumbai,430909,iOS,Regular,0,Google Ads
186,2024-04-01,Pune,419611,iOS,Regular,0,Instagram
187,2024-09-16,Hyderabad,463186,Android,Regular,0,Instagram
188,2024-02-24,Mumbai,472568,Android,Budget,0,Referral
189,2024-11-16,Bangalore,436183,iOS,Regular,0,Google Ads
190,2024-06-01,Chennai,516137,Android,Regular,0,Instagram
191,2024-11-23,Bangalore,531643,Android,Budget,0,Referral
192,2024-09-16,Mumbai,419289,iOS,Regular,0,Google Ads
193,2024-11-07,Chennai,478825,Android,Budget,0,Google Ads
194,2024-04-11,Hyderabad,484426,Android,Regular,0,Instagram
195,2024-03-19,Mumbai,400918,Android,Regular,0,Instagram
196,2024-07-10,Bangalore,475603,Android,Regular,0,Google Ads
197,2025-01-25,Delhi,464576,iOS,Budget,0,Instagram
198,2024-03-23,Pune,472519,Android,Premium,0,Referral
199,2024-10-03,Bangalore,439105,Android,Budget,0,Google Ads
200,2024-09-28,Chennai,549135,Android,Regular,1,Instagram
201,2024-01-01,Mumbai,417000,Android,Regular,0,Instagram
202,2024-11-02,Pune,541014,Android,Regular,1,Referral
203,2024-06-14,Mumbai,461170,Android,Budget,0,Instagram
204,2024-09-07,Chennai,554543,iOS,Regular,0,Instagram
205,2024-01-10,Mumbai,529745,Android,Budget,1,Instagram
206,2024-02-27,Delhi,510685,Android,Regular,1,Organic
207,2024-07-04,Pune,459822,Android,Regular,1,Referral
208,2024-06-06,Pune,535602,Android,Regular,0,Referral
209,2024-05-02,Chennai,412193,Android,Regular,0,Organic
210,2024-01-30,Delhi,474103,Android,Premium,1,Referral
211,2024-05-03,Bangalore,514895,iOS,Budget,0,Instagram
212,2024-10-17,Mumbai,486796,Android,Premium,1,Instagram
213,2024-02-10,Hyderabad,466678,Android,Budget,0,Instagram
214,2024-02-13,Mumbai,535700,Android,Regular,1,Referral
215,2025-01-09,Mumbai,534328,iOS,Regular,1,Referral
216,2024-09-05,Bangalore,536286,Android,Regular,0,Google Ads
217,2024-02-05,Mumbai,502413,Android,Budget,0,Organic
218,2025-01-24,Delhi,419405,Android,Regular,0,Referral
219,2024-09-29,Delhi,516546,Android,Budget,0,Google Ads
220,2025-01-27,Pune,556453,Android,Budget,0,Organic
221,2024-03-05,Chennai,550246,iOS,Budget,0,Organic
222,2024-03-06,Hyderabad,423990,Android,Regular,1,Instagram
223,2024-12-03,Mumbai,508107,Android,Budget,1,Instagram
224,2024-08-31,Mumbai,424520,Android,Budget,0,Google Ads
225,2024-10-08,Bangalore,422440,Android,Budget,0,Google Ads
226,2024-03-25,Chennai,518571,Android,Budget,1,Instagram
227,2024-05-15,Delhi,414996,Android,Premium,1,Instagram
228,2024-09-27,Hyderabad,423560,Android,Premium,1,Organic
229,2024-11-06,Pune,489050,Android,Budget,0,Organic
230,2024-08-04,Delhi,536094,Android,Regular,1,Referral
231,2024-04-18,Chennai,498001,Android,Regular,0,Instagram
232,2024-10-03,Pune,552192,iOS,Regular,1,Organic
233,2025-01-21,Bangalore,439351,Android,Regular,1,Google Ads
234,2025-01-08,Bangalore,425518,Android,Budget,1,Organic
235,2024-12-19,Mumbai,553323,iOS,Regular,0,Instagram
236,2024-04-12,Chennai,489133,Android,Budget,1,Organic
237,2024-12-31,Hyderabad,459547,iOS,Budget,0,Instagram
238,2024-06-08,Pune,505687,iOS,Regular,0,Organic
239,2024-07-23,Delhi,488152,iOS,Regular,1,Referral
240,2024-12-09,Chennai,403328,iOS,Budget,0,Referral
241,2024-11-28,Chennai,520319,Android,Regular,0,Google Ads
242,2024-07-10,Bangalore,515946,Android,Regular,1,Google Ads
243,2024-08-12,Mumbai,446831,Android,Premium,1,Instagram
244,2024-09-21,Mumbai,452447,Android,Regular,1,Instagram
245,2024-08-19,Pune,546233,Android,Regular,0,Instagram
246,2024-03-02,Bangalore,558303,iOS,Regular,1,Organic
247,2024-05-06,Chennai,540149,Android,Budget,0,Organic
248,2024-04-25,Hyderabad,469342,iOS,Budget,1,Organic
249,2024-02-02,Bangalore,431086,iOS,Budget,0,Google Ads
250,2024-06-22,Pune,455572,iOS,Regular,1,Instagram
251,2024-01-11,Pune,545788,iOS,Regular,0,Organic
252,2024-10-28,Bangalore,528309,iOS,Premium,1,Google Ads
253,2024-10-10,Pune,405751,iOS,Regular,0,Referral
254,2024-04-27,Bangalore,513932,Android,Budget,0,Instagram
255,2024-10-28,Delhi,478769,Android,Budget,0,Referral
256,2024-04-22,Bangalore,435904,iOS,Budget,1,Google Ads
257,2024-01-04,Bangalore,491037,iOS,Regular,0,Instagram
258,2024-02-06,Pune,487955,Android,Regular,0,Organic
259,2024-12-28,Pune,483015,Android,Premium,0,Google Ads
260,2024-11-19,Mumbai,517306,Android,Regular,1,Referral
261,2024-01-31,Mumbai,556411,Android,Premium,0,Referral
262,2024-04-27,Delhi,432102,iOS,Regular,0,Referral
263,2024-02-04,Mumbai,402776,iOS,Premium,0,Google Ads
264,2024-01-17,Bangalore,511498,Android,Regular,1,Google Ads
265,2024-06-18,Pune,445620,Android,Regular,0,Instagram
266,2024-02-06,Mumbai,550612,Android,Regular,1,Instagram
267,2024-09-20,Mumbai,457125,Android,Regular,1,Referral
268,2024-05-01,Delhi,465150,Android,Regular,0,Google Ads
269,2024-05-22,Chennai,426617,Android,Budget,0,Instagram
270,2024-12-08,Delhi,461800,Android,Budget,1,Google Ads
271,2024-09-05,Bangalore,490222,Android,Regular,1,Organic
272,2024-04-19,Pune,514880,Android,Regular,1,Google Ads
273,2024-10-03,Delhi,425480,Android,Budget,0,Referral
274,2024-03-08,Mumbai,499166,Android,Budget,0,Google Ads
275,2025-01-05,Pune,455864,Android,Budget,0,Referral
276,2024-10-19,Pune,482570,Android,Regular,0,Instagram
277,2024-10-22,Mumbai,546481,iOS,Budget,0,Instagram
278,2024-08-30,Delhi,416352,iOS,Budget,0,Instagram
279,2024-05-04,Mumbai,535204,iOS,Budget,0,Organic
280,2024-08-30,Chennai,444826,iOS,Budget,0,Referral
281,2024-07-27,Pune,411350,Android,Premium,0,Organic
282,2024-04-07,Hyderabad,444255,Android,Budget,0,Organic
283,2024-02-18,Hyderabad,438226,Android,Regular,1,Instagram
284,2024-02-19,Bangalore,412454,iOS,Regular,0,Referral
285,2024-12-03,Mumbai,549887,iOS,Premium,0,Google Ads
286,2024-08-08,Mumbai,549336,Android,Budget,0,Google Ads
287,2024-06-30,Bangalore,477695,Android,Budget,0,Referral
288,2024-08-04,Bangalore,415736,Android,Budget,0,Google Ads
289,2024-07-29,Bangalore,546903,iOS,Budget,0,Instagram
290,2024-08-27,Pune,447894,Android,Regular,0,Instagram
291,2025-01-08,Chennai,527007,Android,Budget,1,Organic
292,2024-01-28,Mumbai,445067,Android,Budget,0,Instagram
293,2024-12-10,Pune,534446,Android,Premium,0,Google Ads
294,2024-11-30,Bangalore,541408,iOS,Regular,1,Organic
295,2024-11-26,Mumbai,554814,Android,Budget,0,Referral
296,2024-02-20,Pune,410693,iOS,Budget,1,Referral
297,2024-02-01,Chennai,445542,Android,Budget,0,Organic
298,2024-07-25,Pune,466984,iOS,Premium,0,Instagram
299,2025-01-07,Chennai,550656,iOS,Premium,0,Organic
300,2024-06-22,Bangalore,553838,Android,Premium,1,Organic
301,2024-02-25,Chennai,554979,Android,Premium,0,Instagram
302,2024-05-07,Mumbai,520748,Android,Regular,0,Referral
303,2024-04-08,Bangalore,485104,Android,Budget,0,Organic
304,2024-04-07,Mumbai,550593,iOS,Regular,0,Referral
305,2024-10-01,Hyderabad,425567,Android,Regular,1,Google Ads
306,2024-08-17,Delhi,473194,iOS,Premium,0,Instagram
307,2024-03-12,Chennai,541418,Android,Regular,1,Google Ads
308,2024-08-04,Delhi,521016,Android,Regular,0,Referral
309,2024-04-03,Delhi,530957,Android,Premium,1,Google Ads
310,2024-05-22,Chennai,470745,Android,Budget,0,Google Ads
311,2024-08-24,Bangalore,433456,Android,Premium,1,Google Ads
312,2024-05-07,Hyderabad,559091,iOS,Budget,0,Organic
313,2024-02-08,Mumbai,454220,Android,Regular,1,Organic
314,2024-08-14,Pune,445992,iOS,Budget,0,Instagram
315,2024-10-08,Mumbai,473617,Android,Regular,0,Referral
316,2024-02-20,Pune,487439,Android,Regular,1,Referral
317,2024-01-26,Mumbai,516842,iOS,Budget,0,Instagram
318,2024-11-29,Chennai,540559,iOS,Premium,1,Referral
319,2024-10-03,Hyderabad,458871,Android,Regular,0,Referral
320,2024-01-08,Pune,486695,iOS,Regular,0,Google Ads
321,2024-02-17,Bangalore,443857,Android,Budget,1,Google Ads
322,2025-01-20,Mumbai,501408,Android,Premium,0,Referral
323,2024-05-01,Mumbai,431380,Android,Budget,0,Instagram
324,2024-03-26,Pune,464730,iOS,Budget,1,Instagram
325,2024-07-27,Bangalore,559451,Android,Budget,0,Referral
326,2024-09-05,Bangalore,454354,Android,Regular,0,Instagram
327,2024-09-03,Chennai,414032,Android,Premium,0,Instagram
328,2024-04-19,Chennai,465983,Android,Budget,1,Google Ads
329,2024-07-24,Chennai,436684,Android,Budget,1,Instagram
330,2024-01-31,Chennai,514092,Android,Premium,1,Organic
331,2024-03-25,Chennai,517798,Android,Regular,0,Google Ads
332,2024-07-13,Chennai,548691,Android,Regular,0,Organic
333,2024-01-02,Hyderabad,406588,Android,Budget,0,Referral
334,2024-07-18,Bangalore,462791,Android,Regular,0,Instagram
335,2024-05-15,Chennai,431481,Android,Budget,0,Organic
336,2024-08-20,Bangalore,551600,Android,Premium,0,Instagram
337,2024-05-26,Bangalore,423570,iOS,Regular,1,Organic
338,2024-08-04,Delhi,411152,Android,Regular,1,Google Ads
339,2024-12-22,Hyderabad,444740,Android,Budget,0,Referral
340,2025-01-09,Chennai,432955,Android,Budget,1,Organic
341,2024-10-11,Mumbai,509374,iOS,Budget,1,Google Ads
342,2024-12-04,Pune,434701,iOS,Budget,0,Referral
343,2025-01-02,Mumbai,523729,Android,Budget,0,Organic
344,2024-09-06,Hyderabad,466789,Android,Regular,0,Organic
345,2024-03-20,Pune,471046,Android,Budget,0,Google Ads
346,2024-04-07,Hyderabad,544973,Android,Regular,0,Referral
347,2024-05-31,Bangalore,527993,Android,Budget,0,Referral
348,2024-04-21,Pune,480060,Android,Budget,1,Google Ads
349,2024-01-30,Bangalore,401882,iOS,Regular,0,Instagram
350,2024-10-23,Mumbai,532703,Android,Regular,0,Google Ads
351,2025-01-11,Mumbai,420790,Android,Regular,0,Referral
352,2024-10-04,Pune,526084,Android,Budget,0,Google Ads
353,2024-02-01,Pune,488060,Android,Regular,0,Instagram
354,2025-01-17,Chennai,446152,Android,Regular,0,Google Ads
355,2024-06-09,Hyderabad,509389,Android,Budget,1,Google Ads
356,2024-01-30,Chennai,403263,Android,Regular,0,Organic
357,2024-01-26,Hyderabad,466982,Android,Regular,1,Instagram
358,2024-10-26,Chennai,520952,Android,Budget,0,Referral
359,2024-09-01,Bangalore,523100,Android,Premium,0,Instagram
360,2024-09-14,Pune,481973,Android,Regular,0,Referral
361,2024-09-28,Mumbai,475486,Android,Budget,1,Referral
362,2024-03-21,Hyderabad,454723,Android,Regular,1,Organic
363,2024-01-30,Hyderabad,489500,Android,Budget,0,Instagram
364,2024-09-17,Mumbai,406902,Android,Premium,0,Organic
365,2024-02-11,Chennai,517474,Android,Regular,0,Google Ads
366,2024-04-05,Hyderabad,408598,Android,Budget,1,Instagram
367,2024-02-05,Bangalore,529632,Android,Budget,0,Google Ads
368,2024-10-31,Pune,463910,Android,Budget,0,Instagram
369,2024-02-04,Mumbai,472392,iOS,Regular,0,Referral
370,2024-12-11,Pune,539336,Android,Regular,0,Google Ads
371,2024-04-30,Hyderabad,463294,Android,Budget,1,Instagram
372,2024-07-25,Hyderabad,556878,Android,Budget,0,Instagram
373,2024-03-02,Mumbai,411875,Android,Budget,0,Google Ads
374,2024-10-18,Bangalore,486403,iOS,Budget,0,Organic
375,2024-05-06,Delhi,414080,Android,Budget,0,Instagram
376,2024-10-23,Mumbai,472780,iOS,Regular,0,Organic
377,2024-10-31,Delhi,495409,Android,Regular,1,Organic
378,2024-01-21,Chennai,540091,Android,Premium,0,Organic
379,2024-11-13,Delhi,520607,iOS,Premium,0,Organic
380,2024-02-11,Bangalore,520063,Android,Regular,0,Organic
381,2024-08-02,Chennai,412101,Android,Regular,1,Referral
382,2024-12-02,Delhi,457022,Android,Premium,0,Organic
383,2024-10-25,Chennai,550873,Android,Budget,1,Referral
384,2024-10-16,Delhi,528127,Android,Budget,0,Instagram
385,2024-09-24,Bangalore,492447,Android,Budget,1,Referral
386,2024-06-10,Delhi,429438,Android,Regular,0,Referral
387,2024-05-13,Delhi,551015,iOS,Regular,0,Organic
388,2024-04-14,Delhi,420863,iOS,Budget,0,Instagram
389,2024-12-08,Mumbai,411670,Android,Regular,1,Instagram
390,2025-01-01,Mumbai,521220,Android,Regular,1,Instagram
391,2024-06-09,Mumbai,415917,Android,Budget,1,Google Ads
392,2024-05-02,Bangalore,410879,Android,Budget,1,Referral
393,2024-05-15,Chennai,402986,iOS,Budget,0,Organic
394,2024-07-21,Hyderabad,441236,Android,Budget,0,Google Ads
395,2024-03-08,Delhi,418932,Android,Premium,1,Organic
396,2024-12-09,Delhi,492877,iOS,Premium,1,Google Ads
397,2024-11-26,Bangalore,400337,iOS,Premium,0,Instagram
398,2024-06-02,Delhi,442934,Android,Regular,0,Google Ads
399,2024-08-22,Mumbai,445537,Android,Regular,0,Instagram
400,2024-06-10,Hyderabad,469505,Android,Regular,0,Google Ads
401,2025-01-19,Pune,499215,iOS,Regular,0,Organic
402,2024-02-07,Delhi,513937,Android,Regular,0,Organic
403,2024-01-05,Mumbai,416280,Android,Regular,0,Google Ads
404,2024-08-22,Pune,503752,Android,Budget,1,Referral
405,2024-11-14,Hyderabad,504434,Android,Regular,1,Referral
406,2024-10-15,Pune,471387,Android,Budget,1,Google Ads
407,2024-02-21,Mumbai,486125,iOS,Regular,1,Referral
408,2024-02-07,Chennai,505751,iOS,Regular,0,Organic
409,2024-10-02,Chennai,477486,iOS,Budget,1,Referral
410,2024-04-19,Pune,474056,Android,Premium,0,Google Ads
411,2024-09-16,Bangalore,491912,iOS,Budget,1,Referral
412,2024-05-15,Pune,498619,iOS,Budget,0,Google Ads
413,2024-03-08,Delhi,513893,Android,Budget,1,Organic
414,2024-06-27,Delhi,471129,Android,Premium,0,Instagram
415,2024-02-05,Chennai,549181,Android,Regular,0,Organic
416,2024-05-05,Bangalore,452496,iOS,Regular,0,Organic
417,2024-07-08,Mumbai,482807,Android,Premium,0,Google Ads
418,2024-05-25,Delhi,493186,iOS,Budget,0,Organic
419,2024-03-21,Chennai,449650,Android,Budget,0,Organic
420,2024-08-12,Hyderabad,495403,Android,Budget,1,Referral
421,2024-10-05,Chennai,430677,Android,Regular,0,Google Ads
422,2024-12-26,Delhi,464094,Android,Regular,0,Referral
423,2024-06-03,Delhi,479415,Android,Budget,0,Google Ads
424,2024-11-09,Chennai,493096,iOS,Budget,0,Referral
425,2024-11-30,Mumbai,472308,Android,Budget,0,Referral
426,2024-09-27,Pune,495433,Android,Regular,0,Instagram
427,2024-01-05,Delhi,431924,Android,Budget,1,Organic
428,2024-12-07,Chennai,517450,Android,Budget,0,Referral
429,2024-10-10,Chennai,447575,Android,Budget,1,Instagram
430,2024-06-02,Bangalore,521758,Android,Regular,1,Referral
431,2024-12-05,Pune,453665,iOS,Regular,1,Referral
432,2024-02-23,Hyderabad,467385,Android,Regular,0,Instagram
433,2024-03-09,Mumbai,431028,Android,Regular,0,Instagram
434,2024-05-15,Hyderabad,434486,Android,Regular,0,Instagram
435,2024-02-29,Pune,550529,Android,Premium,1,Organic
436,2024-02-24,Pune,435555,iOS,Budget,0,Organic
437,2025-01-15,Pune,446923,Android,Regular,1,Referral
438,2024-10-10,Hyderabad,413410,iOS,Regular,0,Organic
439,2024-03-20,Pune,436640,Android,Budget,0,Instagram
440,2024-05-19,Chennai,419693,Android,Regular,0,Google Ads
441,2024-05-24,Hyderabad,489038,iOS,Budget,0,Organic
442,2024-11-05,Pune,418075,Android,Budget,1,Instagram
443,2024-04-17,Chennai,546622,Android,Budget,0,Instagram
444,2025-01-02,Bangalore,429964,Android,Budget,0,Instagram
445,2024-06-24,Pune,452266,iOS,Regular,0,Instagram
446,2024-04-14,Hyderabad,416062,Android,Regular,0,Referral
447,2024-12-17,Delhi,559883,Android,Regular,0,Instagram
448,2024-11-20,Pune,513503,Android,Regular,0,Instagram
449,2024-05-15,Delhi,422801,Android,Budget,0,Referral
450,2024-09-15,Chennai,516193,iOS,Regular,0,Organic
451,2024-09-07,Bangalore,507229,Android,Premium,0,Google Ads
452,2024-05-08,Mumbai,428055,Android,Budget,0,Referral
453,2024-01-27,Bangalore,413234,iOS,Regular,0,Referral
454,2024-02-17,Pune,556141,Android,Regular,1,Organic
455,2024-11-20,Delhi,465728,Android,Regular,1,Organic
456,2024-08-04,Delhi,490611,Android,Budget,1,Instagram
457,2024-05-21,Hyderabad,470454,Android,Budget,1,Organic
458,2024-01-23,Delhi,504136,Android,Regular,0,Google Ads
459,2024-01-02,Hyderabad,556905,Android,Premium,0,Referral
460,2024-06-19,Chennai,508465,Android,Budget,0,Google Ads
461,2025-01-29,Mumbai,413683,Android,Premium,0,Instagram
462,2024-03-07,Pune,554456,Android,Budget,0,Google Ads
463,2024-11-22,Hyderabad,458161,Android,Budget,1,Instagram
464,2024-05-14,Mumbai,423667,Android,Regular,0,Google Ads
465,2024-03-23,Delhi,458818,iOS,Regular,0,Referral
466,2025-01-14,Delhi,491199,Android,Budget,0,Google Ads
467,2024-08-14,Mumbai,441831,Android,Budget,0,Organic
468,2024-10-09,Delhi,410235,Android,Premium,0,Google Ads
469,2024-12-27,Chennai,457617,iOS,Premium,1,Referral
470,2024-08-06,Chennai,409222,iOS,Budget,0,Instagram
471,2024-10-14,Mumbai,542483,Android,Budget,1,Google Ads
472,2024-01-05,Hyderabad,401052,Android,Regular,1,Google Ads
473,2024-02-27,Hyderabad,510530,Android,Regular,0,Organic
474,2024-02-08,Mumbai,476919,Android,Budget,0,Instagram
475,2024-12-19,Hyderabad,478117,Android,Premium,1,Instagram
476,2024-03-17,Hyderabad,522227,iOS,Budget,0,Instagram
477,2024-10-06,Chennai,444758,Android,Regular,0,Referral
478,2024-01-19,Hyderabad,521009,Android,Regular,1,Referral
479,2024-07-08,Bangalore,531380,Android,Regular,0,Organic
480,2024-10-25,Pune,456890,Android,Budget,0,Google Ads
481,2024-10-09,Delhi,435945,iOS,Regular,0,Referral
482,2024-03-16,Bangalore,499556,iOS,Premium,0,Instagram
483,2024-08-08,Hyderabad,438135,Android,Regular,0,Google Ads
484,2024-03-06,Chennai,558396,Android,Regular,0,Google Ads
485,2024-01-22,Mumbai,425955,Android,Budget,0,Google Ads
486,2024-06-06,Hyderabad,489960,Android,Premium,0,Organic
487,2024-07-05,Chennai,404993,Android,Premium,1,Referral
488,2024-01-21,Pune,401962,Android,Regular,1,Referral
489,2024-07-02,Hyderabad,412498,iOS,Regular,0,Google Ads
490,2024-04-17,Mumbai,413256,Android,Premium,0,Organic
491,2024-12-15,Chennai,535640,iOS,Budget,0,Organic
492,2024-05-07,Chennai,448848,Android,Regular,0,Referral
493,2024-12-07,Chennai,420390,iOS,Regular,1,Referral
494,2024-02-22,Pune,523803,Android,Regular,0,Organic
495,2024-06-30,Hyderabad,461577,Android,Premium,0,Instagram
496,2024-10-13,Pune,443920,Android,Regular,0,Organic
497,2024-07-27,Delhi,403359,iOS,Budget,1,Instagram
498,2024-11-13,Delhi,488536,Android,Budget,1,Referral
499,2025-01-18,Hyderabad,505983,Android,Budget,0,Organic
500,2024-03-20,Pune,405699,Android,Regular,0,Organic
501,2024-05-01,Mumbai,466810,Android,Budget,0,Organic
502,2024-03-24,Chennai,493080,Android,Budget,0,Organic
503,2024-03-31,Chennai,455806,iOS,Regular,0,Google Ads
504,2024-07-30,Hyderabad,475034,Android,Premium,1,Google Ads
505,2024-01-13,Delhi,498240,Android,Premium,0,Referral
506,2024-04-01,Delhi,530408,Android,Premium,1,Referral
507,2025-01-12,Chennai,444042,Android,Regular,1,Organic
508,2024-06-19,Hyderabad,431955,Android,Budget,0,Google Ads
509,2024-07-29,Pune,408003,Android,Premium,0,Referral
510,2024-12-08,Delhi,469784,Android,Budget,1,Instagram
511,2025-01-11,Pune,507525,Android,Regular,0,Google Ads
512,2024-05-07,Delhi,524858,iOS,Regular,0,Google Ads
513,2024-05-16,Delhi,419739,Android,Premium,0,Google Ads
514,2024-03-22,Bangalore,410704,Android,Regular,0,Organic
515,2024-12-25,Delhi,513777,iOS,Budget,0,Instagram
516,2024-02-25,Mumbai,543465,Android,Regular,0,Organic
517,2024-07-14,Hyderabad,444725,Android,Budget,0,Referral
518,2024-01-20,Hyderabad,432300,Android,Premium,0,Instagram
519,2024-08-28,Pune,415642,iOS,Regular,0,Organic
520,2024-04-23,Delhi,479535,Android,Regular,0,Google Ads
521,2024-04-12,Mumbai,406306,Android,Premium,0,Instagram
522,2024-08-23,Pune,418783,Android,Regular,0,Google Ads
523,2024-06-28,Bangalore,478258,Android,Budget,0,Referral
524,2024-06-05,Pune,477964,Android,Budget,1,Instagram
525,2024-04-26,Pune,521988,Android,Regular,1,Referral
526,2024-04-24,Delhi,551639,Android,Premium,1,Referral
527,2024-01-13,Bangalore,524592,Android,Regular,1,Referral
528,2024-12-03,Pune,467767,Android,Premium,0,Instagram
529,2024-04-08,Mumbai,406512,Android,Budget,0,Referral
530,2024-07-23,Mumbai,514817,Android,Budget,0,Organic
531,2024-06-17,Hyderabad,557250,Android,Budget,1,Organic
532,2024-05-22,Bangalore,404766,iOS,Regular,1,Referral
533,2024-02-05,Bangalore,551427,Android,Budget,0,Google Ads
534,2025-01-30,Hyderabad,423930,Android,Budget,0,Referral
535,2024-05-22,Pune,559893,iOS,Regular,0,Referral
536,2024-06-28,Bangalore,511577,Android,Regular,0,Google Ads
537,2024-11-24,Mumbai,471089,Android,Regular,0,Instagram
538,2024-09-17,Mumbai,477526,Android,Regular,1,Instagram
539,2024-07-23,Delhi,413781,Android,Regular,0,Referral
540,2024-12-13,Bangalore,406590,iOS,Regular,1,Organic
541,2024-10-01,Pune,493665,iOS,Premium,0,Organic
542,2024-06-18,Hyderabad,504189,Android,Budget,0,Organic
543,2024-01-15,Hyderabad,493327,Android,Budget,1,Referral
544,2024-02-29,Pune,440954,Android,Budget,0,Organic
545,2024-05-13,Chennai,465786,Android,Budget,0,Organic
546,2024-04-01,Delhi,419310,iOS,Premium,1,Instagram
547,2024-10-24,Hyderabad,454196,iOS,Budget,1,Referral
548,2024-05-15,Bangalore,425902,Android,Premium,0,Instagram
549,2024-01-20,Delhi,554649,Android,Budget,0,Google Ads
550,2024-02-25,Bangalore,425465,Android,Premium,0,Instagram
551,2024-11-01,Mumbai,416261,Android,Regular,1,Referral
552,2024-08-10,Delhi,524998,iOS,Regular,1,Organic
553,2024-06-25,Hyderabad,435441,Android,Regular,0,Referral
554,2025-01-08,Delhi,495083,iOS,Budget,0,Instagram
555,2024-06-09,Delhi,505584,Android,Regular,1,Referral
556,2024-08-11,Delhi,456684,Android,Budget,0,Referral
557,2024-11-06,Chennai,524207,Android,Regular,0,Instagram
558,2024-09-18,Delhi,533060,Android,Regular,0,Instagram
559,2024-02-29,Bangalore,556178,Android,Budget,0,Google Ads
560,2024-07-16,Mumbai,478485,iOS,Premium,0,Google Ads
561,2024-10-22,Pune,544099,Android,Budget,0,Instagram
562,2024-04-07,Delhi,468310,Android,Regular,0,Referral
563,2024-05-10,Hyderabad,445928,Android,Premium,1,Instagram
564,2024-01-23,Delhi,442947,Android,Regular,0,Organic
565,2024-12-28,Hyderabad,526504,Android,Regular,0,Google Ads
566,2024-08-11,Bangalore,541450,iOS,Regular,1,Organic
567,2024-01-01,Hyderabad,453593,Android,Premium,1,Referral
568,2024-09-23,Pune,538420,Android,Budget,0,Organic
569,2024-10-02,Mumbai,433777,Android,Regular,0,Instagram
570,2024-12-17,Hyderabad,534856,Android,Regular,0,Instagram
571,2025-01-03,Hyderabad,455799,Android,Budget,0,Instagram
572,2025-01-14,Mumbai,535371,Android,Budget,0,Organic
573,2025-01-12,Pune,470205,Android,Budget,0,Organic
574,2024-12-09,Delhi,486208,Android,Regular,0,Organic
575,2024-04-10,Hyderabad,500357,Android,Premium,1,Instagram
576,2024-07-05,Mumbai,460653,Android,Regular,0,Instagram
577,2024-08-08,Bangalore,529573,iOS,Regular,0,Instagram
578,2024-02-05,Mumbai,420923,Android,Budget,0,Organic
579,2024-12-06,Bangalore,551389,Android,Budget,0,Organic
580,2024-06-18,Pune,476997,Android,Budget,0,Referral
581,2024-11-15,Delhi,548041,Android,Regular,1,Google Ads
582,2024-06-09,Mumbai,430267,iOS,Budget,1,Instagram
583,2024-12-05,Chennai,555073,iOS,Regular,1,Organic
584,2024-03-04,Hyderabad,545084,Android,Premium,0,Google Ads
585,2025-01-03,Pune,402867,Android,Regular,0,Organic
586,2024-06-02,Mumbai,512670,Android,Regular,0,Organic
587,2024-09-16,Hyderabad,405899,Android,Regular,0,Instagram
588,2024-06-07,Mumbai,418396,Android,Budget,1,Google Ads
589,2024-12-07,Bangalore,404007,iOS,Budget,1,Organic
590,2024-07-28,Mumbai,410957,iOS,Premium,1,Google Ads
591,2024-06-16,Chennai,537151,iOS,Regular,1,Google Ads
592,2024-07-25,Mumbai,495677,iOS,Regular,1,Instagram
593,2024-12-22,Mumbai,521725,Android,Budget,0,Google Ads
594,2024-05-31,Chennai,462902,Android,Regular,1,Referral
595,2024-10-10,Pune,507228,Android,Budget,0,Referral
596,2024-03-06,Mumbai,517193,Android,Budget,1,Instagram
597,2024-04-08,Chennai,431418,Android,Budget,0,Instagram
598,2024-08-03,Hyderabad,488021,iOS,Regular,0,Referral
599,2024-12-06,Bangalore,483640,iOS,Budget,1,Instagram
600,2024-07-13,Bangalore,494882,iOS,Budget,0,Google Ads
601,2024-12-12,Mumbai,532660,iOS,Regular,1,Organic
602,2025-01-18,Pune,521689,iOS,Regular,0,Instagram
603,2024-03-30,Pune,515585,Android,Regular,0,Referral
604,2024-11-11,Hyderabad,486568,iOS,Regular,0,Organic
605,2024-10-18,Mumbai,475887,Android,Premium,0,Google Ads
606,2024-06-03,Bangalore,549889,Android,Budget,0,Organic
607,2024-07-26,Pune,429433,iOS,Budget,0,Referral
608,2024-10-07,Mumbai,472374,iOS,Regular,0,Organic
609,2024-01-01,Pune,420885,Android,Budget,0,Referral
610,2024-06-04,Chennai,405455,Android,Regular,0,Instagram
611,2024-05-26,Pune,474961,Android,Regular,0,Instagram
612,2024-04-17,Bangalore,502422,Android,Premium,1,Referral
613,2024-08-08,Delhi,443619,iOS,Premium,0,Instagram
614,2024-10-23,Hyderabad,447112,Android,Premium,0,Google Ads
615,2024-11-06,Hyderabad,520593,Android,Budget,0,Organic
616,2024-12-01,Bangalore,459994,Android,Premium,0,Referral
617,2024-06-13,Pune,528653,Android,Budget,0,Referral
618,2024-08-26,Mumbai,539921,Android,Regular,0,Referral
619,2024-08-14,Pune,478673,iOS,Regular,0,Google Ads
620,2024-08-14,Bangalore,466126,Android,Budget,0,Google Ads
621,2024-12-11,Hyderabad,517510,Android,Regular,0,Google Ads
622,2024-04-19,Pune,461603,Android,Budget,1,Referral
623,2024-09-18,Hyderabad,442223,Android,Budget,0,Google Ads
624,2024-08-30,Mumbai,449224,iOS,Premium,0,Instagram
625,2025-01-11,Hyderabad,465334,Android,Budget,0,Organic
626,2024-03-27,Hyderabad,522651,iOS,Budget,0,Instagram
627,2024-12-03,Delhi,449421,Android,Regular,0,Instagram
628,2024-02-13,Delhi,475505,Android,Premium,0,Google Ads
629,2024-05-25,Chennai,402463,Android,Budget,0,Referral
630,2024-09-20,Delhi,409461,Android,Budget,0,Instagram
631,2024-12-05,Hyderabad,499320,iOS,Premium,0,Organic
632,2024-11-20,Bangalore,540348,Android,Budget,0,Google Ads
633,2024-11-13,Hyderabad,544342,Android,Budget,0,Instagram
634,2024-06-20,Bangalore,529594,Android,Regular,0,Google Ads
635,2024-02-17,Bangalore,522673,Android,Regular,0,Organic
636,2025-01-19,Delhi,472921,iOS,Premium,0,Google Ads
637,2024-04-30,Pune,422554,Android,Budget,1,Referral
638,2024-12-10,Mumbai,555439,Android,Premium,1,Instagram
639,2024-06-07,Delhi,444037,iOS,Premium,0,Instagram
640,2024-04-25,Delhi,548442,Android,Budget,1,Referral
641,2024-04-11,Pune,542868,Android,Budget,0,Organic
642,2024-03-16,Mumbai,470022,Android,Premium,0,Organic
643,2024-01-13,Hyderabad,507206,Android,Regular,0,Google Ads
644,2024-01-24,Chennai,488210,Android,Regular,0,Instagram
645,2024-05-05,Chennai,475140,Android,Regular,0,Organic
646,2024-08-31,Hyderabad,405369,Android,Regular,0,Referral
647,2024-11-08,Delhi,535694,iOS,Premium,0,Referral
648,2025-01-28,Mumbai,458830,Android,Budget,1,Referral
649,2024-02-07,Delhi,529037,Android,Budget,0,Organic
650,2024-08-21,Bangalore,414720,Android,Premium,1,Referral
651,2024-07-31,Delhi,429228,iOS,Premium,0,Instagram
652,2024-11-18,Delhi,509431,Android,Regular,0,Organic
653,2024-10-21,Hyderabad,538639,Android,Premium,0,Organic
654,2024-04-09,Hyderabad,412307,Android,Regular,0,Instagram
655,2025-01-02,Hyderabad,453823,Android,Budget,0,Referral
656,2024-12-22,Chennai,424043,iOS,Premium,0,Organic
657,2024-07-15,Bangalore,546159,Android,Regular,0,Instagram
658,2024-09-10,Hyderabad,548460,Android,Budget,0,Instagram
659,2024-07-23,Mumbai,558115,Android,Budget,0,Google Ads
660,2024-05-04,Chennai,489425,Android,Regular,0,Referral
661,2024-03-16,Pune,549396,iOS,Premium,1,Referral
662,2024-12-01,Mumbai,418020,Android,Budget,0,Instagram
663,2024-12-18,Mumbai,475427,Android,Budget,1,Organic
664,2024-01-03,Hyderabad,440864,Android,Regular,0,Google Ads
665,2025-01-19,Pune,511024,Android,Premium,0,Google Ads
666,2025-01-29,Pune,541356,Android,Regular,0,Organic
667,2024-02-24,Chennai,549352,Android,Regular,0,Google Ads
668,2024-08-05,Pune,447000,Android,Regular,1,Organic
669,2024-04-22,Bangalore,462781,Android,Budget,0,Google Ads
670,2024-03-31,Hyderabad,422909,Android,Regular,1,Organic
671,2024-12-22,Pune,526279,Android,Budget,1,Instagram
672,2024-09-22,Chennai,513003,iOS,Premium,0,Instagram
673,2024-08-25,Bangalore,500707,iOS,Budget,0,Google Ads
674,2024-01-26,Delhi,522020,Android,Regular,0,Google Ads
675,2024-10-12,Delhi,509709,Android,Budget,0,Instagram
676,2024-05-07,Bangalore,409344,Android,Regular,0,Referral
677,2024-03-03,Chennai,476174,iOS,Budget,0,Organic
678,2024-08-21,Bangalore,500261,iOS,Budget,0,Referral
679,2024-03-09,Hyderabad,469444,iOS,Budget,0,Google Ads
680,2024-08-25,Hyderabad,457531,iOS,Regular,0,Instagram
681,2024-12-07,Delhi,535900,Android,Budget,1,Google Ads
682,2024-09-28,Pune,496144,iOS,Regular,0,Referral
683,2024-10-13,Chennai,544772,Android,Regular,0,Instagram
684,2024-10-31,Delhi,514528,Android,Regular,0,Instagram
685,2024-06-11,Pune,536386,Android,Regular,1,Instagram
686,2025-01-21,Pune,544671,iOS,Premium,0,Organic
687,2024-08-14,Hyderabad,511363,iOS,Budget,1,Google Ads
688,2024-11-09,Mumbai,428808,Android,Budget,1,Referral
689,2025-01-03,Mumbai,459551,Android,Premium,1,Organic
690,2024-09-15,Bangalore,403559,iOS,Budget,0,Referral
691,2024-08-06,Hyderabad,450114,Android,Premium,0,Organic
692,2024-10-07,Pune,453000,Android,Budget,1,Instagram
693,2024-08-16,Chennai,458220,Android,Regular,1,Organic
694,2024-03-22,Mumbai,453219,Android,Budget,1,Google Ads
695,2025-01-15,Pune,419230,Android,Premium,0,Google Ads
696,2024-08-31,Mumbai,475210,Android,Regular,0,Referral
697,2024-08-18,Mumbai,427878,iOS,Budget,0,Instagram
698,2024-05-12,Mumbai,497138,Android,Budget,1,Instagram
699,2025-01-19,Chennai,438085,iOS,Budget,1,Referral
700,2024-05-06,Hyderabad,481781,Android,Regular,0,Google Ads
701,2024-11-22,Chennai,547879,Android,Budget,0,Google Ads
702,2024-05-21,Delhi,437035,Android,Budget,0,Referral
703,2025-01-27,Pune,455469,Android,Regular,0,Instagram
704,2024-09-23,Hyderabad,550167,iOS,Regular,0,Referral
705,2024-09-05,Hyderabad,410590,Android,Budget,0,Referral
706,2024-11-16,Hyderabad,457222,Android,Budget,0,Organic
707,2024-05-02,Hyderabad,401658,Android,Regular,0,Referral
708,2024-05-20,Chennai,498301,iOS,Premium,1,Google Ads
709,2024-08-13,Hyderabad,517230,Android,Budget,1,Referral
710,2024-02-09,Bangalore,439532,Android,Regular,1,Instagram
711,2024-12-31,Pune,452228,Android,Budget,1,Instagram
712,2024-05-26,Hyderabad,403165,iOS,Budget,0,Google Ads
713,2024-04-30,Pune,493079,Android,Regular,1,Instagram
714,2024-05-19,Bangalore,441248,Android,Budget,1,Referral
715,2024-06-20,Bangalore,550674,Android,Regular,0,Google Ads
716,2024-06-12,Pune,450600,Android,Premium,0,Instagram
717,2024-10-03,Mumbai,535625,Android,Premium,1,Referral
718,2024-02-11,Delhi,540490,Android,Budget,1,Instagram
719,2024-03-11,Mumbai,468208,Android,Budget,0,Organic
720,2024-03-18,Mumbai,472056,Android,Premium,0,Instagram
721,2024-04-28,Chennai,502267,Android,Budget,1,Google Ads
722,2024-07-15,Mumbai,478271,Android,Regular,1,Referral
723,2024-12-21,Hyderabad,511427,iOS,Budget,0,Referral
724,2024-03-19,Chennai,534795,iOS,Budget,0,Google Ads
725,2024-12-27,Chennai,470443,Android,Budget,0,Organic
726,2024-04-19,Bangalore,495633,iOS,Premium,0,Referral
727,2024-02-02,Mumbai,421439,Android,Premium,1,Google Ads
728,2024-07-31,Bangalore,458820,iOS,Budget,0,Instagram
729,2024-07-27,Pune,443857,Android,Premium,0,Organic
730,2024-06-18,Delhi,441939,Android,Budget,1,Google Ads
731,2024-10-04,Chennai,459808,Android,Budget,0,Instagram
732,2024-08-26,Pune,449878,iOS,Regular,1,Referral
733,2024-07-31,Pune,443462,Android,Regular,0,Referral
734,2024-02-01,Hyderabad,493475,Android,Budget,1,Organic
735,2024-04-15,Delhi,483137,Android,Budget,1,Instagram
736,2024-08-03,Pune,420436,Android,Premium,0,Google Ads
737,2024-07-18,Pune,545264,Android,Premium,1,Referral
738,2025-01-29,Delhi,484727,Android,Premium,1,Google Ads
739,2024-10-26,Delhi,558459,Android,Budget,1,Google Ads
740,2024-12-22,Pune,454787,iOS,Regular,0,Google Ads
741,2024-01-11,Delhi,413705,Android,Budget,0,Organic
742,2025-01-26,Pune,456636,Android,Premium,0,Google Ads
743,2024-10-21,Pune,533196,Android,Budget,0,Organic
744,2024-07-13,Hyderabad,490711,Android,Budget,0,Organic
745,2024-09-01,Mumbai,462994,iOS,Regular,0,Instagram
746,2024-01-04,Pune,512753,iOS,Premium,1,Referral
747,2024-06-29,Bangalore,556489,Android,Regular,0,Google Ads
748,2024-06-01,Chennai,532887,iOS,Budget,1,Instagram
749,2025-01-20,Mumbai,478538,iOS,Regular,1,Instagram
750,2024-07-18,Mumbai,450259,iOS,Premium,0,Instagram
751,2024-08-02,Mumbai,547581,Android,Budget,0,Instagram
752,2024-10-02,Hyderabad,485167,Android,Premium,1,Instagram
753,2025-01-17,Pune,513711,Android,Premium,0,Google Ads
754,2025-01-11,Hyderabad,435700,Android,Budget,0,Instagram
755,2024-10-06,Pune,446336,Android,Budget,1,Referral
756,2024-11-04,Hyderabad,446807,iOS,Budget,0,Organic
757,2024-04-22,Hyderabad,477854,Android,Budget,1,Organic
758,2024-09-06,Chennai,435740,Android,Regular,1,Referral
759,2024-04-22,Bangalore,434786,Android,Regular,0,Google Ads
760,2024-05-19,Hyderabad,485017,Android,Regular,1,Organic
761,2024-08-11,Chennai,532682,Android,Budget,0,Referral
762,2024-09-05,Delhi,466254,iOS,Regular,1,Referral
763,2024-01-15,Bangalore,491129,Android,Regular,1,Instagram
764,2024-07-18,Hyderabad,559214,iOS,Premium,0,Organic
765,2024-06-21,Mumbai,527582,iOS,Budget,0,Instagram
766,2024-12-08,Delhi,510967,Android,Regular,0,Google Ads
767,2024-12-13,Delhi,537855,iOS,Premium,0,Organic
768,2024-07-26,Chennai,499353,Android,Regular,1,Organic
769,2025-01-05,Delhi,557006,Android,Budget,0,Referral
770,2024-03-25,Bangalore,477155,Android,Budget,0,Organic
771,2024-08-27,Hyderabad,539380,Android,Premium,0,Google Ads
772,2024-03-06,Hyderabad,508298,iOS,Budget,0,Google Ads
773,2024-11-14,Mumbai,438347,Android,Premium,1,Organic
774,2024-09-30,Chennai,512139,Android,Premium,0,Referral
775,2024-01-14,Mumbai,450773,Android,Budget,1,Google Ads
776,2024-07-20,Delhi,440150,Android,Regular,1,Instagram
777,2024-10-30,Mumbai,486701,Android,Budget,0,Google Ads
778,2024-10-15,Bangalore,558599,iOS,Budget,0,Organic
779,2024-12-05,Hyderabad,496759,Android,Regular,0,Instagram
780,2024-01-14,Delhi,528448,Android,Regular,0,Organic
781,2024-02-12,Mumbai,405696,Android,Budget,0,Organic
782,2024-11-25,Chennai,439170,Android,Premium,1,Organic
783,2024-08-07,Bangalore,447948,Android,Budget,1,Referral
784,2024-03-10,Bangalore,445866,iOS,Regular,0,Referral
785,2024-08-24,Mumbai,556626,Android,Regular,0,Google Ads
786,2024-04-03,Hyderabad,504502,Android,Budget,0,Organic
787,2024-01-26,Mumbai,460411,Android,Premium,1,Instagram
788,2024-05-13,Delhi,503755,Android,Regular,0,Instagram
789,2024-07-13,Mumbai,490896,Android,Regular,0,Instagram
790,2024-06-16,Bangalore,555889,Android,Regular,0,Referral
791,2024-04-18,Mumbai,450706,Android,Budget,1,Referral
792,2024-08-20,Hyderabad,515701,iOS,Budget,0,Organic
793,2024-06-16,Chennai,473915,Android,Regular,0,Instagram
794,2024-06-21,Pune,401882,Android,Premium,0,Instagram
795,2025-01-24,Mumbai,447366,Android,Premium,0,Referral
796,2024-07-13,Hyderabad,479212,Android,Budget,1,Referral
797,2024-05-22,Hyderabad,556079,iOS,Regular,0,Instagram
798,2025-01-20,Chennai,441199,Android,Budget,0,Instagram
799,2024-08-03,Bangalore,553904,Android,Budget,1,Google Ads
800,2024-05-09,Hyderabad,500650,Android,Regular,0,Referral
801,2024-02-11,Hyderabad,547532,iOS,Regular,0,Organic
802,2024-08-28,Hyderabad,536950,Android,Budget,1,Organic
803,2024-01-10,Hyderabad,439554,Android,Regular,1,Instagram
804,2025-01-18,Delhi,535995,Android,Regular,0,Referral
805,2024-10-03,Delhi,522779,Android,Budget,1,Organic
806,2024-01-27,Bangalore,517019,Android,Regular,1,Referral
807,2024-06-28,Mumbai,535759,Android,Budget,0,Instagram
808,2024-04-24,Hyderabad,432767,iOS,Regular,0,Instagram
809,2024-11-28,Chennai,432007,Android,Premium,0,Instagram
810,2024-02-05,Mumbai,431423,Android,Regular,1,Referral
811,2024-11-29,Chennai,516591,iOS,Premium,1,Organic
812,2024-01-21,Mumbai,412206,Android,Budget,0,Google Ads
813,2025-01-21,Bangalore,554600,iOS,Regular,0,Organic
814,2024-01-16,Hyderabad,549516,Android,Regular,0,Referral
815,2024-05-06,Hyderabad,547597,Android,Regular,0,Organic
816,2024-04-12,Pune,516478,Android,Premium,0,Google Ads
817,2024-01-11,Chennai,428203,Android,Regular,0,Organic
818,2024-11-14,Mumbai,461693,Android,Regular,0,Google Ads
819,2024-03-19,Mumbai,420856,iOS,Budget,0,Referral
820,2024-05-02,Delhi,425096,iOS,Budget,1,Instagram
821,2024-03-05,Pune,449242,Android,Regular,1,Google Ads
822,2024-08-30,Delhi,503120,Android,Regular,1,Referral
823,2024-12-08,Delhi,452004,Android,Premium,0,Instagram
824,2024-02-28,Delhi,494838,iOS,Budget,1,Google Ads
825,2024-10-15,Chennai,494284,Android,Budget,1,Instagram
826,2024-04-21,Chennai,547045,Android,Regular,0,Organic
827,2024-08-26,Bangalore,523806,Android,Premium,0,Referral
828,2024-12-24,Bangalore,493847,Android,Premium,1,Referral
829,2024-05-11,Delhi,422928,iOS,Budget,0,Referral
830,2025-01-27,Pune,520590,Android,Budget,0,Referral
831,2024-07-07,Mumbai,515658,Android,Regular,0,Google Ads
832,2024-03-26,Chennai,466631,Android,Budget,0,Organic
833,2024-11-06,Pune,504429,Android,Premium,0,Instagram
834,2024-11-06,Hyderabad,522036,Android,Regular,0,Referral
835,2025-01-17,Chennai,526245,Android,Budget,0,Referral
836,2025-01-02,Chennai,469519,Android,Budget,0,Google Ads
837,2024-02-28,Bangalore,481327,Android,Budget,1,Google Ads
838,2024-03-24,Mumbai,543278,Android,Premium,1,Google Ads
839,2024-06-08,Mumbai,520244,Android,Budget,0,Organic
840,2024-02-25,Hyderabad,412749,iOS,Budget,0,Instagram
841,2024-10-23,Hyderabad,552170,Android,Premium,0,Organic
842,2024-01-14,Chennai,534165,Android,Budget,0,Referral
843,2024-06-08,Delhi,453312,Android,Regular,1,Google Ads
844,2024-10-21,Bangalore,422693,Android,Budget,0,Referral
845,2024-12-12,Bangalore,524955,Android,Regular,0,Instagram
846,2024-07-11,Chennai,554935,iOS,Budget,0,Instagram
847,2024-07-22,Pune,530036,Android,Budget,0,Organic
848,2025-01-01,Delhi,479508,Android,Regular,0,Organic
849,2024-04-11,Chennai,480153,iOS,Budget,0,Google Ads
850,2024-02-08,Delhi,404927,Android,Regular,1,Google Ads
851,2024-10-30,Delhi,403970,iOS,Budget,0,Referral
852,2024-12-19,Delhi,435734,Android,Regular,0,Google Ads
853,2024-11-17,Chennai,469856,iOS,Premium,0,Google Ads
854,2024-05-04,Bangalore,441744,iOS,Budget,0,Referral
855,2024-02-22,Bangalore,530194,iOS,Budget,0,Instagram
856,2024-12-22,Delhi,507446,iOS,Premium,0,Google Ads
857,2025-01-30,Pune,420324,iOS,Regular,1,Google Ads
858,2024-06-03,Mumbai,416429,Android,Budget,0,Referral
859,2024-12-16,Chennai,434579,Android,Regular,0,Referral
860,2024-11-03,Mumbai,486487,Android,Budget,0,Referral
861,2024-03-02,Pune,464141,Android,Budget,0,Referral
862,2024-10-16,Chennai,507326,iOS,Premium,0,Referral
863,2024-01-22,Delhi,483830,Android,Regular,0,Google Ads
864,2024-06-26,Bangalore,406365,iOS,Regular,0,Organic
865,2024-09-29,Mumbai,528868,iOS,Budget,0,Organic
866,2024-08-07,Hyderabad,531764,Android,Budget,0,Organic
867,2024-12-04,Hyderabad,495599,Android,Premium,0,Google Ads
868,2024-07-08,Pune,457063,Android,Budget,0,Instagram
869,2024-02-05,Delhi,544934,Android,Budget,0,Google Ads
870,2024-09-16,Mumbai,488303,Android,Budget,0,Organic
871,2024-11-27,Delhi,463929,iOS,Regular,0,Organic
872,2024-06-23,Mumbai,441348,iOS,Budget,0,Referral
873,2024-01-07,Pune,403122,Android,Budget,0,Referral
874,2024-08-03,Pune,483794,Android,Premium,0,Referral
875,2024-09-07,Hyderabad,428165,Android,Regular,1,Google Ads
876,2024-02-24,Delhi,425492,Android,Budget,1,Instagram
877,2024-08-09,Chennai,459223,Android,Regular,0,Instagram
878,2024-07-04,Hyderabad,554238,Android,Budget,0,Referral
879,2024-11-21,Delhi,403749,Android,Regular,0,Instagram
880,2024-08-23,Hyderabad,426554,Android,Regular,0,Organic
881,2024-12-28,Chennai,516548,iOS,Budget,0,Organic
882,2024-03-19,Bangalore,460381,Android,Budget,1,Referral
883,2024-08-10,Bangalore,444332,Android,Regular,0,Referral
884,2024-03-31,Bangalore,520618,Android,Premium,1,Referral
885,2025-01-10,Bangalore,439561,Android,Regular,0,Instagram
886,2024-09-24,Mumbai,453866,Android,Budget,0,Google Ads
887,2024-11-29,Bangalore,475911,Android,Budget,1,Referral
888,2024-05-18,Chennai,535748,Android,Budget,1,Instagram
889,2024-11-11,Pune,477987,Android,Budget,1,Referral
890,2024-10-02,Pune,410069,Android,Regular,1,Google Ads
891,2025-01-31,Mumbai,454461,Android,Regular,0,Referral
892,2024-09-04,Bangalore,500767,Android,Budget,0,Organic
893,2024-08-26,Bangalore,446419,Android,Budget,0,Referral
894,2024-08-11,Bangalore,426207,iOS,Regular,0,Organic
895,2025-01-09,Hyderabad,528181,iOS,Budget,1,Organic
896,2024-10-30,Delhi,400288,Android,Premium,1,Instagram
897,2024-05-17,Hyderabad,422338,Android,Regular,1,Instagram
898,2024-06-14,Delhi,551739,Android,Premium,0,Organic
899,2024-05-05,Bangalore,532234,iOS,Premium,0,Organic
900,2024-02-14,Bangalore,500668,Android,Premium,1,Referral
901,2024-05-22,Hyderabad,490072,Android,Budget,0,Referral
902,2024-08-18,Hyderabad,498065,Android,Premium,0,Organic
903,2024-05-04,Delhi,506512,Android,Budget,1,Instagram
904,2025-01-19,Pune,545831,Android,Budget,0,Referral
905,2024-08-25,Delhi,403179,Android,Regular,1,Referral
906,2024-10-18,Hyderabad,431832,Android,Budget,0,Referral
907,2024-11-08,Chennai,533249,iOS,Budget,0,Instagram
908,2024-12-08,Hyderabad,503307,Android,Budget,0,Organic
909,2024-07-13,Chennai,557700,Android,Budget,0,Referral
910,2024-06-21,Mumbai,512026,Android,Regular,0,Instagram
911,2024-01-15,Hyderabad,490418,Android,Budget,0,Instagram
912,2024-09-10,Mumbai,411985,Android,Regular,1,Instagram
913,2024-06-15,Pune,489313,iOS,Premium,1,Instagram
914,2024-04-03,Delhi,483292,Android,Regular,0,Referral
915,2024-09-06,Chennai,407136,iOS,Regular,0,Organic
916,2024-04-18,Delhi,400321,Android,Premium,0,Organic
917,2024-06-30,Mumbai,552757,Android,Budget,1,Instagram
918,2024-05-12,Chennai,488775,iOS,Regular,0,Organic
919,2024-06-23,Delhi,552962,Android,Premium,0,Referral
920,2024-05-23,Hyderabad,498072,Android,Premium,0,Organic
921,2024-11-01,Bangalore,541843,Android,Regular,0,Organic
922,2024-12-25,Mumbai,509864,Android,Budget,0,Google Ads
923,2024-05-21,Delhi,441778,Android,Premium,1,Organic
924,2024-10-11,Mumbai,446251,Android,Budget,1,Organic
925,2024-01-06,Mumbai,473035,Android,Budget,0,Instagram
926,2024-09-21,Chennai,504941,Android,Budget,0,Instagram
927,2024-04-07,Chennai,440131,Android,Regular,0,Google Ads
928,2024-02-13,Bangalore,533610,iOS,Regular,0,Referral
929,2024-05-03,Hyderabad,415217,iOS,Premium,0,Google Ads
930,2025-01-03,Mumbai,484150,Android,Regular,0,Organic
931,2024-07-27,Delhi,403010,iOS,Budget,1,Organic
932,2024-09-07,Pune,489905,Android,Regular,0,Referral
933,2024-10-11,Mumbai,545282,iOS,Regular,0,Referral
934,2025-01-23,Mumbai,415030,Android,Regular,0,Instagram
935,2024-05-03,Bangalore,502172,Android,Premium,0,Organic
936,2024-12-19,Hyderabad,514457,iOS,Premium,0,Organic
937,2024-08-31,Pune,462560,Android,Regular,0,Organic
938,2024-11-26,Chennai,464893,Android,Budget,0,Organic
939,2024-12-30,Chennai,470410,iOS,Regular,1,Organic
940,2024-09-08,Delhi,539708,iOS,Premium,0,Organic
941,2024-08-17,Pune,433066,iOS,Budget,0,Organic
942,2024-01-09,Chennai,520545,Android,Premium,0,Organic
943,2024-02-17,Delhi,507341,Android,Budget,0,Instagram
944,2024-05-30,Hyderabad,433784,Android,Regular,0,Google Ads
945,2024-04-23,Delhi,434153,Android,Regular,1,Organic
946,2024-07-26,Chennai,458742,Android,Regular,0,Instagram
947,2024-12-20,Bangalore,507050,Android,Premium,0,Organic
948,2024-05-04,Bangalore,429093,Android,Budget,0,Referral
949,2024-06-05,Bangalore,548726,Android,Budget,0,Organic
950,2024-12-05,Chennai,486484,iOS,Regular,0,Google Ads
951,2024-10-24,Bangalore,521586,iOS,Budget,1,Instagram
952,2024-07-07,Pune,459755,iOS,Regular,0,Referral
953,2024-08-30,Hyderabad,487593,iOS,Budget,1,Referral
954,2024-10-10,Delhi,494544,Android,Budget,0,Organic
955,2024-09-28,Delhi,443170,iOS,Regular,0,Google Ads
956,2024-06-25,Chennai,454746,Android,Regular,0,Google Ads
957,2024-08-05,Bangalore,510169,iOS,Budget,0,Organic
958,2025-01-16,Bangalore,513986,iOS,Budget,0,Organic
959,2024-10-08,Mumbai,405544,iOS,Budget,1,Instagram
960,2024-06-18,Hyderabad,421068,Android,Regular,0,Instagram
961,2024-06-29,Pune,451034,Android,Budget,0,Organic
962,2024-12-25,Delhi,445257,Android,Regular,1,Organic
963,2024-08-20,Mumbai,553264,Android,Regular,0,Referral
964,2024-05-18,Mumbai,486804,Android,Regular,1,Google Ads
965,2024-06-05,Chennai,518844,Android,Budget,0,Instagram
966,2024-05-08,Delhi,428993,Android,Regular,0,Organic
967,2024-04-28,Chennai,448804,Android,Premium,0,Organic
968,2024-03-02,Pune,509976,Android,Budget,0,Instagram
969,2025-01-04,Mumbai,544283,Android,Budget,1,Referral
970,2024-04-08,Mumbai,426271,Android,Regular,1,Referral
971,2024-06-10,Hyderabad,536270,Android,Budget,0,Organic
972,2024-03-02,Pune,407453,Android,Regular,0,Google Ads
973,2025-01-15,Mumbai,441487,iOS,Premium,0,Google Ads
974,2024-10-01,Pune,414860,Android,Regular,0,Organic
975,2025-01-25,Delhi,558309,Android,Regular,0,Instagram
976,2024-12-19,Bangalore,432084,Android,Regular,0,Google Ads
977,2024-04-04,Mumbai,467709,Android,Budget,1,Instagram
978,2024-04-08,Hyderabad,511463,Android,Budget,0,Instagram
979,2024-04-20,Delhi,547736,Android,Premium,1,Instagram
980,2025-01-13,Pune,493077,Android,Premium,0,Referral
981,2024-09-04,Chennai,419054,Android,Regular,1,Google Ads
982,2024-05-21,Delhi,542158,Android,Premium,0,Referral
983,2025-01-05,Mumbai,489746,Android,Budget,0,Google Ads
984,2024-10-28,Pune,469518,Android,Budget,1,Organic
985,2025-01-24,Bangalore,552226,Android,Budget,1,Instagram
986,2024-09-25,Delhi,536320,Android,Budget,1,Google Ads
987,2024-11-01,Mumbai,541626,Android,Premium,0,Google Ads
988,2024-05-24,Hyderabad,551884,Android,Premium,1,Organic
989,2024-02-21,Chennai,537208,iOS,Premium,0,Referral
990,2024-04-09,Pune,536646,Android,Regular,0,Google Ads
991,2024-05-31,Delhi,479268,Android,Budget,0,Google Ads
992,2024-04-26,Delhi,538262,iOS,Budget,1,Referral
993,2024-07-03,Bangalore,480078,Android,Budget,0,Referral
994,2024-04-01,Bangalore,476624,Android,Regular,0,Google Ads
995,2024-06-03,Hyderabad,531005,iOS,Regular,0,Referral
996,2024-01-08,Chennai,453688,iOS,Premium,0,Organic
997,2024-12-28,Hyderabad,468313,Android,Premium,0,Organic
998,2024-09-30,Mumbai,507616,iOS,Budget,0,Instagram
999,2024-03-05,Mumbai,530977,iOS,Budget,0,Google Ads
1000,2024-05-20,Hyderabad,427565,Android,Regular,0,Organic
1001,2024-01-24,Chennai,428836,iOS,Budget,1,Organic
1002,2024-01-28,Hyderabad,407698,Android,Regular,0,Organic
1003,2024-10-10,Chennai,480166,Android,Regular,0,Instagram
1004,2024-05-29,Chennai,548119,iOS,Budget,0,Referral
1005,2024-12-23,Pune,457824,iOS,Regular,0,Instagram
1006,2024-03-05,Chennai,409616,Android,Regular,0,Instagram
1007,2024-11-22,Bangalore,536133,Android,Premium,1,Instagram
1008,2025-01-20,Chennai,530500,Android,Budget,0,Instagram
1009,2024-09-08,Chennai,476437,Android,Premium,0,Google Ads
1010,2024-02-22,Chennai,520563,Android,Regular,0,Google Ads
1011,2024-01-07,Mumbai,471118,iOS,Regular,1,Organic
1012,2024-10-20,Bangalore,434783,iOS,Budget,1,Instagram
1013,2024-05-25,Bangalore,478534,Android,Regular,0,Instagram
1014,2024-08-28,Hyderabad,472685,Android,Regular,0,Organic
1015,2024-09-02,Pune,479559,Android,Regular,0,Referral
1016,2024-08-13,Chennai,481423,Android,Regular,0,Google Ads
1017,2024-06-23,Delhi,556329,Android,Regular,0,Instagram
1018,2024-04-04,Pune,406639,Android,Premium,0,Referral
1019,2024-01-27,Pune,437420,Android,Budget,0,Referral
1020,2024-05-09,Bangalore,433378,Android,Premium,1,Instagram
1021,2024-09-01,Pune,506245,Android,Budget,0,Instagram
1022,2024-02-28,Chennai,423383,Android,Premium,1,Referral
1023,2024-02-03,Chennai,553467,Android,Premium,0,Google Ads
1024,2024-07-24,Mumbai,467790,Android,Budget,0,Google Ads
1025,2024-09-08,Chennai,510635,Android,Regular,0,Instagram
1026,2024-02-07,Chennai,531937,Android,Regular,0,Instagram
1027,2024-10-22,Bangalore,499573,Android,Budget,0,Organic
1028,2024-11-18,Chennai,544739,iOS,Regular,0,Organic
1029,2024-12-17,Mumbai,523665,Android,Budget,0,Google Ads
1030,2024-01-28,Delhi,552028,Android,Premium,0,Organic
1031,2024-03-18,Bangalore,510675,Android,Premium,1,Referral
1032,2024-03-17,Delhi,503534,Android,Regular,0,Referral
1033,2024-10-15,Bangalore,481846,Android,Regular,0,Referral
1034,2024-06-04,Hyderabad,469591,iOS,Regular,0,Referral
1035,2024-02-13,Pune,527776,iOS,Budget,1,Instagram
1036,2024-05-07,Hyderabad,466472,iOS,Regular,0,Referral
1037,2024-03-01,Chennai,443299,Android,Regular,0,Google Ads
1038,2024-10-12,Delhi,448925,Android,Premium,0,Organic
1039,2025-01-26,Chennai,547782,Android,Regular,0,Google Ads
1040,2024-08-01,Pune,409727,Android,Regular,0,Instagram
1041,2024-11-06,Bangalore,440543,Android,Regular,0,Organic
1042,2024-11-01,Pune,551318,Android,Budget,0,Organic
1043,2024-11-12,Mumbai,434754,iOS,Regular,0,Organic
1044,2024-04-25,Pune,479789,Android,Regular,0,Referral
1045,2024-09-24,Mumbai,421317,Android,Budget,0,Instagram
1046,2024-07-13,Pune,484699,iOS,Regular,0,Google Ads
1047,2024-08-18,Mumbai,415961,iOS,Regular,0,Referral
1048,2024-08-14,Delhi,430792,Android,Regular,1,Organic
1049,2024-06-01,Chennai,425217,iOS,Regular,0,Google Ads
1050,2024-10-28,Chennai,464428,iOS,Regular,0,Google Ads
1051,2024-08-07,Hyderabad,512471,Android,Regular,0,Google Ads
1052,2024-06-05,Chennai,473291,Android,Premium,0,Instagram
1053,2024-10-18,Bangalore,447015,Android,Budget,0,Referral
1054,2024-11-13,Pune,535151,Android,Premium,1,Instagram
1055,2024-01-31,Hyderabad,450520,Android,Regular,0,Organic
1056,2024-11-08,Bangalore,404043,iOS,Regular,0,Organic
1057,2025-01-13,Bangalore,449053,iOS,Regular,1,Google Ads
1058,2024-02-20,Mumbai,414390,iOS,Budget,0,Google Ads
1059,2025-01-25,Chennai,495962,iOS,Budget,1,Google Ads
1060,2024-04-16,Delhi,468112,iOS,Regular,0,Instagram
1061,2024-11-16,Delhi,505059,Android,Regular,0,Referral
1062,2024-04-18,Hyderabad,493716,Android,Regular,0,Instagram
1063,2024-05-15,Delhi,450734,Android,Regular,0,Organic
1064,2024-12-04,Pune,434755,Android,Budget,1,Google Ads
1065,2024-02-11,Delhi,549697,Android,Budget,1,Google Ads
1066,2024-03-21,Hyderabad,485887,Android,Regular,0,Instagram
1067,2024-05-02,Delhi,557754,iOS,Budget,1,Organic
1068,2024-03-29,Pune,489525,Android,Regular,0,Referral
1069,2024-10-09,Mumbai,481007,iOS,Budget,1,Google Ads
1070,2024-02-08,Hyderabad,424705,Android,Regular,1,Google Ads
1071,2024-03-21,Mumbai,494914,Android,Budget,0,Organic
1072,2024-01-02,Mumbai,494109,Android,Budget,0,Google Ads
1073,2024-07-28,Mumbai,407494,iOS,Regular,1,Referral
1074,2024-08-18,Bangalore,469640,Android,Regular,0,Instagram
1075,2024-12-18,Chennai,454384,Android,Budget,1,Organic
1076,2024-10-31,Bangalore,534067,Android,Premium,0,Google Ads
1077,2024-08-28,Chennai,447235,Android,Budget,0,Google Ads
1078,2024-05-29,Mumbai,528675,Android,Regular,0,Referral
1079,2024-01-17,Hyderabad,405595,Android,Budget,0,Instagram
1080,2024-04-28,Chennai,407372,Android,Budget,0,Referral
1081,2024-05-27,Pune,447316,Android,Regular,0,Instagram
1082,2024-12-27,Pune,527252,Android,Budget,0,Referral
1083,2024-05-24,Delhi,479527,Android,Regular,1,Instagram
1084,2024-12-25,Chennai,547699,Android,Budget,0,Google Ads
1085,2024-08-20,Hyderabad,486006,Android,Regular,1,Google Ads
1086,2024-02-06,Bangalore,505574,Android,Budget,0,Google Ads
1087,2024-12-17,Mumbai,538203,Android,Budget,0,Organic
1088,2024-04-29,Delhi,537901,Android,Budget,1,Instagram
1089,2024-05-15,Pune,457515,Android,Regular,0,Organic
1090,2024-11-16,Bangalore,548956,Android,Regular,1,Instagram
1091,2024-10-28,Bangalore,475987,iOS,Premium,0,Google Ads
1092,2024-12-04,Mumbai,485960,Android,Regular,0,Organic
1093,2024-04-11,Chennai,402036,Android,Regular,1,Organic
1094,2024-08-05,Pune,509768,Android,Regular,0,Referral
1095,2024-02-28,Hyderabad,417242,iOS,Budget,0,Instagram
1096,2024-10-05,Bangalore,452976,Android,Budget,0,Referral
1097,2024-04-25,Mumbai,554227,Android,Regular,1,Organic
1098,2024-11-27,Hyderabad,556698,iOS,Regular,1,Organic
1099,2024-03-17,Chennai,456397,iOS,Budget,0,Google Ads
1100,2024-05-16,Pune,518921,Android,Regular,1,Referral
1101,2024-03-13,Chennai,544404,Android,Regular,1,Referral
1102,2024-02-06,Bangalore,486227,iOS,Regular,1,Referral
1103,2024-01-31,Hyderabad,484720,Android,Budget,0,Instagram
1104,2024-03-25,Hyderabad,463015,Android,Regular,0,Organic
1105,2024-06-06,Hyderabad,439347,Android,Budget,1,Referral
1106,2024-10-31,Bangalore,470412,iOS,Budget,0,Google Ads
1107,2025-01-18,Bangalore,543327,Android,Regular,1,Organic
1108,2024-10-18,Chennai,559694,Android,Budget,0,Google Ads
1109,2024-05-27,Delhi,476442,iOS,Budget,0,Organic
1110,2024-08-12,Chennai,446122,Android,Budget,1,Google Ads
1111,2024-03-04,Pune,460198,Android,Regular,1,Referral
1112,2024-08-27,Mumbai,484578,Android,Budget,0,Referral
1113,2024-12-18,Hyderabad,494635,iOS,Budget,0,Google Ads
1114,2024-06-04,Delhi,500212,Android,Regular,1,Instagram
1115,2024-12-24,Mumbai,535910,Android,Regular,1,Google Ads
1116,2024-07-25,Delhi,543688,Android,Premium,0,Organic
1117,2024-05-19,Chennai,401467,Android,Budget,0,Google Ads
1118,2024-09-13,Bangalore,430772,iOS,Budget,1,Google Ads
1119,2024-10-03,Hyderabad,483887,Android,Regular,0,Organic
1120,2024-09-09,Chennai,465912,Android,Budget,1,Referral
1121,2024-08-12,Mumbai,551819,Android,Premium,0,Organic
1122,2024-02-11,Mumbai,488423,iOS,Regular,0,Google Ads
1123,2024-11-02,Mumbai,473370,Android,Budget,0,Organic
1124,2024-01-21,Mumbai,401894,Android,Regular,0,Google Ads
1125,2024-08-09,Mumbai,430574,Android,Budget,1,Referral
1126,2025-01-11,Delhi,496908,Android,Premium,1,Google Ads
1127,2024-06-14,Chennai,499957,Android,Premium,0,Google Ads
1128,2024-11-05,Hyderabad,518581,Android,Regular,1,Referral
1129,2024-05-08,Bangalore,552272,Android,Budget,0,Organic
1130,2024-01-14,Bangalore,491405,Android,Budget,1,Instagram
1131,2024-02-16,Chennai,457725,iOS,Budget,0,Instagram
1132,2024-04-27,Chennai,486134,Android,Budget,0,Google Ads
1133,2024-12-11,Bangalore,415990,iOS,Regular,0,Google Ads
1134,2024-10-21,Bangalore,428932,Android,Premium,0,Referral
1135,2024-10-27,Delhi,409291,iOS,Regular,1,Organic
1136,2024-01-11,Pune,521137,iOS,Regular,0,Instagram
1137,2025-01-26,Hyderabad,479879,iOS,Regular,0,Instagram
1138,2024-12-10,Mumbai,490478,iOS,Premium,0,Referral
1139,2024-05-17,Pune,526300,Android,Budget,0,Referral
1140,2024-10-22,Chennai,505687,Android,Regular,0,Instagram
1141,2024-01-21,Bangalore,558125,Android,Regular,0,Organic
1142,2025-01-25,Pune,507287,Android,Premium,0,Organic
1143,2025-01-22,Hyderabad,440476,Android,Premium,1,Organic
1144,2024-03-30,Chennai,482667,iOS,Regular,0,Google Ads
1145,2024-08-28,Mumbai,496623,Android,Budget,0,Organic
1146,2024-09-22,Mumbai,535706,Android,Regular,1,Google Ads
1147,2024-11-29,Hyderabad,548377,iOS,Budget,1,Google Ads
1148,2024-08-14,Hyderabad,507574,Android,Regular,1,Referral
1149,2024-05-22,Bangalore,446547,Android,Regular,0,Google Ads
1150,2024-04-02,Mumbai,407009,iOS,Regular,0,Google Ads
1151,2024-10-26,Chennai,448292,Android,Premium,1,Referral
1152,2024-08-11,Pune,558478,Android,Regular,0,Organic
1153,2024-11-21,Chennai,436387,iOS,Budget,0,Organic
1154,2024-09-08,Delhi,490910,iOS,Budget,0,Instagram
1155,2024-02-16,Delhi,551900,iOS,Premium,0,Instagram
1156,2024-08-28,Hyderabad,433041,Android,Budget,1,Google Ads
1157,2024-06-27,Bangalore,460355,iOS,Budget,0,Instagram
1158,2024-07-28,Delhi,478544,Android,Budget,1,Referral
1159,2024-06-19,Mumbai,418158,Android,Regular,0,Instagram
1160,2024-06-13,Chennai,435316,Android,Budget,1,Instagram
1161,2024-12-09,Chennai,435933,Android,Premium,0,Google Ads
1162,2024-02-23,Hyderabad,552237,Android,Premium,0,Referral
1163,2024-03-23,Pune,545487,Android,Premium,0,Instagram
1164,2024-06-17,Hyderabad,545400,Android,Budget,1,Organic
1165,2024-07-29,Pune,513881,Android,Premium,1,Referral
1166,2024-12-21,Hyderabad,532019,iOS,Premium,0,Referral
1167,2024-09-10,Hyderabad,414694,Android,Premium,0,Google Ads
1168,2024-05-27,Hyderabad,427242,Android,Regular,1,Referral
1169,2024-12-05,Pune,515195,Android,Regular,1,Referral
1170,2024-07-24,Pune,495791,Android,Budget,0,Referral
1171,2025-01-24,Hyderabad,546613,Android,Premium,1,Referral
1172,2024-10-08,Delhi,472256,Android,Budget,0,Referral
1173,2024-01-19,Bangalore,556154,Android,Budget,0,Referral
1174,2024-08-20,Bangalore,411351,iOS,Premium,0,Referral
1175,2024-02-15,Bangalore,456810,Android,Regular,1,Organic
1176,2024-06-10,Pune,501895,Android,Budget,0,Referral
1177,2024-05-09,Pune,497558,Android,Premium,0,Google Ads
1178,2024-06-14,Delhi,559442,Android,Premium,1,Organic
1179,2024-02-29,Bangalore,431729,Android,Budget,0,Referral
1180,2025-01-30,Bangalore,417577,Android,Premium,1,Instagram
1181,2024-07-25,Hyderabad,560074,Android,Budget,1,Google Ads
1182,2024-09-20,Pune,483385,iOS,Budget,1,Organic
1183,2024-01-01,Bangalore,400391,Android,Budget,0,Google Ads
1184,2024-12-02,Chennai,445437,Android,Budget,0,Organic
1185,2024-10-04,Delhi,411570,iOS,Budget,1,Instagram
1186,2024-08-24,Chennai,544102,Android,Budget,0,Google Ads
1187,2024-07-30,Chennai,422491,iOS,Premium,0,Google Ads
1188,2024-01-28,Delhi,445876,Android,Regular,1,Organic
1189,2024-04-06,Chennai,405868,Android,Premium,0,Organic
1190,2024-09-22,Bangalore,480821,iOS,Regular,1,Instagram
1191,2024-07-04,Pune,499516,iOS,Budget,0,Referral
1192,2024-11-14,Delhi,409122,iOS,Premium,0,Organic
1193,2025-01-22,Hyderabad,401540,Android,Premium,0,Organic
1194,2024-09-12,Chennai,548100,iOS,Budget,0,Organic
1195,2024-11-16,Delhi,527403,iOS,Budget,0,Instagram
1196,2024-08-14,Mumbai,474230,Android,Regular,1,Referral
1197,2025-01-24,Mumbai,539994,Android,Regular,0,Referral
1198,2024-01-27,Pune,450436,Android,Premium,0,Instagram
1199,2024-04-14,Bangalore,541383,iOS,Budget,1,Referral
1200,2024-05-16,Pune,463966,Android,Budget,0,Google Ads
1201,2024-10-08,Pune,511049,Android,Regular,0,Instagram
1202,2024-03-08,Pune,496445,Android,Regular,1,Organic
1203,2024-05-27,Pune,469923,Android,Budget,0,Referral
1204,2024-08-12,Hyderabad,497800,Android,Budget,1,Google Ads
1205,2024-12-23,Hyderabad,493949,Android,Regular,1,Instagram
1206,2024-09-05,Delhi,543315,iOS,Regular,1,Instagram
1207,2024-03-03,Mumbai,408948,Android,Budget,1,Organic
1208,2024-01-15,Pune,448786,iOS,Regular,0,Organic
1209,2024-11-18,Delhi,519964,Android,Premium,1,Instagram
1210,2024-11-07,Mumbai,400508,Android,Premium,1,Google Ads
1211,2024-05-02,Chennai,558224,Android,Budget,0,Organic
1212,2024-12-29,Bangalore,411619,Android,Budget,0,Instagram
1213,2024-03-22,Hyderabad,474287,Android,Premium,1,Instagram
1214,2024-06-08,Chennai,416123,iOS,Budget,0,Organic
1215,2024-10-09,Mumbai,538427,Android,Regular,1,Referral
1216,2024-01-08,Chennai,509599,Android,Regular,0,Google Ads
1217,2024-10-09,Bangalore,486437,Android,Budget,0,Referral
1218,2024-07-27,Mumbai,536110,Android,Regular,0,Referral
1219,2024-02-17,Chennai,428634,iOS,Regular,0,Google Ads
1220,2024-04-25,Hyderabad,424496,Android,Regular,0,Google Ads
1221,2024-02-28,Hyderabad,464551,Android,Budget,0,Organic
1222,2024-08-24,Delhi,436484,Android,Premium,0,Organic
1223,2024-03-01,Chennai,513182,Android,Regular,1,Organic
1224,2024-11-27,Pune,434070,Android,Regular,0,Google Ads
1225,2024-03-19,Chennai,538443,Android,Premium,1,Referral
1226,2024-09-12,Mumbai,519874,Android,Regular,0,Google Ads
1227,2025-01-01,Mumbai,516844,Android,Regular,0,Organic
1228,2024-05-29,Chennai,471948,Android,Premium,0,Referral
1229,2024-09-17,Bangalore,495762,iOS,Budget,0,Organic
1230,2024-12-27,Hyderabad,513754,Android,Regular,0,Referral
1231,2024-05-19,Mumbai,531765,iOS,Premium,0,Organic
1232,2024-07-31,Hyderabad,428927,iOS,Budget,0,Google Ads
1233,2024-09-04,Mumbai,499783,Android,Budget,0,Instagram
1234,2024-08-29,Delhi,504701,Android,Premium,0,Instagram
1235,2024-05-04,Pune,473985,Android,Premium,1,Referral
1236,2024-08-21,Mumbai,449594,Android,Premium,0,Google Ads
1237,2024-10-09,Hyderabad,475610,Android,Budget,1,Organic
1238,2024-03-15,Delhi,405210,Android,Budget,0,Referral
1239,2024-07-15,Mumbai,526701,Android,Budget,0,Referral
1240,2024-04-07,Bangalore,537606,iOS,Regular,0,Organic
1241,2024-11-02,Pune,486598,Android,Regular,0,Organic
1242,2024-09-17,Mumbai,407212,Android,Budget,1,Organic
1243,2025-01-17,Delhi,409928,Android,Budget,0,Google Ads
1244,2024-03-10,Bangalore,517334,Android,Regular,0,Instagram
1245,2024-02-05,Chennai,555667,Android,Regular,0,Referral
1246,2024-05-21,Delhi,476383,iOS,Budget,0,Referral
1247,2025-01-30,Delhi,539006,iOS,Premium,1,Instagram
1248,2024-07-31,Bangalore,503781,iOS,Budget,0,Referral
1249,2024-06-23,Delhi,440697,Android,Regular,0,Google Ads
1250,2024-09-16,Bangalore,467617,Android,Premium,0,Organic
1251,2024-05-16,Mumbai,537162,Android,Regular,0,Instagram
1252,2024-01-02,Bangalore,557196,Android,Budget,0,Google Ads
1253,2024-05-24,Bangalore,538870,Android,Budget,0,Organic
1254,2025-01-06,Pune,450014,Android,Premium,0,Instagram
1255,2024-06-01,Bangalore,539419,Android,Budget,1,Google Ads
1256,2024-10-27,Bangalore,548726,Android,Regular,0,Instagram
1257,2024-10-23,Chennai,449557,Android,Premium,0,Instagram
1258,2024-12-03,Mumbai,523724,iOS,Premium,0,Google Ads
1259,2024-09-07,Pune,426141,Android,Regular,0,Referral
1260,2024-03-17,Chennai,401185,iOS,Premium,1,Google Ads
1261,2024-08-16,Hyderabad,555919,iOS,Premium,0,Instagram
1262,2024-10-02,Mumbai,511362,Android,Budget,1,Instagram
1263,2024-09-04,Mumbai,553268,Android,Budget,0,Google Ads
1264,2024-06-25,Hyderabad,405607,Android,Budget,0,Organic
1265,2024-06-19,Bangalore,535029,iOS,Budget,0,Organic
1266,2024-10-09,Chennai,416556,Android,Premium,0,Organic
1267,2025-01-25,Delhi,490386,iOS,Regular,0,Organic
1268,2024-10-05,Pune,549763,Android,Premium,0,Google Ads
1269,2024-07-12,Delhi,458503,iOS,Regular,0,Referral
1270,2024-08-21,Hyderabad,557420,iOS,Regular,1,Organic
1271,2024-06-13,Mumbai,503845,Android,Regular,1,Instagram
1272,2024-04-06,Mumbai,491322,Android,Budget,0,Organic
1273,2024-12-23,Pune,449057,Android,Premium,0,Referral
1274,2024-05-02,Mumbai,498235,Android,Regular,0,Google Ads
1275,2024-10-19,Mumbai,441851,Android,Regular,1,Referral
1276,2024-07-15,Pune,427844,iOS,Budget,0,Referral
1277,2024-04-29,Chennai,462321,Android,Premium,0,Referral
1278,2024-07-29,Chennai,429794,iOS,Premium,0,Organic
1279,2024-01-23,Pune,548930,iOS,Regular,0,Organic
1280,2024-06-11,Hyderabad,419628,Android,Regular,1,Referral
1281,2025-01-16,Mumbai,461823,iOS,Regular,1,Google Ads
1282,2024-08-30,Mumbai,455799,Android,Budget,0,Organic
1283,2024-12-27,Hyderabad,475319,iOS,Budget,0,Google Ads
1284,2024-07-14,Chennai,504187,Android,Regular,0,Organic
1285,2024-07-16,Bangalore,487903,Android,Budget,0,Google Ads
1286,2024-12-05,Bangalore,559630,Android,Regular,0,Organic
1287,2024-11-29,Bangalore,471335,Android,Regular,0,Referral
1288,2024-03-18,Chennai,506720,Android,Budget,1,Instagram
1289,2024-09-10,Chennai,523100,Android,Budget,1,Instagram
1290,2024-01-19,Hyderabad,412721,Android,Budget,0,Google Ads
1291,2024-03-05,Mumbai,457609,iOS,Budget,0,Google Ads
1292,2024-09-14,Hyderabad,507450,Android,Regular,0,Referral
1293,2024-10-29,Hyderabad,502829,Android,Regular,1,Referral
1294,2024-06-18,Chennai,526614,Android,Premium,1,Google Ads
1295,2024-02-21,Bangalore,472096,iOS,Budget,0,Instagram
1296,2024-08-13,Delhi,505925,iOS,Premium,1,Referral
1297,2024-02-21,Mumbai,496453,Android,Budget,1,Google Ads
1298,2024-09-26,Chennai,487594,Android,Regular,0,Referral
1299,2024-08-21,Bangalore,506976,Android,Regular,0,Referral
1300,2024-01-08,Delhi,477243,Android,Regular,0,Organic
1301,2025-01-04,Delhi,516042,iOS,Regular,0,Referral
1302,2024-03-14,Chennai,526203,Android,Budget,0,Google Ads
1303,2024-07-28,Pune,477607,iOS,Budget,0,Referral
1304,2024-12-01,Mumbai,523770,Android,Premium,0,Google Ads
1305,2024-03-20,Delhi,518543,iOS,Budget,1,Organic
1306,2024-02-08,Chennai,506439,Android,Budget,0,Organic
1307,2024-08-28,Chennai,400925,iOS,Budget,0,Instagram
1308,2024-05-15,Bangalore,451323,iOS,Budget,0,Organic
1309,2024-06-22,Pune,557551,iOS,Regular,0,Organic
1310,2024-11-15,Mumbai,471043,Android,Regular,0,Google Ads
1311,2024-12-20,Hyderabad,446419,Android,Budget,0,Instagram
1312,2024-07-22,Bangalore,500700,Android,Budget,0,Organic
1313,2024-11-28,Delhi,490141,Android,Regular,1,Referral
1314,2024-02-11,Delhi,411782,Android,Regular,1,Instagram
1315,2024-06-17,Bangalore,536588,Android,Premium,1,Organic
1316,2024-12-11,Chennai,517359,Android,Premium,0,Instagram
1317,2024-09-30,Delhi,436134,Android,Premium,0,Organic
1318,2024-07-13,Pune,497629,Android,Regular,0,Google Ads
1319,2024-06-11,Mumbai,476947,Android,Regular,1,Instagram
1320,2024-11-16,Pune,485059,Android,Budget,0,Instagram
1321,2025-01-02,Delhi,540168,Android,Regular,1,Organic
1322,2025-01-23,Hyderabad,551543,Android,Budget,0,Instagram
1323,2024-09-06,Mumbai,443130,Android,Premium,1,Organic
1324,2024-10-04,Mumbai,408532,iOS,Regular,1,Referral
1325,2024-01-19,Bangalore,437039,iOS,Regular,0,Instagram
1326,2024-11-12,Bangalore,487940,iOS,Budget,1,Instagram
1327,2024-02-05,Hyderabad,442675,iOS,Regular,0,Google Ads
1328,2024-04-30,Chennai,527573,Android,Budget,1,Google Ads
1329,2024-11-19,Mumbai,429832,Android,Budget,1,Instagram
1330,2024-12-16,Hyderabad,457175,Android,Budget,1,Google Ads
1331,2024-05-27,Bangalore,411280,Android,Budget,0,Instagram
1332,2024-04-26,Bangalore,460611,Android,Regular,0,Organic
1333,2025-01-17,Mumbai,453052,Android,Regular,1,Instagram
1334,2024-02-16,Pune,456653,Android,Premium,1,Instagram
1335,2024-08-10,Delhi,465525,Android,Regular,0,Referral
1336,2024-02-20,Bangalore,406471,iOS,Budget,0,Google Ads
1337,2025-01-24,Chennai,453474,Android,Premium,0,Google Ads
1338,2024-11-20,Chennai,550953,Android,Regular,1,Referral
1339,2024-12-26,Bangalore,444440,Android,Regular,1,Organic
1340,2024-02-21,Pune,414309,Android,Regular,0,Organic
1341,2024-08-15,Pune,491564,Android,Premium,0,Organic
1342,2024-03-26,Hyderabad,435082,iOS,Budget,0,Referral
1343,2024-12-21,Chennai,409838,Android,Budget,0,Instagram
1344,2024-06-02,Hyderabad,518129,Android,Regular,1,Organic
1345,2024-01-15,Chennai,512652,Android,Budget,0,Organic
1346,2024-01-24,Delhi,497625,Android,Premium,0,Referral
1347,2024-06-15,Delhi,557372,iOS,Regular,1,Google Ads
1348,2024-01-29,Mumbai,430064,Android,Regular,0,Referral
1349,2024-05-30,Hyderabad,469454,Android,Regular,0,Google Ads
1350,2024-07-02,Bangalore,502167,iOS,Budget,1,Organic
1351,2024-07-10,Hyderabad,414507,iOS,Premium,0,Organic
1352,2024-08-08,Bangalore,513605,Android,Premium,1,Instagram
1353,2024-03-15,Pune,426027,Android,Regular,0,Instagram
1354,2024-05-05,Hyderabad,558745,Android,Premium,1,Google Ads
1355,2024-09-28,Pune,452414,Android,Budget,0,Organic
1356,2024-07-29,Delhi,465067,Android,Premium,0,Organic
1357,2024-10-16,Delhi,450972,iOS,Budget,0,Referral
1358,2024-12-15,Mumbai,558354,Android,Budget,1,Organic
1359,2024-04-02,Hyderabad,513979,iOS,Budget,1,Organic
1360,2024-03-28,Pune,559164,Android,Budget,0,Referral
1361,2024-03-30,Bangalore,450495,Android,Budget,0,Referral
1362,2024-02-10,Delhi,503865,Android,Premium,0,Organic
1363,2024-11-08,Delhi,549683,iOS,Premium,0,Instagram
1364,2024-07-14,Bangalore,532152,iOS,Budget,1,Instagram
1365,2024-11-13,Pune,495387,Android,Budget,0,Organic
1366,2024-12-15,Pune,486127,Android,Premium,1,Instagram
1367,2024-05-03,Hyderabad,480864,Android,Budget,1,Referral
1368,2024-09-11,Hyderabad,478292,iOS,Budget,0,Instagram
1369,2024-10-25,Chennai,525660,iOS,Regular,1,Organic
1370,2024-03-14,Chennai,407236,Android,Regular,0,Instagram
1371,2024-04-28,Mumbai,482734,Android,Budget,0,Organic
1372,2024-08-24,Delhi,462713,Android,Regular,1,Instagram
1373,2024-11-22,Hyderabad,552546,Android,Regular,0,Organic
1374,2024-05-10,Pune,525850,Android,Budget,0,Organic
1375,2024-08-23,Bangalore,479824,Android,Premium,1,Instagram
1376,2024-05-10,Pune,504216,iOS,Regular,0,Instagram
1377,2024-12-07,Delhi,432231,Android,Budget,0,Referral
1378,2024-01-05,Chennai,484574,iOS,Budget,1,Google Ads
1379,2024-08-26,Pune,440645,Android,Budget,0,Organic
1380,2024-05-27,Mumbai,445204,Android,Regular,1,Organic
1381,2024-12-12,Delhi,466678,Android,Budget,0,Organic
1382,2024-10-06,Chennai,556498,Android,Regular,0,Organic
1383,2024-03-21,Bangalore,523247,Android,Budget,1,Instagram
1384,2024-02-07,Chennai,484818,Android,Regular,0,Instagram
1385,2024-08-14,Mumbai,469807,Android,Regular,1,Google Ads
1386,2024-06-25,Delhi,442815,Android,Regular,1,Organic
1387,2024-10-27,Bangalore,470220,Android,Regular,1,Google Ads
1388,2024-06-02,Mumbai,495346,Android,Premium,0,Referral
1389,2024-11-23,Chennai,500089,Android,Regular,0,Google Ads
1390,2024-08-05,Mumbai,469323,Android,Budget,1,Google Ads
1391,2024-12-19,Delhi,421651,iOS,Regular,0,Referral
1392,2024-05-08,Hyderabad,494243,Android,Premium,0,Referral
1393,2024-08-21,Mumbai,540263,iOS,Budget,0,Google Ads
1394,2024-06-03,Mumbai,438197,Android,Budget,0,Referral
1395,2024-04-11,Chennai,429710,Android,Regular,0,Google Ads
1396,2024-07-15,Chennai,480429,Android,Regular,1,Instagram
1397,2024-09-04,Bangalore,409944,iOS,Regular,0,Instagram
1398,2024-02-24,Chennai,421043,iOS,Budget,0,Google Ads
1399,2024-05-01,Pune,443895,Android,Budget,1,Referral
1400,2024-07-14,Delhi,537942,Android,Premium,0,Referral
1401,2024-10-19,Delhi,456760,Android,Budget,1,Instagram
1402,2024-07-02,Hyderabad,505974,Android,Budget,0,Instagram
1403,2024-10-21,Hyderabad,444307,Android,Regular,1,Referral
1404,2024-05-31,Delhi,508370,Android,Premium,0,Referral
1405,2024-12-24,Hyderabad,551991,Android,Regular,1,Referral
1406,2024-05-31,Bangalore,428380,iOS,Premium,0,Referral
1407,2024-01-12,Chennai,520668,Android,Budget,0,Google Ads
1408,2024-12-03,Delhi,534035,Android,Budget,0,Referral
1409,2024-07-21,Hyderabad,544924,Android,Budget,1,Instagram
1410,2024-05-20,Delhi,517627,Android,Premium,0,Instagram
1411,2024-01-05,Pune,525181,Android,Regular,1,Organic
1412,2024-10-16,Mumbai,452350,Android,Budget,0,Referral
1413,2024-12-17,Chennai,545818,Android,Regular,0,Google Ads
1414,2025-01-16,Delhi,405731,iOS,Budget,0,Organic
1415,2024-01-26,Mumbai,544994,iOS,Regular,1,Organic
1416,2024-11-06,Hyderabad,419024,Android,Premium,1,Google Ads
1417,2025-01-16,Mumbai,526797,Android,Budget,1,Organic
1418,2024-09-11,Chennai,481534,Android,Budget,1,Organic
1419,2024-05-26,Delhi,483287,Android,Budget,0,Instagram
1420,2024-04-27,Pune,441980,Android,Budget,1,Organic
1421,2024-11-06,Hyderabad,422838,Android,Budget,0,Google Ads
1422,2024-06-29,Delhi,546070,Android,Regular,1,Referral
1423,2024-04-22,Chennai,504976,iOS,Budget,0,Referral
1424,2024-11-21,Hyderabad,420924,Android,Premium,1,Referral
1425,2024-04-07,Bangalore,408877,iOS,Budget,0,Instagram
1426,2024-11-13,Mumbai,460974,Android,Budget,0,Instagram
1427,2024-05-08,Chennai,533960,Android,Budget,0,Instagram
1428,2024-12-13,Bangalore,442423,Android,Regular,0,Google Ads
1429,2025-01-21,Delhi,451414,Android,Regular,0,Referral
1430,2025-01-04,Pune,502485,Android,Premium,1,Google Ads
1431,2025-01-27,Hyderabad,533914,Android,Regular,1,Google Ads
1432,2024-12-03,Mumbai,428757,Android,Premium,0,Organic
1433,2024-12-14,Hyderabad,471577,Android,Regular,0,Referral
1434,2024-03-11,Delhi,518249,Android,Budget,0,Organic
1435,2024-11-17,Hyderabad,410305,iOS,Premium,1,Instagram
1436,2024-02-19,Mumbai,430342,Android,Premium,0,Instagram
1437,2024-11-17,Delhi,535831,Android,Premium,0,Google Ads
1438,2024-11-26,Hyderabad,548083,Android,Budget,0,Google Ads
1439,2024-01-21,Pune,527040,Android,Regular,0,Organic
1440,2024-06-07,Chennai,532448,Android,Budget,0,Organic
1441,2024-08-13,Delhi,499486,Android,Budget,0,Google Ads
1442,2024-01-18,Chennai,422093,Android,Regular,0,Referral
1443,2024-10-23,Delhi,531563,Android,Premium,0,Google Ads
1444,2024-07-05,Pune,403730,iOS,Regular,0,Referral
1445,2025-01-09,Chennai,537047,Android,Premium,0,Organic
1446,2024-03-08,Bangalore,518223,Android,Budget,0,Instagram
1447,2024-02-16,Mumbai,485217,Android,Budget,0,Instagram
1448,2024-05-31,Bangalore,483861,Android,Regular,0,Organic
1449,2024-06-16,Hyderabad,496871,iOS,Budget,1,Organic
1450,2025-01-17,Pune,421399,Android,Premium,0,Instagram
1451,2024-07-31,Bangalore,434651,Android,Budget,1,Referral
1452,2024-03-30,Delhi,552365,Android,Regular,0,Organic
1453,2024-04-12,Hyderabad,503890,Android,Regular,0,Referral
1454,2024-03-08,Hyderabad,403160,Android,Budget,0,Referral
1455,2024-10-03,Bangalore,498163,Android,Premium,0,Instagram
1456,2024-07-06,Bangalore,502835,Android,Regular,0,Referral
1457,2024-09-28,Pune,548138,Android,Regular,1,Instagram
1458,2024-09-13,Mumbai,421639,Android,Premium,1,Organic
1459,2024-05-19,Bangalore,401074,Android,Budget,0,Google Ads
1460,2024-03-25,Bangalore,429321,Android,Premium,0,Google Ads
1461,2024-05-11,Chennai,434925,iOS,Budget,0,Google Ads
1462,2024-09-03,Delhi,468117,Android,Budget,0,Google Ads
1463,2024-05-31,Chennai,402160,Android,Premium,1,Google Ads
1464,2025-01-17,Chennai,448941,Android,Premium,0,Google Ads
1465,2024-06-22,Hyderabad,479437,Android,Budget,1,Referral
1466,2024-02-28,Mumbai,414679,Android,Regular,0,Referral
1467,2024-08-27,Delhi,543094,iOS,Premium,0,Google Ads
1468,2024-02-08,Pune,537845,Android,Budget,0,Organic
1469,2024-03-13,Pune,467164,Android,Budget,0,Organic
1470,2025-01-21,Bangalore,554537,Android,Regular,0,Referral
1471,2024-04-25,Bangalore,451138,Android,Budget,0,Referral
1472,2024-12-12,Pune,461498,Android,Budget,0,Google Ads
1473,2025-01-05,Bangalore,500486,iOS,Premium,0,Organic
1474,2024-12-11,Mumbai,505469,Android,Budget,0,Instagram
1475,2024-07-22,Chennai,400902,Android,Premium,0,Google Ads
1476,2024-10-12,Bangalore,487981,Android,Regular,1,Referral
1477,2024-07-06,Hyderabad,507595,Android,Regular,1,Referral
1478,2024-02-16,Bangalore,402882,iOS,Regular,0,Referral
1479,2024-07-21,Delhi,429864,Android,Regular,0,Instagram
1480,2024-01-08,Mumbai,536695,Android,Budget,0,Organic
1481,2024-05-15,Delhi,532451,Android,Budget,1,Referral
1482,2024-10-01,Delhi,445202,iOS,Regular,0,Google Ads
1483,2024-03-04,Hyderabad,459252,iOS,Budget,0,Instagram
1484,2024-08-20,Mumbai,472573,Android,Budget,0,Organic
1485,2024-07-07,Mumbai,439256,Android,Premium,1,Google Ads
1486,2024-12-10,Mumbai,463213,Android,Premium,0,Google Ads
1487,2025-01-18,Mumbai,450211,Android,Budget,0,Instagram
1488,2024-12-10,Mumbai,525630,Android,Budget,0,Instagram
1489,2024-05-14,Hyderabad,422500,Android,Regular,0,Instagram
1490,2024-10-26,Bangalore,502553,Android,Premium,1,Referral
1491,2024-07-14,Delhi,461361,Android,Budget,0,Organic
1492,2024-11-22,Mumbai,535676,iOS,Budget,1,Referral
1493,2024-07-09,Bangalore,527467,Android,Premium,0,Instagram
1494,2024-02-25,Bangalore,485474,Android,Premium,0,Instagram
1495,2024-12-11,Delhi,543705,Android,Regular,1,Instagram
1496,2024-04-29,Hyderabad,491874,Android,Budget,0,Referral
1497,2024-08-29,Pune,465757,Android,Regular,0,Google Ads
1498,2024-01-13,Pune,456345,iOS,Regular,0,Instagram
1499,2024-11-13,Bangalore,538422,Android,Budget,1,Referral
1500,2024-10-14,Chennai,471155,iOS,Budget,0,Instagram
1501,2024-06-16,Chennai,427465,Android,Budget,1,Referral
1502,2024-11-08,Delhi,521898,Android,Regular,0,Organic
1503,2024-04-23,Pune,437345,Android,Regular,1,Organic
1504,2024-11-27,Bangalore,483792,Android,Premium,0,Referral
1505,2024-02-02,Hyderabad,555372,Android,Regular,0,Instagram
1506,2024-11-21,Pune,532535,iOS,Premium,0,Referral
1507,2024-08-25,Bangalore,520210,iOS,Premium,1,Organic
1508,2024-12-24,Bangalore,481442,iOS,Budget,1,Referral
1509,2024-06-03,Mumbai,490457,Android,Budget,0,Organic
1510,2024-11-28,Hyderabad,481789,iOS,Regular,0,Organic
1511,2024-07-28,Mumbai,414176,Android,Budget,0,Google Ads
1512,2024-02-29,Delhi,537264,Android,Premium,0,Instagram
1513,2024-03-12,Mumbai,483435,Android,Budget,0,Referral
1514,2024-01-24,Mumbai,484519,Android,Budget,0,Instagram
1515,2024-01-20,Pune,466538,Android,Regular,0,Instagram
1516,2024-06-04,Chennai,515722,Android,Regular,0,Organic
1517,2024-09-09,Bangalore,447646,Android,Regular,1,Organic
1518,2024-02-29,Hyderabad,423284,iOS,Regular,0,Referral
1519,2024-02-19,Mumbai,486972,Android,Budget,0,Referral
1520,2024-04-30,Hyderabad,492760,Android,Budget,0,Referral
1521,2024-10-02,Chennai,502781,iOS,Premium,0,Organic
1522,2024-03-10,Chennai,430735,iOS,Budget,0,Google Ads
1523,2024-07-17,Mumbai,400516,Android,Budget,0,Referral
1524,2024-08-20,Delhi,510783,iOS,Regular,0,Organic
1525,2024-07-08,Mumbai,466728,iOS,Budget,0,Google Ads
1526,2024-12-09,Pune,509165,iOS,Regular,1,Instagram
1527,2025-01-15,Bangalore,446217,iOS,Regular,0,Organic
1528,2024-12-22,Delhi,471834,Android,Regular,0,Referral
1529,2024-10-03,Mumbai,458756,Android,Regular,1,Referral
1530,2024-08-02,Hyderabad,427857,Android,Budget,0,Google Ads
1531,2024-10-27,Delhi,473871,Android,Regular,0,Google Ads
1532,2025-01-15,Delhi,555235,Android,Budget,0,Organic
1533,2025-01-07,Mumbai,537081,Android,Budget,0,Google Ads
1534,2024-03-20,Delhi,407988,Android,Regular,0,Organic
1535,2024-07-31,Hyderabad,496503,Android,Budget,0,Google Ads
1536,2024-12-01,Chennai,534405,Android,Regular,1,Instagram
1537,2024-02-20,Delhi,466324,iOS,Regular,0,Referral
1538,2024-09-07,Chennai,409874,Android,Premium,0,Referral
1539,2024-11-11,Hyderabad,505220,Android,Regular,0,Instagram
1540,2024-07-27,Mumbai,405034,Android,Budget,0,Referral
1541,2024-05-23,Bangalore,473325,Android,Budget,0,Referral
1542,2024-01-17,Delhi,415690,iOS,Budget,1,Referral
1543,2024-12-19,Bangalore,509757,Android,Budget,1,Referral
1544,2024-07-08,Hyderabad,400067,Android,Budget,0,Instagram
1545,2024-04-21,Delhi,514160,Android,Budget,0,Organic
1546,2024-08-15,Chennai,407534,Android,Regular,1,Referral
1547,2024-08-15,Pune,515829,Android,Regular,0,Instagram
1548,2024-04-30,Bangalore,459659,Android,Regular,0,Referral
1549,2024-07-04,Delhi,438499,Android,Regular,0,Instagram
1550,2024-02-20,Bangalore,509029,iOS,Regular,1,Instagram
1551,2024-12-17,Delhi,411773,Android,Regular,0,Organic
1552,2024-07-07,Mumbai,489386,Android,Regular,1,Google Ads
1553,2024-10-05,Chennai,412941,Android,Budget,0,Organic
1554,2024-11-26,Bangalore,518028,Android,Regular,0,Organic
1555,2024-07-02,Pune,416933,Android,Regular,0,Referral
1556,2024-02-01,Pune,424649,Android,Budget,0,Instagram
1557,2024-07-22,Hyderabad,432967,iOS,Budget,1,Google Ads
1558,2024-05-21,Delhi,558850,Android,Budget,0,Instagram
1559,2024-04-07,Bangalore,548247,iOS,Regular,0,Referral
1560,2024-03-03,Hyderabad,442599,Android,Regular,0,Instagram
1561,2024-08-20,Bangalore,544871,iOS,Budget,0,Referral
1562,2024-02-16,Delhi,548631,Android,Budget,0,Organic
1563,2024-12-05,Pune,461085,Android,Premium,0,Organic
1564,2024-04-18,Mumbai,531251,Android,Budget,0,Referral
1565,2024-11-24,Pune,417119,iOS,Budget,1,Organic
1566,2024-11-23,Hyderabad,422617,iOS,Budget,0,Instagram
1567,2024-11-01,Chennai,531871,Android,Regular,1,Google Ads
1568,2024-01-11,Mumbai,407602,Android,Regular,0,Google Ads
1569,2024-01-26,Hyderabad,425364,Android,Regular,0,Instagram
1570,2024-06-19,Delhi,402796,Android,Premium,0,Google Ads
1571,2024-05-04,Mumbai,497463,Android,Regular,1,Instagram
1572,2024-03-05,Hyderabad,502893,iOS,Budget,0,Referral
1573,2024-10-16,Delhi,472834,Android,Regular,1,Google Ads
1574,2024-04-15,Pune,403085,Android,Budget,0,Referral
1575,2024-02-05,Chennai,495866,Android,Regular,0,Referral
1576,2025-01-26,Delhi,400732,Android,Budget,0,Instagram
1577,2024-10-10,Bangalore,532202,Android,Regular,0,Google Ads
1578,2024-04-16,Delhi,559095,Android,Budget,0,Organic
1579,2024-10-27,Delhi,401606,Android,Premium,1,Organic
1580,2024-04-20,Chennai,477507,iOS,Budget,1,Organic
1581,2024-04-29,Bangalore,444131,Android,Regular,1,Organic
1582,2024-06-17,Hyderabad,468470,Android,Budget,1,Instagram
1583,2025-01-31,Hyderabad,546260,Android,Premium,1,Referral
1584,2024-03-16,Delhi,556864,iOS,Regular,1,Google Ads
1585,2024-11-01,Bangalore,490437,iOS,Budget,0,Instagram
1586,2024-01-02,Bangalore,512342,Android,Premium,0,Organic
1587,2024-05-21,Chennai,531966,Android,Budget,0,Google Ads
1588,2024-03-15,Pune,499695,iOS,Regular,0,Instagram
1589,2024-03-07,Hyderabad,419774,Android,Regular,1,Referral
1590,2024-10-03,Chennai,404240,Android,Budget,0,Organic
1591,2024-05-08,Mumbai,420864,iOS,Premium,0,Google Ads
1592,2024-03-30,Hyderabad,451416,iOS,Budget,0,Google Ads
1593,2024-02-26,Chennai,468969,Android,Budget,0,Organic
1594,2024-12-04,Hyderabad,460431,Android,Premium,0,Referral
1595,2024-01-14,Pune,401516,Android,Regular,0,Organic
1596,2024-03-08,Mumbai,497207,Android,Budget,0,Referral
1597,2024-01-08,Pune,545678,iOS,Budget,0,Google Ads
1598,2024-07-02,Mumbai,456241,iOS,Regular,0,Organic
1599,2024-05-01,Delhi,405587,iOS,Budget,0,Referral
1600,2024-10-28,Chennai,520420,Android,Premium,0,Referral
1601,2024-06-14,Mumbai,522375,Android,Regular,0,Instagram
1602,2024-01-09,Pune,431187,Android,Budget,0,Referral
1603,2024-03-30,Hyderabad,426929,Android,Budget,1,Organic
1604,2024-05-15,Mumbai,522991,iOS,Regular,0,Organic
1605,2024-01-27,Chennai,487030,Android,Budget,1,Referral
1606,2024-03-05,Mumbai,420712,Android,Regular,1,Organic
1607,2025-01-14,Bangalore,454963,Android,Premium,1,Google Ads
1608,2024-08-03,Hyderabad,420040,iOS,Regular,0,Google Ads
1609,2024-09-26,Chennai,436562,iOS,Regular,0,Organic
1610,2024-02-28,Chennai,401578,iOS,Budget,0,Referral
1611,2025-01-16,Delhi,507793,Android,Regular,0,Google Ads
1612,2024-02-02,Pune,559423,Android,Regular,1,Referral
1613,2024-08-31,Delhi,410786,Android,Regular,0,Organic
1614,2024-08-17,Chennai,472228,Android,Budget,1,Instagram
1615,2024-07-04,Hyderabad,518681,Android,Premium,1,Google Ads
1616,2024-09-19,Mumbai,461958,Android,Budget,0,Organic
1617,2024-10-30,Mumbai,465432,Android,Regular,0,Google Ads
1618,2024-02-25,Hyderabad,548370,Android,Regular,0,Referral
1619,2024-08-19,Chennai,471895,Android,Regular,0,Instagram
1620,2024-09-14,Mumbai,550654,Android,Budget,0,Instagram
1621,2024-04-23,Mumbai,455193,Android,Regular,1,Organic
1622,2024-11-10,Mumbai,401463,Android,Budget,0,Google Ads
1623,2024-01-23,Pune,528849,Android,Regular,0,Instagram
1624,2025-01-07,Pune,546584,Android,Budget,0,Google Ads
1625,2024-12-03,Bangalore,476107,iOS,Budget,0,Referral
1626,2024-09-23,Delhi,448666,iOS,Budget,0,Referral
1627,2024-06-03,Hyderabad,481011,Android,Premium,0,Organic
1628,2024-08-22,Hyderabad,472574,Android,Regular,0,Instagram
1629,2024-11-25,Hyderabad,507804,Android,Regular,0,Instagram
1630,2024-01-16,Bangalore,519683,Android,Regular,0,Google Ads
1631,2024-02-01,Pune,413387,iOS,Premium,0,Referral
1632,2024-09-02,Chennai,524070,Android,Budget,1,Instagram
1633,2024-07-24,Chennai,454461,Android,Regular,0,Organic
1634,2024-08-06,Bangalore,537294,Android,Regular,0,Organic
1635,2024-12-17,Chennai,554547,Android,Budget,0,Instagram
1636,2024-02-25,Hyderabad,515376,Android,Budget,0,Organic
1637,2024-09-08,Delhi,512661,Android,Budget,1,Instagram
1638,2024-12-30,Mumbai,552118,Android,Budget,1,Instagram
1639,2024-08-15,Pune,491320,Android,Budget,0,Instagram
1640,2024-02-07,Pune,516583,iOS,Budget,1,Instagram
1641,2024-02-11,Bangalore,535995,iOS,Regular,1,Google Ads
1642,2024-06-13,Pune,553779,Android,Budget,0,Instagram
1643,2024-11-07,Hyderabad,442772,Android,Budget,1,Organic
1644,2024-03-16,Chennai,452336,Android,Premium,0,Referral
1645,2024-02-03,Hyderabad,452950,Android,Regular,0,Google Ads
1646,2024-03-05,Bangalore,495559,Android,Budget,1,Referral
1647,2024-05-20,Hyderabad,546313,Android,Regular,0,Referral
1648,2024-11-15,Chennai,502273,iOS,Budget,1,Referral
1649,2024-11-20,Delhi,402717,Android,Budget,0,Referral
1650,2024-10-26,Bangalore,547647,Android,Budget,1,Referral
1651,2024-10-07,Delhi,551286,Android,Premium,0,Organic
1652,2024-12-30,Mumbai,471917,Android,Regular,0,Instagram
1653,2024-06-15,Delhi,450907,Android,Regular,0,Organic
1654,2024-07-14,Mumbai,400464,iOS,Premium,1,Google Ads
1655,2024-11-01,Mumbai,474695,iOS,Premium,0,Organic
1656,2024-09-28,Delhi,551724,Android,Regular,0,Google Ads
1657,2024-05-30,Bangalore,468695,Android,Regular,0,Instagram
1658,2024-08-20,Chennai,420009,iOS,Budget,0,Referral
1659,2024-09-15,Hyderabad,470475,Android,Budget,1,Instagram
1660,2024-11-05,Hyderabad,438186,iOS,Regular,0,Organic
1661,2024-08-08,Chennai,487925,Android,Regular,0,Organic
1662,2024-02-20,Mumbai,434981,Android,Premium,0,Instagram
1663,2024-12-25,Mumbai,422505,Android,Regular,0,Instagram
1664,2024-02-28,Bangalore,454971,Android,Regular,0,Organic
1665,2024-12-01,Pune,416767,iOS,Regular,1,Instagram
1666,2024-11-29,Delhi,516945,Android,Budget,1,Google Ads
1667,2025-01-28,Mumbai,493923,Android,Regular,0,Google Ads
1668,2024-10-09,Hyderabad,542768,Android,Regular,0,Organic
1669,2025-01-04,Bangalore,548869,iOS,Regular,1,Organic
1670,2024-04-20,Delhi,545632,Android,Regular,0,Instagram
1671,2024-08-08,Bangalore,520495,iOS,Budget,0,Instagram
1672,2024-08-19,Delhi,408803,Android,Regular,0,Referral
1673,2024-04-26,Delhi,434160,Android,Regular,0,Google Ads
1674,2024-07-30,Chennai,411517,Android,Regular,0,Organic
1675,2024-06-22,Mumbai,450493,Android,Regular,1,Organic
1676,2024-08-20,Bangalore,429087,Android,Budget,0,Organic
1677,2024-07-23,Bangalore,513759,Android,Budget,1,Organic
1678,2024-07-31,Chennai,430481,Android,Budget,0,Referral
1679,2025-01-08,Hyderabad,528024,Android,Regular,0,Google Ads
1680,2024-02-18,Hyderabad,510196,Android,Regular,0,Referral
1681,2024-06-09,Mumbai,438738,Android,Premium,1,Google Ads
1682,2024-08-06,Mumbai,409266,Android,Budget,0,Organic
1683,2024-06-09,Pune,514166,Android,Budget,0,Google Ads
1684,2024-12-06,Chennai,519502,iOS,Regular,1,Organic
1685,2024-05-10,Hyderabad,470991,Android,Regular,1,Referral
1686,2024-07-10,Delhi,415387,Android,Regular,1,Google Ads
1687,2024-03-19,Bangalore,504719,Android,Premium,0,Instagram
1688,2024-12-17,Mumbai,437426,Android,Premium,1,Google Ads
1689,2024-08-30,Bangalore,521636,Android,Budget,0,Organic
1690,2024-02-04,Bangalore,453635,Android,Premium,1,Instagram
1691,2024-02-16,Pune,486989,Android,Budget,1,Organic
1692,2024-02-13,Hyderabad,506338,Android,Regular,1,Instagram
1693,2024-02-17,Mumbai,541216,iOS,Regular,1,Instagram
1694,2024-08-09,Bangalore,546654,iOS,Regular,0,Google Ads
1695,2024-02-19,Mumbai,467444,Android,Budget,1,Google Ads
1696,2025-01-16,Delhi,429425,Android,Budget,0,Instagram
1697,2025-01-13,Pune,488845,iOS,Regular,1,Instagram
1698,2024-07-09,Delhi,441985,iOS,Budget,1,Instagram
1699,2024-03-07,Mumbai,441506,Android,Budget,0,Organic
1700,2024-10-11,Mumbai,502479,Android,Regular,0,Google Ads
1701,2024-01-31,Hyderabad,462700,iOS,Regular,1,Organic
1702,2024-10-27,Bangalore,558030,Android,Regular,0,Google Ads
1703,2024-10-14,Bangalore,556537,Android,Budget,0,Referral
1704,2024-10-14,Delhi,514013,Android,Premium,0,Organic
1705,2024-06-17,Pune,554722,iOS,Budget,0,Google Ads
1706,2024-12-09,Chennai,434759,iOS,Premium,0,Instagram
1707,2024-03-03,Bangalore,536669,Android,Regular,0,Instagram
1708,2024-07-29,Hyderabad,416375,Android,Regular,0,Google Ads
1709,2024-06-30,Delhi,518687,Android,Premium,1,Instagram
1710,2024-12-06,Delhi,403776,iOS,Budget,0,Instagram
1711,2025-01-19,Chennai,427389,Android,Budget,0,Referral
1712,2024-08-04,Hyderabad,523801,iOS,Regular,0,Referral
1713,2025-01-04,Pune,421030,Android,Budget,0,Referral
1714,2024-01-27,Hyderabad,483982,iOS,Regular,0,Organic
1715,2024-05-27,Pune,453640,Android,Budget,1,Referral
1716,2024-11-03,Hyderabad,514011,Android,Premium,0,Referral
1717,2024-06-08,Hyderabad,545718,Android,Regular,0,Referral
1718,2024-06-29,Mumbai,431106,Android,Budget,1,Google Ads
1719,2024-02-23,Delhi,544741,iOS,Premium,0,Instagram
1720,2024-10-22,Hyderabad,547033,Android,Budget,0,Google Ads
1721,2024-09-16,Chennai,526520,Android,Budget,1,Referral
1722,2024-04-18,Hyderabad,542430,Android,Budget,0,Organic
1723,2024-03-20,Bangalore,502740,iOS,Regular,1,Google Ads
1724,2024-12-02,Delhi,451797,Android,Regular,0,Referral
1725,2024-09-03,Bangalore,415805,Android,Regular,0,Organic
1726,2024-04-24,Delhi,527733,iOS,Budget,1,Organic
1727,2024-02-25,Bangalore,545699,Android,Premium,0,Organic
1728,2024-06-28,Hyderabad,559205,Android,Regular,0,Instagram
1729,2024-10-11,Hyderabad,407952,Android,Budget,1,Organic
1730,2024-07-07,Mumbai,537522,Android,Regular,0,Referral
1731,2024-02-28,Chennai,419066,iOS,Regular,1,Google Ads
1732,2025-01-25,Bangalore,501504,iOS,Budget,1,Google Ads
1733,2024-05-22,Pune,505073,Android,Budget,0,Referral
1734,2024-10-20,Mumbai,540203,Android,Budget,0,Instagram
1735,2024-04-25,Bangalore,489361,Android,Premium,0,Instagram
1736,2024-08-07,Bangalore,462288,Android,Regular,1,Organic
1737,2024-10-14,Mumbai,537127,Android,Budget,0,Referral
1738,2025-01-27,Hyderabad,507358,iOS,Budget,0,Organic
1739,2024-11-14,Bangalore,429671,Android,Regular,0,Organic
1740,2024-11-10,Hyderabad,449113,Android,Regular,0,Referral
1741,2024-12-11,Mumbai,488389,iOS,Regular,0,Instagram
1742,2024-11-25,Hyderabad,489157,iOS,Premium,1,Instagram
1743,2024-10-12,Delhi,559380,Android,Regular,0,Google Ads
1744,2024-01-14,Pune,447923,iOS,Regular,0,Referral
1745,2024-11-07,Bangalore,493349,Android,Budget,1,Organic
1746,2024-12-02,Chennai,479336,Android,Premium,0,Referral
1747,2024-12-21,Pune,426313,Android,Budget,1,Organic
1748,2024-05-16,Hyderabad,466986,Android,Budget,0,Google Ads
1749,2024-01-15,Bangalore,530745,Android,Regular,0,Google Ads
1750,2024-04-02,Hyderabad,500964,iOS,Budget,1,Google Ads
1751,2024-05-19,Delhi,431552,iOS,Budget,0,Google Ads
1752,2024-12-25,Mumbai,489814,Android,Regular,0,Organic
1753,2025-01-25,Bangalore,501026,Android,Budget,0,Instagram
1754,2024-06-07,Delhi,524343,Android,Budget,1,Organic
1755,2024-06-22,Delhi,409638,Android,Regular,1,Google Ads
1756,2024-06-28,Bangalore,443259,iOS,Regular,0,Instagram
1757,2024-01-04,Hyderabad,540897,Android,Budget,1,Referral
1758,2024-04-02,Chennai,529554,Android,Premium,0,Organic
1759,2024-03-14,Delhi,426951,Android,Budget,0,Referral
1760,2024-10-16,Pune,554561,Android,Regular,1,Google Ads
1761,2024-12-02,Delhi,527871,Android,Budget,1,Referral
1762,2024-07-24,Chennai,400216,Android,Regular,0,Instagram
1763,2024-02-05,Hyderabad,505604,Android,Budget,0,Instagram
1764,2024-03-13,Hyderabad,411524,Android,Budget,0,Instagram
1765,2025-01-14,Pune,468690,Android,Budget,1,Organic
1766,2024-11-20,Delhi,423835,Android,Regular,1,Referral
1767,2024-01-16,Hyderabad,434475,iOS,Regular,0,Referral
1768,2024-02-16,Chennai,443067,iOS,Budget,1,Referral
1769,2025-01-17,Bangalore,410401,iOS,Premium,1,Google Ads
1770,2024-09-28,Mumbai,525212,Android,Budget,1,Organic
1771,2024-04-20,Mumbai,410346,Android,Regular,0,Organic
1772,2024-07-11,Mumbai,433897,Android,Budget,0,Referral
1773,2024-08-02,Delhi,428900,iOS,Regular,0,Organic
1774,2024-08-20,Pune,428230,Android,Regular,0,Referral
1775,2024-06-23,Hyderabad,405584,Android,Regular,1,Referral
1776,2024-03-21,Bangalore,535970,Android,Budget,1,Referral
1777,2024-07-08,Chennai,471538,Android,Budget,0,Instagram
1778,2024-06-08,Bangalore,535640,Android,Regular,1,Google Ads
1779,2025-01-04,Chennai,474808,Android,Budget,0,Organic
1780,2024-06-15,Delhi,529649,iOS,Budget,0,Google Ads
1781,2024-10-17,Mumbai,512653,Android,Budget,0,Instagram
1782,2024-11-01,Delhi,544402,iOS,Budget,0,Organic
1783,2024-02-13,Pune,471793,Android,Budget,0,Referral
1784,2024-01-27,Pune,531301,iOS,Premium,0,Google Ads
1785,2024-03-20,Chennai,437053,Android,Regular,1,Instagram
1786,2024-03-21,Hyderabad,446033,Android,Regular,0,Organic
1787,2025-01-21,Hyderabad,433687,Android,Budget,0,Organic
1788,2024-11-12,Chennai,476982,Android,Regular,0,Google Ads
1789,2024-01-26,Pune,498803,Android,Regular,1,Google Ads
1790,2024-12-11,Pune,533882,Android,Regular,0,Organic
1791,2024-02-11,Pune,442819,Android,Budget,1,Organic
1792,2024-05-19,Delhi,500423,Android,Premium,0,Instagram
1793,2024-08-14,Pune,471928,iOS,Regular,0,Referral
1794,2024-12-04,Bangalore,479466,iOS,Premium,1,Referral
1795,2024-08-05,Mumbai,513222,Android,Budget,0,Instagram
1796,2024-09-05,Pune,437334,Android,Budget,0,Organic
1797,2024-11-06,Chennai,526458,iOS,Budget,0,Google Ads
1798,2024-08-14,Mumbai,416577,Android,Regular,0,Google Ads
1799,2024-07-31,Delhi,519876,Android,Budget,1,Organic
1800,2024-05-19,Chennai,439406,Android,Premium,0,Instagram
1801,2024-04-20,Mumbai,494001,Android,Premium,0,Organic
1802,2025-01-21,Chennai,431602,Android,Regular,0,Google Ads
1803,2024-09-19,Delhi,467947,Android,Regular,0,Organic
1804,2024-02-28,Bangalore,452117,Android,Regular,0,Organic
1805,2024-06-25,Delhi,504187,Android,Regular,0,Instagram
1806,2024-08-08,Delhi,462895,iOS,Budget,0,Referral
1807,2024-02-26,Chennai,407466,Android,Regular,0,Google Ads
1808,2024-05-25,Hyderabad,456755,Android,Premium,0,Google Ads
1809,2024-12-13,Pune,492851,Android,Budget,0,Organic
1810,2024-12-13,Pune,509766,Android,Premium,0,Google Ads
1811,2024-10-30,Bangalore,492692,Android,Budget,1,Google Ads
1812,2024-09-06,Bangalore,438872,Android,Budget,0,Referral
1813,2024-09-26,Pune,429512,Android,Budget,1,Google Ads
1814,2024-12-07,Hyderabad,480961,Android,Budget,0,Google Ads
1815,2024-06-06,Pune,465777,Android,Premium,1,Instagram
1816,2024-01-24,Hyderabad,444463,Android,Premium,0,Instagram
1817,2024-04-22,Bangalore,432575,iOS,Regular,0,Instagram
1818,2024-07-21,Mumbai,502073,Android,Premium,1,Instagram
1819,2024-11-02,Chennai,556259,Android,Budget,1,Instagram
1820,2024-01-29,Bangalore,553886,Android,Budget,0,Referral
1821,2024-01-04,Bangalore,478283,Android,Regular,0,Google Ads
1822,2024-04-14,Delhi,509780,iOS,Premium,0,Organic
1823,2024-06-03,Delhi,418558,Android,Budget,0,Referral
1824,2024-04-18,Delhi,559133,Android,Premium,0,Organic
1825,2025-01-27,Chennai,472105,Android,Regular,1,Instagram
1826,2024-03-11,Delhi,537153,Android,Premium,0,Google Ads
1827,2025-01-26,Hyderabad,544927,Android,Budget,0,Instagram
1828,2024-05-10,Pune,522014,Android,Regular,0,Referral
1829,2024-05-28,Mumbai,558098,Android,Regular,1,Organic
1830,2024-06-16,Bangalore,441082,iOS,Regular,1,Google Ads
1831,2024-03-02,Hyderabad,535441,Android,Budget,0,Referral
1832,2024-01-04,Mumbai,519182,Android,Premium,0,Referral
1833,2024-09-11,Hyderabad,427095,iOS,Premium,0,Google Ads
1834,2025-01-17,Hyderabad,466767,iOS,Budget,0,Google Ads
1835,2024-08-08,Bangalore,483054,Android,Budget,0,Referral
1836,2024-03-30,Pune,555064,Android,Regular,1,Organic
1837,2024-03-07,Delhi,401302,iOS,Regular,1,Organic
1838,2024-07-13,Chennai,559683,Android,Regular,0,Referral
1839,2024-09-29,Pune,481464,Android,Budget,0,Referral
1840,2024-12-26,Chennai,424467,iOS,Regular,0,Instagram
1841,2024-04-27,Bangalore,426082,Android,Regular,0,Instagram
1842,2024-09-13,Bangalore,424355,Android,Budget,1,Organic
1843,2024-10-13,Bangalore,493298,Android,Regular,0,Instagram
1844,2024-12-08,Mumbai,418301,Android,Budget,0,Organic
1845,2024-06-30,Chennai,464385,iOS,Budget,1,Google Ads
1846,2024-02-06,Pune,495028,Android,Regular,0,Instagram
1847,2024-07-22,Pune,521685,iOS,Premium,1,Organic
1848,2025-01-14,Hyderabad,460893,Android,Budget,1,Organic
1849,2024-01-22,Hyderabad,435526,Android,Budget,1,Referral
1850,2024-08-11,Hyderabad,557605,Android,Budget,0,Organic
1851,2024-01-10,Bangalore,406465,Android,Budget,0,Instagram
1852,2024-08-23,Pune,416563,iOS,Regular,0,Referral
1853,2024-02-09,Chennai,507393,Android,Regular,0,Referral
1854,2024-06-09,Bangalore,455515,Android,Budget,1,Instagram
1855,2024-10-21,Mumbai,513429,Android,Premium,0,Google Ads
1856,2024-08-07,Hyderabad,512565,iOS,Budget,0,Instagram
1857,2024-10-20,Bangalore,508048,Android,Premium,0,Instagram
1858,2024-07-26,Bangalore,432635,Android,Premium,1,Referral
1859,2024-12-29,Mumbai,400061,Android,Regular,0,Instagram
1860,2024-11-23,Delhi,409270,Android,Budget,0,Google Ads
1861,2024-08-01,Pune,423066,Android,Regular,0,Google Ads
1862,2024-05-28,Chennai,402896,Android,Regular,1,Google Ads
1863,2024-02-28,Delhi,480860,iOS,Premium,0,Referral
1864,2024-07-26,Hyderabad,543425,Android,Regular,0,Instagram
1865,2024-01-11,Bangalore,504128,Android,Regular,0,Organic
1866,2024-06-15,Mumbai,496427,Android,Premium,0,Instagram
1867,2024-03-28,Mumbai,411963,Android,Premium,1,Google Ads
1868,2024-11-12,Pune,433303,iOS,Regular,1,Instagram
1869,2024-08-23,Delhi,485383,Android,Premium,0,Referral
1870,2024-12-19,Pune,404012,Android,Regular,0,Instagram
1871,2024-07-04,Bangalore,529717,Android,Regular,0,Referral
1872,2024-02-15,Pune,419783,Android,Regular,1,Organic
1873,2024-08-11,Chennai,520655,Android,Regular,0,Organic
1874,2024-02-24,Mumbai,409197,Android,Budget,1,Referral
1875,2024-05-04,Mumbai,443460,Android,Regular,1,Instagram
1876,2024-08-11,Hyderabad,487246,iOS,Regular,1,Google Ads
1877,2024-10-28,Hyderabad,478864,Android,Budget,1,Referral
1878,2024-07-24,Bangalore,523207,Android,Budget,0,Instagram
1879,2024-09-25,Chennai,501011,iOS,Regular,1,Instagram
1880,2024-02-10,Delhi,432770,Android,Regular,1,Instagram
1881,2024-07-21,Pune,507530,Android,Budget,0,Google Ads
1882,2024-06-07,Bangalore,424701,Android,Premium,1,Google Ads
1883,2025-01-16,Hyderabad,405270,Android,Premium,1,Google Ads
1884,2024-06-22,Pune,521632,Android,Regular,1,Referral
1885,2024-04-23,Hyderabad,443881,Android,Budget,0,Referral
1886,2024-06-19,Pune,514004,iOS,Premium,0,Google Ads
1887,2024-03-27,Delhi,539393,Android,Premium,0,Referral
1888,2024-02-09,Bangalore,449590,Android,Budget,1,Google Ads
1889,2024-09-18,Pune,435898,Android,Budget,1,Referral
1890,2024-11-20,Chennai,414381,Android,Regular,0,Instagram
1891,2024-02-28,Mumbai,470935,Android,Regular,0,Google Ads
1892,2024-09-28,Chennai,455831,Android,Budget,1,Referral
1893,2024-09-18,Chennai,405530,Android,Regular,0,Instagram
1894,2024-04-09,Mumbai,494599,iOS,Regular,0,Instagram
1895,2024-06-27,Chennai,482988,Android,Premium,1,Referral
1896,2024-06-28,Pune,449179,Android,Regular,0,Instagram
1897,2025-01-07,Pune,538010,iOS,Regular,0,Organic
1898,2024-11-26,Pune,521953,Android,Premium,1,Google Ads
1899,2024-03-16,Mumbai,439887,iOS,Budget,0,Google Ads
1900,2024-04-30,Chennai,449700,iOS,Budget,1,Instagram
1901,2024-02-22,Mumbai,476397,Android,Regular,0,Referral
1902,2024-03-15,Pune,490679,iOS,Budget,0,Organic
1903,2024-05-11,Chennai,425280,Android,Premium,0,Referral
1904,2024-04-11,Chennai,510777,Android,Budget,0,Google Ads
1905,2024-03-29,Hyderabad,501445,iOS,Budget,0,Instagram
1906,2024-11-04,Hyderabad,506301,Android,Premium,0,Organic
1907,2024-03-19,Delhi,513794,Android,Regular,0,Instagram
1908,2025-01-24,Bangalore,516279,Android,Regular,0,Organic
1909,2025-01-23,Hyderabad,503248,iOS,Budget,0,Instagram
1910,2024-12-01,Mumbai,408998,iOS,Budget,0,Referral
1911,2024-02-08,Hyderabad,506103,Android,Premium,0,Google Ads
1912,2024-03-31,Delhi,485712,iOS,Budget,0,Instagram
1913,2025-01-30,Chennai,516046,Android,Regular,0,Instagram
1914,2024-11-17,Delhi,440861,Android,Budget,0,Organic
1915,2024-09-09,Chennai,403226,Android,Budget,1,Referral
1916,2024-08-25,Chennai,510115,iOS,Regular,0,Referral
1917,2025-01-21,Bangalore,513219,Android,Premium,0,Organic
1918,2024-10-15,Hyderabad,500765,Android,Regular,1,Referral
1919,2025-01-24,Mumbai,507042,iOS,Regular,0,Google Ads
1920,2024-10-23,Mumbai,512225,iOS,Regular,0,Instagram
1921,2024-08-17,Pune,463657,Android,Regular,0,Organic
1922,2024-12-14,Chennai,476291,Android,Regular,0,Referral
1923,2024-10-16,Mumbai,456634,iOS,Budget,0,Google Ads
1924,2024-11-25,Bangalore,426656,iOS,Budget,0,Google Ads
1925,2024-11-21,Chennai,521119,Android,Premium,1,Referral
1926,2024-11-15,Bangalore,403115,iOS,Budget,0,Referral
1927,2024-06-14,Mumbai,426503,iOS,Budget,0,Organic
1928,2024-11-17,Mumbai,449769,iOS,Regular,0,Referral
1929,2024-06-10,Pune,448129,iOS,Regular,0,Organic
1930,2024-03-18,Mumbai,551101,Android,Regular,0,Instagram
1931,2024-08-13,Chennai,483124,Android,Budget,1,Google Ads
1932,2024-02-04,Chennai,508256,Android,Premium,1,Organic
1933,2024-08-28,Chennai,403175,Android,Regular,1,Google Ads
1934,2024-08-14,Pune,517770,iOS,Premium,0,Instagram
1935,2024-11-19,Pune,435399,iOS,Budget,1,Referral
1936,2024-06-04,Mumbai,535394,Android,Budget,0,Organic
1937,2024-05-20,Delhi,523550,Android,Budget,0,Referral
1938,2024-10-29,Delhi,472636,Android,Budget,0,Google Ads
1939,2024-01-29,Pune,423761,Android,Budget,1,Organic
1940,2024-06-29,Mumbai,542433,Android,Budget,0,Instagram
1941,2024-09-16,Delhi,541386,Android,Regular,0,Instagram
1942,2024-02-07,Mumbai,530675,Android,Regular,1,Referral
1943,2024-06-07,Mumbai,536874,Android,Regular,0,Instagram
1944,2024-08-24,Mumbai,414131,Android,Budget,0,Instagram
1945,2024-08-19,Hyderabad,545344,iOS,Regular,0,Referral
1946,2024-01-20,Chennai,547148,Android,Budget,0,Referral
1947,2024-01-30,Mumbai,507216,Android,Regular,0,Organic
1948,2024-07-07,Hyderabad,550057,Android,Regular,0,Organic
1949,2024-05-26,Pune,488096,Android,Regular,0,Referral
1950,2024-02-09,Delhi,460943,iOS,Premium,1,Google Ads
1951,2024-11-26,Chennai,543934,Android,Premium,1,Google Ads
1952,2024-02-16,Delhi,498971,iOS,Regular,1,Organic
1953,2024-11-10,Chennai,482204,Android,Premium,0,Organic
1954,2024-10-31,Delhi,552050,Android,Regular,0,Referral
1955,2024-09-16,Chennai,488178,Android,Premium,0,Google Ads
1956,2024-07-15,Delhi,472903,Android,Regular,1,Referral
1957,2024-08-24,Delhi,492173,Android,Regular,1,Organic
1958,2024-10-24,Delhi,546703,iOS,Regular,1,Instagram
1959,2024-10-10,Delhi,420057,Android,Budget,0,Instagram
1960,2025-01-13,Pune,538455,Android,Regular,0,Instagram
1961,2024-01-22,Mumbai,455740,iOS,Premium,1,Referral
1962,2024-08-18,Bangalore,481686,iOS,Regular,0,Google Ads
1963,2024-10-19,Hyderabad,448640,Android,Budget,0,Organic
1964,2024-11-29,Bangalore,400993,Android,Budget,1,Google Ads
1965,2024-04-06,Bangalore,472395,Android,Premium,0,Google Ads
1966,2024-06-13,Chennai,467658,Android,Premium,0,Organic
1967,2024-11-05,Mumbai,427161,iOS,Budget,0,Google Ads
1968,2024-08-31,Chennai,445157,Android,Premium,0,Instagram
1969,2024-09-13,Mumbai,486443,Android,Premium,0,Organic
1970,2024-03-18,Mumbai,550645,iOS,Budget,0,Instagram
1971,2024-02-01,Delhi,517926,iOS,Premium,1,Referral
1972,2024-08-18,Pune,404137,Android,Budget,0,Instagram
1973,2024-02-22,Delhi,461869,iOS,Regular,0,Referral
1974,2024-06-24,Pune,482264,Android,Regular,0,Referral
1975,2024-12-31,Chennai,432168,Android,Regular,0,Organic
1976,2024-02-13,Pune,510958,iOS,Regular,0,Instagram
1977,2024-09-15,Chennai,415480,Android,Regular,1,Instagram
1978,2024-11-26,Bangalore,519393,Android,Premium,0,Instagram
1979,2024-03-29,Bangalore,535896,Android,Premium,0,Organic
1980,2024-01-21,Pune,419586,Android,Regular,1,Referral
1981,2024-05-06,Pune,548345,Android,Regular,0,Referral
1982,2024-12-28,Chennai,426620,Android,Budget,0,Referral
1983,2024-08-12,Delhi,475070,Android,Regular,0,Organic
1984,2024-08-12,Chennai,439896,Android,Premium,0,Organic
1985,2024-09-25,Delhi,403721,Android,Budget,0,Google Ads
1986,2024-09-24,Bangalore,419268,iOS,Premium,0,Instagram
1987,2024-11-08,Mumbai,546769,Android,Premium,0,Referral
1988,2024-03-22,Pune,453365,Android,Regular,1,Google Ads
1989,2024-07-05,Delhi,554418,Android,Regular,0,Google Ads
1990,2024-07-09,Chennai,451568,Android,Regular,0,Instagram
1991,2024-05-24,Bangalore,491230,iOS,Regular,0,Organic
1992,2024-07-17,Delhi,550458,Android,Regular,0,Google Ads
1993,2024-07-28,Chennai,478519,Android,Premium,0,Organic
1994,2025-01-31,Pune,482845,Android,Regular,0,Organic
1995,2024-06-22,Pune,490698,Android,Regular,1,Instagram
1996,2024-12-13,Hyderabad,457197,Android,Regular,1,Google Ads
1997,2024-11-02,Mumbai,515601,iOS,Budget,0,Referral
1998,2024-01-27,Hyderabad,500626,Android,Budget,1,Google Ads
1999,2024-11-19,Bangalore,531568,Android,Premium,0,Referral
2000,2024-11-27,Delhi,444756,Android,Budget,0,Referral
2001,2024-06-20,Bangalore,433325,Android,Regular,1,Organic
2002,2024-02-03,Chennai,478930,Android,Regular,1,Referral
2003,2024-06-17,Pune,532625,Android,Budget,0,Instagram
2004,2024-02-18,Hyderabad,451273,Android,Budget,0,Google Ads
2005,2024-10-12,Hyderabad,474463,Android,Premium,0,Organic
2006,2024-12-13,Hyderabad,554962,Android,Regular,0,Organic
2007,2024-07-16,Bangalore,454676,Android,Regular,1,Referral
2008,2024-05-25,Pune,473592,Android,Premium,0,Organic
2009,2024-05-09,Delhi,553707,Android,Budget,0,Instagram
2010,2025-01-05,Chennai,432364,iOS,Budget,0,Instagram
2011,2024-12-02,Delhi,477005,iOS,Regular,0,Organic
2012,2024-11-04,Bangalore,440719,Android,Regular,1,Organic
2013,2024-03-17,Chennai,513628,Android,Regular,1,Instagram
2014,2024-06-19,Hyderabad,426871,Android,Premium,0,Referral
2015,2024-02-11,Mumbai,437395,Android,Premium,0,Organic
2016,2024-10-25,Bangalore,452058,iOS,Budget,0,Referral
2017,2024-12-05,Bangalore,479796,Android,Budget,0,Organic
2018,2024-03-13,Pune,480410,iOS,Premium,0,Instagram
2019,2024-06-28,Delhi,413017,Android,Budget,0,Organic
2020,2024-06-07,Bangalore,442138,Android,Budget,0,Organic
2021,2024-12-01,Bangalore,531226,Android,Regular,0,Organic
2022,2024-12-23,Hyderabad,538926,iOS,Regular,1,Instagram
2023,2024-12-05,Hyderabad,412380,Android,Regular,0,Instagram
2024,2024-07-19,Chennai,546865,Android,Budget,1,Instagram
2025,2024-03-07,Mumbai,521170,Android,Regular,0,Google Ads
2026,2024-10-31,Pune,549173,iOS,Regular,1,Google Ads
2027,2024-12-28,Mumbai,526083,Android,Budget,0,Google Ads
2028,2024-02-13,Chennai,513090,Android,Budget,1,Google Ads
2029,2024-06-07,Hyderabad,411050,Android,Regular,0,Instagram
2030,2024-10-13,Delhi,531859,iOS,Premium,1,Organic
2031,2024-07-11,Hyderabad,522785,iOS,Premium,1,Instagram
2032,2024-11-25,Pune,447692,Android,Budget,0,Google Ads
2033,2024-06-17,Hyderabad,457987,Android,Regular,0,Referral
2034,2024-03-06,Pune,554673,Android,Regular,1,Referral
2035,2024-12-09,Pune,494775,Android,Premium,1,Instagram
2036,2024-12-25,Pune,550883,Android,Regular,1,Organic
2037,2025-01-13,Chennai,505316,Android,Budget,1,Google Ads
2038,2024-12-16,Pune,457205,Android,Regular,1,Organic
2039,2024-09-26,Pune,420086,Android,Budget,0,Organic
2040,2024-02-17,Delhi,433981,iOS,Budget,0,Organic
2041,2024-11-26,Mumbai,456118,Android,Regular,0,Google Ads
2042,2024-12-09,Bangalore,545214,Android,Premium,0,Instagram
2043,2024-08-04,Mumbai,540417,Android,Budget,0,Google Ads
2044,2024-09-17,Pune,415897,Android,Regular,0,Google Ads
2045,2024-07-04,Delhi,489354,Android,Budget,0,Instagram
2046,2024-01-10,Hyderabad,429814,iOS,Premium,0,Instagram
2047,2024-07-04,Delhi,465680,Android,Regular,0,Instagram
2048,2024-06-07,Pune,541754,Android,Budget,0,Referral
2049,2024-04-02,Delhi,403229,Android,Budget,0,Referral
2050,2024-04-19,Delhi,535655,Android,Regular,0,Instagram
2051,2024-06-23,Pune,411398,Android,Budget,1,Organic
2052,2025-01-27,Chennai,437012,Android,Budget,0,Referral
2053,2024-09-05,Delhi,479184,Android,Regular,1,Google Ads
2054,2024-04-08,Bangalore,493255,Android,Regular,0,Google Ads
2055,2024-04-25,Bangalore,442318,Android,Regular,0,Referral
2056,2024-03-11,Delhi,502490,Android,Budget,0,Google Ads
2057,2024-03-20,Chennai,440097,Android,Regular,0,Instagram
2058,2024-02-09,Hyderabad,453786,Android,Regular,0,Google Ads
2059,2024-05-31,Pune,452345,iOS,Budget,0,Referral
2060,2024-02-21,Bangalore,520383,Android,Regular,1,Organic
2061,2024-09-16,Hyderabad,559485,iOS,Budget,1,Google Ads
2062,2025-01-29,Delhi,510490,Android,Premium,1,Google Ads
2063,2024-10-03,Hyderabad,411550,iOS,Regular,1,Organic
2064,2025-01-13,Mumbai,425740,Android,Regular,0,Referral
2065,2024-09-26,Bangalore,421210,Android,Budget,0,Organic
2066,2024-01-20,Delhi,507052,Android,Budget,0,Google Ads
2067,2024-12-04,Pune,415117,Android,Regular,0,Referral
2068,2024-06-21,Chennai,420046,iOS,Regular,1,Instagram
2069,2025-01-27,Delhi,557400,Android,Budget,1,Referral
2070,2024-11-12,Pune,435710,iOS,Budget,1,Referral
2071,2024-03-08,Chennai,443618,Android,Budget,1,Instagram
2072,2024-11-01,Chennai,557978,Android,Regular,0,Referral
2073,2024-07-11,Delhi,519780,Android,Budget,0,Google Ads
2074,2024-03-19,Hyderabad,442920,Android,Regular,0,Google Ads
2075,2024-03-24,Hyderabad,483522,iOS,Budget,1,Google Ads
2076,2024-04-02,Chennai,406448,Android,Regular,1,Google Ads
2077,2024-12-20,Hyderabad,405500,Android,Budget,0,Instagram
2078,2025-01-29,Mumbai,439042,iOS,Regular,0,Google Ads
2079,2024-11-15,Chennai,431316,Android,Budget,0,Referral
2080,2024-03-25,Chennai,532372,Android,Budget,0,Organic
2081,2025-01-04,Pune,520507,Android,Regular,1,Instagram
2082,2024-08-12,Hyderabad,536067,Android,Budget,0,Instagram
2083,2024-01-23,Chennai,538562,Android,Budget,0,Organic
2084,2024-07-29,Mumbai,491648,Android,Premium,0,Google Ads
2085,2024-07-05,Pune,432356,Android,Premium,1,Google Ads
2086,2024-12-12,Delhi,473806,Android,Budget,0,Referral
2087,2025-01-03,Chennai,468368,Android,Premium,0,Google Ads
2088,2024-05-01,Mumbai,509907,iOS,Regular,0,Google Ads
2089,2024-08-15,Bangalore,517410,Android,Budget,0,Referral
2090,2024-11-08,Mumbai,477356,Android,Premium,0,Google Ads
2091,2024-05-25,Mumbai,516221,Android,Premium,1,Organic
2092,2025-01-20,Pune,487174,Android,Premium,1,Google Ads
2093,2025-01-18,Delhi,401997,Android,Budget,0,Organic
2094,2024-08-17,Bangalore,444388,iOS,Budget,0,Organic
2095,2024-04-29,Hyderabad,403090,iOS,Regular,1,Organic
2096,2024-09-30,Hyderabad,498828,Android,Regular,0,Google Ads
2097,2024-05-02,Mumbai,420660,Android,Budget,0,Google Ads
2098,2024-06-07,Pune,445179,Android,Premium,0,Instagram
2099,2024-08-28,Pune,495966,Android,Regular,0,Referral
2100,2024-04-09,Hyderabad,481269,Android,Regular,0,Referral
2101,2024-07-07,Bangalore,485043,iOS,Regular,1,Instagram
2102,2024-12-13,Delhi,506472,Android,Regular,1,Organic
2103,2024-10-19,Bangalore,470112,iOS,Budget,0,Referral
2104,2024-08-13,Chennai,500436,Android,Premium,1,Instagram
2105,2024-08-24,Chennai,489243,Android,Budget,0,Organic
2106,2025-01-28,Delhi,513205,Android,Budget,0,Instagram
2107,2024-05-24,Hyderabad,553957,Android,Premium,0,Google Ads
2108,2024-07-14,Delhi,417200,Android,Premium,0,Google Ads
2109,2024-09-14,Pune,460039,Android,Premium,1,Organic
2110,2024-09-27,Chennai,457787,Android,Premium,1,Organic
2111,2024-08-02,Mumbai,509637,Android,Regular,1,Google Ads
2112,2024-03-23,Mumbai,449295,Android,Premium,0,Referral
2113,2024-04-12,Hyderabad,543738,iOS,Budget,0,Referral
2114,2024-11-05,Pune,400535,Android,Regular,0,Google Ads
2115,2024-03-11,Bangalore,491829,Android,Regular,1,Referral
2116,2024-05-08,Pune,436133,Android,Budget,0,Google Ads
2117,2024-01-27,Mumbai,515721,Android,Regular,0,Instagram
2118,2024-11-24,Mumbai,436111,Android,Regular,0,Instagram
2119,2024-09-03,Chennai,463581,Android,Regular,0,Instagram
2120,2024-07-09,Pune,553542,Android,Budget,1,Referral
2121,2024-10-10,Pune,464017,Android,Premium,1,Instagram
2122,2024-02-22,Mumbai,446234,Android,Budget,1,Organic
2123,2024-12-30,Bangalore,529864,Android,Regular,1,Organic
2124,2024-09-21,Hyderabad,506312,Android,Premium,0,Instagram
2125,2024-03-04,Hyderabad,434410,Android,Regular,0,Organic
2126,2024-05-25,Pune,550397,Android,Budget,0,Instagram
2127,2024-02-12,Hyderabad,539811,Android,Budget,1,Instagram
2128,2025-01-25,Mumbai,424055,iOS,Regular,0,Google Ads
2129,2024-03-23,Mumbai,429710,Android,Premium,0,Instagram
2130,2024-05-19,Pune,509322,Android,Premium,0,Organic
2131,2024-08-18,Pune,400364,Android,Regular,0,Referral
2132,2024-09-19,Chennai,410359,Android,Budget,0,Instagram
2133,2024-03-16,Pune,534313,Android,Budget,0,Google Ads
2134,2024-08-11,Bangalore,445690,Android,Budget,1,Organic
2135,2024-02-16,Hyderabad,401937,Android,Budget,0,Google Ads
2136,2024-04-23,Pune,512273,Android,Budget,0,Instagram
2137,2024-08-18,Delhi,491075,Android,Budget,1,Instagram
2138,2024-06-27,Chennai,400883,iOS,Regular,0,Instagram
2139,2024-01-14,Delhi,551297,Android,Budget,0,Instagram
2140,2024-07-31,Mumbai,505228,Android,Regular,0,Organic
2141,2024-01-28,Hyderabad,525866,Android,Premium,0,Referral
2142,2024-07-21,Pune,523746,Android,Regular,0,Instagram
2143,2024-09-14,Delhi,428886,Android,Regular,0,Google Ads
2144,2024-07-10,Hyderabad,534276,Android,Regular,1,Organic
2145,2024-04-30,Mumbai,533317,Android,Budget,0,Organic
2146,2024-07-16,Bangalore,498323,iOS,Budget,0,Organic
2147,2024-02-11,Chennai,468620,iOS,Budget,0,Google Ads
2148,2024-07-10,Hyderabad,421585,Android,Budget,1,Referral
2149,2024-04-24,Hyderabad,408522,iOS,Regular,1,Google Ads
2150,2024-01-15,Bangalore,433542,Android,Premium,0,Google Ads
2151,2024-06-12,Hyderabad,429064,Android,Premium,0,Google Ads
2152,2024-02-20,Mumbai,470269,Android,Budget,1,Instagram
2153,2024-12-31,Mumbai,526219,Android,Premium,0,Instagram
2154,2024-11-28,Bangalore,518207,Android,Budget,0,Google Ads
2155,2024-06-20,Chennai,533640,iOS,Premium,0,Google Ads
2156,2024-03-15,Pune,547194,Android,Budget,0,Instagram
2157,2024-03-11,Delhi,532747,Android,Budget,0,Instagram
2158,2024-01-20,Pune,476412,iOS,Budget,0,Referral
2159,2024-05-26,Hyderabad,509877,Android,Premium,0,Google Ads
2160,2024-08-29,Delhi,540400,Android,Budget,0,Organic
2161,2024-12-22,Bangalore,423332,Android,Budget,0,Referral
2162,2024-03-12,Bangalore,423005,Android,Premium,0,Organic
2163,2025-01-23,Chennai,519244,Android,Premium,1,Referral
2164,2024-12-27,Delhi,541565,Android,Budget,0,Google Ads
2165,2024-08-28,Mumbai,544822,Android,Regular,0,Organic
2166,2024-08-17,Delhi,463218,iOS,Budget,0,Instagram
2167,2024-11-11,Hyderabad,489045,iOS,Budget,0,Referral
2168,2024-01-03,Mumbai,409046,Android,Regular,0,Organic
2169,2024-02-10,Bangalore,420117,Android,Regular,0,Referral
2170,2024-01-10,Delhi,418668,Android,Regular,0,Google Ads
2171,2024-05-11,Pune,475058,iOS,Regular,0,Organic
2172,2024-04-20,Chennai,474206,Android,Regular,1,Organic
2173,2024-03-17,Pune,427303,Android,Regular,1,Organic
2174,2024-10-07,Chennai,542356,Android,Regular,1,Referral
2175,2025-01-07,Hyderabad,472535,iOS,Regular,0,Instagram
2176,2024-11-07,Pune,413441,Android,Budget,0,Instagram
2177,2024-09-27,Delhi,511002,Android,Regular,1,Instagram
2178,2024-08-04,Delhi,446502,Android,Regular,0,Google Ads
2179,2024-02-26,Pune,532342,Android,Regular,1,Organic
2180,2024-05-27,Delhi,407869,Android,Regular,0,Instagram
2181,2024-05-01,Hyderabad,477910,Android,Budget,0,Instagram
2182,2024-06-03,Mumbai,484524,Android,Regular,0,Organic
2183,2024-03-03,Hyderabad,415735,Android,Budget,0,Google Ads
2184,2024-01-25,Chennai,483601,Android,Premium,0,Referral
2185,2024-05-02,Hyderabad,408434,Android,Regular,0,Referral
2186,2024-08-02,Chennai,540184,Android,Budget,0,Referral
2187,2024-11-23,Delhi,503987,iOS,Regular,0,Organic
2188,2024-11-14,Mumbai,463754,Android,Premium,0,Google Ads
2189,2024-08-22,Delhi,513784,Android,Budget,0,Organic
2190,2024-02-02,Bangalore,421752,Android,Regular,0,Referral
2191,2024-02-26,Delhi,547526,Android,Regular,0,Instagram
2192,2024-09-12,Chennai,448571,Android,Regular,0,Instagram
2193,2024-11-01,Delhi,424504,iOS,Budget,0,Instagram
2194,2024-10-01,Delhi,533852,Android,Regular,1,Referral
2195,2024-01-09,Mumbai,486841,Android,Premium,0,Google Ads
2196,2024-11-19,Delhi,531828,Android,Premium,1,Referral
2197,2024-09-20,Mumbai,439264,Android,Regular,1,Organic
2198,2024-10-21,Pune,508492,iOS,Premium,0,Google Ads
2199,2024-05-03,Bangalore,455088,Android,Regular,0,Instagram
2200,2025-01-02,Mumbai,451483,Android,Regular,0,Google Ads
2201,2024-03-14,Chennai,522990,Android,Regular,0,Google Ads
2202,2024-05-29,Pune,548473,Android,Budget,1,Referral
2203,2024-08-07,Mumbai,440116,iOS,Regular,1,Google Ads
2204,2024-01-01,Mumbai,414250,iOS,Regular,0,Referral
2205,2024-11-10,Bangalore,510362,iOS,Premium,0,Organic
2206,2024-06-29,Chennai,424601,Android,Regular,1,Google Ads
2207,2024-05-03,Hyderabad,437707,Android,Regular,1,Google Ads
2208,2024-10-19,Hyderabad,419223,Android,Budget,0,Google Ads
2209,2024-08-01,Mumbai,499042,Android,Budget,0,Instagram
2210,2024-04-05,Delhi,504505,Android,Budget,0,Referral
2211,2024-12-06,Chennai,441140,Android,Regular,0,Referral
2212,2024-12-08,Pune,514920,iOS,Budget,1,Instagram
2213,2024-02-13,Delhi,441303,Android,Regular,1,Referral
2214,2024-09-25,Delhi,487839,Android,Budget,1,Organic
2215,2024-07-03,Chennai,539719,iOS,Regular,0,Instagram
2216,2024-02-04,Mumbai,544616,Android,Premium,1,Referral
2217,2024-09-26,Mumbai,553858,Android,Regular,0,Organic
2218,2024-10-05,Mumbai,478354,Android,Budget,0,Referral
2219,2024-09-16,Mumbai,488993,Android,Regular,0,Instagram
2220,2024-09-16,Hyderabad,451429,Android,Budget,0,Referral
2221,2024-10-10,Mumbai,423778,Android,Budget,0,Organic
2222,2024-01-11,Hyderabad,457940,Android,Budget,0,Organic
2223,2024-07-18,Hyderabad,486451,Android,Budget,0,Organic
2224,2024-08-28,Mumbai,423549,iOS,Budget,1,Referral
2225,2024-01-23,Bangalore,525550,Android,Budget,0,Instagram
2226,2024-11-21,Pune,537800,Android,Budget,0,Referral
2227,2024-07-17,Delhi,547765,Android,Regular,0,Google Ads
2228,2024-07-10,Hyderabad,431626,Android,Premium,1,Instagram
2229,2024-05-09,Chennai,424919,Android,Premium,0,Google Ads
2230,2025-01-17,Chennai,514827,Android,Budget,0,Referral
2231,2024-01-09,Pune,514882,Android,Regular,1,Instagram
2232,2024-07-01,Chennai,415578,Android,Premium,0,Google Ads
2233,2024-02-04,Bangalore,485156,iOS,Budget,0,Referral
2234,2024-06-25,Chennai,511777,Android,Premium,1,Instagram
2235,2024-05-03,Delhi,499247,Android,Regular,0,Organic
2236,2025-01-10,Delhi,558762,Android,Premium,1,Organic
2237,2024-12-02,Hyderabad,542227,Android,Premium,0,Organic
2238,2024-11-17,Mumbai,494949,Android,Regular,0,Google Ads
2239,2024-02-23,Bangalore,421342,Android,Regular,0,Google Ads
2240,2025-01-30,Hyderabad,497555,iOS,Budget,1,Referral
2241,2024-10-24,Bangalore,507799,Android,Budget,0,Organic
2242,2025-01-11,Mumbai,446331,Android,Regular,0,Google Ads
2243,2025-01-22,Chennai,487760,Android,Budget,0,Organic
2244,2024-06-19,Chennai,486808,iOS,Budget,0,Referral
2245,2024-03-09,Mumbai,433314,Android,Budget,1,Instagram
2246,2024-01-23,Hyderabad,446901,iOS,Premium,1,Google Ads
2247,2024-06-29,Mumbai,478841,Android,Budget,0,Google Ads
2248,2024-10-06,Pune,486073,Android,Budget,0,Instagram
2249,2024-06-22,Delhi,496368,Android,Regular,0,Google Ads
2250,2024-11-25,Hyderabad,449157,iOS,Regular,0,Referral
2251,2024-03-30,Bangalore,487454,Android,Budget,1,Google Ads
2252,2024-12-16,Pune,558902,Android,Premium,0,Google Ads
2253,2024-08-25,Hyderabad,425939,Android,Regular,0,Instagram
2254,2024-12-22,Mumbai,459165,iOS,Regular,0,Referral
2255,2024-09-02,Mumbai,460283,Android,Budget,0,Organic
2256,2024-11-19,Mumbai,447802,Android,Regular,0,Organic
2257,2024-04-03,Mumbai,540538,Android,Premium,1,Instagram
2258,2024-03-10,Bangalore,403327,iOS,Budget,0,Referral
2259,2024-02-02,Pune,534732,iOS,Budget,0,Instagram
2260,2025-01-01,Chennai,558667,Android,Budget,0,Instagram
2261,2024-08-22,Delhi,515820,Android,Premium,1,Organic
2262,2024-01-19,Bangalore,404764,Android,Budget,0,Referral
2263,2024-05-30,Bangalore,541901,iOS,Premium,0,Referral
2264,2024-04-13,Chennai,447589,Android,Budget,0,Instagram
2265,2024-01-23,Chennai,411222,Android,Regular,0,Organic
2266,2024-04-12,Delhi,542284,Android,Regular,1,Referral
2267,2024-01-22,Delhi,413570,iOS,Budget,0,Instagram
2268,2024-06-10,Chennai,437861,Android,Regular,0,Google Ads
2269,2024-06-07,Mumbai,445338,Android,Budget,0,Organic
2270,2024-09-20,Bangalore,544588,iOS,Budget,0,Referral
2271,2024-07-22,Hyderabad,471696,Android,Premium,0,Referral
2272,2024-10-05,Delhi,506750,Android,Budget,1,Referral
2273,2024-08-30,Delhi,555977,iOS,Regular,0,Organic
2274,2024-05-09,Chennai,443791,iOS,Budget,1,Instagram
2275,2024-01-19,Pune,468581,iOS,Budget,0,Google Ads
2276,2025-01-20,Hyderabad,405637,Android,Regular,1,Referral
2277,2024-11-27,Hyderabad,477130,Android,Regular,0,Organic
2278,2024-04-07,Delhi,533965,iOS,Budget,0,Referral
2279,2024-05-26,Mumbai,421673,Android,Regular,0,Instagram
2280,2024-07-01,Pune,405813,iOS,Budget,0,Google Ads
2281,2024-01-25,Hyderabad,400655,iOS,Premium,0,Referral
2282,2024-12-01,Delhi,454634,Android,Budget,1,Organic
2283,2024-06-18,Hyderabad,417144,iOS,Budget,1,Instagram
2284,2024-05-19,Pune,455935,iOS,Regular,0,Google Ads
2285,2024-03-04,Pune,467335,Android,Budget,0,Organic
2286,2024-07-07,Bangalore,503464,Android,Budget,0,Referral
2287,2024-08-11,Chennai,525852,Android,Budget,1,Organic
2288,2024-07-23,Chennai,429088,Android,Premium,0,Google Ads
2289,2025-01-15,Delhi,542691,Android,Premium,0,Instagram
2290,2024-08-13,Pune,408447,Android,Regular,1,Instagram
2291,2024-07-16,Bangalore,502128,iOS,Regular,0,Referral
2292,2024-06-22,Bangalore,448868,iOS,Regular,1,Referral
2293,2024-04-05,Hyderabad,460102,Android,Regular,0,Referral
2294,2024-09-11,Hyderabad,558273,Android,Budget,1,Referral
2295,2024-12-20,Bangalore,488075,Android,Premium,0,Google Ads
2296,2024-09-11,Hyderabad,518423,iOS,Budget,0,Referral
2297,2024-07-07,Pune,487893,Android,Budget,1,Organic
2298,2024-09-22,Mumbai,520045,Android,Premium,0,Google Ads
2299,2024-05-16,Pune,439149,iOS,Regular,0,Google Ads
2300,2024-02-12,Bangalore,482929,Android,Budget,0,Referral
2301,2025-01-07,Bangalore,551771,iOS,Budget,0,Google Ads
2302,2024-08-05,Pune,451661,iOS,Regular,1,Organic
2303,2024-02-10,Hyderabad,435451,iOS,Regular,0,Google Ads
2304,2024-08-08,Hyderabad,433758,Android,Regular,1,Google Ads
2305,2024-11-04,Chennai,478013,Android,Budget,0,Organic
2306,2024-04-02,Bangalore,506751,iOS,Premium,0,Organic
2307,2024-10-06,Delhi,527044,Android,Budget,1,Google Ads
2308,2024-05-30,Chennai,456117,Android,Regular,0,Instagram
2309,2024-06-13,Hyderabad,544234,Android,Regular,1,Google Ads
2310,2024-02-22,Pune,432153,Android,Budget,0,Organic
2311,2024-02-10,Hyderabad,506380,Android,Budget,0,Organic
2312,2024-06-16,Pune,420837,Android,Premium,0,Organic
2313,2024-12-04,Chennai,557404,Android,Premium,0,Instagram
2314,2024-05-31,Bangalore,541836,Android,Budget,0,Organic
2315,2024-06-05,Hyderabad,469445,Android,Premium,0,Referral
2316,2024-08-16,Pune,493110,Android,Budget,0,Referral
2317,2024-11-04,Bangalore,550260,Android,Regular,0,Instagram
2318,2025-01-02,Delhi,543030,Android,Budget,0,Organic
2319,2024-08-06,Pune,535452,Android,Premium,0,Organic
2320,2024-03-26,Chennai,559032,Android,Budget,0,Referral
2321,2024-12-19,Delhi,482019,Android,Regular,0,Referral
2322,2024-08-15,Delhi,523077,Android,Regular,0,Google Ads
2323,2024-06-28,Mumbai,558178,Android,Budget,0,Instagram
2324,2024-08-16,Hyderabad,531950,Android,Regular,0,Google Ads
2325,2024-01-22,Pune,483789,Android,Budget,0,Instagram
2326,2025-01-07,Delhi,496871,Android,Regular,1,Organic
2327,2024-06-29,Mumbai,483309,iOS,Budget,0,Organic
2328,2024-11-10,Chennai,457914,Android,Regular,0,Instagram
2329,2024-08-10,Bangalore,402638,iOS,Premium,1,Google Ads
2330,2024-05-20,Pune,442026,Android,Budget,0,Referral
2331,2024-11-23,Delhi,499509,Android,Budget,0,Instagram
2332,2024-01-30,Hyderabad,482465,Android,Regular,1,Instagram
2333,2024-02-08,Mumbai,428743,Android,Regular,0,Instagram
2334,2024-12-09,Delhi,411832,Android,Premium,1,Organic
2335,2024-11-22,Hyderabad,513769,Android,Budget,1,Instagram
2336,2024-07-26,Delhi,485093,Android,Budget,0,Organic
2337,2024-07-05,Pune,490880,Android,Premium,1,Referral
2338,2024-09-19,Pune,488371,iOS,Premium,1,Referral
2339,2025-01-18,Pune,526538,Android,Regular,0,Google Ads
2340,2024-12-13,Chennai,504825,iOS,Budget,1,Organic
2341,2024-03-22,Chennai,488742,Android,Budget,0,Referral
2342,2024-01-16,Mumbai,418831,Android,Budget,0,Referral
2343,2024-03-14,Pune,455045,Android,Premium,0,Google Ads
2344,2024-11-07,Hyderabad,473949,Android,Budget,0,Google Ads
2345,2024-12-13,Delhi,469203,Android,Regular,0,Google Ads
2346,2024-08-12,Bangalore,437046,Android,Regular,0,Organic
2347,2024-01-18,Hyderabad,507510,Android,Budget,0,Instagram
2348,2024-03-05,Chennai,557700,iOS,Budget,0,Organic
2349,2024-02-04,Chennai,415199,Android,Regular,0,Google Ads
2350,2024-04-30,Hyderabad,469522,iOS,Budget,0,Instagram
2351,2024-11-26,Chennai,506472,iOS,Budget,0,Referral
2352,2024-07-06,Pune,429476,iOS,Budget,1,Organic
2353,2024-07-04,Mumbai,419404,Android,Premium,0,Google Ads
2354,2024-07-15,Delhi,403682,Android,Premium,0,Google Ads
2355,2024-10-17,Mumbai,491556,Android,Regular,0,Instagram
2356,2024-01-17,Delhi,518885,Android,Regular,0,Organic
2357,2024-11-05,Delhi,493123,Android,Regular,0,Referral
2358,2024-03-19,Mumbai,515261,Android,Regular,1,Referral
2359,2024-12-13,Hyderabad,505387,Android,Premium,1,Instagram
2360,2024-08-18,Delhi,536702,Android,Regular,0,Instagram
2361,2024-07-08,Mumbai,493247,Android,Budget,0,Referral
2362,2024-07-09,Delhi,495865,Android,Premium,0,Instagram
2363,2024-08-15,Bangalore,408418,Android,Regular,0,Instagram
2364,2025-01-25,Hyderabad,518889,iOS,Budget,0,Organic
2365,2024-02-09,Pune,474500,Android,Premium,0,Instagram
2366,2024-10-20,Delhi,530909,Android,Budget,0,Google Ads
2367,2024-03-11,Bangalore,427676,iOS,Budget,0,Google Ads
2368,2024-09-28,Pune,411333,Android,Regular,1,Google Ads
2369,2024-07-06,Pune,419178,Android,Budget,0,Instagram
2370,2024-07-22,Delhi,530561,Android,Regular,1,Referral
2371,2024-06-09,Mumbai,457105,Android,Budget,0,Google Ads
2372,2024-11-28,Delhi,484336,Android,Budget,0,Organic
2373,2024-05-22,Bangalore,514939,Android,Regular,0,Instagram
2374,2024-05-07,Pune,480731,Android,Regular,1,Referral
2375,2024-02-28,Delhi,536024,Android,Budget,1,Referral
2376,2024-01-14,Mumbai,428334,iOS,Premium,0,Instagram
2377,2025-01-11,Delhi,421674,Android,Regular,0,Instagram
2378,2024-04-05,Hyderabad,514422,iOS,Budget,0,Organic
2379,2024-09-12,Mumbai,440871,Android,Budget,0,Instagram
2380,2024-09-22,Bangalore,527537,Android,Premium,0,Instagram
2381,2024-07-17,Pune,471102,Android,Regular,0,Referral
2382,2024-10-14,Delhi,422822,Android,Budget,0,Google Ads
2383,2024-03-01,Mumbai,425495,Android,Budget,0,Google Ads
2384,2024-05-14,Hyderabad,499478,iOS,Regular,0,Referral
2385,2025-01-31,Mumbai,526084,Android,Budget,0,Instagram
2386,2024-05-13,Chennai,512699,Android,Regular,0,Organic
2387,2024-12-26,Hyderabad,511561,Android,Premium,0,Google Ads
2388,2024-08-16,Bangalore,531908,iOS,Budget,1,Instagram
2389,2024-04-19,Pune,418647,Android,Premium,0,Google Ads
2390,2024-11-09,Bangalore,523778,Android,Premium,0,Referral
2391,2024-05-26,Delhi,477361,Android,Premium,0,Google Ads
2392,2024-12-21,Mumbai,437336,Android,Premium,1,Referral
2393,2024-09-08,Chennai,469352,iOS,Premium,0,Referral
2394,2024-04-12,Hyderabad,514935,iOS,Regular,1,Referral
2395,2024-03-03,Hyderabad,533502,Android,Regular,0,Organic
2396,2024-03-10,Mumbai,441951,Android,Regular,0,Instagram
2397,2024-02-07,Chennai,460655,iOS,Premium,0,Referral
2398,2024-08-19,Mumbai,507423,Android,Budget,0,Referral
2399,2024-03-29,Delhi,509935,iOS,Budget,0,Google Ads
2400,2024-12-31,Bangalore,519976,Android,Budget,0,Instagram
2401,2024-08-15,Hyderabad,491187,Android,Premium,0,Organic
2402,2024-02-14,Delhi,504235,Android,Regular,0,Organic
2403,2024-12-15,Bangalore,502327,Android,Regular,0,Google Ads
2404,2024-06-12,Delhi,477528,iOS,Budget,0,Organic
2405,2024-12-07,Chennai,486705,Android,Regular,0,Google Ads
2406,2024-06-26,Hyderabad,496953,Android,Budget,0,Instagram
2407,2024-12-29,Mumbai,460783,Android,Regular,0,Google Ads
2408,2024-02-03,Mumbai,471117,Android,Budget,0,Google Ads
2409,2024-10-08,Bangalore,489627,Android,Premium,0,Referral
2410,2024-10-04,Pune,546896,iOS,Regular,0,Organic
2411,2024-05-28,Chennai,446016,Android,Regular,0,Instagram
2412,2024-06-02,Bangalore,502878,iOS,Regular,0,Instagram
2413,2024-03-21,Pune,415340,Android,Regular,0,Referral
2414,2024-12-30,Delhi,534564,Android,Budget,1,Google Ads
2415,2024-12-29,Chennai,531779,iOS,Regular,0,Instagram
2416,2024-12-24,Delhi,497494,Android,Premium,0,Instagram
2417,2024-11-22,Hyderabad,546801,Android,Regular,1,Google Ads
2418,2024-03-30,Chennai,538070,Android,Regular,0,Google Ads
2419,2024-07-04,Pune,529527,Android,Premium,1,Instagram
2420,2024-09-17,Hyderabad,521649,Android,Premium,0,Google Ads
2421,2024-04-24,Mumbai,425164,Android,Regular,0,Organic
2422,2024-03-03,Pune,548791,Android,Regular,0,Instagram
2423,2024-04-12,Bangalore,487509,Android,Premium,1,Google Ads
2424,2024-03-12,Mumbai,439620,Android,Premium,0,Instagram
2425,2024-05-01,Mumbai,412127,iOS,Premium,0,Instagram
2426,2024-09-09,Bangalore,464927,Android,Regular,0,Referral
2427,2024-01-14,Chennai,440634,Android,Budget,0,Organic
2428,2024-07-03,Mumbai,403318,Android,Budget,0,Organic
2429,2024-10-10,Pune,444981,Android,Budget,0,Referral
2430,2024-10-20,Hyderabad,444116,Android,Premium,0,Referral
2431,2024-07-07,Mumbai,443159,Android,Premium,0,Instagram
2432,2024-08-27,Pune,505365,Android,Regular,1,Organic
2433,2024-10-09,Delhi,415505,Android,Regular,0,Referral
2434,2024-03-07,Pune,557733,Android,Budget,1,Google Ads
2435,2024-11-09,Hyderabad,437197,iOS,Regular,0,Instagram
2436,2024-02-14,Pune,465939,Android,Regular,0,Organic
2437,2024-02-03,Bangalore,539678,Android,Regular,0,Instagram
2438,2024-06-07,Hyderabad,457389,Android,Budget,0,Instagram
2439,2024-07-22,Chennai,455502,Android,Regular,0,Google Ads
2440,2025-01-02,Delhi,427044,iOS,Budget,1,Google Ads
2441,2025-01-03,Bangalore,433636,iOS,Premium,0,Referral
2442,2024-09-02,Chennai,480692,Android,Budget,0,Google Ads
2443,2024-09-26,Pune,433133,Android,Premium,0,Organic
2444,2024-07-29,Hyderabad,415367,Android,Budget,0,Referral
2445,2025-01-28,Delhi,493945,iOS,Budget,0,Organic
2446,2024-07-28,Bangalore,515268,iOS,Regular,1,Organic
2447,2024-10-21,Chennai,439237,Android,Regular,0,Referral
2448,2024-02-07,Chennai,404151,Android,Regular,0,Google Ads
2449,2024-03-05,Delhi,511370,Android,Budget,0,Instagram
2450,2024-06-11,Pune,419424,Android,Budget,0,Google Ads
2451,2024-11-24,Delhi,404138,Android,Regular,1,Organic
2452,2024-02-07,Chennai,429993,Android,Budget,0,Organic
2453,2024-08-18,Mumbai,510541,Android,Budget,0,Referral
2454,2024-08-26,Bangalore,515141,Android,Regular,1,Organic
2455,2024-12-14,Delhi,521226,Android,Budget,0,Referral
2456,2024-09-21,Chennai,466918,Android,Budget,0,Referral
2457,2024-06-25,Pune,473691,Android,Budget,0,Google Ads
2458,2024-03-06,Chennai,434236,Android,Premium,0,Organic
2459,2024-10-09,Pune,419123,iOS,Budget,0,Google Ads
2460,2024-11-23,Delhi,423957,iOS,Premium,0,Instagram
2461,2024-10-27,Pune,463880,Android,Budget,1,Google Ads
2462,2024-04-03,Hyderabad,458561,Android,Regular,0,Organic
2463,2025-01-28,Hyderabad,510311,Android,Budget,0,Instagram
2464,2024-03-07,Hyderabad,555733,Android,Regular,0,Organic
2465,2024-08-09,Mumbai,401169,Android,Premium,0,Instagram
2466,2024-09-14,Delhi,445125,iOS,Premium,0,Organic
2467,2024-01-29,Chennai,546105,Android,Regular,1,Google Ads
2468,2024-03-04,Chennai,452798,iOS,Premium,0,Organic
2469,2024-09-22,Mumbai,435295,iOS,Budget,0,Referral
2470,2024-03-19,Pune,403517,iOS,Regular,0,Referral
2471,2024-06-04,Mumbai,550824,Android,Regular,1,Google Ads
2472,2024-03-25,Pune,430374,Android,Premium,0,Google Ads
2473,2024-03-23,Pune,522027,Android,Budget,0,Instagram
2474,2024-06-14,Bangalore,430271,Android,Premium,0,Google Ads
2475,2024-12-29,Chennai,541459,Android,Regular,1,Referral
2476,2024-04-25,Hyderabad,465185,Android,Regular,1,Google Ads
2477,2024-06-26,Pune,437880,Android,Budget,1,Referral
2478,2024-09-22,Bangalore,449598,iOS,Regular,1,Google Ads
2479,2024-05-25,Chennai,403627,Android,Regular,0,Referral
2480,2024-02-10,Hyderabad,485937,Android,Regular,0,Instagram
2481,2024-05-08,Pune,481516,iOS,Premium,0,Organic
2482,2024-04-10,Pune,455391,Android,Regular,0,Organic
2483,2024-11-21,Mumbai,547718,Android,Regular,0,Referral
2484,2024-10-09,Mumbai,454145,iOS,Premium,1,Google Ads
2485,2024-05-20,Chennai,544455,iOS,Regular,0,Google Ads
2486,2024-03-05,Hyderabad,404026,Android,Regular,0,Organic
2487,2024-11-16,Pune,479381,iOS,Budget,1,Referral
2488,2024-06-04,Chennai,518911,Android,Budget,0,Google Ads
2489,2024-11-10,Chennai,496056,iOS,Regular,0,Organic
2490,2024-09-30,Delhi,526190,iOS,Premium,0,Referral
2491,2024-02-17,Mumbai,534516,Android,Budget,0,Instagram
2492,2024-09-14,Hyderabad,421396,Android,Budget,1,Google Ads
2493,2024-11-24,Pune,410726,Android,Regular,0,Google Ads
2494,2024-03-27,Chennai,433462,Android,Budget,1,Referral
2495,2024-10-30,Pune,441116,iOS,Regular,0,Organic
2496,2024-10-24,Delhi,510085,Android,Regular,0,Referral
2497,2024-03-19,Hyderabad,483733,Android,Budget,0,Organic
2498,2024-03-28,Chennai,479558,iOS,Premium,0,Referral
2499,2024-12-03,Pune,471261,iOS,Regular,0,Instagram
2500,2024-11-15,Mumbai,559763,iOS,Regular,0,Google Ads
2501,2025-01-03,Delhi,401408,Android,Budget,0,Organic
2502,2024-11-05,Hyderabad,473569,Android,Regular,0,Instagram
2503,2024-06-21,Delhi,458561,Android,Premium,0,Referral
2504,2024-10-15,Mumbai,548867,Android,Budget,0,Organic
2505,2024-01-22,Hyderabad,550954,Android,Budget,0,Organic
2506,2024-01-15,Delhi,491289,Android,Budget,0,Instagram
2507,2024-02-11,Bangalore,519021,Android,Budget,1,Referral
2508,2024-01-24,Mumbai,499302,iOS,Budget,1,Instagram
2509,2024-11-24,Mumbai,414391,Android,Budget,1,Referral
2510,2025-01-29,Mumbai,427308,Android,Premium,1,Instagram
2511,2024-10-22,Bangalore,424503,Android,Regular,0,Instagram
2512,2024-05-15,Bangalore,422487,Android,Budget,0,Instagram
2513,2024-11-29,Pune,511814,Android,Regular,1,Instagram
2514,2024-04-17,Chennai,503921,iOS,Budget,0,Referral
2515,2025-01-27,Delhi,482769,Android,Regular,0,Google Ads
2516,2024-10-19,Pune,541821,Android,Budget,1,Instagram
2517,2024-08-01,Delhi,462786,Android,Budget,0,Referral
2518,2024-11-12,Chennai,476051,Android,Premium,0,Google Ads
2519,2024-11-23,Bangalore,422739,Android,Budget,0,Organic
2520,2024-01-16,Chennai,474232,Android,Premium,0,Organic
2521,2024-09-11,Bangalore,473607,Android,Regular,1,Instagram
2522,2024-11-17,Chennai,441663,iOS,Budget,0,Organic
2523,2024-10-06,Pune,518314,Android,Regular,1,Instagram
2524,2024-05-28,Hyderabad,415124,Android,Regular,1,Instagram
2525,2024-11-24,Pune,556689,iOS,Budget,0,Google Ads
2526,2024-06-03,Delhi,411183,Android,Budget,0,Organic
2527,2024-09-04,Pune,490370,iOS,Budget,0,Instagram
2528,2024-05-05,Mumbai,426129,Android,Premium,1,Organic
2529,2024-12-16,Delhi,431557,Android,Regular,0,Google Ads
2530,2024-07-26,Chennai,552949,Android,Budget,1,Organic
2531,2024-06-01,Delhi,540022,Android,Premium,0,Google Ads
2532,2024-08-20,Hyderabad,451963,Android,Budget,0,Google Ads
2533,2024-02-07,Bangalore,490055,Android,Budget,1,Google Ads
2534,2024-12-18,Chennai,424100,Android,Budget,0,Instagram
2535,2024-01-31,Delhi,543789,Android,Regular,0,Referral
2536,2024-03-21,Chennai,453145,iOS,Budget,0,Instagram
2537,2024-08-13,Chennai,407838,iOS,Regular,1,Organic
2538,2024-07-31,Chennai,550232,Android,Premium,1,Instagram
2539,2024-09-04,Bangalore,525213,iOS,Budget,1,Instagram
2540,2024-08-25,Pune,516681,iOS,Budget,0,Referral
2541,2024-04-14,Chennai,506803,Android,Budget,0,Organic
2542,2024-06-23,Mumbai,502414,Android,Regular,0,Google Ads
2543,2024-11-06,Hyderabad,451013,iOS,Premium,0,Google Ads
2544,2024-03-14,Bangalore,530194,Android,Budget,0,Organic
2545,2024-06-09,Delhi,548179,Android,Budget,0,Instagram
2546,2025-01-02,Bangalore,458124,Android,Budget,0,Referral
2547,2024-06-12,Delhi,511826,Android,Budget,1,Referral
2548,2025-01-10,Bangalore,408721,iOS,Regular,1,Organic
2549,2024-06-25,Delhi,552193,Android,Budget,1,Organic
2550,2024-07-23,Chennai,550863,iOS,Budget,0,Instagram
2551,2024-03-07,Pune,458656,iOS,Regular,0,Referral
2552,2025-01-24,Delhi,493449,Android,Budget,0,Organic
2553,2024-07-08,Delhi,520508,Android,Regular,0,Instagram
2554,2024-09-20,Mumbai,434813,Android,Budget,0,Instagram
2555,2024-10-14,Delhi,449571,Android,Premium,1,Organic
2556,2024-02-24,Mumbai,450902,Android,Budget,0,Referral
2557,2024-06-12,Hyderabad,460187,iOS,Premium,0,Google Ads
2558,2024-05-03,Chennai,522067,Android,Budget,0,Instagram
2559,2024-08-26,Mumbai,528365,Android,Regular,0,Google Ads
2560,2024-03-03,Pune,436161,Android,Budget,0,Instagram
2561,2024-05-16,Chennai,419157,iOS,Regular,0,Referral
2562,2024-08-18,Mumbai,476209,Android,Budget,0,Google Ads
2563,2024-05-06,Chennai,549002,iOS,Regular,0,Organic
2564,2024-03-13,Chennai,495378,Android,Regular,0,Instagram
2565,2024-02-19,Chennai,442864,Android,Regular,0,Organic
2566,2024-01-26,Hyderabad,465440,Android,Regular,0,Organic
2567,2024-05-28,Pune,538267,Android,Budget,0,Referral
2568,2024-07-15,Bangalore,521362,Android,Budget,1,Organic
2569,2024-11-11,Bangalore,496177,Android,Regular,0,Instagram
2570,2024-08-02,Mumbai,429778,Android,Budget,0,Organic
2571,2024-05-07,Chennai,557256,Android,Budget,1,Organic
2572,2024-03-22,Mumbai,558518,Android,Budget,0,Instagram
2573,2024-06-16,Hyderabad,487202,iOS,Budget,1,Organic
2574,2024-10-22,Hyderabad,547271,Android,Regular,1,Referral
2575,2025-01-04,Delhi,552484,Android,Regular,0,Instagram
2576,2024-06-09,Hyderabad,415868,iOS,Premium,1,Referral
2577,2024-04-07,Delhi,462502,iOS,Budget,0,Organic
2578,2025-01-25,Pune,545339,iOS,Premium,0,Google Ads
2579,2024-03-22,Mumbai,439423,Android,Regular,1,Referral
2580,2024-09-12,Pune,521545,iOS,Premium,1,Referral
2581,2024-09-20,Hyderabad,538440,Android,Premium,0,Organic
2582,2024-08-27,Pune,435363,Android,Regular,0,Google Ads
2583,2024-09-12,Pune,451589,iOS,Budget,0,Instagram
2584,2024-06-06,Pune,526684,Android,Budget,0,Google Ads
2585,2024-09-11,Hyderabad,436308,Android,Budget,0,Instagram
2586,2024-01-12,Chennai,480281,Android,Premium,1,Organic
2587,2024-02-16,Pune,550940,iOS,Premium,0,Google Ads
2588,2024-07-20,Delhi,456524,Android,Regular,0,Organic
2589,2024-09-15,Hyderabad,537451,Android,Premium,0,Referral
2590,2024-08-22,Pune,507670,Android,Premium,0,Google Ads
2591,2024-05-03,Chennai,558999,Android,Regular,0,Instagram
2592,2024-04-20,Hyderabad,503216,iOS,Regular,0,Referral
2593,2024-10-25,Bangalore,498708,Android,Regular,1,Instagram
2594,2024-06-29,Chennai,544253,Android,Regular,0,Referral
2595,2024-01-25,Delhi,492838,iOS,Budget,0,Instagram
2596,2024-01-26,Pune,518071,Android,Regular,1,Instagram
2597,2024-05-24,Bangalore,555087,Android,Regular,0,Organic
2598,2024-09-10,Bangalore,479873,iOS,Regular,0,Referral
2599,2024-11-01,Hyderabad,487737,Android,Premium,1,Organic
2600,2024-11-30,Bangalore,405471,Android,Budget,0,Organic
2601,2024-12-10,Delhi,546026,Android,Budget,0,Organic
2602,2024-08-28,Delhi,492970,iOS,Premium,1,Organic
2603,2024-05-26,Mumbai,491494,iOS,Regular,1,Instagram
2604,2024-10-01,Delhi,406524,iOS,Budget,0,Organic
2605,2024-01-05,Chennai,431170,iOS,Regular,0,Organic
2606,2024-02-25,Bangalore,445642,iOS,Regular,0,Organic
2607,2024-08-08,Delhi,554063,iOS,Premium,0,Instagram
2608,2024-03-09,Hyderabad,429662,Android,Regular,0,Referral
2609,2024-05-15,Mumbai,544492,Android,Budget,1,Instagram
2610,2025-01-07,Bangalore,414458,Android,Regular,0,Instagram
2611,2024-07-06,Mumbai,467601,Android,Premium,0,Instagram
2612,2025-01-26,Bangalore,503620,Android,Regular,0,Referral
2613,2024-07-25,Hyderabad,476103,Android,Premium,1,Organic
2614,2024-07-06,Mumbai,433086,Android,Budget,0,Organic
2615,2024-01-24,Pune,497065,Android,Premium,0,Referral
2616,2024-07-24,Chennai,537203,iOS,Regular,1,Referral
2617,2024-01-27,Chennai,505724,iOS,Regular,0,Google Ads
2618,2024-10-18,Bangalore,533115,iOS,Budget,0,Organic
2619,2024-10-14,Pune,470135,iOS,Premium,0,Instagram
2620,2024-04-09,Mumbai,442983,Android,Regular,1,Instagram
2621,2024-07-04,Pune,465186,Android,Premium,1,Organic
2622,2024-10-10,Pune,433478,Android,Budget,0,Referral
2623,2024-05-27,Mumbai,514162,Android,Budget,0,Google Ads
2624,2024-02-07,Hyderabad,452710,Android,Budget,0,Instagram
2625,2024-07-16,Pune,559789,Android,Regular,0,Google Ads
2626,2024-09-15,Pune,478138,Android,Regular,1,Instagram
2627,2024-08-18,Hyderabad,436019,Android,Regular,0,Instagram
2628,2025-01-26,Pune,539134,iOS,Regular,1,Organic
2629,2024-10-08,Pune,539682,Android,Premium,0,Instagram
2630,2024-05-23,Pune,435372,Android,Budget,1,Google Ads
2631,2024-11-15,Chennai,483022,Android,Budget,1,Google Ads
2632,2024-12-14,Delhi,551878,Android,Premium,0,Organic
2633,2024-11-08,Hyderabad,407858,Android,Regular,0,Instagram
2634,2024-03-01,Pune,542693,Android,Regular,0,Google Ads
2635,2024-03-06,Chennai,408178,Android,Regular,1,Referral
2636,2024-02-19,Hyderabad,488579,iOS,Regular,0,Organic
2637,2024-07-20,Bangalore,489942,Android,Budget,1,Referral
2638,2024-07-10,Bangalore,411827,iOS,Regular,0,Google Ads
2639,2024-06-22,Pune,544963,iOS,Premium,0,Referral
2640,2024-10-12,Chennai,482429,Android,Regular,0,Organic
2641,2024-07-06,Chennai,526045,Android,Budget,1,Referral
2642,2025-01-21,Hyderabad,475021,Android,Regular,0,Google Ads
2643,2024-03-14,Hyderabad,405496,Android,Budget,0,Referral
2644,2024-04-11,Chennai,428482,Android,Budget,1,Referral
2645,2024-11-04,Hyderabad,542340,Android,Premium,1,Referral
2646,2024-09-17,Chennai,517898,Android,Budget,1,Instagram
2647,2024-07-24,Delhi,537816,iOS,Premium,0,Google Ads
2648,2024-09-13,Chennai,503476,iOS,Regular,0,Referral
2649,2024-01-21,Bangalore,457043,iOS,Regular,0,Google Ads
2650,2024-01-24,Hyderabad,449477,Android,Regular,1,Referral
2651,2024-01-20,Chennai,428553,iOS,Budget,0,Organic
2652,2024-03-11,Chennai,560021,Android,Regular,0,Organic
2653,2024-12-31,Hyderabad,469094,Android,Premium,1,Organic
2654,2024-06-19,Delhi,469124,iOS,Regular,0,Referral
2655,2024-08-30,Delhi,416536,Android,Regular,0,Google Ads
2656,2024-09-22,Hyderabad,466491,Android,Premium,0,Organic
2657,2024-08-21,Mumbai,446563,Android,Budget,0,Instagram
2658,2024-03-17,Hyderabad,519043,Android,Budget,0,Organic
2659,2024-11-06,Hyderabad,489081,Android,Budget,1,Organic
2660,2024-09-20,Delhi,441270,Android,Regular,1,Instagram
2661,2024-03-12,Delhi,480675,Android,Premium,0,Organic
2662,2024-06-16,Hyderabad,442463,Android,Regular,0,Referral
2663,2024-11-09,Hyderabad,534200,iOS,Premium,0,Referral
2664,2024-06-12,Hyderabad,423148,Android,Regular,1,Organic
2665,2024-03-24,Delhi,477096,Android,Budget,0,Google Ads
2666,2024-07-20,Hyderabad,490926,iOS,Budget,1,Google Ads
2667,2024-11-11,Hyderabad,466382,Android,Premium,1,Organic
2668,2025-01-13,Pune,499469,Android,Budget,0,Instagram
2669,2024-06-02,Mumbai,463750,Android,Regular,0,Referral
2670,2024-10-30,Bangalore,413732,Android,Budget,0,Referral
2671,2024-06-21,Mumbai,524648,Android,Budget,0,Referral
2672,2024-09-16,Pune,451025,Android,Regular,0,Organic
2673,2024-09-17,Bangalore,516713,Android,Budget,0,Referral
2674,2024-09-29,Hyderabad,501122,Android,Premium,0,Organic
2675,2024-09-07,Pune,403833,Android,Regular,0,Organic
2676,2024-12-28,Hyderabad,432333,iOS,Regular,0,Google Ads
2677,2024-10-15,Delhi,412468,Android,Regular,0,Instagram
2678,2024-06-02,Chennai,441026,iOS,Regular,0,Instagram
2679,2024-08-31,Pune,544180,iOS,Premium,1,Instagram
2680,2024-01-09,Delhi,477995,Android,Budget,1,Referral
2681,2024-07-07,Pune,494203,Android,Budget,0,Google Ads
2682,2024-06-18,Pune,443482,iOS,Budget,0,Google Ads
2683,2024-12-10,Delhi,533654,iOS,Premium,0,Organic
2684,2024-02-26,Bangalore,475119,Android,Premium,0,Google Ads
2685,2024-08-01,Mumbai,524011,iOS,Budget,0,Organic
2686,2024-10-25,Hyderabad,523715,Android,Regular,1,Google Ads
2687,2024-06-06,Pune,539491,Android,Budget,0,Organic
2688,2025-01-06,Hyderabad,484364,Android,Budget,0,Referral
2689,2024-12-18,Chennai,523608,Android,Regular,1,Google Ads
2690,2024-11-18,Delhi,463045,Android,Budget,0,Instagram
2691,2024-01-14,Hyderabad,411815,Android,Regular,0,Organic
2692,2024-11-01,Delhi,499341,Android,Regular,1,Google Ads
2693,2024-08-30,Hyderabad,410025,Android,Regular,0,Google Ads
2694,2024-05-15,Mumbai,509237,iOS,Regular,0,Organic
2695,2024-12-01,Mumbai,457837,iOS,Regular,1,Google Ads
2696,2024-10-23,Mumbai,407436,Android,Regular,1,Instagram
2697,2024-10-22,Mumbai,470602,Android,Budget,1,Organic
2698,2024-04-26,Mumbai,520872,Android,Regular,1,Organic
2699,2025-01-04,Mumbai,534480,Android,Budget,0,Organic
2700,2024-01-27,Delhi,498944,Android,Budget,1,Organic
2701,2024-10-25,Pune,432941,Android,Regular,1,Organic
2702,2024-09-02,Hyderabad,405667,iOS,Premium,1,Instagram
2703,2024-03-28,Mumbai,437123,iOS,Budget,1,Organic
2704,2024-09-25,Delhi,518648,Android,Budget,0,Instagram
2705,2024-11-18,Delhi,556165,Android,Budget,1,Instagram
2706,2025-01-04,Delhi,529754,Android,Budget,0,Instagram
2707,2024-11-13,Pune,523403,Android,Regular,0,Organic
2708,2025-01-31,Hyderabad,501191,Android,Budget,0,Instagram
2709,2024-07-13,Pune,500469,Android,Premium,1,Organic
2710,2024-03-16,Bangalore,529208,Android,Regular,0,Instagram
2711,2024-12-14,Delhi,426506,iOS,Regular,1,Organic
2712,2024-05-04,Bangalore,436714,Android,Regular,0,Google Ads
2713,2024-01-17,Chennai,443170,iOS,Budget,0,Google Ads
2714,2024-10-20,Mumbai,477512,iOS,Budget,0,Instagram
2715,2024-12-24,Mumbai,440523,iOS,Regular,0,Referral
2716,2024-02-26,Pune,499398,Android,Budget,1,Referral
2717,2024-04-07,Hyderabad,403881,Android,Regular,0,Google Ads
2718,2024-01-10,Bangalore,443540,Android,Budget,0,Instagram
2719,2024-08-13,Hyderabad,414800,Android,Budget,0,Instagram
2720,2024-06-09,Pune,504844,Android,Budget,0,Instagram
2721,2024-08-02,Mumbai,448785,Android,Budget,0,Referral
2722,2024-03-18,Hyderabad,513035,Android,Premium,0,Google Ads
2723,2024-07-30,Hyderabad,454363,Android,Budget,0,Instagram
2724,2024-12-19,Mumbai,453998,iOS,Premium,0,Google Ads
2725,2024-04-14,Bangalore,550146,Android,Regular,0,Google Ads
2726,2024-07-29,Mumbai,502400,Android,Premium,1,Organic
2727,2024-09-13,Hyderabad,414550,Android,Regular,1,Referral
2728,2025-01-31,Bangalore,456921,iOS,Premium,0,Google Ads
2729,2024-11-09,Bangalore,551389,Android,Budget,0,Organic
2730,2024-08-29,Mumbai,557256,Android,Regular,0,Referral
2731,2025-01-11,Hyderabad,493861,Android,Budget,0,Instagram
2732,2025-01-07,Pune,424625,Android,Regular,0,Instagram
2733,2024-02-01,Hyderabad,446706,Android,Regular,0,Organic
2734,2024-12-27,Delhi,489327,Android,Regular,0,Instagram
2735,2024-03-11,Chennai,557829,Android,Budget,1,Organic
2736,2024-09-22,Pune,460391,Android,Budget,1,Organic
2737,2024-04-16,Bangalore,468370,Android,Regular,0,Instagram
2738,2024-10-14,Pune,409590,iOS,Regular,0,Referral
2739,2024-06-15,Bangalore,513013,iOS,Budget,0,Organic
2740,2024-12-05,Bangalore,545189,Android,Premium,0,Referral
2741,2024-09-01,Pune,473182,Android,Premium,0,Referral
2742,2024-09-26,Bangalore,523712,Android,Premium,1,Organic
2743,2024-07-11,Bangalore,476426,Android,Premium,1,Referral
2744,2024-06-09,Delhi,415995,Android,Budget,0,Organic
2745,2024-03-29,Hyderabad,511916,Android,Premium,1,Instagram
2746,2024-08-23,Hyderabad,522962,Android,Regular,0,Instagram
2747,2024-09-29,Chennai,504673,Android,Budget,0,Instagram
2748,2024-06-24,Chennai,426640,Android,Premium,0,Instagram
2749,2024-10-06,Delhi,417206,Android,Budget,0,Instagram
2750,2024-06-30,Chennai,456678,Android,Regular,1,Referral
2751,2024-12-12,Pune,432931,Android,Budget,1,Referral
2752,2025-01-30,Mumbai,473314,Android,Regular,0,Referral
2753,2025-01-04,Mumbai,513154,Android,Regular,1,Google Ads
2754,2024-12-14,Mumbai,418317,Android,Regular,1,Google Ads
2755,2024-11-25,Delhi,558377,Android,Budget,0,Organic
2756,2024-12-20,Delhi,496059,Android,Regular,0,Google Ads
2757,2024-05-15,Bangalore,487877,Android,Regular,1,Instagram
2758,2024-11-08,Mumbai,485367,Android,Budget,1,Instagram
2759,2024-09-04,Pune,413404,Android,Premium,0,Instagram
2760,2024-04-08,Chennai,480053,Android,Regular,0,Organic
2761,2024-05-06,Pune,473496,Android,Premium,0,Organic
2762,2024-05-22,Chennai,496091,iOS,Budget,1,Organic
2763,2024-10-12,Mumbai,436702,iOS,Budget,1,Organic
2764,2024-06-01,Mumbai,534458,Android,Budget,0,Referral
2765,2024-04-25,Mumbai,457242,iOS,Regular,0,Organic
2766,2024-06-01,Delhi,541440,Android,Budget,1,Organic
2767,2025-01-29,Chennai,465031,Android,Regular,0,Google Ads
2768,2024-05-27,Delhi,556636,Android,Budget,1,Referral
2769,2024-12-26,Delhi,505186,iOS,Budget,0,Instagram
2770,2024-04-16,Hyderabad,436405,Android,Regular,0,Google Ads
2771,2024-12-19,Pune,455183,iOS,Premium,0,Organic
2772,2024-12-26,Pune,432992,Android,Budget,0,Instagram
2773,2024-09-07,Bangalore,504602,Android,Regular,1,Instagram
2774,2024-06-11,Delhi,465887,Android,Regular,1,Instagram
2775,2024-09-02,Chennai,522003,Android,Regular,1,Google Ads
2776,2024-06-27,Hyderabad,483849,Android,Premium,0,Referral
2777,2024-10-13,Hyderabad,555200,Android,Premium,0,Referral
2778,2025-01-04,Pune,457693,Android,Budget,0,Instagram
2779,2024-05-20,Delhi,437501,Android,Regular,1,Organic
2780,2024-05-27,Bangalore,433786,Android,Regular,0,Referral
2781,2024-03-03,Delhi,484147,iOS,Regular,1,Referral
2782,2024-10-20,Mumbai,447998,Android,Budget,1,Organic
2783,2024-12-12,Delhi,407171,Android,Premium,0,Google Ads
2784,2024-10-05,Mumbai,544376,Android,Regular,1,Google Ads
2785,2024-07-13,Mumbai,471744,Android,Budget,1,Organic
2786,2024-07-21,Bangalore,435188,iOS,Budget,1,Google Ads
2787,2024-06-25,Chennai,532966,iOS,Premium,0,Instagram
2788,2025-01-30,Pune,544826,Android,Budget,1,Referral
2789,2024-03-15,Delhi,438091,Android,Regular,0,Google Ads
2790,2024-05-28,Mumbai,459413,iOS,Budget,0,Instagram
2791,2024-01-22,Delhi,456031,iOS,Budget,0,Instagram
2792,2024-05-27,Chennai,417510,iOS,Budget,0,Instagram
2793,2024-12-31,Pune,468654,iOS,Budget,1,Instagram
2794,2024-02-10,Chennai,529627,Android,Budget,0,Instagram
2795,2024-06-26,Pune,404043,Android,Regular,0,Organic
2796,2024-08-14,Hyderabad,437202,Android,Regular,0,Referral
2797,2024-12-01,Pune,414017,Android,Budget,1,Referral
2798,2024-05-11,Bangalore,425023,Android,Regular,1,Organic
2799,2025-01-17,Chennai,427939,Android,Regular,0,Organic
2800,2024-09-02,Mumbai,518172,Android,Regular,1,Instagram
2801,2024-04-19,Hyderabad,461721,Android,Regular,0,Google Ads
2802,2024-04-13,Bangalore,505515,Android,Regular,0,Referral
2803,2024-10-02,Delhi,533059,Android,Premium,1,Google Ads
2804,2024-05-18,Chennai,476479,Android,Regular,1,Referral
2805,2024-10-14,Mumbai,543234,iOS,Budget,1,Instagram
2806,2024-12-22,Pune,551762,iOS,Regular,0,Google Ads
2807,2024-05-19,Mumbai,527102,Android,Budget,0,Referral
2808,2024-03-11,Delhi,494700,Android,Budget,0,Referral
2809,2024-02-25,Hyderabad,499274,Android,Regular,0,Instagram
2810,2024-11-11,Hyderabad,463746,Android,Regular,0,Google Ads
2811,2025-01-14,Chennai,532284,Android,Budget,0,Instagram
2812,2024-10-27,Hyderabad,531302,Android,Premium,0,Google Ads
2813,2024-05-02,Chennai,518973,iOS,Budget,0,Google Ads
2814,2024-05-04,Chennai,545418,Android,Budget,0,Referral
2815,2024-01-26,Chennai,501490,Android,Premium,1,Organic
2816,2024-12-08,Pune,431820,Android,Regular,0,Google Ads
2817,2024-09-28,Bangalore,447780,Android,Premium,1,Google Ads
2818,2024-04-25,Chennai,492245,Android,Premium,0,Instagram
2819,2024-11-22,Chennai,465585,iOS,Premium,0,Google Ads
2820,2024-04-29,Bangalore,551023,Android,Budget,0,Google Ads
2821,2024-01-27,Mumbai,546246,Android,Budget,0,Google Ads
2822,2024-02-21,Chennai,458033,Android,Regular,0,Google Ads
2823,2024-07-30,Pune,515075,Android,Regular,1,Google Ads
2824,2024-06-18,Hyderabad,499274,Android,Regular,0,Organic
2825,2025-01-02,Hyderabad,428037,Android,Budget,0,Referral
2826,2024-08-29,Delhi,471357,Android,Budget,0,Google Ads
2827,2024-02-21,Delhi,545365,Android,Regular,1,Instagram
2828,2024-12-14,Hyderabad,403053,iOS,Budget,0,Instagram
2829,2025-01-29,Hyderabad,444378,Android,Budget,1,Google Ads
2830,2024-03-11,Pune,467820,Android,Budget,0,Google Ads
2831,2024-01-03,Bangalore,513690,Android,Budget,0,Google Ads
2832,2024-10-08,Delhi,546693,Android,Regular,0,Organic
2833,2024-03-21,Bangalore,430462,Android,Regular,1,Referral
2834,2024-07-27,Pune,420751,Android,Budget,1,Instagram
2835,2024-11-30,Hyderabad,409473,Android,Budget,0,Organic
2836,2024-08-31,Chennai,469264,Android,Regular,0,Organic
2837,2024-09-01,Bangalore,512037,Android,Budget,0,Google Ads
2838,2024-11-29,Hyderabad,425524,Android,Premium,0,Referral
2839,2024-04-12,Hyderabad,503263,Android,Regular,0,Google Ads
2840,2025-01-22,Mumbai,466061,Android,Premium,1,Instagram
2841,2024-05-27,Bangalore,409080,iOS,Regular,1,Referral
2842,2024-06-13,Chennai,539472,Android,Budget,0,Google Ads
2843,2024-05-26,Bangalore,460727,Android,Regular,1,Instagram
2844,2024-11-26,Hyderabad,492907,Android,Budget,1,Organic
2845,2024-01-31,Chennai,416533,Android,Budget,0,Instagram
2846,2025-01-28,Pune,522690,Android,Budget,0,Instagram
2847,2024-02-15,Mumbai,443163,iOS,Regular,1,Instagram
2848,2024-11-29,Hyderabad,534822,Android,Budget,0,Referral
2849,2024-10-20,Delhi,411354,iOS,Budget,0,Organic
2850,2024-04-28,Delhi,512314,Android,Regular,1,Referral
2851,2024-09-30,Mumbai,428478,Android,Premium,0,Organic
2852,2025-01-13,Pune,555643,Android,Budget,1,Google Ads
2853,2025-01-05,Hyderabad,486374,Android,Regular,0,Google Ads
2854,2024-01-20,Bangalore,542510,Android,Budget,0,Instagram
2855,2024-03-30,Mumbai,404552,iOS,Premium,0,Instagram
2856,2024-08-01,Pune,468360,Android,Budget,0,Referral
2857,2024-03-31,Bangalore,543989,iOS,Premium,0,Organic
2858,2024-01-19,Delhi,526151,iOS,Budget,0,Organic
2859,2024-07-22,Delhi,447637,iOS,Premium,1,Organic
2860,2024-09-10,Bangalore,429686,Android,Budget,0,Instagram
2861,2024-04-05,Mumbai,451135,Android,Budget,0,Instagram
2862,2025-01-18,Delhi,488917,Android,Budget,0,Organic
2863,2024-05-28,Hyderabad,507968,Android,Budget,0,Instagram
2864,2024-01-20,Chennai,494456,Android,Premium,0,Organic
2865,2024-01-05,Bangalore,449757,Android,Regular,0,Referral
2866,2024-06-01,Bangalore,522864,Android,Regular,1,Google Ads
2867,2024-10-17,Delhi,461193,iOS,Premium,0,Organic
2868,2024-11-04,Mumbai,448734,iOS,Regular,1,Instagram
2869,2024-02-24,Hyderabad,425994,Android,Premium,0,Referral
2870,2024-06-20,Mumbai,552054,Android,Budget,0,Instagram
2871,2024-05-25,Pune,424144,Android,Premium,0,Instagram
2872,2024-08-20,Pune,507045,Android,Budget,1,Instagram
2873,2024-11-24,Chennai,528407,Android,Regular,0,Organic
2874,2024-10-05,Delhi,469352,Android,Regular,0,Referral
2875,2024-09-25,Delhi,470310,Android,Regular,0,Organic
2876,2024-09-09,Delhi,543519,Android,Regular,1,Google Ads
2877,2024-03-09,Chennai,519157,Android,Budget,1,Organic
2878,2024-09-15,Pune,476001,Android,Premium,0,Google Ads
2879,2024-08-27,Mumbai,421577,iOS,Premium,0,Referral
2880,2024-05-19,Chennai,403321,Android,Premium,1,Referral
2881,2024-04-08,Chennai,541823,Android,Premium,1,Organic
2882,2024-02-27,Mumbai,503003,Android,Regular,0,Organic
2883,2024-06-18,Delhi,426573,Android,Premium,1,Instagram
2884,2024-03-24,Hyderabad,417949,Android,Premium,0,Google Ads
2885,2025-01-09,Mumbai,516529,Android,Regular,0,Instagram
2886,2024-08-22,Pune,489052,Android,Regular,0,Instagram
2887,2024-11-27,Bangalore,427868,Android,Premium,0,Referral
2888,2024-05-11,Bangalore,444679,Android,Regular,0,Organic
2889,2025-01-02,Chennai,507562,Android,Regular,0,Referral
2890,2024-04-05,Bangalore,412964,Android,Budget,0,Organic
2891,2024-01-08,Hyderabad,449435,iOS,Premium,0,Referral
2892,2025-01-12,Delhi,466618,Android,Premium,0,Referral
2893,2024-06-21,Pune,551342,iOS,Budget,0,Referral
2894,2024-05-31,Hyderabad,517570,iOS,Budget,1,Google Ads
2895,2024-10-17,Pune,497353,Android,Budget,0,Referral
2896,2024-12-11,Pune,479733,iOS,Regular,0,Google Ads
2897,2025-01-22,Delhi,507649,iOS,Budget,0,Referral
2898,2024-04-08,Chennai,481495,iOS,Regular,1,Organic
2899,2024-03-30,Bangalore,477226,Android,Premium,0,Google Ads
2900,2024-11-08,Delhi,482868,Android,Regular,0,Organic
2901,2024-11-23,Hyderabad,478973,iOS,Budget,1,Organic
2902,2024-07-26,Chennai,496262,Android,Premium,0,Organic
2903,2024-08-06,Hyderabad,490749,Android,Regular,0,Google Ads
2904,2024-09-20,Chennai,524482,Android,Budget,0,Instagram
2905,2024-06-16,Hyderabad,529530,Android,Regular,1,Google Ads
2906,2024-02-14,Delhi,402252,Android,Regular,0,Instagram
2907,2024-07-24,Chennai,499109,Android,Premium,1,Google Ads
2908,2024-12-08,Chennai,558100,iOS,Premium,0,Referral
2909,2024-02-18,Pune,497383,Android,Budget,1,Instagram
2910,2024-04-04,Pune,409584,iOS,Budget,0,Referral
2911,2024-03-12,Mumbai,450388,iOS,Budget,0,Instagram
2912,2024-09-01,Hyderabad,423105,Android,Regular,0,Google Ads
2913,2024-06-14,Pune,412225,Android,Regular,0,Google Ads
2914,2024-05-07,Mumbai,460625,iOS,Regular,0,Instagram
2915,2024-01-04,Pune,504321,Android,Budget,1,Referral
2916,2024-05-13,Hyderabad,478573,iOS,Premium,0,Organic
2917,2024-07-15,Chennai,485470,Android,Premium,0,Instagram
2918,2024-04-30,Bangalore,477929,Android,Budget,0,Instagram
2919,2024-08-16,Hyderabad,404142,Android,Regular,0,Referral
2920,2025-01-20,Delhi,554423,Android,Regular,1,Organic
2921,2024-05-16,Pune,470872,Android,Budget,0,Instagram
2922,2024-06-17,Pune,536150,Android,Budget,0,Organic
2923,2024-06-03,Chennai,446016,iOS,Budget,0,Organic
2924,2024-10-25,Delhi,459903,Android,Budget,0,Google Ads
2925,2025-01-05,Chennai,405578,iOS,Regular,0,Referral
2926,2024-10-20,Delhi,420003,Android,Budget,0,Instagram
2927,2024-01-06,Bangalore,450712,Android,Budget,1,Instagram
2928,2024-05-13,Pune,439452,Android,Regular,1,Organic
2929,2024-11-30,Pune,559720,iOS,Budget,1,Instagram
2930,2024-07-03,Bangalore,434832,Android,Regular,1,Organic
2931,2024-12-20,Mumbai,496499,Android,Regular,0,Instagram
2932,2024-04-30,Chennai,528950,iOS,Regular,0,Referral
2933,2024-02-01,Bangalore,495120,Android,Premium,1,Instagram
2934,2024-12-07,Chennai,466831,Android,Budget,1,Organic
2935,2024-03-01,Hyderabad,480633,Android,Regular,0,Organic
2936,2024-08-26,Pune,436834,iOS,Budget,0,Instagram
2937,2024-06-06,Chennai,424399,Android,Premium,0,Instagram
2938,2024-03-22,Delhi,461555,Android,Premium,0,Organic
2939,2024-07-26,Chennai,450756,iOS,Budget,0,Google Ads
2940,2024-12-17,Hyderabad,548779,iOS,Regular,1,Google Ads
2941,2024-09-14,Pune,553413,Android,Budget,0,Instagram
2942,2024-12-26,Bangalore,464995,Android,Premium,0,Referral
2943,2025-01-29,Hyderabad,463885,Android,Budget,0,Instagram
2944,2024-06-08,Pune,484362,Android,Premium,0,Referral
2945,2024-12-19,Chennai,417483,iOS,Budget,0,Instagram
2946,2024-03-01,Mumbai,454226,Android,Regular,1,Organic
2947,2024-11-23,Mumbai,474855,Android,Premium,1,Instagram
2948,2024-05-31,Delhi,441257,Android,Premium,1,Referral
2949,2024-07-07,Pune,508722,Android,Budget,0,Referral
2950,2024-11-10,Mumbai,481111,Android,Regular,0,Instagram
2951,2024-04-23,Bangalore,513607,Android,Budget,1,Instagram
2952,2024-04-22,Pune,414651,Android,Regular,0,Google Ads
2953,2024-03-09,Bangalore,428931,Android,Budget,1,Instagram
2954,2024-09-01,Bangalore,500401,Android,Budget,1,Instagram
2955,2024-03-19,Mumbai,411802,Android,Regular,0,Organic
2956,2024-08-20,Pune,451361,iOS,Budget,0,Referral
2957,2025-01-17,Chennai,487909,Android,Regular,0,Google Ads
2958,2024-11-06,Hyderabad,547632,Android,Budget,0,Organic
2959,2024-07-10,Mumbai,432335,iOS,Budget,0,Instagram
2960,2024-07-31,Mumbai,413289,Android,Regular,1,Referral
2961,2024-12-25,Chennai,553471,Android,Budget,1,Instagram
2962,2024-10-08,Pune,412192,Android,Budget,0,Instagram
2963,2024-08-29,Pune,418052,iOS,Regular,0,Instagram
2964,2025-01-22,Bangalore,461716,Android,Regular,0,Instagram
2965,2024-10-02,Chennai,410738,iOS,Regular,0,Referral
2966,2024-12-06,Chennai,465141,Android,Budget,0,Organic
2967,2024-04-21,Pune,556324,Android,Budget,0,Instagram
2968,2025-01-25,Bangalore,405148,iOS,Premium,0,Instagram
2969,2024-05-06,Mumbai,450509,iOS,Premium,0,Google Ads
2970,2024-12-14,Delhi,452225,Android,Budget,0,Google Ads
2971,2025-01-21,Hyderabad,419644,iOS,Regular,0,Referral
2972,2024-11-01,Mumbai,438968,Android,Budget,0,Instagram
2973,2024-02-11,Pune,503536,Android,Budget,0,Instagram
2974,2024-09-26,Hyderabad,440734,Android,Budget,0,Instagram
2975,2024-08-16,Delhi,434809,Android,Regular,1,Referral
2976,2024-09-27,Delhi,458960,Android,Budget,1,Referral
2977,2024-12-26,Bangalore,532922,Android,Premium,0,Instagram
2978,2024-07-04,Hyderabad,468179,Android,Regular,0,Instagram
2979,2024-02-09,Bangalore,512256,Android,Budget,0,Referral
2980,2024-10-15,Mumbai,486323,iOS,Regular,0,Instagram
2981,2024-02-27,Chennai,444566,iOS,Budget,1,Organic
2982,2024-02-01,Chennai,551256,iOS,Regular,0,Organic
2983,2024-10-07,Chennai,401133,Android,Budget,0,Referral
2984,2024-09-15,Hyderabad,463669,Android,Budget,0,Organic
2985,2024-04-13,Chennai,508836,Android,Budget,1,Google Ads
2986,2024-10-20,Mumbai,542004,iOS,Budget,1,Instagram
2987,2024-10-01,Bangalore,473170,Android,Budget,0,Google Ads
2988,2024-03-17,Hyderabad,500418,iOS,Budget,1,Google Ads
2989,2024-03-25,Bangalore,401045,iOS,Premium,0,Google Ads
2990,2024-06-16,Hyderabad,424364,iOS,Budget,0,Organic
2991,2024-09-23,Bangalore,446695,Android,Budget,0,Instagram
2992,2024-08-14,Delhi,532655,Android,Premium,0,Instagram
2993,2024-02-29,Bangalore,421302,Android,Regular,0,Referral
2994,2024-12-14,Chennai,474330,Android,Regular,1,Google Ads
2995,2024-04-15,Delhi,401621,Android,Budget,1,Organic
2996,2025-01-02,Bangalore,462225,Android,Regular,0,Google Ads
2997,2024-10-25,Hyderabad,495420,iOS,Budget,0,Google Ads
2998,2024-09-07,Hyderabad,520051,Android,Regular,0,Instagram
2999,2024-02-16,Hyderabad,455857,Android,Premium,0,Referral
3000,2024-09-18,Pune,455810,Android,Regular,1,Organic
3001,2024-08-16,Mumbai,422260,Android,Budget,0,Instagram
3002,2024-01-29,Hyderabad,420656,iOS,Regular,0,Google Ads
3003,2024-08-20,Delhi,554683,Android,Regular,0,Instagram
3004,2024-03-08,Hyderabad,421603,Android,Regular,0,Google Ads
3005,2024-09-19,Pune,485946,Android,Regular,0,Organic
3006,2024-07-31,Chennai,542183,Android,Regular,1,Instagram
3007,2024-08-21,Delhi,537146,iOS,Regular,1,Instagram
3008,2024-10-15,Pune,500847,Android,Premium,0,Instagram
3009,2024-01-30,Chennai,480819,Android,Premium,1,Instagram
3010,2024-10-13,Delhi,541268,Android,Budget,1,Instagram
3011,2024-08-24,Bangalore,401538,Android,Regular,0,Organic
3012,2024-12-10,Mumbai,548211,Android,Budget,0,Referral
3013,2024-06-06,Mumbai,526546,iOS,Regular,0,Organic
3014,2025-01-05,Pune,489744,Android,Budget,0,Instagram
3015,2024-01-12,Chennai,486156,iOS,Regular,0,Google Ads
3016,2024-07-21,Mumbai,520199,Android,Regular,0,Google Ads
3017,2024-05-10,Chennai,555918,Android,Budget,0,Instagram
3018,2024-01-02,Chennai,489847,Android,Premium,0,Referral
3019,2025-01-16,Pune,430563,Android,Regular,0,Instagram
3020,2024-04-21,Pune,428037,Android,Budget,0,Organic
3021,2024-10-23,Pune,474234,Android,Regular,0,Referral
3022,2024-02-07,Mumbai,483050,Android,Premium,0,Referral
3023,2024-01-24,Pune,468682,iOS,Budget,0,Organic
3024,2024-08-04,Mumbai,427819,Android,Regular,0,Referral
3025,2024-06-25,Pune,462533,iOS,Regular,1,Instagram
3026,2024-12-24,Hyderabad,457706,Android,Premium,0,Instagram
3027,2024-02-02,Chennai,420105,Android,Regular,0,Google Ads
3028,2024-10-04,Pune,524337,Android,Regular,0,Organic
3029,2024-01-31,Delhi,527905,Android,Premium,0,Referral
3030,2024-02-05,Chennai,469604,iOS,Premium,0,Referral
3031,2024-08-29,Chennai,502500,Android,Regular,0,Referral
3032,2024-01-17,Pune,459026,Android,Budget,1,Instagram
3033,2024-05-26,Bangalore,432318,Android,Budget,0,Organic
3034,2024-07-28,Pune,505586,Android,Regular,0,Instagram
3035,2024-04-02,Chennai,552473,Android,Regular,1,Referral
3036,2025-01-28,Delhi,448271,iOS,Budget,0,Instagram
3037,2024-03-10,Chennai,519416,Android,Budget,0,Referral
3038,2025-01-27,Delhi,480207,iOS,Regular,0,Referral
3039,2024-11-24,Mumbai,469469,iOS,Budget,1,Instagram
3040,2025-01-08,Hyderabad,423724,Android,Budget,1,Referral
3041,2024-11-26,Chennai,460647,Android,Budget,0,Instagram
3042,2024-08-03,Pune,400075,Android,Regular,0,Google Ads
3043,2024-07-10,Mumbai,426499,Android,Regular,1,Instagram
3044,2024-07-14,Hyderabad,496882,Android,Budget,0,Google Ads
3045,2024-08-17,Pune,551614,iOS,Budget,1,Google Ads
3046,2024-07-12,Bangalore,445930,Android,Regular,0,Instagram
3047,2024-07-11,Pune,523200,Android,Regular,1,Organic
3048,2024-02-11,Delhi,426029,Android,Regular,1,Organic
3049,2024-12-15,Delhi,429546,Android,Budget,0,Instagram
3050,2024-12-04,Bangalore,479570,iOS,Regular,0,Instagram
3051,2024-10-03,Mumbai,431674,Android,Premium,0,Referral
3052,2024-03-09,Hyderabad,554170,Android,Budget,0,Referral
3053,2024-11-30,Pune,502512,Android,Regular,0,Instagram
3054,2024-06-27,Delhi,493145,iOS,Budget,0,Organic
3055,2024-03-01,Mumbai,464825,Android,Budget,0,Referral
3056,2024-04-01,Bangalore,423526,iOS,Budget,0,Referral
3057,2024-10-02,Chennai,457805,Android,Regular,1,Organic
3058,2024-07-20,Delhi,546116,Android,Budget,0,Instagram
3059,2024-09-27,Bangalore,441847,Android,Budget,1,Organic
3060,2024-03-06,Pune,477262,Android,Budget,0,Google Ads
3061,2025-01-07,Hyderabad,429484,Android,Budget,0,Referral
3062,2024-04-24,Delhi,407266,Android,Regular,0,Referral
3063,2024-01-02,Delhi,422764,Android,Budget,0,Referral
3064,2025-01-22,Pune,415734,Android,Budget,0,Organic
3065,2024-01-12,Chennai,512197,Android,Regular,0,Organic
3066,2024-06-01,Mumbai,491039,Android,Regular,1,Instagram
3067,2024-08-25,Hyderabad,437421,Android,Regular,0,Referral
3068,2024-12-10,Delhi,540320,Android,Budget,1,Google Ads
3069,2025-01-03,Hyderabad,554913,Android,Regular,0,Instagram
3070,2024-10-05,Delhi,421059,Android,Budget,0,Organic
3071,2024-08-05,Hyderabad,434930,Android,Budget,0,Google Ads
3072,2024-09-29,Bangalore,486490,iOS,Regular,1,Instagram
3073,2024-07-13,Delhi,484665,Android,Premium,0,Organic
3074,2024-04-27,Hyderabad,477598,Android,Regular,1,Google Ads
3075,2024-05-06,Mumbai,406042,iOS,Budget,0,Instagram
3076,2024-08-23,Bangalore,478210,iOS,Premium,0,Google Ads
3077,2024-06-26,Bangalore,552132,Android,Budget,0,Organic
3078,2024-03-20,Mumbai,499865,iOS,Premium,0,Instagram
3079,2024-05-21,Hyderabad,548621,Android,Budget,0,Organic
3080,2024-04-06,Pune,546151,Android,Budget,0,Referral
3081,2025-01-06,Mumbai,536492,Android,Regular,0,Referral
3082,2025-01-26,Hyderabad,515159,Android,Premium,0,Google Ads
3083,2024-02-27,Mumbai,401469,Android,Premium,0,Referral
3084,2024-01-17,Mumbai,424310,iOS,Regular,0,Organic
3085,2024-12-04,Delhi,472256,iOS,Regular,0,Google Ads
3086,2024-08-02,Hyderabad,481900,Android,Regular,0,Instagram
3087,2024-11-10,Pune,428719,Android,Regular,1,Organic
3088,2025-01-27,Delhi,506554,Android,Premium,1,Instagram
3089,2024-01-09,Mumbai,450282,Android,Budget,0,Instagram
3090,2024-05-03,Chennai,513452,Android,Budget,0,Instagram
3091,2024-04-15,Mumbai,400768,Android,Premium,0,Instagram
3092,2024-02-04,Mumbai,534968,iOS,Premium,1,Organic
3093,2024-02-21,Hyderabad,458027,Android,Budget,1,Referral
3094,2024-10-31,Hyderabad,518143,Android,Budget,0,Organic
3095,2024-01-18,Delhi,442969,Android,Premium,1,Referral
3096,2024-08-16,Pune,546405,Android,Regular,0,Instagram
3097,2024-11-02,Delhi,545694,iOS,Regular,0,Referral
3098,2024-12-10,Bangalore,476871,Android,Budget,1,Instagram
3099,2024-12-26,Mumbai,418175,Android,Premium,1,Google Ads
3100,2024-01-25,Chennai,524358,Android,Budget,1,Instagram
3101,2024-05-05,Mumbai,499190,Android,Budget,0,Referral
3102,2025-01-14,Mumbai,440503,Android,Budget,0,Google Ads
3103,2024-01-23,Delhi,436675,Android,Premium,1,Google Ads
3104,2024-07-24,Chennai,437261,Android,Regular,0,Instagram
3105,2024-08-12,Chennai,471806,Android,Regular,0,Organic
3106,2024-04-29,Chennai,417195,Android,Budget,0,Referral
3107,2024-10-03,Delhi,557884,Android,Premium,1,Google Ads
3108,2024-04-21,Mumbai,472378,Android,Regular,1,Organic
3109,2025-01-21,Delhi,530865,Android,Regular,0,Instagram
3110,2024-01-29,Hyderabad,443724,iOS,Premium,1,Instagram
3111,2024-03-12,Hyderabad,476299,Android,Budget,0,Instagram
3112,2024-09-14,Delhi,459239,Android,Regular,0,Instagram
3113,2024-05-28,Chennai,505434,Android,Premium,0,Referral
3114,2024-04-29,Mumbai,507093,Android,Regular,0,Google Ads
3115,2025-01-09,Delhi,402148,Android,Regular,1,Referral
3116,2024-10-21,Delhi,438446,iOS,Budget,1,Google Ads
3117,2024-06-12,Delhi,506171,Android,Regular,0,Organic
3118,2024-10-22,Bangalore,533086,Android,Regular,1,Organic
3119,2024-11-02,Hyderabad,485618,Android,Budget,0,Google Ads
3120,2025-01-30,Chennai,453503,iOS,Premium,0,Instagram
3121,2024-12-10,Pune,517117,Android,Budget,1,Organic
3122,2024-06-13,Chennai,437756,Android,Budget,0,Referral
3123,2024-05-01,Pune,539806,iOS,Regular,1,Google Ads
3124,2024-06-03,Bangalore,409480,Android,Regular,0,Organic
3125,2024-03-14,Delhi,475362,Android,Budget,1,Google Ads
3126,2024-12-04,Bangalore,552377,Android,Budget,0,Instagram
3127,2024-09-23,Bangalore,524233,Android,Budget,0,Google Ads
3128,2024-04-23,Mumbai,505587,Android,Budget,0,Organic
3129,2024-07-30,Hyderabad,481172,Android,Budget,0,Google Ads
3130,2024-06-02,Pune,514152,Android,Budget,0,Organic
3131,2024-05-20,Delhi,486297,iOS,Budget,0,Organic
3132,2024-02-01,Pune,540563,iOS,Regular,1,Organic
3133,2024-10-12,Chennai,552325,Android,Premium,1,Referral
3134,2024-10-29,Pune,537935,Android,Regular,1,Instagram
3135,2025-01-11,Chennai,469960,Android,Regular,1,Instagram
3136,2024-03-30,Hyderabad,541523,iOS,Budget,1,Google Ads
3137,2024-11-16,Chennai,456023,Android,Regular,0,Google Ads
3138,2024-12-13,Pune,461992,Android,Regular,1,Organic
3139,2024-08-06,Pune,449854,Android,Regular,1,Instagram
3140,2024-10-11,Chennai,431827,Android,Budget,0,Google Ads
3141,2024-09-10,Bangalore,442880,Android,Budget,0,Google Ads
3142,2024-01-25,Hyderabad,472362,Android,Regular,0,Instagram
3143,2024-06-25,Mumbai,477991,Android,Regular,1,Organic
3144,2024-11-25,Delhi,489788,iOS,Premium,0,Google Ads
3145,2024-12-09,Pune,440737,Android,Budget,1,Organic
3146,2024-07-14,Delhi,424531,Android,Budget,0,Instagram
3147,2024-09-25,Mumbai,506081,Android,Regular,0,Instagram
3148,2024-06-12,Delhi,474256,Android,Premium,1,Google Ads
3149,2024-12-22,Mumbai,535959,iOS,Budget,0,Google Ads
3150,2024-08-01,Chennai,526599,Android,Regular,0,Instagram
3151,2024-07-28,Bangalore,518624,iOS,Budget,0,Organic
3152,2024-03-17,Pune,437388,Android,Regular,1,Organic
3153,2024-06-02,Mumbai,552648,Android,Regular,0,Referral
3154,2024-07-11,Delhi,512261,Android,Premium,0,Instagram
3155,2024-04-04,Pune,541173,iOS,Budget,0,Google Ads
3156,2025-01-21,Bangalore,538929,Android,Budget,0,Instagram
3157,2024-10-02,Chennai,559877,Android,Regular,0,Google Ads
3158,2024-08-30,Pune,430989,iOS,Budget,1,Organic
3159,2024-05-03,Mumbai,476449,Android,Regular,1,Google Ads
3160,2024-04-25,Bangalore,513431,Android,Regular,1,Referral
3161,2024-06-02,Delhi,543378,Android,Budget,0,Organic
3162,2024-12-28,Bangalore,541042,iOS,Premium,0,Referral
3163,2024-03-14,Bangalore,412405,Android,Budget,1,Instagram
3164,2024-08-25,Hyderabad,540062,iOS,Premium,0,Google Ads
3165,2024-01-30,Bangalore,419361,Android,Premium,0,Organic
3166,2024-10-14,Bangalore,485658,iOS,Regular,1,Google Ads
3167,2024-07-30,Pune,557360,Android,Budget,0,Referral
3168,2024-08-01,Delhi,434161,Android,Premium,1,Organic
3169,2024-10-12,Pune,406790,iOS,Regular,0,Referral
3170,2024-09-28,Pune,558254,iOS,Budget,0,Organic
3171,2024-03-09,Mumbai,545458,Android,Budget,1,Instagram
3172,2024-07-17,Pune,482598,Android,Budget,0,Instagram
3173,2024-05-04,Hyderabad,465642,iOS,Premium,0,Google Ads
3174,2024-05-10,Hyderabad,444248,Android,Premium,0,Referral
3175,2024-04-14,Mumbai,486674,Android,Premium,0,Referral
3176,2024-06-18,Chennai,405545,iOS,Regular,0,Organic
3177,2024-11-27,Delhi,544348,Android,Regular,1,Instagram
3178,2024-02-10,Delhi,463249,Android,Budget,0,Google Ads
3179,2024-08-18,Pune,434551,iOS,Budget,0,Instagram
3180,2024-07-08,Pune,453694,Android,Budget,0,Referral
3181,2024-02-17,Chennai,528925,Android,Regular,0,Google Ads
3182,2024-10-01,Pune,550714,iOS,Premium,0,Instagram
3183,2025-01-05,Delhi,480022,Android,Premium,1,Instagram
3184,2024-04-07,Bangalore,415606,iOS,Budget,1,Organic
3185,2024-01-27,Hyderabad,450714,iOS,Regular,0,Organic
3186,2024-05-17,Bangalore,551463,Android,Regular,0,Referral
3187,2024-07-12,Bangalore,475404,Android,Regular,0,Instagram
3188,2024-12-10,Delhi,458467,Android,Regular,0,Organic
3189,2024-11-05,Bangalore,403982,Android,Budget,0,Instagram
3190,2024-11-04,Chennai,540566,Android,Premium,1,Google Ads
3191,2024-01-21,Mumbai,515632,Android,Regular,0,Instagram
3192,2024-02-07,Pune,519239,Android,Regular,0,Instagram
3193,2024-04-06,Mumbai,495336,Android,Budget,1,Referral
3194,2025-01-24,Hyderabad,507442,Android,Budget,0,Google Ads
3195,2024-10-27,Pune,416985,Android,Budget,0,Google Ads
3196,2025-01-05,Bangalore,525581,Android,Regular,0,Organic
3197,2024-12-09,Hyderabad,511317,Android,Premium,1,Google Ads
3198,2024-10-13,Pune,553833,Android,Regular,0,Referral
3199,2024-04-21,Chennai,532597,Android,Regular,0,Organic
3200,2024-09-02,Chennai,518455,Android,Regular,0,Instagram
3201,2024-04-16,Chennai,449403,Android,Budget,1,Google Ads
3202,2024-06-19,Chennai,491657,Android,Regular,0,Instagram
3203,2024-06-04,Bangalore,465615,Android,Regular,1,Organic
3204,2024-01-08,Mumbai,491010,Android,Budget,1,Google Ads
3205,2024-04-18,Pune,445837,Android,Budget,0,Organic
3206,2024-04-07,Bangalore,544435,Android,Regular,0,Organic
3207,2025-01-14,Chennai,549635,iOS,Budget,0,Google Ads
3208,2024-03-01,Mumbai,531050,Android,Premium,0,Google Ads
3209,2025-01-17,Hyderabad,476408,iOS,Regular,1,Organic
3210,2025-01-21,Hyderabad,407611,Android,Budget,0,Referral
3211,2024-09-02,Hyderabad,509382,Android,Budget,0,Google Ads
3212,2024-05-04,Chennai,415792,Android,Premium,0,Organic
3213,2024-12-22,Hyderabad,458048,Android,Regular,0,Instagram
3214,2024-11-05,Delhi,550738,Android,Regular,0,Instagram
3215,2024-12-26,Pune,470247,Android,Budget,0,Google Ads
3216,2024-04-14,Pune,486149,Android,Premium,0,Google Ads
3217,2024-07-22,Chennai,445891,Android,Regular,0,Instagram
3218,2024-05-02,Delhi,537867,Android,Regular,0,Organic
3219,2024-10-09,Bangalore,432889,Android,Premium,0,Organic
3220,2024-06-13,Bangalore,537822,Android,Budget,0,Organic
3221,2024-05-24,Hyderabad,446532,Android,Regular,0,Referral
3222,2024-07-13,Mumbai,515653,iOS,Budget,0,Google Ads
3223,2024-08-26,Bangalore,420609,Android,Regular,0,Referral
3224,2024-09-30,Mumbai,480987,Android,Budget,1,Referral
3225,2024-11-28,Pune,483997,Android,Premium,0,Referral
3226,2024-07-02,Mumbai,456018,iOS,Budget,0,Referral
3227,2024-06-06,Pune,457677,Android,Regular,0,Organic
3228,2024-05-13,Delhi,411561,Android,Premium,0,Google Ads
3229,2024-07-03,Delhi,450469,Android,Premium,1,Google Ads
3230,2024-09-19,Chennai,433124,Android,Regular,0,Referral
3231,2024-09-11,Chennai,494347,Android,Regular,1,Google Ads
3232,2024-08-26,Hyderabad,540791,Android,Budget,0,Instagram
3233,2024-02-20,Bangalore,400029,iOS,Budget,0,Organic
3234,2025-01-04,Hyderabad,447600,Android,Regular,1,Google Ads
3235,2024-08-28,Pune,548470,Android,Budget,0,Organic
3236,2025-01-24,Hyderabad,445407,Android,Budget,1,Instagram
3237,2024-06-12,Mumbai,447658,Android,Budget,0,Organic
3238,2024-04-14,Pune,467561,Android,Regular,1,Instagram
3239,2024-07-08,Chennai,504144,Android,Regular,0,Referral
3240,2024-06-09,Delhi,544576,Android,Budget,0,Google Ads
3241,2024-07-30,Chennai,454944,Android,Budget,1,Referral
3242,2024-01-24,Bangalore,475840,Android,Regular,0,Google Ads
3243,2024-10-15,Pune,482675,Android,Regular,0,Referral
3244,2024-04-23,Pune,425346,Android,Regular,1,Instagram
3245,2025-01-14,Mumbai,450391,Android,Premium,0,Google Ads
3246,2024-03-15,Bangalore,459558,iOS,Budget,0,Referral
3247,2024-01-09,Delhi,401907,Android,Budget,1,Organic
3248,2024-05-13,Pune,407962,Android,Budget,0,Organic
3249,2024-10-10,Pune,557213,iOS,Regular,0,Referral
3250,2024-10-26,Mumbai,519290,Android,Regular,0,Instagram
3251,2024-10-23,Hyderabad,477568,iOS,Budget,0,Referral
3252,2025-01-03,Delhi,480665,Android,Regular,0,Organic
3253,2024-08-01,Chennai,481200,Android,Regular,0,Google Ads
3254,2024-05-31,Bangalore,499765,Android,Premium,1,Google Ads
3255,2024-03-19,Pune,522358,iOS,Regular,0,Referral
3256,2024-04-10,Pune,480730,Android,Regular,1,Google Ads
3257,2024-06-17,Chennai,559634,iOS,Regular,1,Organic
3258,2024-04-27,Delhi,450569,Android,Premium,1,Google Ads
3259,2024-07-13,Hyderabad,509350,iOS,Premium,0,Referral
3260,2024-10-18,Pune,473303,Android,Regular,0,Referral
3261,2024-05-05,Delhi,494969,Android,Regular,0,Referral
3262,2024-09-12,Chennai,516117,iOS,Regular,0,Organic
3263,2024-10-08,Mumbai,437147,iOS,Regular,0,Instagram
3264,2024-12-01,Hyderabad,440298,Android,Regular,1,Google Ads
3265,2024-12-16,Bangalore,486395,Android,Budget,0,Referral
3266,2024-06-21,Pune,527174,Android,Premium,0,Instagram
3267,2024-05-11,Delhi,525943,Android,Regular,0,Referral
3268,2025-01-25,Mumbai,416940,Android,Premium,1,Referral
3269,2024-09-07,Bangalore,444461,Android,Regular,1,Organic
3270,2025-01-05,Delhi,543739,Android,Regular,0,Organic
3271,2024-11-24,Delhi,462120,Android,Budget,0,Instagram
3272,2025-01-13,Bangalore,532852,Android,Regular,1,Referral
3273,2024-09-08,Mumbai,544259,Android,Regular,0,Google Ads
3274,2024-08-23,Chennai,547532,Android,Budget,1,Google Ads
3275,2024-03-27,Mumbai,405058,Android,Premium,0,Google Ads
3276,2025-01-10,Hyderabad,549806,Android,Budget,0,Instagram
3277,2024-06-29,Pune,419158,Android,Regular,0,Organic
3278,2024-03-27,Bangalore,435031,Android,Budget,1,Instagram
3279,2024-03-12,Chennai,550686,iOS,Premium,0,Organic
3280,2025-01-03,Bangalore,508613,Android,Budget,0,Google Ads
3281,2024-10-06,Bangalore,515081,iOS,Regular,0,Google Ads
3282,2024-09-07,Mumbai,483029,Android,Budget,0,Organic
3283,2024-04-04,Pune,536261,iOS,Regular,1,Google Ads
3284,2024-10-04,Hyderabad,429681,Android,Premium,1,Instagram
3285,2024-11-24,Delhi,502303,Android,Budget,0,Organic
3286,2024-01-31,Delhi,436446,Android,Regular,1,Google Ads
3287,2024-09-25,Bangalore,405797,Android,Budget,0,Referral
3288,2024-01-18,Pune,447219,Android,Regular,0,Google Ads
3289,2024-02-08,Chennai,539196,Android,Regular,1,Referral
3290,2024-12-08,Mumbai,539295,Android,Regular,0,Google Ads
3291,2024-01-25,Pune,424075,Android,Regular,0,Referral
3292,2025-01-26,Pune,516089,Android,Regular,0,Google Ads
3293,2024-01-04,Mumbai,436840,iOS,Budget,1,Referral
3294,2024-07-30,Bangalore,507113,Android,Regular,0,Organic
3295,2024-03-11,Pune,527515,Android,Budget,0,Organic
3296,2024-11-18,Delhi,468323,Android,Regular,1,Referral
3297,2024-04-28,Mumbai,456322,iOS,Premium,1,Google Ads
3298,2024-02-04,Chennai,510101,Android,Budget,1,Instagram
3299,2024-12-28,Hyderabad,557061,Android,Budget,0,Instagram
3300,2024-03-18,Bangalore,435508,Android,Budget,0,Instagram
3301,2024-01-05,Mumbai,499245,Android,Premium,0,Instagram
3302,2024-04-21,Hyderabad,525789,Android,Premium,1,Referral
3303,2024-09-15,Hyderabad,495252,Android,Budget,1,Organic
3304,2024-08-21,Chennai,423807,iOS,Regular,1,Organic
3305,2024-07-10,Pune,530365,Android,Budget,0,Instagram
3306,2024-01-31,Chennai,436902,Android,Regular,0,Organic
3307,2024-11-12,Pune,548116,Android,Regular,0,Referral
3308,2024-11-22,Pune,540825,Android,Regular,0,Instagram
3309,2024-12-07,Mumbai,452128,Android,Premium,0,Referral
3310,2024-11-11,Mumbai,400454,Android,Regular,1,Referral
3311,2024-09-04,Bangalore,475433,Android,Budget,0,Google Ads
3312,2024-12-03,Pune,522873,Android,Regular,0,Referral
3313,2024-09-06,Hyderabad,487363,Android,Regular,0,Google Ads
3314,2024-01-09,Delhi,410977,Android,Premium,0,Instagram
3315,2024-01-04,Bangalore,514177,Android,Budget,1,Referral
3316,2024-09-29,Mumbai,499123,Android,Regular,0,Organic
3317,2024-10-09,Chennai,470405,Android,Regular,0,Instagram
3318,2024-07-29,Bangalore,481933,Android,Regular,0,Referral
3319,2024-01-07,Bangalore,497171,Android,Budget,0,Referral
3320,2024-01-09,Bangalore,477708,Android,Premium,0,Organic
3321,2024-09-28,Bangalore,493790,Android,Budget,0,Google Ads
3322,2025-01-04,Delhi,496517,Android,Budget,0,Referral
3323,2024-05-20,Chennai,533090,iOS,Premium,0,Referral
3324,2024-10-01,Chennai,407958,Android,Budget,0,Organic
3325,2024-05-26,Chennai,507725,Android,Budget,0,Instagram
3326,2024-01-09,Pune,535865,Android,Regular,0,Referral
3327,2024-09-14,Hyderabad,413238,Android,Budget,0,Google Ads
3328,2024-12-23,Chennai,451587,iOS,Premium,1,Google Ads
3329,2024-12-11,Bangalore,419253,Android,Regular,0,Organic
3330,2024-08-08,Bangalore,541780,Android,Regular,0,Google Ads
3331,2024-04-01,Chennai,403544,Android,Budget,1,Referral
3332,2024-02-24,Chennai,504648,iOS,Budget,0,Google Ads
3333,2024-02-19,Bangalore,435032,Android,Regular,0,Referral
3334,2024-09-25,Pune,465748,iOS,Regular,0,Organic
3335,2024-03-17,Mumbai,455312,Android,Regular,1,Google Ads
3336,2024-05-03,Mumbai,465868,Android,Budget,1,Referral
3337,2024-04-08,Chennai,488781,Android,Regular,1,Instagram
3338,2024-11-13,Delhi,457197,iOS,Budget,0,Referral
3339,2024-09-26,Chennai,473706,iOS,Regular,1,Referral
3340,2024-05-09,Chennai,457895,Android,Regular,0,Organic
3341,2024-06-30,Mumbai,487641,Android,Budget,0,Referral
3342,2024-05-16,Bangalore,414592,Android,Regular,1,Organic
3343,2024-07-22,Chennai,497248,Android,Budget,0,Referral
3344,2024-02-10,Bangalore,400728,Android,Regular,0,Referral
3345,2024-07-10,Bangalore,552432,Android,Regular,0,Referral
3346,2024-07-26,Delhi,443823,Android,Budget,1,Organic
3347,2024-08-23,Bangalore,503400,Android,Premium,0,Referral
3348,2024-10-16,Mumbai,512114,Android,Regular,0,Organic
3349,2024-05-04,Pune,530432,Android,Premium,0,Instagram
3350,2024-12-22,Pune,542002,iOS,Budget,0,Organic
3351,2024-04-25,Hyderabad,528589,Android,Premium,1,Instagram
3352,2024-06-02,Chennai,460092,Android,Budget,0,Organic
3353,2024-12-16,Mumbai,554592,Android,Regular,0,Organic
3354,2024-02-11,Bangalore,548466,Android,Premium,0,Referral
3355,2024-11-30,Pune,494193,Android,Budget,0,Google Ads
3356,2024-11-28,Mumbai,510806,Android,Budget,0,Google Ads
3357,2025-01-23,Pune,559913,Android,Regular,0,Referral
3358,2024-01-17,Bangalore,518090,iOS,Regular,1,Instagram
3359,2024-02-17,Pune,489368,Android,Regular,0,Referral
3360,2024-07-26,Chennai,413266,Android,Budget,0,Google Ads
3361,2024-07-13,Chennai,536497,iOS,Regular,0,Organic
3362,2024-07-12,Hyderabad,551698,Android,Budget,0,Referral
3363,2024-10-09,Hyderabad,479623,Android,Premium,0,Instagram
3364,2024-08-31,Pune,435930,iOS,Regular,0,Referral
3365,2024-01-29,Mumbai,461893,Android,Regular,1,Google Ads
3366,2024-11-22,Chennai,551612,Android,Budget,0,Organic
3367,2024-01-05,Mumbai,456631,iOS,Premium,0,Google Ads
3368,2024-12-25,Mumbai,540288,Android,Regular,0,Google Ads
3369,2024-03-28,Pune,531026,iOS,Premium,0,Google Ads
3370,2024-02-12,Mumbai,487581,Android,Budget,0,Google Ads
3371,2024-09-12,Chennai,477463,Android,Regular,0,Organic
3372,2024-08-10,Bangalore,513397,Android,Regular,0,Google Ads
3373,2024-11-26,Hyderabad,497038,iOS,Budget,0,Instagram
3374,2024-06-18,Bangalore,495311,Android,Regular,1,Instagram
3375,2024-10-16,Mumbai,556081,Android,Budget,0,Google Ads
3376,2024-02-18,Bangalore,448929,Android,Budget,0,Instagram
3377,2024-09-27,Chennai,489877,Android,Budget,1,Google Ads
3378,2024-01-22,Chennai,424977,iOS,Regular,0,Organic
3379,2024-04-27,Mumbai,524985,iOS,Regular,1,Organic
3380,2024-04-18,Pune,558699,Android,Regular,0,Instagram
3381,2024-12-20,Bangalore,498257,iOS,Budget,0,Instagram
3382,2024-10-17,Pune,500538,Android,Regular,0,Google Ads
3383,2024-08-31,Pune,535773,Android,Premium,0,Referral
3384,2024-05-18,Delhi,509332,Android,Budget,0,Google Ads
3385,2024-01-24,Mumbai,407527,Android,Budget,1,Google Ads
3386,2024-02-08,Hyderabad,503864,Android,Regular,1,Organic
3387,2024-12-16,Chennai,473367,iOS,Regular,0,Referral
3388,2024-05-23,Chennai,456097,Android,Regular,1,Referral
3389,2024-10-05,Mumbai,538983,Android,Regular,1,Google Ads
3390,2024-10-15,Hyderabad,471186,Android,Budget,0,Organic
3391,2024-12-02,Chennai,450249,iOS,Premium,0,Instagram
3392,2024-01-17,Mumbai,533024,Android,Regular,0,Organic
3393,2024-04-01,Chennai,479889,Android,Budget,1,Instagram
3394,2024-06-10,Pune,494534,Android,Budget,1,Organic
3395,2024-01-09,Bangalore,441955,Android,Regular,0,Referral
3396,2024-04-16,Bangalore,489720,Android,Regular,0,Organic
3397,2024-10-27,Chennai,539877,Android,Regular,1,Google Ads
3398,2024-03-14,Delhi,400596,Android,Premium,0,Instagram
3399,2025-01-20,Hyderabad,429593,iOS,Budget,0,Organic
3400,2024-12-30,Hyderabad,440644,Android,Premium,0,Organic
3401,2024-07-22,Hyderabad,462666,Android,Regular,0,Instagram
3402,2024-02-09,Pune,551896,Android,Regular,0,Organic
3403,2024-06-02,Hyderabad,405973,Android,Premium,0,Instagram
3404,2024-03-24,Bangalore,415883,Android,Regular,0,Referral
3405,2024-10-15,Pune,554842,iOS,Budget,1,Instagram
3406,2024-05-03,Mumbai,425021,iOS,Premium,0,Instagram
3407,2024-10-17,Hyderabad,502622,Android,Regular,0,Referral
3408,2024-07-18,Hyderabad,485375,Android,Regular,0,Organic
3409,2024-12-12,Mumbai,444913,Android,Premium,0,Organic
3410,2024-10-03,Hyderabad,412880,Android,Regular,1,Referral
3411,2024-06-18,Mumbai,433799,Android,Regular,1,Google Ads
3412,2024-07-15,Pune,507792,iOS,Regular,0,Instagram
3413,2025-01-21,Bangalore,475792,Android,Regular,0,Organic
3414,2025-01-13,Mumbai,466984,iOS,Budget,0,Organic
3415,2024-03-12,Delhi,533923,Android,Regular,0,Instagram
3416,2024-12-18,Mumbai,559473,iOS,Budget,0,Instagram
3417,2025-01-05,Hyderabad,411954,Android,Regular,0,Instagram
3418,2024-02-10,Pune,506411,iOS,Premium,1,Google Ads
3419,2024-09-13,Chennai,525156,Android,Budget,0,Referral
3420,2025-01-16,Pune,554608,Android,Budget,0,Google Ads
3421,2024-06-26,Chennai,481030,iOS,Budget,0,Google Ads
3422,2024-01-28,Mumbai,404056,Android,Regular,0,Instagram
3423,2024-02-20,Bangalore,438171,Android,Premium,0,Referral
3424,2024-08-11,Delhi,499977,Android,Regular,0,Organic
3425,2024-04-28,Pune,428252,Android,Budget,1,Instagram
3426,2024-02-08,Hyderabad,535605,Android,Regular,0,Referral
3427,2024-06-23,Chennai,535997,Android,Regular,0,Organic
3428,2024-11-05,Hyderabad,448038,Android,Budget,0,Google Ads
3429,2025-01-28,Bangalore,492116,Android,Regular,1,Referral
3430,2024-11-10,Chennai,477927,Android,Budget,0,Google Ads
3431,2024-10-31,Pune,470401,Android,Regular,0,Google Ads
3432,2024-07-22,Mumbai,499526,iOS,Budget,1,Referral
3433,2025-01-31,Hyderabad,501165,iOS,Budget,0,Organic
3434,2024-06-16,Bangalore,541775,Android,Premium,1,Referral
3435,2024-01-16,Pune,506733,Android,Regular,0,Organic
3436,2024-11-20,Pune,415386,Android,Budget,0,Instagram
3437,2024-05-19,Pune,409337,Android,Premium,0,Instagram
3438,2024-08-18,Pune,465422,Android,Regular,0,Instagram
3439,2024-09-08,Chennai,436022,Android,Budget,0,Google Ads
3440,2024-04-26,Pune,534855,Android,Regular,0,Instagram
3441,2024-07-01,Hyderabad,517370,Android,Premium,0,Google Ads
3442,2024-10-10,Bangalore,449112,Android,Regular,1,Organic
3443,2024-07-11,Chennai,489403,Android,Budget,0,Referral
3444,2024-08-09,Pune,519775,Android,Regular,0,Referral
3445,2024-04-05,Delhi,442720,Android,Regular,0,Google Ads
3446,2024-12-14,Delhi,525696,Android,Premium,0,Google Ads
3447,2024-10-26,Bangalore,534586,iOS,Budget,1,Google Ads
3448,2024-12-04,Mumbai,544408,Android,Regular,1,Organic
3449,2024-07-13,Mumbai,504127,Android,Budget,0,Organic
3450,2024-02-13,Chennai,477659,Android,Regular,0,Instagram
3451,2025-01-30,Chennai,431008,Android,Premium,0,Instagram
3452,2024-11-12,Chennai,506834,Android,Budget,0,Referral
3453,2024-05-31,Mumbai,518638,Android,Budget,1,Instagram
3454,2024-05-06,Delhi,520722,iOS,Regular,0,Organic
3455,2024-12-31,Mumbai,493221,Android,Regular,0,Organic
3456,2024-02-07,Hyderabad,426394,Android,Budget,0,Organic
3457,2024-02-12,Pune,457481,Android,Regular,0,Organic
3458,2024-05-17,Chennai,517244,Android,Premium,0,Referral
3459,2024-03-19,Delhi,488291,iOS,Regular,1,Referral
3460,2024-07-13,Bangalore,504264,Android,Regular,1,Organic
3461,2024-12-30,Bangalore,540180,Android,Budget,0,Google Ads
3462,2024-11-20,Pune,405994,Android,Premium,1,Instagram
3463,2024-03-19,Delhi,493651,Android,Budget,0,Referral
3464,2025-01-13,Mumbai,517596,Android,Budget,0,Google Ads
3465,2024-07-18,Mumbai,452067,Android,Budget,0,Instagram
3466,2024-06-11,Hyderabad,511851,Android,Regular,0,Google Ads
3467,2024-07-03,Hyderabad,442943,Android,Premium,0,Organic
3468,2024-02-24,Mumbai,416139,iOS,Budget,1,Instagram
3469,2024-02-16,Bangalore,518559,Android,Premium,0,Google Ads
3470,2024-01-03,Chennai,409191,Android,Premium,1,Referral
3471,2024-06-06,Bangalore,492260,Android,Regular,1,Referral
3472,2024-08-15,Hyderabad,478423,Android,Regular,0,Referral
3473,2024-07-03,Pune,482316,Android,Budget,1,Instagram
3474,2025-01-24,Mumbai,429087,iOS,Budget,0,Organic
3475,2024-05-18,Hyderabad,548395,Android,Premium,0,Organic
3476,2024-02-22,Hyderabad,525605,Android,Regular,0,Instagram
3477,2024-03-08,Chennai,500815,iOS,Budget,0,Instagram
3478,2024-02-14,Mumbai,519325,Android,Regular,0,Organic
3479,2024-04-05,Chennai,528922,iOS,Premium,0,Referral
3480,2024-08-08,Mumbai,403436,Android,Regular,1,Organic
3481,2024-08-17,Chennai,501506,Android,Budget,0,Organic
3482,2024-10-12,Bangalore,453332,Android,Regular,0,Google Ads
3483,2024-10-11,Pune,560015,iOS,Regular,0,Referral
3484,2024-09-19,Pune,513458,Android,Budget,0,Instagram
3485,2024-07-27,Mumbai,452390,Android,Budget,0,Organic
3486,2024-02-22,Delhi,453015,iOS,Regular,1,Referral
3487,2024-01-14,Hyderabad,430298,Android,Regular,0,Instagram
3488,2024-02-15,Hyderabad,443891,Android,Budget,0,Google Ads
3489,2024-06-30,Mumbai,421323,Android,Budget,1,Google Ads
3490,2024-10-10,Chennai,435740,Android,Budget,1,Referral
3491,2024-02-17,Delhi,540792,Android,Budget,0,Organic
3492,2024-11-01,Bangalore,479554,Android,Budget,0,Instagram
3493,2024-11-02,Chennai,408315,iOS,Regular,1,Referral
3494,2024-06-15,Chennai,493832,Android,Regular,1,Google Ads
3495,2024-07-16,Mumbai,475165,Android,Regular,0,Instagram
3496,2024-01-07,Mumbai,507659,iOS,Regular,0,Instagram
3497,2024-05-29,Hyderabad,477029,Android,Budget,0,Organic
3498,2024-07-30,Mumbai,436114,Android,Regular,0,Google Ads
3499,2024-07-17,Mumbai,517175,Android,Budget,1,Google Ads
3500,2024-02-13,Mumbai,546430,Android,Budget,0,Google Ads
3501,2025-01-06,Hyderabad,420366,iOS,Budget,1,Instagram
3502,2024-10-13,Bangalore,439030,Android,Premium,0,Google Ads
3503,2024-05-04,Bangalore,401738,Android,Budget,1,Referral
3504,2024-10-19,Mumbai,531043,Android,Premium,0,Google Ads
3505,2024-09-23,Hyderabad,485475,Android,Budget,1,Instagram
3506,2024-03-27,Bangalore,478219,Android,Regular,1,Google Ads
3507,2024-12-16,Chennai,558572,Android,Regular,0,Google Ads
3508,2024-07-13,Bangalore,528693,Android,Budget,0,Instagram
3509,2024-03-27,Bangalore,528412,iOS,Budget,0,Google Ads
3510,2024-03-12,Hyderabad,400295,Android,Premium,0,Organic
3511,2024-05-17,Chennai,424597,Android,Regular,1,Instagram
3512,2024-06-03,Hyderabad,498186,Android,Budget,0,Google Ads
3513,2024-05-17,Mumbai,411435,iOS,Budget,1,Organic
3514,2024-09-09,Pune,458383,Android,Premium,0,Referral
3515,2024-03-15,Bangalore,438099,Android,Premium,0,Instagram
3516,2024-02-02,Pune,404656,iOS,Regular,0,Google Ads
3517,2024-03-26,Hyderabad,483030,iOS,Budget,0,Instagram
3518,2024-08-10,Hyderabad,446229,Android,Premium,0,Organic
3519,2024-05-21,Hyderabad,403772,Android,Budget,1,Instagram
3520,2024-08-03,Pune,474100,Android,Regular,1,Referral
3521,2024-06-02,Hyderabad,520812,iOS,Regular,0,Google Ads
3522,2024-09-04,Mumbai,462258,Android,Budget,0,Referral
3523,2024-02-09,Hyderabad,417559,iOS,Regular,0,Organic
3524,2024-07-03,Delhi,458437,Android,Premium,0,Instagram
3525,2024-05-08,Pune,507780,Android,Regular,0,Google Ads
3526,2024-05-06,Delhi,524892,Android,Budget,0,Google Ads
3527,2025-01-04,Hyderabad,432377,Android,Budget,1,Organic
3528,2024-11-16,Mumbai,477925,Android,Budget,0,Organic
3529,2024-09-10,Bangalore,429333,Android,Budget,0,Instagram
3530,2024-10-31,Chennai,531002,iOS,Regular,1,Google Ads
3531,2024-11-11,Chennai,446738,Android,Regular,0,Organic
3532,2024-04-10,Hyderabad,530913,Android,Budget,1,Google Ads
3533,2024-08-22,Mumbai,489032,Android,Budget,0,Instagram
3534,2024-02-24,Pune,420992,Android,Budget,0,Referral
3535,2024-03-10,Delhi,427473,Android,Regular,0,Organic
3536,2024-06-04,Delhi,459947,Android,Regular,0,Instagram
3537,2024-01-04,Delhi,557922,iOS,Regular,0,Referral
3538,2024-07-21,Pune,401542,Android,Regular,0,Instagram
3539,2024-06-19,Chennai,529238,Android,Regular,0,Organic
3540,2024-11-13,Mumbai,402766,Android,Regular,0,Instagram
3541,2024-07-13,Pune,443075,Android,Budget,0,Google Ads
3542,2024-06-17,Delhi,502796,Android,Regular,1,Organic
3543,2024-08-13,Hyderabad,501388,iOS,Budget,1,Google Ads
3544,2024-06-20,Bangalore,531842,iOS,Budget,0,Instagram
3545,2024-08-08,Pune,548879,Android,Premium,1,Organic
3546,2024-11-29,Pune,402973,Android,Budget,0,Google Ads
3547,2024-10-31,Mumbai,549329,iOS,Regular,0,Google Ads
3548,2024-03-10,Mumbai,503904,Android,Regular,0,Google Ads
3549,2024-06-02,Pune,549726,Android,Budget,1,Referral
3550,2024-06-13,Delhi,503580,Android,Budget,1,Google Ads
3551,2024-11-04,Bangalore,439340,Android,Regular,0,Google Ads
3552,2024-12-21,Mumbai,556830,iOS,Budget,0,Instagram
3553,2024-04-12,Delhi,503377,Android,Budget,0,Instagram
3554,2024-09-02,Hyderabad,442400,Android,Premium,0,Instagram
3555,2024-06-09,Mumbai,444014,Android,Regular,0,Instagram
3556,2024-03-31,Delhi,545779,iOS,Budget,0,Referral
3557,2024-07-22,Delhi,427910,Android,Budget,0,Instagram
3558,2024-06-12,Bangalore,557542,Android,Regular,0,Instagram
3559,2024-05-29,Bangalore,532386,Android,Budget,1,Instagram
3560,2025-01-11,Hyderabad,538920,Android,Budget,0,Google Ads
3561,2024-12-21,Delhi,541003,Android,Regular,0,Referral
3562,2024-11-20,Chennai,403286,Android,Budget,0,Instagram
3563,2024-09-08,Delhi,523638,Android,Regular,1,Google Ads
3564,2024-10-21,Bangalore,435864,Android,Regular,0,Organic
3565,2024-05-04,Chennai,547777,iOS,Budget,0,Referral
3566,2024-06-15,Mumbai,549778,Android,Budget,0,Instagram
3567,2024-07-11,Mumbai,531628,Android,Regular,0,Google Ads
3568,2024-05-23,Pune,421324,Android,Regular,0,Organic
3569,2024-07-20,Bangalore,470969,Android,Budget,0,Organic
3570,2024-07-05,Pune,453916,Android,Budget,0,Google Ads
3571,2024-02-28,Chennai,509544,iOS,Premium,0,Google Ads
3572,2024-10-15,Bangalore,541692,iOS,Budget,0,Referral
3573,2024-04-12,Hyderabad,508501,Android,Premium,0,Google Ads
3574,2024-10-30,Delhi,552298,Android,Budget,1,Instagram
3575,2024-10-06,Hyderabad,511267,Android,Budget,1,Organic
3576,2024-04-02,Chennai,426740,Android,Regular,0,Instagram
3577,2024-12-15,Bangalore,528042,Android,Budget,0,Instagram
3578,2025-01-28,Chennai,453020,Android,Budget,1,Instagram
3579,2024-10-08,Delhi,407374,iOS,Budget,1,Organic
3580,2024-01-14,Mumbai,420188,Android,Premium,1,Organic
3581,2025-01-07,Mumbai,467864,Android,Budget,0,Organic
3582,2024-08-24,Chennai,497928,iOS,Regular,0,Google Ads
3583,2024-12-28,Pune,484086,Android,Regular,1,Instagram
3584,2024-04-17,Bangalore,517997,Android,Regular,1,Referral
3585,2024-08-12,Bangalore,439221,Android,Regular,0,Google Ads
3586,2024-05-29,Mumbai,530504,Android,Budget,1,Google Ads
3587,2024-12-20,Hyderabad,407643,iOS,Budget,1,Referral
3588,2024-02-05,Delhi,479972,iOS,Budget,0,Instagram
3589,2024-07-28,Hyderabad,455557,iOS,Budget,0,Referral
3590,2024-12-10,Hyderabad,438193,iOS,Budget,0,Organic
3591,2024-09-12,Chennai,535454,Android,Budget,0,Instagram
3592,2024-03-12,Mumbai,550631,iOS,Premium,1,Google Ads
3593,2024-11-20,Mumbai,430783,iOS,Premium,0,Organic
3594,2024-06-04,Mumbai,404783,Android,Budget,1,Organic
3595,2024-05-03,Chennai,550535,Android,Budget,1,Google Ads
3596,2024-05-09,Pune,460031,Android,Budget,0,Referral
3597,2024-12-03,Hyderabad,456412,Android,Budget,0,Organic
3598,2024-03-19,Chennai,497470,Android,Budget,0,Organic
3599,2025-01-01,Bangalore,446951,iOS,Premium,0,Instagram
3600,2024-08-04,Delhi,533596,iOS,Budget,0,Instagram
3601,2024-07-12,Pune,540750,Android,Budget,0,Google Ads
3602,2024-02-07,Bangalore,546162,Android,Budget,0,Google Ads
3603,2024-08-17,Hyderabad,535654,iOS,Premium,0,Google Ads
3604,2024-11-02,Mumbai,542980,Android,Premium,0,Referral
3605,2024-09-02,Hyderabad,536682,Android,Regular,0,Organic
3606,2024-10-25,Chennai,450540,Android,Regular,1,Google Ads
3607,2024-07-24,Delhi,422937,iOS,Budget,0,Instagram
3608,2024-09-30,Chennai,450183,iOS,Budget,1,Organic
3609,2024-09-16,Pune,511260,Android,Regular,1,Google Ads
3610,2024-12-20,Pune,495043,Android,Regular,1,Organic
3611,2024-08-02,Delhi,413164,iOS,Budget,0,Organic
3612,2024-10-05,Bangalore,543610,Android,Budget,1,Organic
3613,2024-01-19,Bangalore,422420,Android,Regular,0,Google Ads
3614,2024-07-03,Pune,521212,Android,Budget,0,Organic
3615,2024-12-25,Pune,522763,Android,Regular,1,Organic
3616,2024-10-01,Mumbai,400835,Android,Budget,0,Organic
3617,2024-10-31,Bangalore,432215,Android,Budget,1,Instagram
3618,2024-11-22,Delhi,402414,iOS,Regular,0,Google Ads
3619,2024-02-13,Bangalore,409506,Android,Premium,0,Referral
3620,2024-02-25,Mumbai,502803,iOS,Budget,0,Instagram
3621,2025-01-28,Chennai,533178,iOS,Budget,1,Organic
3622,2024-05-07,Pune,528304,Android,Budget,0,Organic
3623,2024-12-02,Pune,514898,Android,Regular,1,Referral
3624,2024-12-06,Mumbai,458409,Android,Premium,0,Referral
3625,2024-06-30,Delhi,516909,iOS,Budget,0,Instagram
3626,2024-03-26,Pune,479732,Android,Budget,0,Organic
3627,2024-11-27,Hyderabad,465132,Android,Premium,0,Referral
3628,2024-11-09,Pune,464281,Android,Regular,0,Instagram
3629,2024-01-23,Hyderabad,415763,Android,Regular,0,Referral
3630,2024-10-15,Mumbai,517799,iOS,Budget,0,Organic
3631,2024-11-26,Mumbai,516855,Android,Budget,1,Organic
3632,2024-12-12,Pune,458704,Android,Regular,0,Organic
3633,2024-11-27,Bangalore,463080,Android,Regular,0,Organic
3634,2024-07-23,Hyderabad,421578,iOS,Regular,0,Google Ads
3635,2025-01-20,Delhi,401215,Android,Budget,0,Google Ads
3636,2024-06-18,Pune,486340,Android,Regular,0,Google Ads
3637,2024-08-08,Delhi,448115,Android,Premium,0,Instagram
3638,2024-02-24,Pune,463231,Android,Premium,0,Instagram
3639,2024-01-06,Bangalore,467195,iOS,Budget,0,Referral
3640,2024-02-20,Bangalore,512334,iOS,Regular,0,Referral
3641,2024-05-12,Bangalore,437793,iOS,Regular,0,Instagram
3642,2024-04-23,Chennai,445808,Android,Premium,0,Referral
3643,2024-09-18,Bangalore,525267,iOS,Regular,1,Instagram
3644,2025-01-17,Mumbai,553374,Android,Premium,0,Google Ads
3645,2024-09-22,Mumbai,536214,iOS,Premium,1,Instagram
3646,2024-10-12,Chennai,504293,Android,Budget,1,Instagram
3647,2024-10-24,Hyderabad,522985,Android,Regular,0,Referral
3648,2024-12-18,Delhi,413778,Android,Regular,1,Referral
3649,2024-10-21,Pune,438347,Android,Budget,0,Instagram
3650,2024-04-23,Pune,454704,Android,Budget,1,Organic
3651,2024-08-16,Chennai,494978,iOS,Budget,0,Referral
3652,2024-07-10,Mumbai,447820,Android,Regular,0,Instagram
3653,2024-07-19,Pune,559542,iOS,Budget,0,Referral
3654,2024-08-25,Mumbai,534918,Android,Premium,1,Organic
3655,2025-01-30,Hyderabad,510187,Android,Regular,0,Referral
3656,2024-12-13,Delhi,423291,iOS,Regular,1,Instagram
3657,2024-10-28,Hyderabad,512552,Android,Budget,1,Instagram
3658,2024-12-19,Chennai,498683,Android,Regular,0,Organic
3659,2024-09-13,Bangalore,534366,iOS,Regular,0,Instagram
3660,2024-03-18,Bangalore,518018,Android,Budget,0,Organic
3661,2024-06-25,Bangalore,519497,Android,Premium,0,Instagram
3662,2024-01-13,Hyderabad,457090,iOS,Regular,1,Instagram
3663,2024-09-04,Pune,547681,Android,Budget,1,Referral
3664,2024-02-23,Delhi,528714,iOS,Premium,1,Referral
3665,2024-05-31,Bangalore,416620,Android,Budget,1,Organic
3666,2024-07-31,Chennai,478007,Android,Regular,0,Referral
3667,2024-02-13,Chennai,414780,Android,Regular,0,Google Ads
3668,2024-02-29,Bangalore,421631,Android,Budget,1,Organic
3669,2025-01-08,Bangalore,505576,Android,Regular,1,Google Ads
3670,2024-03-13,Delhi,515437,iOS,Regular,0,Organic
3671,2024-06-27,Bangalore,543251,Android,Regular,0,Google Ads
3672,2024-06-08,Delhi,551008,Android,Budget,1,Referral
3673,2024-06-24,Chennai,422785,Android,Budget,0,Referral
3674,2024-08-21,Bangalore,554100,Android,Budget,0,Instagram
3675,2024-04-15,Hyderabad,512168,Android,Premium,0,Google Ads
3676,2024-09-23,Hyderabad,467360,Android,Budget,1,Instagram
3677,2024-09-04,Chennai,478609,Android,Regular,1,Organic
3678,2024-06-27,Delhi,415112,Android,Premium,1,Google Ads
3679,2024-08-31,Hyderabad,424162,Android,Regular,0,Instagram
3680,2024-02-19,Delhi,518921,Android,Premium,0,Organic
3681,2024-08-12,Hyderabad,504824,Android,Premium,0,Google Ads
3682,2025-01-04,Hyderabad,525015,Android,Budget,1,Instagram
3683,2024-12-22,Delhi,530467,Android,Budget,0,Google Ads
3684,2024-08-19,Pune,467314,iOS,Budget,0,Google Ads
3685,2024-06-12,Hyderabad,555087,iOS,Budget,1,Instagram
3686,2024-02-04,Bangalore,480309,Android,Regular,0,Referral
3687,2024-06-02,Chennai,446390,Android,Budget,1,Referral
3688,2024-01-23,Pune,549234,iOS,Regular,0,Instagram
3689,2024-12-29,Delhi,507801,Android,Budget,0,Organic
3690,2024-02-28,Pune,538563,Android,Budget,0,Instagram
3691,2024-01-12,Mumbai,519548,Android,Regular,1,Instagram
3692,2024-06-24,Mumbai,424503,iOS,Budget,1,Google Ads
3693,2024-11-27,Hyderabad,435758,Android,Regular,0,Referral
3694,2024-02-25,Hyderabad,441112,iOS,Premium,0,Referral
3695,2024-12-12,Bangalore,498274,Android,Regular,1,Referral
3696,2024-03-25,Chennai,458646,Android,Budget,0,Referral
3697,2025-01-14,Pune,510219,iOS,Premium,0,Instagram
3698,2024-05-04,Mumbai,459056,Android,Budget,0,Google Ads
3699,2024-09-21,Hyderabad,519816,Android,Regular,1,Referral
3700,2024-03-30,Chennai,540071,Android,Budget,0,Referral
3701,2024-10-09,Pune,559979,Android,Budget,0,Google Ads
3702,2024-03-22,Hyderabad,501027,Android,Premium,1,Instagram
3703,2024-06-18,Hyderabad,470193,Android,Budget,0,Instagram
3704,2024-10-13,Mumbai,452022,Android,Premium,0,Instagram
3705,2024-08-06,Mumbai,429093,Android,Budget,0,Referral
3706,2024-08-24,Hyderabad,532315,Android,Premium,1,Referral
3707,2024-04-28,Delhi,506844,Android,Premium,1,Referral
3708,2024-07-26,Hyderabad,532904,Android,Regular,0,Instagram
3709,2024-11-18,Chennai,450722,Android,Regular,1,Referral
3710,2024-04-04,Hyderabad,428512,Android,Regular,0,Organic
3711,2024-04-05,Bangalore,472783,Android,Premium,1,Google Ads
3712,2024-11-23,Bangalore,497004,Android,Budget,0,Organic
3713,2024-12-02,Bangalore,549375,Android,Regular,1,Organic
3714,2024-08-09,Delhi,455569,Android,Budget,0,Referral
3715,2024-07-21,Delhi,534305,Android,Budget,0,Google Ads
3716,2024-01-15,Hyderabad,502063,iOS,Budget,1,Organic
3717,2025-01-12,Bangalore,504302,iOS,Regular,0,Instagram
3718,2024-11-10,Delhi,451508,Android,Premium,0,Instagram
3719,2024-04-11,Mumbai,524278,iOS,Budget,1,Instagram
3720,2024-08-18,Hyderabad,530000,Android,Regular,0,Instagram
3721,2024-10-30,Chennai,500129,Android,Regular,0,Google Ads
3722,2024-08-07,Pune,410684,Android,Regular,1,Instagram
3723,2024-07-18,Hyderabad,423665,Android,Premium,0,Google Ads
3724,2024-01-03,Pune,502365,Android,Budget,0,Google Ads
3725,2024-12-26,Bangalore,464341,Android,Budget,1,Google Ads
3726,2024-04-19,Pune,487237,Android,Budget,1,Google Ads
3727,2024-04-15,Bangalore,411018,Android,Premium,0,Referral
3728,2024-05-22,Mumbai,436614,Android,Premium,0,Organic
3729,2025-01-20,Pune,430349,Android,Budget,1,Referral
3730,2024-12-26,Hyderabad,547521,Android,Budget,0,Organic
3731,2024-02-02,Bangalore,409492,iOS,Regular,0,Referral
3732,2024-10-22,Hyderabad,521071,Android,Regular,1,Instagram
3733,2024-02-22,Delhi,458760,iOS,Regular,0,Google Ads
3734,2024-10-01,Bangalore,532041,Android,Premium,0,Instagram
3735,2024-04-05,Pune,400369,Android,Premium,0,Instagram
3736,2024-07-06,Bangalore,435011,Android,Premium,0,Instagram
3737,2024-06-15,Hyderabad,435852,Android,Regular,0,Referral
3738,2024-04-10,Mumbai,522762,Android,Budget,0,Instagram
3739,2024-08-22,Bangalore,556569,Android,Regular,1,Google Ads
3740,2024-02-28,Pune,527153,iOS,Regular,1,Google Ads
3741,2024-05-14,Delhi,478859,Android,Budget,0,Organic
3742,2024-12-09,Chennai,467006,Android,Budget,0,Referral
3743,2024-09-07,Mumbai,437494,Android,Regular,1,Google Ads
3744,2024-09-27,Delhi,410293,iOS,Regular,0,Google Ads
3745,2024-11-23,Bangalore,492378,Android,Regular,0,Referral
3746,2024-06-09,Hyderabad,559438,Android,Budget,1,Instagram
3747,2024-11-01,Hyderabad,548280,Android,Regular,0,Google Ads
3748,2024-07-17,Pune,501736,iOS,Budget,0,Instagram
3749,2024-11-08,Hyderabad,422913,Android,Regular,1,Google Ads
3750,2024-07-19,Mumbai,480772,Android,Regular,0,Organic
3751,2024-10-27,Hyderabad,507294,Android,Premium,0,Instagram
3752,2024-02-28,Pune,499084,Android,Regular,0,Google Ads
3753,2024-06-27,Chennai,513656,iOS,Regular,0,Referral
3754,2024-06-29,Bangalore,550349,Android,Regular,1,Referral
3755,2024-08-22,Bangalore,497460,Android,Regular,1,Referral
3756,2024-11-12,Hyderabad,536607,iOS,Budget,0,Google Ads
3757,2024-03-29,Delhi,511696,iOS,Regular,0,Instagram
3758,2024-12-10,Bangalore,434269,Android,Regular,1,Organic
3759,2024-12-27,Chennai,507339,Android,Regular,0,Organic
3760,2024-06-01,Hyderabad,426337,iOS,Budget,0,Google Ads
3761,2024-11-10,Pune,403642,Android,Premium,0,Google Ads
3762,2024-10-29,Chennai,487133,iOS,Budget,0,Google Ads
3763,2024-02-13,Hyderabad,432960,iOS,Budget,0,Instagram
3764,2024-12-10,Chennai,544379,Android,Premium,0,Referral
3765,2024-03-09,Bangalore,474124,iOS,Premium,1,Instagram
3766,2024-06-09,Pune,421499,Android,Budget,1,Instagram
3767,2024-03-01,Hyderabad,470199,Android,Premium,0,Google Ads
3768,2024-05-02,Mumbai,427198,Android,Budget,0,Organic
3769,2024-06-05,Pune,551792,iOS,Regular,0,Instagram
3770,2024-02-29,Mumbai,508776,Android,Regular,0,Organic
3771,2024-04-03,Chennai,425033,Android,Regular,0,Google Ads
3772,2024-07-10,Delhi,459625,iOS,Regular,0,Instagram
3773,2024-12-21,Pune,478178,Android,Budget,0,Referral
3774,2024-03-13,Chennai,441965,Android,Budget,0,Referral
3775,2024-09-18,Mumbai,511031,iOS,Regular,1,Instagram
3776,2024-07-17,Bangalore,454647,Android,Budget,0,Referral
3777,2024-08-02,Bangalore,481188,iOS,Premium,0,Instagram
3778,2024-11-01,Delhi,539609,iOS,Regular,0,Referral
3779,2024-03-11,Pune,517400,Android,Budget,0,Google Ads
3780,2024-10-21,Pune,456748,Android,Regular,1,Referral
3781,2024-07-15,Pune,445713,Android,Budget,0,Referral
3782,2024-08-04,Chennai,537346,Android,Budget,1,Google Ads
3783,2024-04-05,Delhi,471821,Android,Regular,0,Google Ads
3784,2024-09-06,Pune,525343,iOS,Premium,1,Referral
3785,2024-11-21,Chennai,491229,Android,Regular,0,Organic
3786,2024-10-02,Bangalore,474354,Android,Budget,0,Organic
3787,2024-12-21,Mumbai,492092,Android,Regular,0,Instagram
3788,2024-11-26,Chennai,485915,Android,Budget,0,Referral
3789,2024-03-29,Bangalore,506719,Android,Budget,0,Instagram
3790,2024-10-11,Bangalore,548200,Android,Premium,0,Google Ads
3791,2024-03-26,Mumbai,411540,Android,Premium,1,Referral
3792,2024-09-07,Bangalore,446220,Android,Budget,0,Google Ads
3793,2024-05-27,Delhi,545765,iOS,Regular,0,Referral
3794,2024-03-12,Mumbai,413335,iOS,Premium,0,Referral
3795,2024-04-05,Bangalore,559688,Android,Budget,0,Google Ads
3796,2024-06-10,Hyderabad,407904,Android,Budget,0,Referral
3797,2024-08-18,Chennai,559600,Android,Premium,0,Referral
3798,2024-11-13,Bangalore,546702,Android,Regular,0,Instagram
3799,2024-01-28,Delhi,458009,Android,Budget,1,Google Ads
3800,2024-07-02,Pune,499319,Android,Budget,0,Organic
3801,2024-01-05,Bangalore,557781,iOS,Budget,0,Organic
3802,2024-09-05,Pune,541933,Android,Regular,0,Referral
3803,2024-03-10,Hyderabad,548511,iOS,Regular,0,Instagram
3804,2024-04-09,Bangalore,467301,Android,Regular,0,Referral
3805,2024-07-15,Mumbai,529264,Android,Regular,0,Instagram
3806,2024-10-14,Pune,420843,iOS,Budget,0,Referral
3807,2024-09-15,Hyderabad,442373,Android,Budget,0,Organic
3808,2024-11-30,Mumbai,514317,Android,Budget,0,Google Ads
3809,2024-09-10,Mumbai,498972,Android,Premium,0,Instagram
3810,2024-07-28,Mumbai,438745,Android,Regular,0,Referral
3811,2024-12-16,Mumbai,516083,Android,Budget,0,Referral
3812,2024-09-08,Bangalore,457443,Android,Regular,0,Instagram
3813,2024-07-31,Chennai,529071,Android,Premium,1,Instagram
3814,2024-12-29,Bangalore,485991,Android,Regular,1,Organic
3815,2024-08-15,Bangalore,521671,Android,Budget,0,Instagram
3816,2024-09-07,Hyderabad,506918,Android,Budget,0,Referral
3817,2024-03-26,Hyderabad,403651,Android,Budget,0,Organic
3818,2024-02-12,Chennai,445118,Android,Premium,0,Organic
3819,2024-10-16,Hyderabad,491245,Android,Regular,1,Google Ads
3820,2024-01-16,Delhi,403191,Android,Regular,0,Google Ads
3821,2025-01-24,Chennai,448114,Android,Premium,1,Google Ads
3822,2024-04-22,Hyderabad,539862,Android,Premium,0,Instagram
3823,2024-05-29,Chennai,432126,Android,Budget,1,Organic
3824,2024-01-17,Bangalore,530001,Android,Budget,1,Instagram
3825,2024-05-20,Bangalore,548532,Android,Regular,1,Organic
3826,2024-04-25,Chennai,511905,Android,Budget,0,Referral
3827,2024-10-02,Delhi,418769,Android,Regular,1,Instagram
3828,2024-05-27,Delhi,481100,Android,Premium,0,Organic
3829,2024-03-27,Chennai,558958,Android,Regular,1,Google Ads
3830,2024-08-22,Hyderabad,487422,Android,Budget,0,Google Ads
3831,2024-10-16,Pune,406896,Android,Budget,0,Referral
3832,2025-01-15,Delhi,471018,iOS,Budget,1,Instagram
3833,2025-01-30,Mumbai,423933,Android,Premium,1,Organic
3834,2025-01-27,Bangalore,421361,Android,Budget,1,Google Ads
3835,2024-09-10,Chennai,454848,iOS,Budget,0,Organic
3836,2024-10-08,Mumbai,490366,Android,Budget,1,Instagram
3837,2024-09-18,Chennai,485469,Android,Premium,1,Google Ads
3838,2024-02-27,Bangalore,438932,Android,Regular,0,Referral
3839,2024-10-20,Bangalore,455824,Android,Premium,1,Referral
3840,2024-02-28,Delhi,438033,Android,Regular,0,Instagram
3841,2024-05-17,Delhi,418808,Android,Regular,0,Instagram
3842,2025-01-31,Mumbai,542840,iOS,Budget,0,Organic
3843,2024-10-05,Chennai,539144,Android,Budget,0,Referral
3844,2024-07-06,Bangalore,453414,Android,Regular,0,Instagram
3845,2024-10-04,Mumbai,557222,Android,Premium,0,Instagram
3846,2025-01-22,Pune,415541,iOS,Budget,0,Referral
3847,2024-01-22,Mumbai,470249,iOS,Budget,0,Organic
3848,2025-01-24,Hyderabad,510495,iOS,Regular,0,Organic
3849,2025-01-03,Mumbai,485436,Android,Budget,0,Referral
3850,2024-08-13,Hyderabad,419788,Android,Regular,0,Referral
3851,2024-10-06,Hyderabad,420983,Android,Budget,0,Referral
3852,2024-04-21,Hyderabad,422607,Android,Budget,1,Referral
3853,2024-08-05,Pune,541223,iOS,Budget,1,Referral
3854,2024-02-22,Mumbai,512224,iOS,Regular,0,Instagram
3855,2025-01-11,Mumbai,446937,Android,Regular,0,Google Ads
3856,2024-11-30,Pune,493287,Android,Budget,0,Referral
3857,2025-01-19,Bangalore,539666,Android,Premium,0,Google Ads
3858,2024-05-06,Delhi,548431,iOS,Budget,1,Organic
3859,2024-06-01,Mumbai,437382,Android,Budget,0,Instagram
3860,2024-01-17,Delhi,521466,Android,Regular,0,Google Ads
3861,2024-08-18,Chennai,428075,Android,Budget,0,Organic
3862,2024-05-14,Chennai,551668,Android,Regular,1,Organic
3863,2024-06-27,Pune,444195,iOS,Premium,0,Organic
3864,2024-02-14,Chennai,426854,Android,Regular,0,Referral
3865,2024-08-12,Chennai,473720,Android,Regular,0,Instagram
3866,2024-03-01,Bangalore,551734,Android,Regular,0,Organic
3867,2024-05-01,Bangalore,518725,Android,Budget,1,Referral
3868,2024-04-17,Bangalore,413704,Android,Regular,0,Google Ads
3869,2025-01-12,Chennai,517492,Android,Budget,0,Instagram
3870,2024-10-28,Pune,458454,Android,Premium,0,Google Ads
3871,2024-12-18,Hyderabad,488479,iOS,Budget,0,Google Ads
3872,2024-06-28,Hyderabad,433162,Android,Regular,0,Referral
3873,2024-12-29,Delhi,514297,Android,Premium,0,Google Ads
3874,2024-11-08,Hyderabad,540789,Android,Regular,0,Instagram
3875,2024-11-19,Hyderabad,433350,Android,Premium,0,Google Ads
3876,2024-08-07,Bangalore,447099,Android,Regular,0,Referral
3877,2024-03-25,Bangalore,508436,iOS,Budget,1,Organic
3878,2024-11-11,Chennai,531205,Android,Premium,1,Referral
3879,2024-03-12,Delhi,451991,Android,Budget,1,Organic
3880,2024-04-15,Mumbai,468922,Android,Budget,0,Google Ads
3881,2024-04-15,Delhi,500573,Android,Regular,0,Organic
3882,2024-01-31,Delhi,407214,Android,Regular,0,Referral
3883,2024-10-18,Pune,524694,Android,Premium,0,Referral
3884,2024-06-28,Chennai,491656,Android,Premium,1,Instagram
3885,2024-09-29,Pune,468372,Android,Premium,1,Instagram
3886,2024-05-23,Delhi,468275,Android,Budget,1,Organic
3887,2024-11-01,Delhi,507854,Android,Regular,0,Organic
3888,2024-10-02,Delhi,404135,Android,Regular,1,Instagram
3889,2024-03-27,Hyderabad,491429,Android,Premium,1,Google Ads
3890,2024-06-14,Pune,439602,Android,Budget,0,Instagram
3891,2024-12-26,Delhi,473890,iOS,Budget,0,Google Ads
3892,2024-05-29,Bangalore,415691,Android,Premium,0,Organic
3893,2024-05-28,Chennai,401910,Android,Budget,0,Organic
3894,2024-10-20,Chennai,491240,Android,Regular,1,Referral
3895,2024-05-16,Bangalore,480033,iOS,Budget,0,Referral
3896,2024-09-20,Chennai,412063,iOS,Regular,0,Google Ads
3897,2024-12-13,Hyderabad,475387,Android,Regular,0,Google Ads
3898,2024-02-18,Hyderabad,536226,Android,Budget,0,Instagram
3899,2024-03-10,Mumbai,541554,iOS,Regular,0,Google Ads
3900,2025-01-19,Mumbai,499271,Android,Budget,1,Organic
3901,2024-07-29,Mumbai,466426,Android,Budget,0,Organic
3902,2024-01-31,Chennai,484982,iOS,Budget,1,Organic
3903,2024-05-21,Hyderabad,504471,Android,Regular,1,Referral
3904,2024-12-01,Hyderabad,559278,Android,Budget,0,Google Ads
3905,2024-03-05,Hyderabad,488888,iOS,Regular,1,Google Ads
3906,2024-12-25,Bangalore,481543,Android,Regular,0,Referral
3907,2024-03-08,Hyderabad,449113,Android,Regular,0,Referral
3908,2024-05-07,Bangalore,542013,Android,Regular,0,Referral
3909,2024-03-15,Mumbai,459011,Android,Regular,0,Organic
3910,2024-12-30,Mumbai,424486,Android,Budget,0,Google Ads
3911,2024-06-13,Chennai,489300,Android,Regular,1,Instagram
3912,2024-05-06,Mumbai,505585,Android,Budget,0,Instagram
3913,2025-01-24,Chennai,532140,iOS,Premium,0,Google Ads
3914,2024-12-12,Delhi,420608,Android,Premium,1,Google Ads
3915,2024-07-20,Delhi,461598,iOS,Budget,1,Referral
3916,2024-09-07,Pune,474555,iOS,Regular,0,Referral
3917,2024-03-13,Chennai,415188,Android,Premium,0,Organic
3918,2024-10-22,Pune,403986,Android,Budget,0,Referral
3919,2024-11-19,Pune,550636,iOS,Regular,0,Google Ads
3920,2024-05-17,Delhi,451515,Android,Budget,0,Organic
3921,2024-11-17,Chennai,418609,Android,Regular,1,Instagram
3922,2024-07-31,Delhi,471328,Android,Premium,0,Google Ads
3923,2024-07-11,Pune,417222,iOS,Regular,0,Instagram
3924,2024-08-19,Chennai,448507,Android,Regular,1,Google Ads
3925,2024-02-08,Pune,420969,Android,Premium,0,Google Ads
3926,2024-11-20,Hyderabad,527678,Android,Regular,0,Organic
3927,2025-01-28,Chennai,559010,iOS,Regular,0,Organic
3928,2024-02-17,Chennai,502952,Android,Regular,1,Referral
3929,2024-07-25,Pune,508307,Android,Regular,1,Google Ads
3930,2024-09-20,Hyderabad,443602,Android,Premium,1,Google Ads
3931,2025-01-18,Bangalore,472179,Android,Premium,0,Organic
3932,2024-05-22,Delhi,559827,Android,Regular,1,Instagram
3933,2024-12-21,Pune,469894,Android,Regular,0,Referral
3934,2024-07-07,Chennai,486800,Android,Budget,0,Google Ads
3935,2024-08-20,Delhi,448368,iOS,Premium,0,Organic
3936,2024-09-06,Delhi,413202,Android,Regular,0,Google Ads
3937,2024-06-16,Delhi,533812,Android,Regular,0,Organic
3938,2024-10-24,Bangalore,413232,iOS,Budget,0,Referral
3939,2024-01-02,Mumbai,552241,Android,Premium,0,Instagram
3940,2025-01-31,Pune,541708,Android,Budget,0,Google Ads
3941,2025-01-10,Mumbai,409965,iOS,Budget,1,Google Ads
3942,2024-02-17,Mumbai,558858,Android,Regular,1,Referral
3943,2025-01-09,Mumbai,412337,Android,Regular,0,Instagram
3944,2024-08-22,Delhi,477476,Android,Budget,0,Google Ads
3945,2024-11-21,Hyderabad,558485,Android,Regular,0,Referral
3946,2024-12-06,Delhi,482213,Android,Budget,0,Google Ads
3947,2024-12-23,Delhi,475380,Android,Budget,1,Google Ads
3948,2024-07-02,Chennai,445592,Android,Budget,0,Referral
3949,2024-02-02,Chennai,461751,Android,Premium,0,Referral
3950,2024-09-30,Mumbai,490649,Android,Budget,0,Organic
3951,2024-07-22,Delhi,496135,iOS,Budget,1,Organic
3952,2024-04-21,Mumbai,498538,iOS,Regular,0,Google Ads
3953,2024-08-07,Chennai,462673,Android,Regular,0,Referral
3954,2024-04-18,Hyderabad,427229,iOS,Regular,0,Instagram
3955,2024-09-10,Pune,414430,Android,Premium,1,Instagram
3956,2024-05-17,Mumbai,484295,Android,Premium,1,Google Ads
3957,2024-06-14,Hyderabad,515578,Android,Budget,0,Organic
3958,2024-05-25,Pune,488075,Android,Regular,1,Referral
3959,2024-06-21,Bangalore,468937,iOS,Regular,1,Referral
3960,2024-10-07,Mumbai,457379,Android,Budget,1,Organic
3961,2024-10-22,Mumbai,437311,Android,Budget,1,Referral
3962,2024-03-07,Bangalore,501828,Android,Regular,0,Google Ads
3963,2024-10-16,Bangalore,499863,Android,Budget,0,Referral
3964,2024-09-05,Mumbai,438890,iOS,Premium,1,Referral
3965,2024-06-24,Bangalore,451429,iOS,Regular,0,Organic
3966,2024-12-15,Delhi,510503,Android,Budget,1,Organic
3967,2025-01-25,Pune,450256,Android,Budget,0,Instagram
3968,2024-01-25,Pune,505825,Android,Premium,0,Google Ads
3969,2024-01-24,Pune,405410,Android,Budget,0,Organic
3970,2024-02-20,Delhi,442439,Android,Regular,1,Organic
3971,2024-11-16,Bangalore,407870,Android,Regular,0,Organic
3972,2024-08-23,Hyderabad,425959,iOS,Premium,0,Referral
3973,2024-01-09,Bangalore,550841,Android,Regular,1,Google Ads
3974,2024-03-04,Mumbai,557218,iOS,Budget,1,Google Ads
3975,2024-03-21,Chennai,475623,Android,Budget,0,Referral
3976,2024-08-13,Pune,426443,Android,Regular,0,Referral
3977,2024-08-21,Bangalore,481949,iOS,Premium,0,Organic
3978,2024-01-01,Hyderabad,425597,Android,Budget,1,Instagram
3979,2024-08-07,Mumbai,475792,Android,Regular,0,Instagram
3980,2024-04-13,Delhi,442407,Android,Budget,0,Google Ads
3981,2024-12-18,Delhi,440525,Android,Premium,0,Instagram
3982,2024-03-08,Hyderabad,554405,Android,Regular,0,Organic
3983,2024-11-28,Mumbai,510161,Android,Budget,0,Referral
3984,2024-06-03,Pune,546837,iOS,Budget,0,Google Ads
3985,2024-03-22,Bangalore,558636,iOS,Budget,1,Google Ads
3986,2024-05-20,Mumbai,405063,Android,Regular,0,Referral
3987,2024-02-17,Delhi,444646,Android,Regular,0,Instagram
3988,2024-12-01,Hyderabad,522760,iOS,Budget,0,Google Ads
3989,2024-07-03,Hyderabad,407245,Android,Premium,1,Referral
3990,2024-05-08,Bangalore,537445,Android,Regular,0,Referral
3991,2024-02-12,Hyderabad,485502,Android,Regular,0,Instagram
3992,2024-07-09,Hyderabad,517451,iOS,Budget,0,Instagram
3993,2024-12-06,Mumbai,416957,Android,Budget,0,Organic
3994,2024-11-28,Pune,544967,Android,Regular,1,Instagram
3995,2024-03-25,Bangalore,416710,Android,Regular,0,Instagram
3996,2024-01-27,Mumbai,518429,iOS,Regular,0,Referral
3997,2024-07-21,Pune,415211,Android,Premium,1,Google Ads
3998,2024-11-16,Mumbai,502082,Android,Regular,0,Referral
3999,2024-06-05,Chennai,500026,Android,Budget,0,Organic
4000,2025-01-06,Mumbai,548806,Android,Premium,0,Referral
4001,2024-12-24,Hyderabad,551153,iOS,Regular,0,Organic
4002,2025-01-21,Pune,524477,iOS,Budget,0,Instagram
4003,2024-04-29,Bangalore,459847,Android,Budget,0,Google Ads
4004,2024-08-07,Bangalore,465481,Android,Regular,1,Google Ads
4005,2024-12-01,Pune,452961,Android,Premium,0,Referral
4006,2024-02-16,Hyderabad,558323,Android,Budget,0,Google Ads
4007,2024-12-26,Delhi,485766,Android,Budget,0,Organic
4008,2024-02-18,Mumbai,517266,iOS,Regular,0,Organic
4009,2024-01-01,Hyderabad,448138,iOS,Premium,1,Instagram
4010,2024-04-19,Chennai,518923,Android,Budget,0,Referral
4011,2024-09-01,Pune,521281,Android,Premium,1,Instagram
4012,2024-02-09,Mumbai,443877,Android,Budget,0,Google Ads
4013,2024-03-08,Bangalore,494548,Android,Budget,0,Instagram
4014,2024-10-30,Delhi,450228,Android,Budget,0,Google Ads
4015,2024-04-25,Chennai,484434,Android,Budget,0,Organic
4016,2024-09-22,Bangalore,473705,Android,Budget,0,Referral
4017,2024-12-14,Pune,406862,Android,Premium,1,Referral
4018,2024-08-15,Mumbai,461915,Android,Budget,0,Instagram
4019,2024-01-05,Pune,463889,Android,Budget,1,Google Ads
4020,2024-01-05,Mumbai,479287,Android,Budget,0,Organic
4021,2024-12-22,Hyderabad,461294,iOS,Regular,0,Google Ads
4022,2024-06-24,Delhi,468516,Android,Premium,0,Instagram
4023,2024-03-02,Hyderabad,554597,iOS,Budget,0,Google Ads
4024,2024-08-04,Hyderabad,407066,Android,Regular,1,Organic
4025,2024-12-21,Pune,488721,Android,Budget,0,Instagram
4026,2024-03-08,Delhi,458877,Android,Regular,1,Organic
4027,2024-09-01,Mumbai,554777,Android,Budget,0,Instagram
4028,2024-02-06,Mumbai,536695,Android,Regular,1,Referral
4029,2024-04-27,Chennai,483798,Android,Regular,1,Google Ads
4030,2024-07-15,Bangalore,491142,Android,Regular,0,Organic
4031,2024-02-15,Chennai,502391,Android,Budget,0,Organic
4032,2025-01-09,Chennai,496857,Android,Budget,0,Google Ads
4033,2024-02-22,Mumbai,466202,iOS,Regular,0,Organic
4034,2024-02-22,Pune,489767,Android,Regular,0,Organic
4035,2024-06-09,Hyderabad,422996,Android,Budget,0,Organic
4036,2024-07-07,Hyderabad,492321,Android,Premium,0,Referral
4037,2024-06-02,Hyderabad,480142,iOS,Regular,1,Organic
4038,2024-03-11,Delhi,539492,Android,Budget,0,Referral
4039,2024-07-14,Mumbai,470800,Android,Budget,1,Google Ads
4040,2025-01-31,Pune,445688,Android,Premium,0,Referral
4041,2025-01-20,Delhi,437277,Android,Budget,0,Organic
4042,2024-03-09,Bangalore,434524,Android,Premium,0,Organic
4043,2024-11-24,Pune,454616,Android,Regular,0,Organic
4044,2024-12-12,Chennai,410515,iOS,Budget,1,Referral
4045,2024-03-14,Pune,447457,iOS,Regular,1,Instagram
4046,2024-02-05,Pune,407234,Android,Budget,0,Instagram
4047,2024-09-28,Hyderabad,401103,iOS,Budget,1,Google Ads
4048,2024-10-15,Pune,466134,Android,Budget,0,Google Ads
4049,2024-01-05,Chennai,446716,iOS,Premium,1,Google Ads
4050,2024-11-08,Chennai,510546,Android,Regular,0,Organic
4051,2024-11-28,Mumbai,504086,Android,Budget,1,Instagram
4052,2024-03-25,Pune,509102,iOS,Budget,1,Instagram
4053,2024-08-13,Hyderabad,537329,iOS,Regular,0,Google Ads
4054,2024-06-28,Pune,508685,Android,Budget,0,Instagram
4055,2025-01-04,Bangalore,464801,iOS,Budget,0,Google Ads
4056,2024-04-19,Bangalore,494938,Android,Budget,0,Organic
4057,2024-11-17,Hyderabad,441549,iOS,Regular,1,Instagram
4058,2025-01-18,Mumbai,528846,Android,Budget,1,Organic
4059,2024-03-18,Mumbai,513816,Android,Regular,1,Organic
4060,2024-07-29,Chennai,527603,Android,Regular,0,Instagram
4061,2024-11-11,Chennai,526271,Android,Premium,0,Referral
4062,2024-12-17,Delhi,526321,Android,Regular,0,Google Ads
4063,2024-08-14,Hyderabad,557278,Android,Regular,1,Instagram
4064,2024-04-21,Pune,425571,Android,Regular,0,Organic
4065,2024-02-14,Hyderabad,421183,iOS,Premium,0,Google Ads
4066,2024-02-21,Delhi,439374,Android,Regular,0,Organic
4067,2024-03-12,Chennai,443020,Android,Regular,0,Google Ads
4068,2025-01-20,Hyderabad,416044,Android,Budget,0,Instagram
4069,2024-03-04,Hyderabad,419240,Android,Premium,0,Organic
4070,2024-10-28,Chennai,541489,Android,Budget,1,Google Ads
4071,2025-01-08,Delhi,534485,Android,Budget,0,Google Ads
4072,2024-07-15,Chennai,481977,Android,Regular,1,Instagram
4073,2024-06-28,Mumbai,424407,Android,Premium,0,Google Ads
4074,2024-08-07,Pune,401876,Android,Regular,1,Google Ads
4075,2024-06-10,Chennai,536825,Android,Regular,0,Organic
4076,2024-03-12,Delhi,532426,iOS,Premium,1,Instagram
4077,2024-05-06,Bangalore,558059,Android,Regular,1,Instagram
4078,2024-05-21,Mumbai,414692,iOS,Regular,0,Organic
4079,2024-11-26,Bangalore,448076,Android,Regular,1,Referral
4080,2024-02-13,Chennai,410795,iOS,Premium,0,Organic
4081,2024-05-07,Mumbai,547479,Android,Regular,1,Organic
4082,2024-10-10,Pune,475931,Android,Premium,0,Referral
4083,2024-11-03,Chennai,557945,iOS,Budget,1,Google Ads
4084,2024-11-03,Pune,441709,Android,Budget,1,Instagram
4085,2025-01-04,Hyderabad,515493,Android,Budget,0,Instagram
4086,2024-11-07,Bangalore,506630,Android,Regular,0,Referral
4087,2024-05-25,Mumbai,551873,iOS,Premium,1,Instagram
4088,2024-12-19,Pune,523314,Android,Budget,1,Referral
4089,2024-01-14,Delhi,421353,Android,Budget,1,Google Ads
4090,2024-12-03,Pune,501976,Android,Budget,0,Referral
4091,2024-06-03,Delhi,493849,Android,Regular,0,Instagram
4092,2024-04-15,Chennai,546511,iOS,Budget,0,Instagram
4093,2024-09-22,Mumbai,445000,Android,Budget,0,Referral
4094,2024-11-06,Pune,418483,iOS,Premium,0,Instagram
4095,2024-09-17,Pune,447280,Android,Budget,0,Referral
4096,2024-04-06,Mumbai,509414,Android,Regular,0,Instagram
4097,2025-01-17,Pune,454214,Android,Regular,0,Organic
4098,2024-07-19,Delhi,513910,Android,Regular,0,Google Ads
4099,2024-05-31,Pune,413027,Android,Budget,1,Instagram
4100,2024-11-26,Bangalore,485185,Android,Premium,0,Instagram
4101,2024-01-28,Chennai,405436,Android,Regular,0,Instagram
4102,2024-05-02,Hyderabad,539566,Android,Budget,0,Referral
4103,2024-09-10,Delhi,459322,Android,Budget,0,Instagram
4104,2024-07-16,Bangalore,533836,Android,Budget,1,Referral
4105,2024-02-27,Chennai,420390,Android,Regular,0,Instagram
4106,2024-05-03,Mumbai,431499,Android,Regular,1,Organic
4107,2024-09-12,Delhi,463756,Android,Budget,0,Organic
4108,2024-11-22,Hyderabad,501546,Android,Budget,1,Google Ads
4109,2024-10-31,Chennai,435826,iOS,Premium,0,Referral
4110,2024-02-06,Hyderabad,416935,Android,Premium,0,Google Ads
4111,2024-09-27,Mumbai,405575,Android,Regular,1,Instagram
4112,2024-01-07,Mumbai,530699,Android,Regular,0,Instagram
4113,2024-07-03,Delhi,532660,iOS,Premium,1,Organic
4114,2024-06-11,Pune,442783,Android,Regular,0,Google Ads
4115,2024-03-08,Mumbai,460562,iOS,Regular,1,Instagram
4116,2024-07-17,Chennai,535482,Android,Budget,1,Instagram
4117,2024-10-18,Pune,527160,iOS,Regular,1,Referral
4118,2024-08-03,Bangalore,426752,Android,Budget,0,Instagram
4119,2024-07-06,Hyderabad,438175,Android,Budget,0,Google Ads
4120,2024-10-06,Pune,522679,Android,Premium,1,Organic
4121,2024-12-15,Hyderabad,456573,iOS,Regular,1,Organic
4122,2024-03-29,Pune,461417,iOS,Premium,0,Instagram
4123,2025-01-25,Bangalore,543114,Android,Regular,0,Instagram
4124,2024-08-29,Mumbai,554300,Android,Premium,0,Instagram
4125,2025-01-29,Bangalore,435202,Android,Budget,1,Referral
4126,2024-02-07,Mumbai,436070,Android,Regular,0,Instagram
4127,2024-01-09,Mumbai,426371,Android,Budget,0,Instagram
4128,2024-10-27,Hyderabad,525343,Android,Budget,0,Referral
4129,2024-02-04,Chennai,542659,iOS,Budget,1,Google Ads
4130,2024-01-08,Bangalore,525759,Android,Regular,1,Referral
4131,2024-05-14,Pune,536395,Android,Budget,0,Organic
4132,2024-04-20,Bangalore,465295,Android,Regular,0,Referral
4133,2024-01-21,Hyderabad,479469,iOS,Budget,1,Referral
4134,2024-01-31,Mumbai,490716,Android,Budget,1,Google Ads
4135,2024-07-22,Hyderabad,470794,Android,Regular,0,Google Ads
4136,2024-09-16,Delhi,511673,iOS,Premium,1,Instagram
4137,2024-05-26,Delhi,540850,iOS,Budget,0,Referral
4138,2024-11-17,Pune,542322,Android,Regular,1,Google Ads
4139,2024-12-30,Hyderabad,520903,Android,Premium,0,Organic
4140,2024-09-13,Pune,421391,iOS,Regular,0,Instagram
4141,2025-01-27,Pune,420370,Android,Regular,1,Referral
4142,2024-07-31,Delhi,543954,Android,Budget,0,Organic
4143,2024-08-04,Pune,409588,Android,Regular,0,Google Ads
4144,2024-12-25,Delhi,507010,Android,Budget,0,Instagram
4145,2024-07-24,Mumbai,538906,iOS,Regular,0,Organic
4146,2024-02-12,Hyderabad,447014,Android,Premium,1,Referral
4147,2024-11-23,Pune,517342,Android,Regular,0,Organic
4148,2024-10-01,Delhi,527786,iOS,Budget,0,Instagram
4149,2024-10-02,Bangalore,546827,Android,Premium,0,Referral
4150,2024-11-11,Pune,507585,Android,Regular,0,Referral
4151,2024-03-19,Chennai,478114,iOS,Premium,0,Organic
4152,2024-05-22,Mumbai,486785,Android,Regular,1,Instagram
4153,2024-02-12,Mumbai,435283,Android,Budget,0,Referral
4154,2024-06-07,Bangalore,424125,Android,Regular,1,Instagram
4155,2024-02-10,Delhi,470103,Android,Regular,0,Google Ads
4156,2024-09-18,Pune,533269,iOS,Budget,0,Organic
4157,2024-04-14,Delhi,461528,Android,Regular,0,Instagram
4158,2024-03-20,Mumbai,530372,Android,Regular,0,Google Ads
4159,2024-10-01,Delhi,530943,Android,Regular,1,Google Ads
4160,2024-06-16,Mumbai,496652,Android,Budget,0,Instagram
4161,2024-07-19,Delhi,485396,iOS,Regular,0,Instagram
4162,2024-10-27,Bangalore,411346,iOS,Budget,1,Organic
4163,2024-11-20,Hyderabad,524545,iOS,Regular,0,Organic
4164,2025-01-25,Bangalore,434078,Android,Budget,0,Referral
4165,2024-11-28,Bangalore,530430,Android,Budget,1,Organic
4166,2024-12-14,Hyderabad,412056,Android,Budget,0,Instagram
4167,2024-11-25,Hyderabad,503694,iOS,Budget,1,Referral
4168,2024-02-03,Pune,485284,Android,Regular,0,Google Ads
4169,2024-06-07,Pune,444485,Android,Premium,0,Google Ads
4170,2024-12-23,Bangalore,477515,Android,Regular,0,Instagram
4171,2024-08-11,Bangalore,490136,Android,Regular,0,Referral
4172,2025-01-08,Mumbai,435772,Android,Premium,0,Referral
4173,2024-05-02,Mumbai,510285,iOS,Premium,0,Organic
4174,2024-01-30,Pune,517400,Android,Premium,1,Google Ads
4175,2024-05-05,Chennai,504886,Android,Budget,1,Google Ads
4176,2024-02-14,Chennai,529345,Android,Regular,0,Organic
4177,2024-08-10,Pune,542833,iOS,Premium,0,Google Ads
4178,2024-02-29,Mumbai,513227,Android,Premium,0,Organic
4179,2024-08-20,Mumbai,499251,Android,Regular,1,Google Ads
4180,2024-11-09,Chennai,425763,Android,Budget,0,Google Ads
4181,2024-11-07,Delhi,536017,Android,Premium,0,Google Ads
4182,2024-01-29,Delhi,448826,Android,Regular,0,Organic
4183,2024-06-07,Mumbai,413878,Android,Budget,1,Google Ads
4184,2024-12-07,Delhi,529066,Android,Budget,0,Google Ads
4185,2025-01-14,Hyderabad,508444,Android,Regular,0,Referral
4186,2024-12-02,Pune,499613,Android,Budget,0,Google Ads
4187,2025-01-14,Pune,517675,Android,Budget,1,Instagram
4188,2024-03-30,Mumbai,515075,Android,Premium,1,Google Ads
4189,2024-03-02,Bangalore,534331,Android,Budget,1,Google Ads
4190,2024-01-07,Chennai,431630,Android,Regular,1,Referral
4191,2024-12-28,Mumbai,554031,Android,Premium,0,Referral
4192,2024-03-11,Delhi,415776,Android,Regular,0,Organic
4193,2024-12-25,Chennai,553626,iOS,Budget,1,Organic
4194,2024-01-06,Bangalore,400056,Android,Regular,0,Instagram
4195,2024-03-24,Delhi,488698,Android,Budget,0,Referral
4196,2024-09-11,Hyderabad,501506,iOS,Budget,1,Organic
4197,2024-06-26,Delhi,480721,Android,Regular,1,Organic
4198,2024-09-24,Hyderabad,478200,iOS,Premium,1,Organic
4199,2024-09-21,Chennai,556391,Android,Regular,1,Referral
4200,2025-01-04,Hyderabad,433735,Android,Budget,0,Referral
4201,2024-05-12,Chennai,549595,Android,Regular,1,Instagram
4202,2024-03-26,Chennai,542729,Android,Budget,0,Referral
4203,2024-07-09,Chennai,546966,Android,Regular,1,Referral
4204,2024-03-05,Chennai,416494,Android,Budget,0,Referral
4205,2025-01-18,Chennai,534705,Android,Premium,0,Instagram
4206,2024-05-17,Delhi,495873,Android,Budget,1,Google Ads
4207,2025-01-10,Chennai,461780,Android,Budget,0,Google Ads
4208,2024-03-01,Delhi,544339,Android,Regular,0,Organic
4209,2025-01-29,Chennai,521188,Android,Budget,0,Google Ads
4210,2024-01-16,Hyderabad,516604,Android,Regular,0,Google Ads
4211,2024-06-20,Chennai,461608,Android,Premium,0,Instagram
4212,2024-08-07,Bangalore,416941,Android,Budget,0,Instagram
4213,2024-05-19,Chennai,555076,iOS,Budget,0,Google Ads
4214,2024-09-25,Chennai,527881,iOS,Premium,0,Google Ads
4215,2024-02-02,Hyderabad,498409,Android,Regular,1,Google Ads
4216,2024-05-14,Pune,434816,Android,Premium,0,Organic
4217,2024-12-30,Hyderabad,449298,Android,Budget,0,Instagram
4218,2024-10-22,Bangalore,460108,Android,Budget,1,Google Ads
4219,2024-11-17,Pune,482794,iOS,Budget,0,Referral
4220,2024-02-09,Mumbai,547755,Android,Budget,0,Google Ads
4221,2024-09-11,Mumbai,419623,iOS,Regular,1,Referral
4222,2024-08-21,Bangalore,430409,Android,Budget,1,Organic
4223,2024-09-18,Hyderabad,539910,Android,Regular,1,Referral
4224,2024-07-03,Delhi,546480,Android,Budget,1,Instagram
4225,2024-01-29,Bangalore,493191,Android,Premium,0,Organic
4226,2024-09-12,Pune,549968,Android,Budget,1,Organic
4227,2024-10-17,Pune,400371,Android,Budget,1,Google Ads
4228,2024-03-26,Chennai,514213,Android,Regular,1,Organic
4229,2024-07-07,Mumbai,400487,Android,Budget,0,Organic
4230,2024-03-21,Pune,423763,Android,Regular,1,Referral
4231,2024-05-10,Bangalore,426614,Android,Regular,0,Google Ads
4232,2025-01-30,Pune,403197,iOS,Premium,1,Instagram
4233,2024-02-22,Bangalore,500566,Android,Regular,0,Google Ads
4234,2024-10-20,Delhi,476350,Android,Regular,1,Instagram
4235,2024-12-11,Chennai,464840,iOS,Premium,0,Referral
4236,2025-01-05,Mumbai,408573,Android,Premium,0,Organic
4237,2024-02-29,Pune,559298,Android,Regular,1,Organic
4238,2024-04-26,Bangalore,445854,iOS,Regular,0,Google Ads
4239,2025-01-14,Hyderabad,472380,iOS,Regular,0,Google Ads
4240,2024-09-17,Mumbai,532178,Android,Budget,0,Google Ads
4241,2024-01-02,Delhi,516075,Android,Premium,1,Organic
4242,2024-01-23,Bangalore,443210,Android,Regular,0,Organic
4243,2024-01-07,Chennai,549124,Android,Budget,0,Referral
4244,2024-05-05,Chennai,494245,iOS,Budget,0,Instagram
4245,2024-01-24,Delhi,500301,Android,Budget,1,Google Ads
4246,2024-08-29,Delhi,514683,Android,Budget,0,Organic
4247,2024-07-05,Chennai,457176,Android,Budget,0,Instagram
4248,2024-07-15,Pune,537922,Android,Regular,0,Google Ads
4249,2024-03-17,Pune,501552,iOS,Budget,0,Google Ads
4250,2024-04-01,Bangalore,418977,Android,Regular,1,Instagram
4251,2024-01-19,Hyderabad,530618,iOS,Budget,1,Instagram
4252,2024-10-10,Bangalore,499795,Android,Budget,0,Instagram
4253,2024-12-31,Hyderabad,456867,Android,Regular,0,Organic
4254,2025-01-14,Delhi,517753,iOS,Premium,0,Referral
4255,2024-12-01,Mumbai,447079,iOS,Regular,1,Google Ads
4256,2024-08-02,Bangalore,431114,iOS,Regular,0,Google Ads
4257,2024-04-24,Bangalore,415402,iOS,Regular,1,Instagram
4258,2024-06-13,Hyderabad,543957,Android,Budget,0,Organic
4259,2024-05-07,Delhi,547215,Android,Budget,0,Instagram
4260,2024-08-01,Delhi,471493,iOS,Budget,0,Organic
4261,2025-01-03,Hyderabad,476694,Android,Regular,1,Referral
4262,2024-06-12,Delhi,435136,Android,Regular,1,Google Ads
4263,2024-05-18,Chennai,427863,Android,Regular,0,Google Ads
4264,2024-02-09,Pune,536263,Android,Budget,0,Organic
4265,2024-10-19,Chennai,470200,iOS,Regular,0,Referral
4266,2024-07-09,Mumbai,505367,Android,Budget,1,Referral
4267,2024-03-02,Bangalore,404332,iOS,Budget,0,Google Ads
4268,2024-09-14,Mumbai,444649,Android,Budget,0,Google Ads
4269,2024-12-10,Bangalore,428550,Android,Regular,0,Instagram
4270,2024-01-27,Pune,425762,Android,Budget,1,Organic
4271,2024-04-01,Delhi,403263,Android,Regular,0,Google Ads
4272,2024-04-24,Chennai,472573,Android,Premium,0,Referral
4273,2024-09-21,Hyderabad,487859,Android,Budget,0,Referral
4274,2024-01-24,Chennai,484668,Android,Regular,1,Google Ads
4275,2024-07-24,Pune,404678,Android,Budget,0,Referral
4276,2024-02-05,Mumbai,530335,Android,Budget,0,Organic
4277,2024-08-26,Hyderabad,501438,Android,Budget,0,Referral
4278,2024-05-24,Delhi,549668,Android,Premium,0,Referral
4279,2025-01-31,Pune,460149,Android,Regular,0,Google Ads
4280,2024-06-08,Hyderabad,446927,iOS,Regular,1,Organic
4281,2024-06-16,Pune,475272,Android,Budget,0,Organic
4282,2024-02-14,Pune,434458,iOS,Premium,0,Instagram
4283,2024-10-10,Delhi,442532,iOS,Premium,0,Organic
4284,2024-08-21,Bangalore,528028,Android,Regular,0,Instagram
4285,2024-01-05,Hyderabad,445772,iOS,Premium,0,Google Ads
4286,2024-07-07,Delhi,493136,Android,Budget,1,Referral
4287,2024-04-12,Pune,466355,iOS,Regular,0,Organic
4288,2024-05-29,Delhi,512744,iOS,Regular,1,Instagram
4289,2024-10-15,Bangalore,433893,Android,Regular,0,Organic
4290,2024-06-04,Chennai,529663,Android,Premium,0,Google Ads
4291,2025-01-13,Hyderabad,495058,Android,Budget,0,Instagram
4292,2024-11-14,Bangalore,438410,Android,Budget,0,Instagram
4293,2024-05-04,Mumbai,549458,Android,Budget,0,Instagram
4294,2024-08-25,Hyderabad,554369,Android,Premium,0,Google Ads
4295,2024-07-07,Bangalore,518567,Android,Premium,0,Instagram
4296,2024-10-29,Pune,461717,Android,Regular,0,Referral
4297,2024-09-09,Hyderabad,489153,iOS,Regular,0,Google Ads
4298,2025-01-30,Hyderabad,426383,iOS,Regular,0,Referral
4299,2024-04-10,Delhi,476676,Android,Regular,1,Referral
4300,2025-01-10,Pune,422420,Android,Budget,0,Google Ads
4301,2024-10-06,Mumbai,481239,Android,Regular,0,Organic
4302,2025-01-24,Chennai,412398,Android,Regular,0,Referral
4303,2024-05-05,Bangalore,457889,iOS,Regular,1,Google Ads
4304,2024-03-18,Delhi,435170,Android,Budget,0,Referral
4305,2024-01-04,Bangalore,462183,Android,Regular,1,Instagram
4306,2024-07-28,Mumbai,492477,iOS,Premium,0,Referral
4307,2024-01-13,Mumbai,442250,iOS,Regular,0,Referral
4308,2024-04-29,Hyderabad,559414,Android,Regular,0,Referral
4309,2024-10-04,Mumbai,475604,Android,Regular,1,Instagram
4310,2024-06-26,Bangalore,479361,Android,Regular,1,Referral
4311,2024-11-21,Pune,413445,Android,Budget,1,Google Ads
4312,2024-12-21,Pune,523663,iOS,Regular,0,Referral
4313,2024-01-05,Hyderabad,498844,Android,Regular,1,Google Ads
4314,2024-06-20,Chennai,410975,Android,Regular,0,Referral
4315,2024-01-01,Bangalore,512151,iOS,Regular,1,Referral
4316,2025-01-23,Bangalore,494827,Android,Regular,0,Referral
4317,2024-12-02,Mumbai,497649,iOS,Regular,1,Organic
4318,2024-07-11,Bangalore,534029,Android,Regular,1,Organic
4319,2025-01-12,Delhi,539150,Android,Premium,0,Instagram
4320,2025-01-07,Chennai,436491,Android,Regular,0,Google Ads
4321,2024-06-06,Mumbai,524714,Android,Premium,0,Instagram
4322,2024-02-23,Delhi,455613,Android,Regular,0,Google Ads
4323,2024-04-15,Hyderabad,500475,Android,Budget,0,Instagram
4324,2024-09-28,Pune,436160,Android,Premium,1,Instagram
4325,2024-05-01,Hyderabad,439711,iOS,Regular,0,Referral
4326,2024-08-02,Pune,544879,Android,Premium,0,Referral
4327,2024-09-08,Hyderabad,513097,Android,Regular,0,Referral
4328,2024-01-31,Bangalore,507413,Android,Budget,0,Referral
4329,2024-03-13,Delhi,494925,iOS,Budget,0,Referral
4330,2024-12-30,Pune,406459,Android,Regular,0,Instagram
4331,2024-05-23,Mumbai,530994,iOS,Premium,0,Google Ads
4332,2024-02-17,Delhi,435525,Android,Regular,0,Organic
4333,2024-01-23,Mumbai,537926,Android,Budget,1,Organic
4334,2024-04-28,Delhi,440478,Android,Regular,0,Google Ads
4335,2024-09-23,Delhi,432223,Android,Regular,1,Organic
4336,2024-07-30,Hyderabad,418321,Android,Budget,1,Instagram
4337,2024-12-24,Pune,494155,iOS,Budget,0,Google Ads
4338,2024-07-09,Pune,452244,iOS,Budget,0,Google Ads
4339,2024-08-22,Delhi,548425,Android,Budget,0,Organic
4340,2025-01-17,Bangalore,472834,Android,Budget,1,Organic
4341,2024-02-13,Bangalore,493477,Android,Budget,0,Instagram
4342,2024-10-24,Mumbai,514561,Android,Premium,1,Referral
4343,2024-02-18,Mumbai,534276,iOS,Budget,0,Google Ads
4344,2024-09-15,Hyderabad,439268,Android,Budget,0,Referral
4345,2024-03-09,Delhi,437942,Android,Budget,0,Organic
4346,2024-11-22,Mumbai,482810,iOS,Regular,0,Google Ads
4347,2024-07-20,Mumbai,425369,Android,Regular,0,Referral
4348,2024-02-08,Chennai,477187,Android,Budget,0,Instagram
4349,2024-10-30,Delhi,430985,Android,Regular,1,Instagram
4350,2024-10-17,Hyderabad,400802,Android,Regular,1,Instagram
4351,2024-02-01,Mumbai,506539,Android,Budget,0,Google Ads
4352,2024-08-10,Hyderabad,512202,Android,Regular,0,Google Ads
4353,2024-12-05,Pune,447966,Android,Regular,0,Google Ads
4354,2024-03-07,Hyderabad,485270,Android,Budget,1,Google Ads
4355,2024-05-01,Bangalore,541042,Android,Regular,0,Google Ads
4356,2024-05-29,Bangalore,435970,Android,Premium,0,Referral
4357,2024-05-13,Hyderabad,491680,Android,Regular,0,Referral
4358,2024-06-10,Bangalore,556778,Android,Budget,0,Instagram
4359,2024-07-20,Pune,428364,Android,Premium,1,Referral
4360,2024-12-24,Delhi,541045,Android,Regular,1,Referral
4361,2025-01-11,Bangalore,433352,Android,Budget,0,Instagram
4362,2024-06-16,Bangalore,511024,Android,Regular,1,Instagram
4363,2024-06-11,Hyderabad,487949,iOS,Regular,1,Organic
4364,2024-08-19,Pune,456236,Android,Premium,0,Instagram
4365,2024-05-19,Delhi,414856,iOS,Budget,1,Referral
4366,2024-04-29,Hyderabad,550642,iOS,Budget,0,Google Ads
4367,2024-02-08,Hyderabad,525075,Android,Regular,0,Instagram
4368,2024-04-13,Chennai,454438,Android,Premium,0,Organic
4369,2024-03-10,Pune,556811,iOS,Budget,1,Referral
4370,2025-01-29,Delhi,537845,Android,Premium,0,Organic
4371,2024-10-26,Pune,490411,iOS,Regular,1,Organic
4372,2024-02-25,Delhi,419732,Android,Regular,0,Referral
4373,2024-03-20,Pune,541204,Android,Regular,0,Organic
4374,2024-02-24,Hyderabad,466325,Android,Budget,1,Referral
4375,2024-03-25,Hyderabad,481721,Android,Regular,1,Organic
4376,2024-08-18,Mumbai,496434,Android,Premium,0,Google Ads
4377,2024-08-26,Bangalore,402890,Android,Budget,0,Instagram
4378,2024-06-09,Chennai,409570,iOS,Regular,0,Google Ads
4379,2024-07-27,Pune,487194,iOS,Budget,0,Google Ads
4380,2024-03-02,Chennai,485193,Android,Budget,1,Organic
4381,2024-10-01,Mumbai,487155,iOS,Regular,0,Instagram
4382,2024-07-02,Bangalore,508074,iOS,Budget,0,Instagram
4383,2025-01-29,Pune,407613,iOS,Regular,0,Instagram
4384,2024-04-16,Delhi,451645,Android,Regular,0,Organic
4385,2024-08-19,Bangalore,432070,iOS,Premium,0,Google Ads
4386,2024-06-06,Hyderabad,481742,Android,Budget,0,Referral
4387,2024-08-25,Mumbai,558404,Android,Budget,1,Referral
4388,2024-05-15,Bangalore,455898,iOS,Budget,1,Referral
4389,2024-03-02,Bangalore,545007,Android,Premium,0,Instagram
4390,2024-02-16,Hyderabad,541168,Android,Regular,0,Referral
4391,2024-03-21,Pune,502545,iOS,Budget,0,Google Ads
4392,2024-12-17,Delhi,418707,Android,Premium,1,Referral
4393,2024-06-04,Hyderabad,503603,iOS,Premium,0,Instagram
4394,2024-12-26,Delhi,434630,Android,Premium,0,Instagram
4395,2024-12-22,Pune,524747,Android,Budget,1,Referral
4396,2024-11-04,Bangalore,420432,Android,Budget,0,Instagram
4397,2024-01-21,Delhi,440089,iOS,Regular,0,Referral
4398,2024-04-20,Mumbai,431386,Android,Regular,0,Instagram
4399,2024-06-16,Mumbai,470200,iOS,Budget,0,Organic
4400,2024-03-16,Hyderabad,438678,iOS,Budget,0,Organic
4401,2024-02-16,Pune,518105,Android,Premium,1,Google Ads
4402,2024-12-30,Hyderabad,412819,Android,Budget,0,Organic
4403,2024-05-07,Hyderabad,463002,iOS,Regular,0,Referral
4404,2024-07-01,Chennai,555050,Android,Regular,0,Instagram
4405,2024-07-21,Hyderabad,449833,Android,Regular,1,Google Ads
4406,2024-09-19,Chennai,440932,iOS,Regular,1,Referral
4407,2024-01-26,Mumbai,483991,iOS,Regular,0,Referral
4408,2024-12-12,Mumbai,472205,Android,Budget,0,Google Ads
4409,2024-06-02,Hyderabad,445785,Android,Regular,0,Google Ads
4410,2024-05-13,Mumbai,506306,Android,Budget,0,Referral
4411,2024-03-30,Pune,409922,Android,Regular,0,Instagram
4412,2024-01-16,Chennai,434960,iOS,Regular,0,Referral
4413,2024-07-26,Chennai,432329,iOS,Regular,1,Instagram
4414,2024-08-19,Hyderabad,539932,Android,Budget,0,Google Ads
4415,2024-10-11,Mumbai,489507,iOS,Budget,0,Referral
4416,2025-01-18,Delhi,474409,iOS,Regular,0,Organic
4417,2024-10-08,Chennai,523853,Android,Budget,0,Referral
4418,2024-05-07,Hyderabad,426709,Android,Premium,0,Instagram
4419,2024-02-18,Hyderabad,418848,iOS,Premium,0,Referral
4420,2024-08-24,Pune,455990,Android,Budget,0,Instagram
4421,2024-02-22,Bangalore,525384,Android,Budget,1,Organic
4422,2024-03-12,Bangalore,404923,Android,Regular,1,Google Ads
4423,2024-03-03,Chennai,452336,Android,Premium,0,Organic
4424,2024-01-07,Pune,526914,Android,Regular,0,Instagram
4425,2024-02-01,Pune,544614,Android,Budget,0,Google Ads
4426,2024-04-23,Pune,419552,iOS,Regular,0,Google Ads
4427,2024-03-07,Chennai,550454,Android,Budget,0,Referral
4428,2024-04-11,Bangalore,513320,Android,Budget,1,Organic
4429,2024-07-24,Pune,455674,Android,Budget,0,Instagram
4430,2024-07-09,Mumbai,501532,Android,Regular,1,Instagram
4431,2024-12-17,Hyderabad,422949,Android,Budget,0,Google Ads
4432,2024-11-18,Hyderabad,492265,Android,Regular,1,Referral
4433,2024-11-26,Delhi,459073,Android,Premium,0,Instagram
4434,2024-02-13,Delhi,467561,Android,Regular,1,Referral
4435,2024-10-25,Chennai,533559,iOS,Regular,0,Google Ads
4436,2024-10-27,Chennai,466692,Android,Budget,1,Google Ads
4437,2024-05-12,Hyderabad,541155,Android,Regular,0,Google Ads
4438,2024-02-08,Mumbai,502782,Android,Budget,0,Referral
4439,2024-01-12,Bangalore,484106,Android,Regular,0,Instagram
4440,2024-02-03,Bangalore,407087,iOS,Budget,0,Organic
4441,2024-04-11,Chennai,527819,Android,Budget,0,Referral
4442,2024-11-26,Mumbai,467854,Android,Budget,0,Google Ads
4443,2024-08-15,Chennai,501926,iOS,Budget,0,Organic
4444,2024-03-06,Bangalore,470028,iOS,Regular,0,Organic
4445,2024-02-17,Chennai,415917,Android,Regular,0,Organic
4446,2024-06-18,Pune,415249,Android,Budget,1,Organic
4447,2024-03-03,Chennai,424227,Android,Regular,1,Organic
4448,2024-01-22,Hyderabad,556098,iOS,Regular,0,Google Ads
4449,2024-08-24,Chennai,448381,Android,Regular,0,Instagram
4450,2024-01-26,Hyderabad,407849,Android,Premium,1,Organic
4451,2024-03-27,Mumbai,414275,Android,Budget,1,Instagram
4452,2024-10-20,Bangalore,454546,Android,Budget,0,Instagram
4453,2024-08-09,Delhi,496495,Android,Regular,1,Referral
4454,2025-01-05,Delhi,515982,iOS,Premium,0,Google Ads
4455,2024-07-21,Bangalore,416305,Android,Regular,1,Organic
4456,2024-09-11,Delhi,411295,iOS,Premium,0,Instagram
4457,2024-01-16,Chennai,426426,Android,Regular,0,Referral
4458,2024-07-14,Mumbai,510778,Android,Regular,0,Instagram
4459,2024-12-15,Mumbai,540498,iOS,Regular,0,Organic
4460,2024-08-06,Bangalore,491550,Android,Regular,0,Google Ads
4461,2024-03-29,Delhi,493465,Android,Regular,1,Google Ads
4462,2024-06-30,Chennai,506749,iOS,Regular,0,Organic
4463,2024-04-19,Mumbai,468296,Android,Regular,0,Instagram
4464,2024-04-05,Mumbai,416092,Android,Regular,0,Referral
4465,2024-05-20,Pune,519944,Android,Budget,0,Google Ads
4466,2024-05-23,Pune,531075,Android,Regular,1,Google Ads
4467,2024-08-16,Mumbai,450412,iOS,Regular,1,Instagram
4468,2024-03-17,Bangalore,495697,Android,Premium,0,Instagram
4469,2024-01-18,Hyderabad,551780,iOS,Regular,0,Instagram
4470,2024-11-10,Hyderabad,546321,Android,Budget,0,Referral
4471,2024-11-13,Chennai,471310,Android,Budget,1,Instagram
4472,2024-11-11,Mumbai,546110,Android,Regular,0,Referral
4473,2024-05-05,Mumbai,467422,iOS,Budget,0,Organic
4474,2024-11-27,Mumbai,440613,Android,Premium,0,Referral
4475,2024-05-31,Bangalore,413451,iOS,Budget,1,Instagram
4476,2024-09-12,Pune,409492,Android,Premium,0,Referral
4477,2024-07-29,Mumbai,517027,iOS,Regular,0,Referral
4478,2024-10-08,Mumbai,474805,iOS,Premium,0,Referral
4479,2024-09-02,Delhi,493294,Android,Budget,0,Google Ads
4480,2024-02-01,Bangalore,519499,iOS,Regular,0,Instagram
4481,2024-02-14,Chennai,537864,Android,Budget,0,Referral
4482,2024-05-23,Mumbai,505476,iOS,Budget,0,Instagram
4483,2024-07-15,Delhi,428315,Android,Budget,1,Organic
4484,2024-03-11,Hyderabad,451884,Android,Regular,0,Referral
4485,2024-08-02,Chennai,487087,Android,Budget,0,Referral
4486,2024-04-12,Mumbai,501292,Android,Premium,1,Organic
4487,2024-11-25,Mumbai,409968,Android,Budget,1,Instagram
4488,2024-09-26,Delhi,443221,Android,Budget,1,Organic
4489,2024-05-07,Bangalore,536020,Android,Budget,1,Organic
4490,2024-11-18,Mumbai,456132,Android,Regular,0,Organic
4491,2024-10-05,Hyderabad,428877,Android,Budget,0,Organic
4492,2024-01-10,Mumbai,501449,iOS,Premium,0,Instagram
4493,2024-07-14,Hyderabad,551044,iOS,Regular,1,Referral
4494,2024-12-31,Chennai,449229,iOS,Premium,0,Organic
4495,2024-07-02,Chennai,474496,Android,Budget,0,Organic
4496,2024-09-02,Pune,428262,Android,Regular,0,Google Ads
4497,2024-10-05,Pune,506602,iOS,Regular,1,Instagram
4498,2024-09-05,Hyderabad,461261,iOS,Premium,1,Organic
4499,2024-06-25,Bangalore,534419,iOS,Regular,1,Google Ads
4500,2024-10-16,Mumbai,456177,Android,Premium,0,Organic
4501,2024-09-14,Mumbai,452301,Android,Budget,0,Instagram
4502,2024-06-13,Pune,542413,iOS,Regular,0,Google Ads
4503,2024-07-17,Hyderabad,433013,Android,Budget,0,Google Ads
4504,2024-05-18,Mumbai,502154,Android,Budget,0,Instagram
4505,2024-04-02,Mumbai,556630,iOS,Budget,0,Google Ads
4506,2024-01-14,Bangalore,473274,Android,Premium,0,Google Ads
4507,2024-06-12,Delhi,512329,Android,Premium,1,Organic
4508,2024-11-01,Pune,510305,Android,Budget,0,Google Ads
4509,2024-04-22,Pune,506638,iOS,Premium,1,Referral
4510,2024-01-16,Delhi,548349,Android,Regular,0,Instagram
4511,2024-05-23,Mumbai,454640,iOS,Regular,0,Organic
4512,2024-01-30,Bangalore,521940,Android,Budget,0,Google Ads
4513,2024-08-29,Bangalore,407311,Android,Regular,0,Referral
4514,2024-09-28,Pune,502945,Android,Budget,0,Organic
4515,2024-07-02,Bangalore,541464,Android,Budget,0,Instagram
4516,2025-01-27,Chennai,522014,Android,Regular,1,Google Ads
4517,2024-10-26,Delhi,541965,Android,Premium,1,Instagram
4518,2024-04-29,Mumbai,476734,Android,Regular,0,Instagram
4519,2024-03-22,Chennai,509265,Android,Premium,1,Google Ads
4520,2024-02-21,Delhi,479072,Android,Premium,0,Google Ads
4521,2024-05-06,Hyderabad,522612,iOS,Budget,1,Organic
4522,2024-12-02,Pune,470659,Android,Budget,0,Instagram
4523,2024-05-03,Bangalore,409853,Android,Regular,1,Google Ads
4524,2024-05-16,Hyderabad,405388,Android,Premium,1,Instagram
4525,2024-09-30,Bangalore,527572,Android,Premium,1,Google Ads
4526,2025-01-12,Chennai,497296,Android,Regular,0,Instagram
4527,2024-01-29,Mumbai,530382,Android,Regular,0,Organic
4528,2025-01-26,Mumbai,439995,Android,Regular,0,Instagram
4529,2024-04-22,Mumbai,516913,iOS,Budget,0,Google Ads
4530,2024-10-21,Bangalore,531633,iOS,Budget,0,Referral
4531,2024-07-17,Hyderabad,524211,iOS,Regular,1,Organic
4532,2024-06-30,Mumbai,456566,Android,Premium,0,Organic
4533,2024-03-29,Hyderabad,401313,Android,Premium,0,Referral
4534,2024-03-31,Bangalore,549278,Android,Budget,0,Google Ads
4535,2024-05-01,Chennai,525883,Android,Regular,0,Organic
4536,2024-10-30,Hyderabad,542668,Android,Premium,0,Referral
4537,2024-06-11,Chennai,487567,Android,Regular,0,Referral
4538,2025-01-12,Bangalore,421330,iOS,Budget,0,Instagram
4539,2024-12-23,Bangalore,468188,Android,Regular,1,Instagram
4540,2024-07-02,Pune,475543,Android,Regular,0,Google Ads
4541,2024-10-29,Bangalore,508238,Android,Regular,1,Referral
4542,2024-01-15,Bangalore,514477,Android,Regular,1,Instagram
4543,2024-12-26,Delhi,435646,iOS,Premium,0,Google Ads
4544,2024-12-24,Mumbai,487503,Android,Budget,1,Organic
4545,2024-06-29,Pune,487311,Android,Budget,0,Instagram
4546,2024-10-17,Pune,469620,Android,Regular,0,Google Ads
4547,2024-10-15,Pune,433514,Android,Budget,0,Instagram
4548,2024-03-13,Delhi,408750,Android,Premium,0,Organic
4549,2024-10-15,Chennai,460646,iOS,Budget,1,Organic
4550,2024-04-06,Bangalore,453176,iOS,Regular,0,Instagram
4551,2024-09-09,Mumbai,548396,Android,Premium,0,Organic
4552,2024-10-04,Hyderabad,450763,Android,Budget,0,Google Ads
4553,2024-06-07,Chennai,464223,Android,Premium,0,Instagram
4554,2024-03-30,Bangalore,412214,Android,Regular,1,Instagram
4555,2024-09-08,Delhi,497368,iOS,Budget,0,Organic
4556,2024-01-20,Bangalore,558786,Android,Premium,0,Google Ads
4557,2024-02-16,Bangalore,507158,iOS,Budget,0,Instagram
4558,2024-01-29,Delhi,432584,Android,Regular,0,Instagram
4559,2024-04-29,Pune,528793,Android,Budget,0,Organic
4560,2024-11-04,Pune,479945,Android,Budget,0,Organic
4561,2024-04-22,Mumbai,422370,Android,Premium,0,Google Ads
4562,2024-01-11,Mumbai,515845,Android,Regular,1,Google Ads
4563,2024-09-26,Pune,419511,Android,Budget,0,Organic
4564,2024-09-01,Chennai,412121,Android,Regular,1,Google Ads
4565,2024-01-01,Hyderabad,499848,Android,Regular,1,Referral
4566,2024-06-18,Bangalore,498576,Android,Premium,1,Referral
4567,2024-11-10,Hyderabad,529270,Android,Regular,0,Organic
4568,2024-04-13,Bangalore,405296,Android,Premium,1,Instagram
4569,2024-03-07,Pune,420461,Android,Regular,1,Organic
4570,2024-06-23,Mumbai,414964,Android,Regular,1,Organic
4571,2025-01-02,Chennai,477117,Android,Premium,0,Organic
4572,2024-03-31,Mumbai,427329,iOS,Budget,0,Instagram
4573,2024-06-14,Hyderabad,484630,Android,Budget,1,Referral
4574,2024-01-31,Mumbai,524035,Android,Budget,0,Google Ads
4575,2024-01-12,Pune,421606,Android,Budget,0,Referral
4576,2024-03-16,Chennai,510902,iOS,Budget,0,Google Ads
4577,2024-10-27,Hyderabad,508242,Android,Regular,1,Google Ads
4578,2024-12-26,Chennai,447599,Android,Regular,0,Organic
4579,2024-03-13,Bangalore,472259,Android,Budget,1,Organic
4580,2025-01-31,Mumbai,440970,iOS,Budget,0,Google Ads
4581,2024-02-26,Chennai,462785,Android,Budget,0,Instagram
4582,2024-09-26,Delhi,547001,Android,Regular,0,Instagram
4583,2024-07-05,Mumbai,421275,iOS,Regular,0,Instagram
4584,2024-02-07,Bangalore,529995,iOS,Budget,0,Instagram
4585,2024-07-10,Chennai,434417,Android,Premium,0,Organic
4586,2024-12-26,Hyderabad,500435,Android,Regular,0,Referral
4587,2024-12-05,Bangalore,451311,Android,Premium,0,Referral
4588,2024-07-21,Delhi,480759,iOS,Budget,0,Google Ads
4589,2024-10-27,Chennai,543436,Android,Regular,0,Instagram
4590,2024-02-21,Pune,430629,Android,Regular,0,Organic
4591,2024-06-21,Mumbai,469673,Android,Premium,0,Organic
4592,2024-06-03,Hyderabad,446247,Android,Regular,0,Organic
4593,2024-06-14,Pune,542234,Android,Premium,1,Google Ads
4594,2024-03-10,Chennai,489111,Android,Regular,0,Organic
4595,2024-03-21,Chennai,402811,Android,Regular,0,Google Ads
4596,2025-01-09,Bangalore,471689,Android,Premium,0,Google Ads
4597,2024-08-11,Chennai,465549,Android,Regular,0,Google Ads
4598,2024-11-23,Hyderabad,411163,iOS,Regular,0,Google Ads
4599,2024-09-06,Pune,487859,iOS,Budget,0,Organic
4600,2024-11-28,Hyderabad,473536,Android,Premium,0,Organic
4601,2024-06-11,Delhi,538292,Android,Regular,0,Referral
4602,2024-03-30,Delhi,470865,Android,Regular,0,Organic
4603,2024-12-28,Mumbai,534694,Android,Budget,0,Instagram
4604,2024-10-14,Mumbai,518372,Android,Regular,0,Instagram
4605,2024-12-21,Delhi,489793,Android,Regular,0,Google Ads
4606,2024-11-10,Chennai,466189,Android,Regular,1,Google Ads
4607,2024-07-01,Hyderabad,481719,Android,Regular,0,Google Ads
4608,2024-04-24,Delhi,436559,iOS,Budget,1,Referral
4609,2024-12-06,Mumbai,528939,iOS,Budget,0,Google Ads
4610,2024-10-28,Delhi,546732,Android,Regular,1,Referral
4611,2024-03-30,Chennai,434414,Android,Budget,0,Google Ads
4612,2024-07-12,Delhi,410436,Android,Regular,0,Instagram
4613,2024-06-06,Hyderabad,428068,Android,Regular,0,Google Ads
4614,2025-01-10,Pune,487795,Android,Premium,0,Organic
4615,2024-12-18,Chennai,493824,Android,Budget,1,Google Ads
4616,2024-05-30,Mumbai,469225,iOS,Budget,0,Organic
4617,2024-03-06,Hyderabad,401380,Android,Regular,0,Organic
4618,2024-03-31,Delhi,502548,iOS,Regular,0,Organic
4619,2025-01-08,Delhi,508542,Android,Budget,0,Organic
4620,2024-01-01,Pune,558697,Android,Premium,0,Referral
4621,2024-12-25,Mumbai,514635,Android,Regular,0,Referral
4622,2024-10-20,Mumbai,528702,Android,Budget,0,Google Ads
4623,2024-07-19,Bangalore,457746,iOS,Budget,0,Google Ads
4624,2025-01-29,Mumbai,503916,Android,Premium,1,Referral
4625,2024-10-17,Pune,543589,Android,Budget,1,Google Ads
4626,2024-01-17,Bangalore,529561,Android,Budget,0,Google Ads
4627,2024-04-03,Bangalore,555916,Android,Budget,0,Referral
4628,2024-11-04,Delhi,536985,Android,Regular,0,Referral
4629,2024-06-11,Delhi,552587,Android,Premium,0,Google Ads
4630,2024-11-09,Mumbai,559870,iOS,Budget,1,Referral
4631,2024-04-23,Bangalore,537522,Android,Budget,0,Instagram
4632,2024-11-23,Delhi,532798,Android,Budget,0,Organic
4633,2024-10-16,Pune,481407,Android,Regular,0,Organic
4634,2024-02-23,Delhi,409305,Android,Budget,1,Instagram
4635,2024-09-11,Chennai,525556,Android,Premium,1,Instagram
4636,2024-03-13,Chennai,544736,iOS,Budget,1,Google Ads
4637,2024-06-18,Delhi,470321,Android,Budget,0,Google Ads
4638,2025-01-16,Bangalore,494489,Android,Budget,0,Organic
4639,2024-02-09,Bangalore,475592,Android,Premium,1,Google Ads
4640,2024-05-01,Hyderabad,495045,iOS,Regular,0,Organic
4641,2024-06-26,Chennai,543749,iOS,Premium,0,Google Ads
4642,2024-06-12,Pune,425193,Android,Budget,0,Google Ads
4643,2024-03-26,Bangalore,555795,Android,Budget,0,Organic
4644,2024-11-21,Mumbai,538519,Android,Regular,0,Instagram
4645,2024-02-15,Chennai,519305,iOS,Regular,1,Instagram
4646,2024-12-28,Pune,535798,Android,Regular,0,Google Ads
4647,2024-12-09,Pune,488208,Android,Budget,1,Instagram
4648,2024-11-23,Bangalore,473742,Android,Budget,1,Google Ads
4649,2025-01-08,Pune,416366,Android,Budget,1,Referral
4650,2024-06-20,Bangalore,465793,Android,Regular,0,Referral
4651,2024-08-16,Delhi,546777,iOS,Regular,0,Referral
4652,2024-01-06,Chennai,450576,Android,Premium,1,Instagram
4653,2024-05-15,Hyderabad,519642,iOS,Budget,0,Instagram
4654,2024-04-17,Delhi,532268,Android,Premium,0,Organic
4655,2024-05-07,Chennai,453518,iOS,Regular,0,Instagram
4656,2024-12-20,Bangalore,434013,iOS,Budget,0,Google Ads
4657,2024-02-04,Chennai,542488,Android,Premium,0,Organic
4658,2024-06-28,Bangalore,421687,iOS,Regular,0,Instagram
4659,2024-05-11,Delhi,559816,Android,Regular,0,Organic
4660,2024-02-25,Mumbai,432162,Android,Regular,0,Instagram
4661,2025-01-03,Mumbai,402403,Android,Budget,1,Google Ads
4662,2024-01-01,Chennai,463191,iOS,Regular,0,Referral
4663,2024-01-25,Mumbai,413276,iOS,Premium,0,Referral
4664,2024-07-16,Bangalore,559255,Android,Budget,1,Google Ads
4665,2024-08-12,Pune,414916,Android,Regular,0,Organic
4666,2025-01-10,Bangalore,400910,Android,Regular,1,Referral
4667,2024-08-02,Pune,514111,iOS,Budget,0,Instagram
4668,2024-03-26,Delhi,465909,Android,Budget,1,Instagram
4669,2024-07-30,Hyderabad,527338,Android,Budget,0,Organic
4670,2024-09-09,Pune,422621,Android,Regular,0,Organic
4671,2024-07-12,Mumbai,434113,Android,Premium,0,Google Ads
4672,2024-06-28,Bangalore,402432,Android,Regular,0,Referral
4673,2024-10-06,Delhi,486591,Android,Budget,0,Organic
4674,2024-07-11,Mumbai,462176,Android,Regular,1,Referral
4675,2024-02-21,Delhi,517473,iOS,Premium,0,Referral
4676,2024-09-02,Hyderabad,432625,Android,Budget,1,Instagram
4677,2024-10-22,Bangalore,461265,iOS,Premium,0,Organic
4678,2024-11-29,Chennai,513767,Android,Regular,0,Google Ads
4679,2025-01-23,Bangalore,532768,Android,Budget,1,Organic
4680,2024-12-17,Hyderabad,500212,Android,Budget,1,Referral
4681,2024-04-25,Bangalore,519503,iOS,Regular,0,Instagram
4682,2024-03-24,Chennai,444226,iOS,Regular,1,Organic
4683,2024-08-19,Pune,532476,Android,Premium,0,Organic
4684,2024-02-07,Delhi,410840,Android,Regular,0,Organic
4685,2024-01-18,Chennai,540303,Android,Budget,0,Google Ads
4686,2024-05-30,Mumbai,451978,Android,Budget,1,Google Ads
4687,2024-01-11,Hyderabad,513051,iOS,Regular,1,Google Ads
4688,2024-06-12,Pune,425652,Android,Budget,0,Google Ads
4689,2024-05-13,Mumbai,497920,Android,Regular,1,Instagram
4690,2024-02-23,Mumbai,439964,Android,Budget,1,Instagram
4691,2024-02-07,Hyderabad,517777,iOS,Budget,0,Google Ads
4692,2024-06-24,Pune,479199,Android,Budget,0,Referral
4693,2024-03-28,Mumbai,544812,Android,Budget,0,Google Ads
4694,2024-07-11,Mumbai,530698,Android,Regular,0,Google Ads
4695,2024-03-23,Pune,463295,Android,Budget,1,Referral
4696,2025-01-09,Bangalore,401790,Android,Premium,0,Organic
4697,2024-02-08,Mumbai,550493,iOS,Regular,0,Referral
4698,2024-10-07,Delhi,489298,Android,Regular,0,Referral
4699,2024-02-17,Pune,518342,Android,Regular,1,Instagram
4700,2024-06-22,Mumbai,444136,Android,Regular,0,Organic
4701,2024-10-31,Hyderabad,437068,Android,Budget,0,Referral
4702,2024-11-10,Chennai,417358,Android,Premium,0,Google Ads
4703,2024-09-04,Delhi,438263,Android,Regular,0,Referral
4704,2024-12-26,Chennai,458644,Android,Budget,1,Instagram
4705,2024-01-16,Chennai,552607,Android,Regular,0,Referral
4706,2024-08-08,Mumbai,491271,Android,Regular,0,Google Ads
4707,2024-11-30,Delhi,538762,Android,Budget,0,Organic
4708,2024-03-25,Delhi,469104,Android,Premium,0,Instagram
4709,2024-11-06,Bangalore,486269,Android,Budget,1,Organic
4710,2024-08-10,Chennai,486311,Android,Regular,0,Instagram
4711,2024-03-21,Delhi,437413,Android,Premium,1,Google Ads
4712,2024-01-28,Bangalore,447735,Android,Budget,0,Instagram
4713,2024-02-21,Pune,487794,Android,Budget,0,Organic
4714,2024-06-18,Bangalore,422229,iOS,Budget,1,Organic
4715,2024-04-15,Hyderabad,520628,Android,Budget,0,Referral
4716,2024-04-07,Mumbai,477925,Android,Budget,0,Organic
4717,2024-07-28,Pune,411320,Android,Premium,1,Referral
4718,2024-12-22,Pune,406476,Android,Premium,1,Organic
4719,2024-10-10,Hyderabad,545801,iOS,Regular,0,Referral
4720,2025-01-04,Bangalore,429546,Android,Budget,0,Google Ads
4721,2025-01-08,Mumbai,496637,Android,Premium,0,Referral
4722,2024-10-03,Bangalore,430616,Android,Regular,1,Organic
4723,2024-05-15,Delhi,413747,Android,Budget,0,Google Ads
4724,2024-12-04,Bangalore,553818,Android,Regular,1,Instagram
4725,2024-05-24,Pune,401246,Android,Budget,0,Organic
4726,2024-06-01,Mumbai,517409,Android,Premium,0,Referral
4727,2024-05-01,Bangalore,512144,Android,Regular,0,Instagram
4728,2024-02-19,Mumbai,555926,Android,Regular,0,Referral
4729,2024-01-26,Mumbai,427633,iOS,Regular,0,Instagram
4730,2024-07-20,Delhi,412857,Android,Regular,0,Google Ads
4731,2024-10-19,Delhi,468050,Android,Budget,1,Organic
4732,2024-10-08,Pune,458183,Android,Regular,0,Google Ads
4733,2024-09-08,Hyderabad,533874,Android,Premium,0,Organic
4734,2024-03-19,Mumbai,455655,Android,Budget,1,Instagram
4735,2024-01-28,Hyderabad,455382,Android,Premium,1,Google Ads
4736,2024-07-03,Pune,458602,iOS,Regular,0,Organic
4737,2024-01-02,Mumbai,546155,Android,Budget,1,Instagram
4738,2024-08-06,Mumbai,545721,Android,Regular,0,Google Ads
4739,2024-02-14,Chennai,400365,iOS,Premium,0,Google Ads
4740,2024-05-30,Hyderabad,407437,Android,Regular,1,Google Ads
4741,2024-12-04,Bangalore,486714,Android,Regular,1,Google Ads
4742,2024-11-16,Delhi,557827,iOS,Regular,1,Referral
4743,2024-11-03,Bangalore,460195,Android,Regular,1,Instagram
4744,2024-09-02,Hyderabad,424545,Android,Budget,0,Referral
4745,2024-04-12,Delhi,463296,Android,Budget,0,Instagram
4746,2024-02-19,Bangalore,543711,Android,Budget,0,Instagram
4747,2024-01-14,Chennai,469410,Android,Budget,0,Instagram
4748,2024-04-15,Delhi,526840,Android,Budget,0,Organic
4749,2024-03-28,Mumbai,513760,Android,Regular,0,Instagram
4750,2024-11-22,Bangalore,417158,Android,Regular,1,Google Ads
4751,2024-05-29,Delhi,465889,iOS,Budget,1,Referral
4752,2024-02-11,Chennai,464948,Android,Budget,0,Google Ads
4753,2024-08-30,Delhi,470881,iOS,Budget,0,Google Ads
4754,2024-02-29,Delhi,404508,iOS,Budget,1,Referral
4755,2024-06-06,Chennai,503135,iOS,Budget,0,Google Ads
4756,2024-07-22,Bangalore,443989,iOS,Regular,1,Organic
4757,2024-08-29,Pune,498422,Android,Budget,0,Google Ads
4758,2024-09-07,Bangalore,547938,iOS,Regular,0,Google Ads
4759,2024-12-04,Hyderabad,502592,Android,Regular,1,Referral
4760,2024-05-15,Chennai,529615,Android,Budget,1,Google Ads
4761,2024-02-16,Bangalore,427214,iOS,Budget,0,Referral
4762,2024-11-24,Delhi,457451,Android,Budget,0,Instagram
4763,2024-10-05,Chennai,535550,iOS,Budget,1,Instagram
4764,2024-07-17,Mumbai,462223,iOS,Budget,0,Organic
4765,2024-04-04,Bangalore,537606,Android,Regular,1,Referral
4766,2024-07-08,Chennai,554469,iOS,Budget,0,Referral
4767,2024-07-14,Bangalore,412756,Android,Premium,0,Referral
4768,2024-07-08,Chennai,531938,Android,Budget,0,Organic
4769,2024-04-05,Delhi,542246,Android,Regular,0,Organic
4770,2024-08-16,Mumbai,433372,Android,Regular,0,Google Ads
4771,2024-01-23,Mumbai,542327,Android,Budget,0,Referral
4772,2024-05-14,Hyderabad,535091,Android,Budget,0,Organic
4773,2024-08-13,Chennai,405193,Android,Regular,0,Instagram
4774,2024-08-26,Bangalore,402016,iOS,Premium,0,Instagram
4775,2024-05-14,Mumbai,508155,Android,Budget,0,Referral
4776,2024-04-25,Mumbai,428344,Android,Budget,1,Instagram
4777,2024-05-17,Pune,469307,Android,Budget,0,Google Ads
4778,2024-10-15,Pune,405830,iOS,Budget,0,Google Ads
4779,2024-02-01,Mumbai,434382,iOS,Premium,0,Referral
4780,2024-03-18,Chennai,511452,Android,Regular,1,Organic
4781,2025-01-20,Hyderabad,418264,Android,Budget,0,Organic
4782,2024-12-22,Mumbai,458419,iOS,Budget,0,Organic
4783,2024-12-07,Delhi,400149,Android,Budget,0,Organic
4784,2024-02-19,Bangalore,532827,Android,Premium,1,Referral
4785,2024-02-13,Hyderabad,426746,Android,Premium,1,Google Ads
4786,2024-12-08,Delhi,472915,Android,Budget,0,Referral
4787,2024-06-25,Hyderabad,551213,iOS,Regular,0,Referral
4788,2024-10-04,Delhi,460654,Android,Premium,0,Instagram
4789,2024-07-30,Bangalore,478316,Android,Budget,0,Google Ads
4790,2025-01-22,Bangalore,431076,Android,Budget,1,Organic
4791,2024-10-28,Pune,409796,iOS,Budget,0,Google Ads
4792,2024-04-26,Chennai,464556,iOS,Budget,0,Instagram
4793,2024-10-10,Delhi,503108,Android,Budget,0,Referral
4794,2024-02-01,Pune,451530,Android,Premium,0,Google Ads
4795,2024-07-17,Delhi,542745,Android,Regular,0,Instagram
4796,2024-09-24,Pune,411010,iOS,Budget,1,Referral
4797,2024-08-02,Bangalore,550617,Android,Budget,0,Organic
4798,2024-10-01,Hyderabad,429382,iOS,Regular,0,Google Ads
4799,2024-12-17,Pune,527770,Android,Budget,0,Organic
4800,2024-08-31,Delhi,556360,Android,Budget,0,Organic
4801,2024-10-20,Delhi,464611,Android,Budget,0,Instagram
4802,2024-04-30,Chennai,468123,iOS,Regular,0,Instagram
4803,2024-08-31,Bangalore,468185,iOS,Budget,0,Referral
4804,2024-06-02,Delhi,487229,Android,Budget,1,Organic
4805,2024-02-10,Mumbai,472944,Android,Regular,0,Instagram
4806,2024-07-21,Hyderabad,480771,iOS,Budget,0,Instagram
4807,2024-12-31,Pune,452727,Android,Premium,0,Organic
4808,2024-01-18,Chennai,553284,iOS,Regular,0,Referral
4809,2024-09-14,Hyderabad,447781,Android,Budget,0,Organic
4810,2024-10-19,Bangalore,442504,Android,Budget,0,Referral
4811,2024-09-21,Chennai,457894,Android,Regular,0,Referral
4812,2024-10-19,Pune,461359,Android,Budget,1,Instagram
4813,2024-12-12,Pune,480858,Android,Regular,0,Organic
4814,2024-11-13,Mumbai,520458,Android,Regular,0,Organic
4815,2024-03-16,Bangalore,553190,Android,Regular,1,Instagram
4816,2024-03-02,Chennai,517929,Android,Premium,0,Google Ads
4817,2025-01-22,Chennai,458707,Android,Budget,0,Google Ads
4818,2024-08-17,Delhi,540549,iOS,Regular,0,Organic
4819,2024-03-29,Mumbai,482807,Android,Regular,1,Instagram
4820,2024-03-26,Mumbai,455007,Android,Premium,0,Referral
4821,2024-04-18,Chennai,487239,Android,Regular,0,Referral
4822,2024-04-08,Chennai,445799,Android,Regular,1,Organic
4823,2024-03-05,Hyderabad,477272,iOS,Budget,0,Instagram
4824,2024-01-22,Hyderabad,430178,Android,Regular,1,Organic
4825,2024-08-04,Hyderabad,528023,iOS,Budget,1,Organic
4826,2024-02-10,Mumbai,530157,Android,Regular,0,Instagram
4827,2024-12-15,Delhi,482216,Android,Budget,1,Organic
4828,2024-08-10,Pune,443014,Android,Budget,1,Referral
4829,2024-04-13,Hyderabad,482601,iOS,Premium,1,Google Ads
4830,2024-11-17,Delhi,496100,iOS,Budget,0,Referral
4831,2024-03-16,Bangalore,453451,Android,Budget,1,Google Ads
4832,2024-10-31,Hyderabad,522641,iOS,Budget,0,Instagram
4833,2024-05-12,Pune,492404,Android,Budget,1,Organic
4834,2024-06-12,Bangalore,499291,iOS,Regular,0,Google Ads
4835,2025-01-07,Bangalore,531833,Android,Budget,0,Instagram
4836,2024-02-04,Pune,424143,Android,Budget,0,Instagram
4837,2024-02-14,Hyderabad,510190,Android,Budget,0,Instagram
4838,2024-07-17,Mumbai,507533,iOS,Budget,0,Referral
4839,2024-10-11,Pune,548363,iOS,Budget,0,Referral
4840,2024-07-22,Pune,531437,iOS,Regular,0,Google Ads
4841,2024-10-09,Pune,456922,iOS,Budget,0,Google Ads
4842,2024-06-15,Bangalore,419798,Android,Budget,0,Referral
4843,2024-05-21,Delhi,432536,iOS,Premium,0,Google Ads
4844,2024-09-23,Mumbai,446301,iOS,Premium,1,Google Ads
4845,2024-08-22,Hyderabad,447177,Android,Budget,0,Organic
4846,2024-01-07,Hyderabad,416106,Android,Budget,0,Google Ads
4847,2024-12-24,Delhi,539012,Android,Regular,0,Instagram
4848,2024-11-15,Pune,479473,iOS,Regular,1,Organic
4849,2024-10-27,Mumbai,546936,iOS,Premium,0,Google Ads
4850,2024-09-24,Hyderabad,478098,iOS,Budget,0,Organic
4851,2024-08-02,Chennai,541520,iOS,Regular,0,Instagram
4852,2024-02-27,Hyderabad,496161,iOS,Premium,1,Google Ads
4853,2024-07-31,Pune,446941,iOS,Regular,0,Organic
4854,2024-03-17,Chennai,485002,Android,Budget,1,Google Ads
4855,2024-03-16,Delhi,550715,Android,Budget,0,Organic
4856,2024-10-17,Mumbai,407929,Android,Budget,1,Organic
4857,2024-10-28,Delhi,448003,Android,Budget,0,Instagram
4858,2024-10-25,Delhi,484854,iOS,Regular,0,Instagram
4859,2025-01-23,Mumbai,514615,Android,Budget,0,Google Ads
4860,2024-02-21,Mumbai,517518,Android,Budget,1,Referral
4861,2024-02-24,Hyderabad,556090,Android,Premium,0,Google Ads
4862,2024-10-15,Hyderabad,479065,Android,Regular,0,Organic
4863,2024-02-21,Mumbai,519695,Android,Budget,1,Instagram
4864,2024-05-26,Chennai,544386,Android,Budget,0,Instagram
4865,2024-10-01,Bangalore,532632,Android,Budget,0,Organic
4866,2024-06-25,Hyderabad,450894,Android,Budget,0,Referral
4867,2024-07-29,Bangalore,415168,Android,Premium,0,Instagram
4868,2024-05-15,Chennai,438599,Android,Budget,0,Referral
4869,2024-07-15,Mumbai,538596,Android,Regular,1,Instagram
4870,2024-12-01,Chennai,449778,Android,Budget,0,Organic
4871,2024-09-05,Hyderabad,559512,Android,Premium,1,Google Ads
4872,2024-10-19,Delhi,516379,Android,Regular,0,Google Ads
4873,2024-11-07,Mumbai,481061,iOS,Premium,0,Referral
4874,2024-08-30,Pune,413286,Android,Budget,0,Google Ads
4875,2024-01-20,Bangalore,542046,Android,Premium,0,Organic
4876,2024-03-29,Chennai,522971,Android,Premium,0,Google Ads
4877,2024-05-21,Mumbai,422695,Android,Regular,1,Referral
4878,2024-07-25,Chennai,535375,Android,Budget,1,Organic
4879,2024-03-14,Mumbai,553464,Android,Budget,0,Organic
4880,2024-11-12,Hyderabad,404612,Android,Budget,0,Instagram
4881,2024-11-07,Hyderabad,409373,Android,Budget,0,Instagram
4882,2024-12-14,Hyderabad,555385,Android,Regular,1,Google Ads
4883,2024-12-21,Chennai,545153,iOS,Regular,0,Referral
4884,2024-07-24,Pune,480619,Android,Regular,1,Organic
4885,2024-01-20,Hyderabad,512946,iOS,Budget,0,Google Ads
4886,2024-07-21,Mumbai,508398,Android,Budget,1,Google Ads
4887,2024-06-18,Hyderabad,496214,Android,Budget,0,Instagram
4888,2024-12-19,Delhi,420875,Android,Regular,0,Google Ads
4889,2024-05-01,Hyderabad,532670,iOS,Regular,1,Google Ads
4890,2024-01-26,Chennai,411601,Android,Budget,1,Instagram
4891,2025-01-16,Pune,534820,Android,Regular,0,Google Ads
4892,2024-08-31,Delhi,479416,Android,Regular,0,Google Ads
4893,2024-05-17,Chennai,555888,Android,Premium,0,Organic
4894,2024-07-09,Chennai,494349,iOS,Budget,0,Google Ads
4895,2024-01-11,Chennai,505737,Android,Regular,0,Instagram
4896,2024-06-21,Mumbai,424715,Android,Budget,0,Instagram
4897,2024-06-04,Chennai,549963,Android,Budget,1,Organic
4898,2024-06-08,Mumbai,535798,Android,Regular,0,Instagram
4899,2024-05-23,Chennai,551757,Android,Regular,0,Instagram
4900,2024-09-08,Bangalore,511574,Android,Budget,0,Instagram
4901,2024-12-22,Delhi,413093,Android,Budget,0,Google Ads
4902,2024-12-16,Bangalore,495919,iOS,Regular,0,Organic
4903,2024-02-20,Chennai,425458,Android,Budget,0,Referral
4904,2024-04-26,Delhi,471668,iOS,Regular,0,Organic
4905,2024-03-09,Delhi,490752,Android,Premium,1,Organic
4906,2024-06-02,Pune,462895,Android,Regular,1,Organic
4907,2025-01-15,Bangalore,461306,Android,Regular,0,Referral
4908,2024-08-14,Pune,543685,Android,Regular,0,Referral
4909,2025-01-31,Delhi,452138,Android,Premium,1,Instagram
4910,2024-06-13,Mumbai,400560,Android,Regular,0,Google Ads
4911,2024-05-17,Delhi,466250,Android,Budget,1,Instagram
4912,2025-01-08,Pune,437362,iOS,Budget,1,Instagram
4913,2024-08-01,Bangalore,480721,Android,Premium,0,Referral
4914,2024-11-05,Chennai,415262,Android,Budget,0,Instagram
4915,2024-11-26,Chennai,420373,Android,Regular,1,Instagram
4916,2024-02-15,Bangalore,455356,iOS,Premium,1,Referral
4917,2024-04-06,Chennai,498561,iOS,Regular,1,Organic
4918,2024-08-14,Chennai,400038,Android,Budget,0,Organic
4919,2024-04-18,Pune,441421,Android,Budget,1,Referral
4920,2024-07-27,Bangalore,497244,iOS,Budget,0,Google Ads
4921,2025-01-14,Hyderabad,529381,iOS,Budget,0,Instagram
4922,2024-09-05,Mumbai,434601,Android,Premium,0,Organic
4923,2025-01-23,Mumbai,489521,iOS,Regular,1,Referral
4924,2024-09-21,Chennai,405168,Android,Regular,1,Google Ads
4925,2024-07-10,Mumbai,400433,Android,Regular,1,Instagram
4926,2024-01-29,Bangalore,469688,Android,Budget,0,Referral
4927,2024-09-20,Bangalore,471948,Android,Budget,0,Referral
4928,2024-03-22,Delhi,496325,iOS,Budget,1,Referral
4929,2024-02-03,Delhi,450904,Android,Regular,0,Instagram
4930,2024-06-08,Mumbai,465793,Android,Regular,1,Organic
4931,2024-12-29,Hyderabad,433440,iOS,Regular,0,Instagram
4932,2024-09-16,Delhi,451249,Android,Regular,1,Instagram
4933,2024-07-25,Delhi,434744,Android,Premium,1,Organic
4934,2024-03-10,Bangalore,479804,iOS,Budget,0,Referral
4935,2024-09-25,Hyderabad,475118,Android,Regular,0,Google Ads
4936,2024-10-18,Chennai,422077,Android,Budget,0,Google Ads
4937,2024-01-15,Mumbai,487484,iOS,Regular,1,Organic
4938,2024-03-29,Delhi,534036,Android,Budget,0,Organic
4939,2024-04-08,Hyderabad,519218,iOS,Regular,1,Referral
4940,2024-04-12,Hyderabad,544939,Android,Budget,0,Google Ads
4941,2024-01-30,Mumbai,504505,Android,Budget,1,Google Ads
4942,2024-05-07,Hyderabad,505650,Android,Premium,0,Referral
4943,2024-01-17,Hyderabad,526245,iOS,Budget,0,Organic
4944,2024-08-21,Hyderabad,432814,Android,Budget,1,Organic
4945,2024-01-26,Delhi,466730,Android,Regular,0,Referral
4946,2024-07-03,Mumbai,404513,Android,Regular,0,Organic
4947,2024-12-26,Hyderabad,553739,Android,Regular,0,Instagram
4948,2024-04-11,Hyderabad,547703,Android,Regular,0,Organic
4949,2024-05-20,Delhi,517908,iOS,Budget,0,Instagram
4950,2024-07-07,Mumbai,531709,iOS,Budget,0,Google Ads
4951,2024-08-25,Bangalore,534848,Android,Regular,1,Google Ads
4952,2024-09-15,Delhi,464592,Android,Budget,0,Organic
4953,2024-07-22,Mumbai,411352,Android,Premium,0,Referral
4954,2024-11-21,Hyderabad,515401,Android,Budget,0,Organic
4955,2024-03-04,Mumbai,520534,iOS,Regular,1,Referral
4956,2024-12-14,Mumbai,503628,iOS,Premium,0,Google Ads
4957,2024-01-16,Chennai,528382,iOS,Regular,1,Google Ads
4958,2024-05-03,Mumbai,495708,Android,Regular,0,Google Ads
4959,2024-07-09,Bangalore,481679,Android,Regular,0,Referral
4960,2024-09-07,Mumbai,473310,Android,Regular,0,Referral
4961,2024-10-31,Bangalore,410779,Android,Regular,0,Google Ads
4962,2024-08-16,Hyderabad,543574,Android,Budget,1,Organic
4963,2024-03-31,Bangalore,512714,iOS,Regular,0,Referral
4964,2024-08-30,Hyderabad,533181,iOS,Budget,0,Instagram
4965,2024-10-27,Hyderabad,436383,iOS,Budget,0,Google Ads
4966,2024-10-09,Bangalore,475788,iOS,Regular,0,Referral
4967,2024-06-28,Delhi,423342,Android,Budget,1,Google Ads
4968,2024-06-25,Pune,545440,Android,Regular,0,Instagram
4969,2024-03-24,Mumbai,519968,Android,Premium,0,Organic
4970,2024-05-12,Chennai,531067,Android,Premium,0,Instagram
4971,2025-01-18,Pune,543075,Android,Regular,0,Organic
4972,2024-12-18,Mumbai,485821,Android,Regular,1,Organic
4973,2024-02-16,Mumbai,459950,Android,Budget,1,Referral
4974,2024-05-25,Hyderabad,546773,Android,Regular,0,Organic
4975,2024-01-15,Mumbai,462544,Android,Budget,0,Organic
4976,2024-07-16,Chennai,427611,Android,Budget,0,Organic
4977,2024-01-26,Mumbai,465227,Android,Regular,1,Google Ads
4978,2024-03-24,Bangalore,445168,Android,Budget,0,Referral
4979,2024-10-19,Pune,559012,Android,Budget,0,Referral
4980,2024-04-19,Bangalore,467382,iOS,Regular,0,Organic
4981,2024-04-23,Chennai,446711,Android,Budget,0,Google Ads
4982,2024-11-27,Mumbai,416767,Android,Budget,0,Organic
4983,2024-04-25,Chennai,502417,Android,Budget,0,Referral
4984,2024-12-12,Hyderabad,412781,iOS,Regular,0,Referral
4985,2024-04-15,Bangalore,448459,Android,Regular,0,Referral
4986,2024-05-17,Bangalore,456222,iOS,Regular,0,Referral
4987,2024-11-29,Delhi,401510,iOS,Budget,0,Google Ads
4988,2024-07-28,Mumbai,489494,iOS,Regular,0,Instagram
4989,2024-09-19,Hyderabad,516851,Android,Regular,1,Instagram
4990,2024-01-11,Bangalore,557221,Android,Budget,0,Google Ads
4991,2025-01-27,Bangalore,431534,Android,Regular,1,Organic
4992,2024-12-15,Hyderabad,508145,Android,Regular,0,Referral
4993,2024-01-05,Chennai,522403,Android,Regular,0,Referral
4994,2024-08-30,Chennai,478468,iOS,Regular,1,Referral
4995,2024-03-08,Mumbai,401360,iOS,Budget,1,Google Ads
4996,2024-11-27,Delhi,519120,Android,Regular,0,Google Ads
4997,2024-03-29,Bangalore,420345,Android,Regular,1,Referral
4998,2024-11-03,Delhi,518500,iOS,Regular,0,Referral
4999,2024-01-05,Chennai,469779,Android,Regular,0,Organic
5000,2024-04-24,Chennai,420602,Android,Premium,0,Instagram
